"","cell","TissueType","OncoTree1","OncoTree2","OncoTree3","OncoTree4","TNBC","name","source","celloidx","celloacs","cid","ot2","ot3","ot4","ot1","link"
"1","1321n1","central_nervous_system: astrocytoma","Brain_CNS","Diffuse Glioma (DIFG)","Astrocytoma (ASTR)","","","1321N1","ccle","1321N1","CVCL_0110","1321n1","diffuse glioma","astrocytoma","","Brain_CNS","<a href='https://discovery.nci.nih.gov/cell-lines/cellminercdb/1321n1_cvcl_0110.html' target='_blank'>details</a>"
"2","143b","bone: osteosarcoma;bone","Bone","Osteosarcoma (OS);osteosarcoma","","","","143B","ccle;achilles","143B","CVCL_2270","143b","osteosarcoma","","","Bone","<a href='https://discovery.nci.nih.gov/cell-lines/cellminercdb/143b_cvcl_2270.html' target='_blank'>details</a>"
"3","184a1","breast","Breast","","","","","184A1","mdaMills","184A1","CVCL_3040","184a1","","","","Breast","<a href='https://discovery.nci.nih.gov/cell-lines/cellminercdb/184a1_cvcl_3040.html' target='_blank'>details</a>"
"4","184b5","breast","Breast","","","","","184B5","mdaMills","184B5","CVCL_4688","184b5","","","","Breast","<a href='https://discovery.nci.nih.gov/cell-lines/cellminercdb/184b5_cvcl_4688.html' target='_blank'>details</a>"
"5","201t","LUAD","Lung","Non-Small Cell Lung Cancer (NSCLC)","","","","201T","gdscDec15","201T","CVCL_X481","201t","non-small cell lung cancer","","","Lung","<a href='https://discovery.nci.nih.gov/cell-lines/cellminercdb/201t_cvcl_x481.html' target='_blank'>details</a>"
"6","22rv1","prostate: carcinoma;PRAD;Prostate;urogenital_system","Prostate","Prostate Adenocarcinoma","","","","22Rv1;22RV1","ccle;gdscDec15;prism;gdsc1;gdsc2","22Rv1","CVCL_1045","22rv1","prostate adenocarcinoma","","","Prostate","<a href='https://discovery.nci.nih.gov/cell-lines/cellminercdb/22rv1_cvcl_1045.html' target='_blank'>details</a>"
"7","2313287","stomach: adenocarcinoma;STAD;Gastric;stomach;digestive_system","Esophagus_Stomach","Esophagogastric Adenocarcinoma (EGC);Gastric Adenocarcinoma;gastric_adenocarcinoma","Stomach Adenocarcinoma (STAD);","","","23132/87;23132-87;2313287","ccle;gdscDec15;prism;achilles;gdsc1;gdsc2","23132/87","CVCL_1046","2313287","esophagogastric adenocarcinoma;gastric adenocarcinoma","stomach adenocarcinoma;","","Esophagus_Stomach","<a href='https://discovery.nci.nih.gov/cell-lines/cellminercdb/2313287_cvcl_1046.html' target='_blank'>details</a>"
"8","253j","urinary_tract: transitional_cell_carcinoma;Urinary Tract;lymph_node","Bladder_Urinary_Tract","Bladder Urothelial Carcinoma (BLCA);Bladder Carcinoma;bladder_carcinoma","","","","253J","ccle;prism;achilles","253J","CVCL_7935","253j","bladder urothelial carcinoma;bladder carcinoma","","","Bladder_Urinary_Tract","<a href='https://discovery.nci.nih.gov/cell-lines/cellminercdb/253j_cvcl_7935.html' target='_blank'>details</a>"
"9","253j-bv","urinary_tract: transitional_cell_carcinoma;Urinary Tract","Bladder_Urinary_Tract","Bladder Urothelial Carcinoma (BLCA);Bladder Carcinoma","","","","253J-BV;253JBV","ccle;prism","253J-BV","CVCL_7937","253j-bv","bladder urothelial carcinoma;bladder carcinoma","","","Bladder_Urinary_Tract","<a href='https://discovery.nci.nih.gov/cell-lines/cellminercdb/253j-bv_cvcl_7937.html' target='_blank'>details</a>"
"10","42-mg-ba","central_nervous_system: astrocytoma_Grade_IV;GBM;Central Nervous System;central_nervous_system;nervous_system","Brain_CNS","Diffuse Glioma (DIFG);Glioma;glioma","Astrocytoma (ASTR);Astrocytoma;astrocytoma","","","42-MG-BA;42MGBA","ccle;gdscDec15;prism;achilles;gdsc1;gdsc2","42-MG-BA","CVCL_1798","42-mg-ba","diffuse glioma;glioma","astrocytoma","","Brain_CNS","<a href='https://discovery.nci.nih.gov/cell-lines/cellminercdb/42-mg-ba_cvcl_1798.html' target='_blank'>details</a>"
"11","451lu","SKCM;skin","Skin","","","","","451Lu","gdscDec15;gdsc1;gdsc2","451Lu","CVCL_6357","451lu","","","","Skin","<a href='https://discovery.nci.nih.gov/cell-lines/cellminercdb/451lu_cvcl_6357.html' target='_blank'>details</a>"
"12","5637","urinary_tract: carcinoma;BLCA;Urinary Tract;urinary_tract;urogenital_system","Bladder_Urinary_Tract","Bladder Carcinoma;bladder_carcinoma","","","","5637","ccle;gdscDec15;prism;achilles;gdsc1;gdsc2","5637","CVCL_0126","5637","bladder carcinoma","","","Bladder_Urinary_Tract","<a href='https://discovery.nci.nih.gov/cell-lines/cellminercdb/5637_cvcl_0126.html' target='_blank'>details</a>"
"13","59m","ovary: carcinoma;ascites","Ovary","Ovarian Epithelial Tumor (OVT);ovary_adenocarcinoma","high_grade_serous","","","59M","ccle;achilles;mdaMills","59M","CVCL_2291","59m","ovarian epithelial tumor;ovary adenocarcinoma","high grade serous","","Ovary","<a href='https://discovery.nci.nih.gov/cell-lines/cellminercdb/59m_cvcl_2291.html' target='_blank'>details</a>"
"14","639v","urinary_tract: transitional_cell_carcinoma;OTHER;Urinary Tract;urinary_tract;urogenital_system","Bladder_Urinary_Tract","Bladder Urothelial Carcinoma (BLCA);Bladder Carcinoma;bladder_carcinoma","Bladder Transitional Cell;bladder_transitional_cell","","","639-V;639V","ccle;gdscDec15;prism;achilles;gdsc1;gdsc2","639V","CVCL_1048","639v","bladder urothelial carcinoma;bladder carcinoma","bladder transitional cell","","Bladder_Urinary_Tract","<a href='https://discovery.nci.nih.gov/cell-lines/cellminercdb/639v_cvcl_1048.html' target='_blank'>details</a>"
"15","647v","urinary_tract: transitional_cell_carcinoma;BLCA;Urinary Tract;urinary_tract;urogenital_system","Bladder_Urinary_Tract","Bladder Urothelial Carcinoma (BLCA);Bladder Carcinoma;bladder_carcinoma","","","","647-V;647V","ccle;gdscDec15;prism;achilles;gdsc1;gdsc2","647V","CVCL_1049","647v","bladder urothelial carcinoma;bladder carcinoma","","","Bladder_Urinary_Tract","<a href='https://discovery.nci.nih.gov/cell-lines/cellminercdb/647v_cvcl_1049.html' target='_blank'>details</a>"
"16","697","haematopoietic_and_lymphoid_tissue: acute_lymphoblastic_B_cell_leukaemia;bone_marrow;leukemia","Blood","Leukemia (LEUK);ALL","Acute Lymphoid Leukemia (ALL);b_cell","","","697","ccle;gdscDec15;achilles;gdsc1;gdsc2","697","CVCL_0079","697","leukemia;all","acute lymphoid leukemia;b cell","","Blood","<a href='https://discovery.nci.nih.gov/cell-lines/cellminercdb/697_cvcl_0079.html' target='_blank'>details</a>"
"17","769-p","kidney: clear_cell_renal_cell_carcinoma;KIRC;Kidney;kidney","Kidney","Renal Cell Carcinoma (RCC);Renal Cell Carcinoma;renal_cell_carcinoma","Renal Clear Cell Carcinoma (CCRCC);Clear Cell;clear_cell","","","769-P;769P","ccle;gdscDec15;prism;achilles;mdaMills;gdsc1;gdsc2","769-P","CVCL_1050","769-p","renal cell carcinoma","renal clear cell carcinoma;clear cell","","Kidney","<a href='https://discovery.nci.nih.gov/cell-lines/cellminercdb/769-p_cvcl_1050.html' target='_blank'>details</a>"
"18","786-o","renal;kidney: clear_cell_renal_cell_carcinoma;KIRC;Kidney;kidney","Kidney","Renal Cell Carcinoma (RCC);Renal Cell Carcinoma;renal_cell_carcinoma","Renal Clear Cell Carcinoma (CCRCC);Clear Cell;clear_cell","","","RE:786-0;786-O;786-0;786O","nci60;ccle;gdscDec15;prism;achilles;mdaMills;gdsc1;gdsc2","786-O","CVCL_1051","786-o","renal cell carcinoma","renal clear cell carcinoma;clear cell","","Kidney","<a href='https://discovery.nci.nih.gov/cell-lines/cellminercdb/786-o_cvcl_1051.html' target='_blank'>details</a>"
"19","8-mg-ba","central_nervous_system: astrocytoma_Grade_IV;GBM;Central Nervous System;central_nervous_system;nervous_system","Brain_CNS","Diffuse Glioma (DIFG);Glioma;glioma","Astrocytoma (ASTR);Astrocytoma;astrocytoma","","","8-MG-BA;8MGBA","ccle;gdscDec15;prism;achilles;gdsc1;gdsc2","8-MG-BA","CVCL_1052","8-mg-ba","diffuse glioma;glioma","astrocytoma","","Brain_CNS","<a href='https://discovery.nci.nih.gov/cell-lines/cellminercdb/8-mg-ba_cvcl_1052.html' target='_blank'>details</a>"
"20","8305c","thyroid: anaplastic_carcinoma;THCA;Thyroid;thyroid","Thyroid","Anaplastic Thyroid Cancer (THAP);Thyroid Carcinoma;thyroid_carcinoma","","","","8305C","ccle;gdscDec15;prism;achilles;gdsc1;gdsc2","8305C","CVCL_1053","8305c","anaplastic thyroid cancer;thyroid carcinoma","","","Thyroid","<a href='https://discovery.nci.nih.gov/cell-lines/cellminercdb/8305c_cvcl_1053.html' target='_blank'>details</a>"
"21","8505c","thyroid: anaplastic_carcinoma;THCA;Thyroid;thyroid","Thyroid","Anaplastic Thyroid Cancer (THAP);Thyroid Carcinoma","","","","8505C","ccle;gdscDec15;prism;gdsc1;gdsc2","8505C","CVCL_1054","8505c","anaplastic thyroid cancer;thyroid carcinoma","","","Thyroid","<a href='https://discovery.nci.nih.gov/cell-lines/cellminercdb/8505c_cvcl_1054.html' target='_blank'>details</a>"
"22","950-5-bik","pancreas","Pancreas","exocrine","exocrine_adenocarcinoma","","","9505BIK","achilles","950-5-BIK","CVCL_A1UH","950-5-bik","exocrine","exocrine adenocarcinoma","","Pancreas","<a href='https://discovery.nci.nih.gov/cell-lines/cellminercdb/950-5-bik_cvcl_a1uh.html' target='_blank'>details</a>"
"23","95t1000","soft_tissue","Soft_Tissue","liposarcoma","WDLPS","","","95T1000","achilles","95T1000","CVCL_WU67","95t1000","liposarcoma","wdlps","","Soft_Tissue","<a href='https://discovery.nci.nih.gov/cell-lines/cellminercdb/95t1000_cvcl_wu67.html' target='_blank'>details</a>"
"24","a-1207","central_nervous_system: glioma","Brain_CNS","","","","","A1207","ccle","A-1207","CVCL_8481","a-1207","","","","Brain_CNS","<a href='https://discovery.nci.nih.gov/cell-lines/cellminercdb/a-1207_cvcl_8481.html' target='_blank'>details</a>"
"25","a-172","central_nervous_system: astrocytoma_Grade_IV;GBM;Central Nervous System;nervous_system","Brain_CNS","Diffuse Glioma (DIFG);Glioma","Astrocytoma (ASTR);Glioblastoma","","","A172","ccle;gdscDec15;prism;gdsc1;gdsc2","A-172","CVCL_0131","a-172","diffuse glioma;glioma","astrocytoma;glioblastoma","","Brain_CNS","<a href='https://discovery.nci.nih.gov/cell-lines/cellminercdb/a-172_cvcl_0131.html' target='_blank'>details</a>"
"26","a-1847","","Other","","","","","A1847","gdscDec15","A-1847","CVCL_9724","a-1847","","","","Other","<a href='https://discovery.nci.nih.gov/cell-lines/cellminercdb/a-1847_cvcl_9724.html' target='_blank'>details</a>"
"27","a-204","Rhabdoid Tumor;Soft Tissue;soft_tissue","Other;Soft_Tissue","Rhabdoid Cancer (MRT);Malignant Rhabdoid Tumor","","","","A-204;A204","ccle;gdscDec15;prism;mdaMills;gdsc1;gdsc2","A-204","CVCL_1058","a-204","rhabdoid cancer;malignant rhabdoid tumor","","","Soft_Tissue","<a href='https://discovery.nci.nih.gov/cell-lines/cellminercdb/a-204_cvcl_1058.html' target='_blank'>details</a>"
"28","a-253","salivary_gland: mucoepidermoid_carcinoma;upper_aerodigestive_tract;aero_dig_tract","Head_Neck;Other","Salivary Carcinoma (SACA);upper_aerodigestive_squamous","Mucoepidermoid Carcinoma (MUCC);salivary_gland","","","A-253;A253","ccle;gdscDec15;achilles;gdsc1;gdsc2","A-253","CVCL_1060","a-253","salivary carcinoma;upper aerodigestive squamous","mucoepidermoid carcinoma;salivary gland","","Head_Neck","<a href='https://discovery.nci.nih.gov/cell-lines/cellminercdb/a-253_cvcl_1060.html' target='_blank'>details</a>"
"29","a-375","skin: malignant_melanoma;Skin;skin;Amelanotic melanoma","Skin","Melanoma (MEL);Melanoma;melanoma","","","","A-375;A375","ccle;gdscDec15;prism;achilles;mdaMills;gdsc1;gdsc2;ancats","A-375","CVCL_0132","a-375","melanoma","","","Skin","<a href='https://discovery.nci.nih.gov/cell-lines/cellminercdb/a-375_cvcl_0132.html' target='_blank'>details</a>"
"30","a-388","lymph_node;skin","Other;Cervix","Unknown (UNK);cervical_squamous","","","","A388","gdscDec15;achilles;gdsc1;gdsc2","A-388","CVCL_1063","a-388","cervical squamous","","","Cervix","<a href='https://discovery.nci.nih.gov/cell-lines/cellminercdb/a-388_cvcl_1063.html' target='_blank'>details</a>"
"31","a-427","Lung;CANNOT_CLASSIFY;lung;lung_NSCLC","Lung","NSCLC","NSCLC_adenocarcinoma","","","A427","ccle;gdscDec15;achilles;mdaMills;gdsc1;gdsc2","A-427","CVCL_1055","a-427","nsclc","nsclc adenocarcinoma","","Lung","<a href='https://discovery.nci.nih.gov/cell-lines/cellminercdb/a-427_cvcl_1055.html' target='_blank'>details</a>"
"32","a-431","OTHER;skin","Other;Skin","skin_squamous","","","","A431","gdscDec15;achilles;gdsc1;gdsc2","A-431","CVCL_0037","a-431","skin squamous","","","Skin","<a href='https://discovery.nci.nih.gov/cell-lines/cellminercdb/a-431_cvcl_0037.html' target='_blank'>details</a>"
"33","a-498","renal;kidney: renal_cell_carcinoma;KIRC;kidney","Kidney","Renal Cell Carcinoma (RCC)","","","","RE:A498;A-498;A498","nci60;ccle;gdscDec15;mdaMills;gdsc1;gdsc2","A-498","CVCL_1056","a-498","renal cell carcinoma","","","Kidney","<a href='https://discovery.nci.nih.gov/cell-lines/cellminercdb/a-498_cvcl_1056.html' target='_blank'>details</a>"
"34","a-549","lung;lung: non_small_cell_carcinoma;LUAD;Non-Small Cell Lung Cancer;Lung;lung_NSCLC;Lung adenocarcinoma","Lung","Non-Small Cell Lung Cancer (NSCLC);NSCLC","NSCLC Adenocarcinoma;NSCLC_adenocarcinoma","","","LC:A549/ATCC;A549;A549/ATCC;A-549","nci60;ccle;gdscDec15;nciSclc;prism;achilles;mdaMills;gdsc1;gdsc2;ancats","A-549","CVCL_0023","a-549","non-small cell lung cancer;nsclc","nsclc adenocarcinoma","","Lung","<a href='https://discovery.nci.nih.gov/cell-lines/cellminercdb/a-549_cvcl_0023.html' target='_blank'>details</a>"
"35","a-673","bone: Ewings_sarcoma-peripheral_primitive_neuroectodermal_tumour;Bone;soft_tissue","Bone;Soft_Tissue","Ewing Sarcoma (ES);Rhabdomyosarcoma (RMS);Ewing Sarcoma;Ewing_sarcoma","","EWS_FLI","","A-673;A673","ccle;gdscDec15;prism;achilles;mdaMills;gdsc1;gdsc2","A-673","CVCL_0080","a-673","ewing sarcoma;rhabdomyosarcoma","","ews fli","Bone;Soft_Tissue","<a href='https://discovery.nci.nih.gov/cell-lines/cellminercdb/a-673_cvcl_0080.html' target='_blank'>details</a>"
"36","a-704","kidney: renal_cell_carcinoma;KIRC;Kidney;kidney","Kidney","Renal Cell Carcinoma (RCC);Renal Cell Carcinoma","","","","A-704;A704","ccle;gdscDec15;prism;mdaMills;gdsc1;gdsc2","A-704","CVCL_1065","a-704","renal cell carcinoma","","","Kidney","<a href='https://discovery.nci.nih.gov/cell-lines/cellminercdb/a-704_cvcl_1065.html' target='_blank'>details</a>"
"37","a101d","skin: malignant_melanoma;SKCM;Skin;skin","Skin","Melanoma (MEL);Melanoma","","","","A101D","ccle;gdscDec15;prism;gdsc1;gdsc2","A101D","CVCL_1057","a101d","melanoma","","","Skin","<a href='https://discovery.nci.nih.gov/cell-lines/cellminercdb/a101d_cvcl_1057.html' target='_blank'>details</a>"
"38","a2058","skin: malignant_melanoma;SKCM;Skin;lymph_node;skin","Skin","Melanoma (MEL);Melanoma;melanoma","","","","A2058","ccle;gdscDec15;prism;achilles;mdaMills;gdsc1;gdsc2","A2058","CVCL_1059","a2058","melanoma","","","Skin","<a href='https://discovery.nci.nih.gov/cell-lines/cellminercdb/a2058_cvcl_1059.html' target='_blank'>details</a>"
"39","a2780","ovary: adenocarcinoma;Ovary;ovary;urogenital_system","Ovary","Ovarian Epithelial Tumor (OVT);Ovary Adenocarcinoma;ovary_adenocarcinoma","Endometrioid;endometrioid","","","A2780","ccle;gdscDec15;prism;achilles;mdaMills;gdsc1;gdsc2","A2780","CVCL_0134","a2780","ovarian epithelial tumor;ovary adenocarcinoma","endometrioid","","Ovary","<a href='https://discovery.nci.nih.gov/cell-lines/cellminercdb/a2780_cvcl_0134.html' target='_blank'>details</a>"
"40","a3kawakami","haematopoietic_and_lymphoid_tissue: diffuse_large_B_cell_lymphoma;DLBC;ascites;lymphoma","Lymph","Non-Hodgkin's Lymphoma (NHL);non_hodgkin_lymphoma","B-Cell Lymphoma (BCL);DLBCL","Diffuse Large B-Cell Lymphoma (DLBCL)","","A3/KAW;A3-KAW;A3KAW","ccle;gdscDec15;achilles;gdsc1;gdsc2","A3/Kawakami","CVCL_1062","a3kawakami","non-hodgkin's lymphoma;non hodgkin lymphoma","b-cell lymphoma;dlbcl","diffuse large b-cell lymphoma","Lymph","<a href='https://discovery.nci.nih.gov/cell-lines/cellminercdb/a3kawakami_cvcl_1062.html' target='_blank'>details</a>"
"41","a4573","bone","Bone","","","","","A4573","mdaMills","A4573","CVCL_6245","a4573","","","","Bone","<a href='https://discovery.nci.nih.gov/cell-lines/cellminercdb/a4573_cvcl_6245.html' target='_blank'>details</a>"
"42","a4fukuda","haematopoietic_and_lymphoid_tissue: diffuse_large_B_cell_lymphoma;DLBC;lymphoma","Lymph","Non-Hodgkin's Lymphoma (NHL)","B-Cell Lymphoma (BCL)","Diffuse Large B-Cell Lymphoma (DLBCL)","","A4/Fuk;A4-Fuk","ccle;gdscDec15;gdsc1;gdsc2","A4/Fukuda","CVCL_1064","a4fukuda","non-hodgkin's lymphoma","b-cell lymphoma","diffuse large b-cell lymphoma","Lymph","<a href='https://discovery.nci.nih.gov/cell-lines/cellminercdb/a4fukuda_cvcl_1064.html' target='_blank'>details</a>"
"43","abc-1","lung: non_small_cell_carcinoma;LUAD;Lung;pleural_effusion;lung_NSCLC","Lung","Non-Small Cell Lung Cancer (NSCLC);NSCLC","Lung Adenocarcinoma (LUAD);NSCLC Adenocarcinoma;NSCLC_adenocarcinoma","","","ABC-1;ABC1","ccle;gdscDec15;prism;achilles;gdsc1;gdsc2","ABC-1","CVCL_1066","abc-1","non-small cell lung cancer;nsclc","lung adenocarcinoma;nsclc adenocarcinoma","","Lung","<a href='https://discovery.nci.nih.gov/cell-lines/cellminercdb/abc-1_cvcl_1066.html' target='_blank'>details</a>"
"44","acc-meso-1","pleura: mesothelioma;Lung;pleura","Mesothelium;Lung","Mesothelioma (MESO);Mesothelioma;mesothelioma","","","","ACC-MESO-1;ACCMESO1","ccle;prism;achilles","ACC-MESO-1","CVCL_5113","acc-meso-1","mesothelioma","","","Mesothelium;Lung","<a href='https://discovery.nci.nih.gov/cell-lines/cellminercdb/acc-meso-1_cvcl_5113.html' target='_blank'>details</a>"
"45","achn","renal;kidney: renal_cell_carcinoma;KIRC;Kidney;kidney","Kidney","Renal Cell Carcinoma (RCC);Renal Cell Carcinoma","","","","RE:ACHN;ACHN","nci60;ccle;gdscDec15;prism;mdaMills;gdsc1;gdsc2","ACHN","CVCL_1067","achn","renal cell carcinoma","","","Kidney","<a href='https://discovery.nci.nih.gov/cell-lines/cellminercdb/achn_cvcl_1067.html' target='_blank'>details</a>"
"46","acn","","Brain_CNS","Embryonal Tumor (EMBT)","Neuroblastoma (NBL)","","","ACN","gdscDec15","ACN","CVCL_1068","acn","embryonal tumor","neuroblastoma","","Brain_CNS","<a href='https://discovery.nci.nih.gov/cell-lines/cellminercdb/acn_cvcl_1068.html' target='_blank'>details</a>"
"47","ags","stomach: adenocarcinoma;Gastric;stomach;digestive_system","Esophagus_Stomach","Esophagogastric Adenocarcinoma (EGC);Gastric Adenocarcinoma;gastric_adenocarcinoma","Stomach Adenocarcinoma (STAD);","","","AGS","ccle;gdscDec15;prism;achilles;mdaMills;gdsc1;gdsc2","AGS","CVCL_0139","ags","esophagogastric adenocarcinoma;gastric adenocarcinoma","stomach adenocarcinoma;","","Esophagus_Stomach","<a href='https://discovery.nci.nih.gov/cell-lines/cellminercdb/ags_cvcl_0139.html' target='_blank'>details</a>"
"48","akata-2a8","blood","Blood","","","","","2A8","mdaMills","Akata 2A8","CVCL_6247","akata-2a8","","","","Blood","<a href='https://discovery.nci.nih.gov/cell-lines/cellminercdb/akata-2a8_cvcl_6247.html' target='_blank'>details</a>"
"49","all-po","leukemia","Blood","Leukemia (LEUK)","","","","ALL-PO","gdscDec15;gdsc1;gdsc2","ALL-PO","CVCL_1069","all-po","leukemia","","","Blood","<a href='https://discovery.nci.nih.gov/cell-lines/cellminercdb/all-po_cvcl_1069.html' target='_blank'>details</a>"
"50","all-sil","haematopoietic_and_lymphoid_tissue: acute_lymphoblastic_T_cell_leukaemia;leukemia","Blood","Leukemia (LEUK)","Acute Lymphoid Leukemia (ALL)","","","ALL-SIL","ccle;gdscDec15;gdsc1;gdsc2","ALL-SIL","CVCL_1805","all-sil","leukemia","acute lymphoid leukemia","","Blood","<a href='https://discovery.nci.nih.gov/cell-lines/cellminercdb/all-sil_cvcl_1805.html' target='_blank'>details</a>"
"51","am-38","central_nervous_system: astrocytoma_Grade_IV;GBM;nervous_system","Brain_CNS","Diffuse Glioma (DIFG)","Astrocytoma (ASTR)","","","AM-38","ccle;gdscDec15;gdsc1;gdsc2","AM-38","CVCL_1070","am-38","diffuse glioma","astrocytoma","","Brain_CNS","<a href='https://discovery.nci.nih.gov/cell-lines/cellminercdb/am-38_cvcl_1070.html' target='_blank'>details</a>"
"52","aml-193","haematopoietic_and_lymphoid_tissue: acute_myeloid_leukaemia;haematopoietic_and_lymphoid_tissue","Blood","Leukemia (LEUK);AML","Acute Myeloid Leukemia (AML);M5","","","AML-193;AML193","ccle;achilles","AML-193","CVCL_1071","aml-193","leukemia;aml","acute myeloid leukemia;m5","","Blood","<a href='https://discovery.nci.nih.gov/cell-lines/cellminercdb/aml-193_cvcl_1071.html' target='_blank'>details</a>"
"53","amo1","haematopoietic_and_lymphoid_tissue: plasma_cell_myeloma;ascites;myeloma;Plasma cell myeloma","Blood","Multiple Myeloma (MM);multiple_myeloma","plasmacytoma","","","AMO-1;AMO1","ccle;gdscDec15;achilles;mdaMills;gdsc1;gdsc2;ancats","AMO1","CVCL_1806","amo1","multiple myeloma","plasmacytoma","","Blood","<a href='https://discovery.nci.nih.gov/cell-lines/cellminercdb/amo1_cvcl_1806.html' target='_blank'>details</a>"
"54","an3-ca","endometrium: adenocarcinoma;UCEC;Uterus;urogenital_system","Uterus","Endometrial Carcinoma (UCEC);Endometrial Adenocarcinoma","","","","AN3 CA;AN3-CA;AN3CA","ccle;gdscDec15;prism;mdaMills;gdsc1;gdsc2","AN3-CA","CVCL_0028","an3-ca","endometrial carcinoma;endometrial adenocarcinoma","","","Uterus","<a href='https://discovery.nci.nih.gov/cell-lines/cellminercdb/an3-ca_cvcl_0028.html' target='_blank'>details</a>"
"55","angm-css","central_nervous_system","Brain_CNS","glioma","glioblastoma","","","ANGMCSS","achilles","ANGM-CSS","CVCL_2297","angm-css","glioma","glioblastoma","","Brain_CNS","<a href='https://discovery.nci.nih.gov/cell-lines/cellminercdb/angm-css_cvcl_2297.html' target='_blank'>details</a>"
"56","ard","Plasma cell myeloma","Blood","","","","","ARD","ancats","ARD","CVCL_XD83","ard","","","","Blood","<a href='https://discovery.nci.nih.gov/cell-lines/cellminercdb/ard_cvcl_xd83.html' target='_blank'>details</a>"
"57","arh-77","myeloma","Blood","Multiple Myeloma (MM)","","","","ARH-77","gdscDec15;gdsc1;gdsc2","ARH-77","CVCL_1072","arh-77","multiple myeloma","","","Blood","<a href='https://discovery.nci.nih.gov/cell-lines/cellminercdb/arh-77_cvcl_1072.html' target='_blank'>details</a>"
"58","arp-1","Plasma cell myeloma","Blood","","","","","ARP-1","ancats","ARP-1","CVCL_D523","arp-1","","","","Blood","<a href='https://discovery.nci.nih.gov/cell-lines/cellminercdb/arp-1_cvcl_d523.html' target='_blank'>details</a>"
"59","ash-3","THCA;thyroid","Thyroid","thyroid_carcinoma","","","","ASH-3;ASH3","gdscDec15;achilles;gdsc1;gdsc2","ASH-3","CVCL_2856","ash-3","thyroid carcinoma","","","Thyroid","<a href='https://discovery.nci.nih.gov/cell-lines/cellminercdb/ash-3_cvcl_2856.html' target='_blank'>details</a>"
"60","aspc-1","pancreas: ductal_carcinoma;PAAD;Pancreas;ascites;pancreas","Pancreas","Pancreatic Adenocarcinoma (PAAD);Exocrine;exocrine","Exocrine Adenocarcinoma;exocrine_adenocarcinoma","","","AsPC-1;ASPC1","ccle;gdscDec15;prism;achilles;mdaMills;gdsc1;gdsc2","AsPC-1","CVCL_0152","aspc-1","pancreatic adenocarcinoma;exocrine","exocrine adenocarcinoma","","Pancreas","<a href='https://discovery.nci.nih.gov/cell-lines/cellminercdb/aspc-1_cvcl_0152.html' target='_blank'>details</a>"
"61","atn-1","leukemia","Blood","Leukemia (LEUK)","","","","ATN-1","gdscDec15;gdsc1;gdsc2","ATN-1","CVCL_1073","atn-1","leukemia","","","Blood","<a href='https://discovery.nci.nih.gov/cell-lines/cellminercdb/atn-1_cvcl_1073.html' target='_blank'>details</a>"
"62","au565","breast: carcinoma;BRCA;pleural_effusion;breast","Breast","Breast Carcinoma (BRCA);breast_adenocarcinoma","ERneg_HER2pos","","","AU565","ccle;gdscDec15;achilles;mdaMills;gdsc1;gdsc2","AU565","CVCL_1074","au565","breast carcinoma;breast adenocarcinoma","erneg her2pos","","Breast","<a href='https://discovery.nci.nih.gov/cell-lines/cellminercdb/au565_cvcl_1074.html' target='_blank'>details</a>"
"63","az-521","stomach: carcinoma","Esophagus_Stomach","","","","","AZ-521","ccle","AZ-521","CVCL_2862","az-521","","","","Esophagus_Stomach","<a href='https://discovery.nci.nih.gov/cell-lines/cellminercdb/az-521_cvcl_2862.html' target='_blank'>details</a>"
"64","b-cpap","thyroid: papillary_carcinoma;THCA;Thyroid;thyroid","Thyroid","Papillary Thyroid Cancer (THPA);Thyroid Carcinoma","Papillary","","","B-CPAP;BCPAP","ccle;gdscDec15;prism;gdsc1;gdsc2","B-CPAP","CVCL_0153","b-cpap","papillary thyroid cancer;thyroid carcinoma","papillary","","Thyroid","<a href='https://discovery.nci.nih.gov/cell-lines/cellminercdb/b-cpap_cvcl_0153.html' target='_blank'>details</a>"
"65","ball-1","blood;leukemia","Blood","Leukemia (LEUK)","","","","BALL-1;BALL1","gdscDec15;mdaMills;gdsc1;gdsc2","BALL-1","CVCL_1075","ball-1","leukemia","","","Blood","<a href='https://discovery.nci.nih.gov/cell-lines/cellminercdb/ball-1_cvcl_1075.html' target='_blank'>details</a>"
"66","bb30-hnc","HNSC;aero_dig_tract","Head_Neck","","","","","BB30-HNC","gdscDec15;gdsc1;gdsc2","BB30-HNC","CVCL_1076","bb30-hnc","","","","Head_Neck","<a href='https://discovery.nci.nih.gov/cell-lines/cellminercdb/bb30-hnc_cvcl_1076.html' target='_blank'>details</a>"
"67","bb49-hnc","HNSC;aero_dig_tract","Head_Neck","","","","","BB49-HNC","gdscDec15;gdsc1;gdsc2","BB49-HNC","CVCL_1077","bb49-hnc","","","","Head_Neck","<a href='https://discovery.nci.nih.gov/cell-lines/cellminercdb/bb49-hnc_cvcl_1077.html' target='_blank'>details</a>"
"68","bb65-rcc","KIRC;kidney","Kidney","Renal Cell Carcinoma (RCC)","","","","BB65-RCC","gdscDec15;gdsc1;gdsc2","BB65-RCC","CVCL_1078","bb65-rcc","renal cell carcinoma","","","Kidney","<a href='https://discovery.nci.nih.gov/cell-lines/cellminercdb/bb65-rcc_cvcl_1078.html' target='_blank'>details</a>"
"69","bc-1","lymphoma","Lymph","Non-Hodgkin's Lymphoma (NHL)","B-Cell Lymphoma (BCL)","","","BC-1","gdscDec15;gdsc1;gdsc2","BC-1","CVCL_1079","bc-1","non-hodgkin's lymphoma","b-cell lymphoma","","Lymph","<a href='https://discovery.nci.nih.gov/cell-lines/cellminercdb/bc-1_cvcl_1079.html' target='_blank'>details</a>"
"70","bc-2","","Lymph","Non-Hodgkin's Lymphoma (NHL)","B-Cell Lymphoma (BCL)","","","BC-2","gdscDec15","BC-2","CVCL_1856","bc-2","non-hodgkin's lymphoma","b-cell lymphoma","","Lymph","<a href='https://discovery.nci.nih.gov/cell-lines/cellminercdb/bc-2_cvcl_1856.html' target='_blank'>details</a>"
"71","bc-3","lymphoma","Lymph","Non-Hodgkin's Lymphoma (NHL)","B-Cell Lymphoma (BCL)","","","BC-3","gdscDec15;gdsc1;gdsc2","BC-3","CVCL_1080","bc-3","non-hodgkin's lymphoma","b-cell lymphoma","","Lymph","<a href='https://discovery.nci.nih.gov/cell-lines/cellminercdb/bc-3_cvcl_1080.html' target='_blank'>details</a>"
"72","bc-3c","urinary_tract: transitional_cell_carcinoma;Urinary Tract;urinary_tract","Bladder_Urinary_Tract","Bladder Urothelial Carcinoma (BLCA);Bladder Carcinoma;bladder_carcinoma","Bladder Transitional Cell;bladder_transitional_cell","","","BC-3C;BC3C","ccle;prism;achilles","BC-3C","CVCL_1958","bc-3c","bladder urothelial carcinoma;bladder carcinoma","bladder transitional cell","","Bladder_Urinary_Tract","<a href='https://discovery.nci.nih.gov/cell-lines/cellminercdb/bc-3c_cvcl_1958.html' target='_blank'>details</a>"
"73","bcbl-1","blood","Blood","","","","","BCBL1","mdaMills","BCBL-1","CVCL_0165","bcbl-1","","","","Blood","<a href='https://discovery.nci.nih.gov/cell-lines/cellminercdb/bcbl-1_cvcl_0165.html' target='_blank'>details</a>"
"74","bcp-1","haematopoietic_and_lymphoid_tissue: B_cell_lymphoma_unspecified","Lymph","Non-Hodgkin's Lymphoma (NHL)","B-Cell Lymphoma (BCL)","","","BCP-1","ccle","BCP-1","CVCL_0107","bcp-1","non-hodgkin's lymphoma","b-cell lymphoma","","Lymph","<a href='https://discovery.nci.nih.gov/cell-lines/cellminercdb/bcp-1_cvcl_0107.html' target='_blank'>details</a>"
"75","bdcm","haematopoietic_and_lymphoid_tissue: acute_lymphoblastic_B_cell_leukaemia","Blood","Leukemia (LEUK)","Acute Lymphoid Leukemia (ALL)","","","BDCM","ccle","BDCM","CVCL_4613","bdcm","leukemia","acute lymphoid leukemia","","Blood","<a href='https://discovery.nci.nih.gov/cell-lines/cellminercdb/bdcm_cvcl_4613.html' target='_blank'>details</a>"
"76","be-13","leukemia","Blood","Leukemia (LEUK)","","","","BE-13","gdscDec15;gdsc1;gdsc2","BE-13","CVCL_1081","be-13","leukemia","","","Blood","<a href='https://discovery.nci.nih.gov/cell-lines/cellminercdb/be-13_cvcl_1081.html' target='_blank'>details</a>"
"77","becker","central_nervous_system: astrocytoma_Grade_IV;GBM;Central Nervous System;nervous_system","Brain_CNS","Diffuse Glioma (DIFG);Glioma","Astrocytoma (ASTR);","","","Becker;BECKER","ccle;gdscDec15;prism;gdsc1;gdsc2","Becker","CVCL_1093","becker","diffuse glioma;glioma","astrocytoma;","","Brain_CNS","<a href='https://discovery.nci.nih.gov/cell-lines/cellminercdb/becker_cvcl_1093.html' target='_blank'>details</a>"
"78","ben","lung: carcinoma;CANNOT_CLASSIFY;Lung;lung_NSCLC","Lung","NSCLC","","","","BEN","ccle;gdscDec15;prism;gdsc1;gdsc2","BEN","CVCL_1082","ben","nsclc","","","Lung","<a href='https://discovery.nci.nih.gov/cell-lines/cellminercdb/ben_cvcl_1082.html' target='_blank'>details</a>"
"79","bftc-905","urinary_tract: transitional_cell_carcinoma;BLCA;Urinary Tract;urinary_tract;urogenital_system","Bladder_Urinary_Tract","Bladder Urothelial Carcinoma (BLCA);Bladder Carcinoma;bladder_carcinoma","Bladder Transitional Cell;bladder_transitional_cell","","","BFTC-905;BFTC905","ccle;gdscDec15;prism;achilles;gdsc1;gdsc2","BFTC-905","CVCL_1083","bftc-905","bladder urothelial carcinoma;bladder carcinoma","bladder transitional cell","","Bladder_Urinary_Tract","<a href='https://discovery.nci.nih.gov/cell-lines/cellminercdb/bftc-905_cvcl_1083.html' target='_blank'>details</a>"
"80","bftc-909","kidney: carcinoma;KIRC;Kidney;kidney","Kidney","Renal Cell Carcinoma (RCC);Renal Cell Carcinoma;renal_cell_carcinoma","Transitional Cell;transitional_cell","","","BFTC-909;BFTC909","ccle;gdscDec15;prism;achilles;gdsc1;gdsc2","BFTC-909","CVCL_1084","bftc-909","renal cell carcinoma","transitional cell","","Kidney","<a href='https://discovery.nci.nih.gov/cell-lines/cellminercdb/bftc-909_cvcl_1084.html' target='_blank'>details</a>"
"81","bht-101","thyroid: anaplastic_carcinoma;THCA;Thyroid;thyroid","Thyroid","Anaplastic Thyroid Cancer (THAP);Thyroid Carcinoma","Papillary","","","BHT-101;BHT101","ccle;gdscDec15;prism;gdsc1;gdsc2","BHT-101","CVCL_1085","bht-101","anaplastic thyroid cancer;thyroid carcinoma","papillary","","Thyroid","<a href='https://discovery.nci.nih.gov/cell-lines/cellminercdb/bht-101_cvcl_1085.html' target='_blank'>details</a>"
"82","bhy","upper_aerodigestive_tract: squamous_cell_carcinoma;HNSC;upper_aerodigestive_tract;aero_dig_tract","Head_Neck","upper_aerodigestive_squamous","oral","","","BHY","ccle;gdscDec15;achilles;gdsc1;gdsc2","BHY","CVCL_1086","bhy","upper aerodigestive squamous","oral","","Head_Neck","<a href='https://discovery.nci.nih.gov/cell-lines/cellminercdb/bhy_cvcl_1086.html' target='_blank'>details</a>"
"83","bicr-10","HNSC;aero_dig_tract","Head_Neck","","","","","BICR10","gdscDec15;gdsc1;gdsc2","BICR 10","CVCL_2307","bicr-10","","","","Head_Neck","<a href='https://discovery.nci.nih.gov/cell-lines/cellminercdb/bicr-10_cvcl_2307.html' target='_blank'>details</a>"
"84","bicr-16","upper_aerodigestive_tract: squamous_cell_carcinoma;Head_Neck;upper_aerodigestive_tract","Head_Neck","Head_Neck Squamous;upper_aerodigestive_squamous","Oral;oral","","","BICR 16;BICR16","ccle;prism;achilles","BICR 16","CVCL_2308","bicr-16","head neck squamous;upper aerodigestive squamous","oral","","Head_Neck","<a href='https://discovery.nci.nih.gov/cell-lines/cellminercdb/bicr-16_cvcl_2308.html' target='_blank'>details</a>"
"85","bicr-18","upper_aerodigestive_tract: squamous_cell_carcinoma","Head_Neck","","","","","BICR 18","ccle","BICR 18","CVCL_2309","bicr-18","","","","Head_Neck","<a href='https://discovery.nci.nih.gov/cell-lines/cellminercdb/bicr-18_cvcl_2309.html' target='_blank'>details</a>"
"86","bicr-22","upper_aerodigestive_tract: squamous_cell_carcinoma;HNSC;lymph_node;aero_dig_tract","Head_Neck","upper_aerodigestive_squamous","oral","","","BICR 22;BICR22","ccle;gdscDec15;achilles;gdsc1;gdsc2","BICR 22","CVCL_2310","bicr-22","upper aerodigestive squamous","oral","","Head_Neck","<a href='https://discovery.nci.nih.gov/cell-lines/cellminercdb/bicr-22_cvcl_2310.html' target='_blank'>details</a>"
"87","bicr-31","upper_aerodigestive_tract: squamous_cell_carcinoma;Head_Neck;upper_aerodigestive_tract;aero_dig_tract","Head_Neck","Head_Neck Squamous;upper_aerodigestive_squamous","Oral;oral","","","BICR 31;BICR31","ccle;gdscDec15;prism;achilles;gdsc1;gdsc2","BICR 31","CVCL_2312","bicr-31","head neck squamous;upper aerodigestive squamous","oral","","Head_Neck","<a href='https://discovery.nci.nih.gov/cell-lines/cellminercdb/bicr-31_cvcl_2312.html' target='_blank'>details</a>"
"88","bicr-56","upper_aerodigestive_tract: squamous_cell_carcinoma;Head_Neck;upper_aerodigestive_tract","Head_Neck","Head_Neck Squamous;upper_aerodigestive_squamous","Oral;oral","","","BICR 56;BICR56","ccle;prism;achilles","BICR 56","CVCL_2313","bicr-56","head neck squamous;upper aerodigestive squamous","oral","","Head_Neck","<a href='https://discovery.nci.nih.gov/cell-lines/cellminercdb/bicr-56_cvcl_2313.html' target='_blank'>details</a>"
"89","bicr-6","upper_aerodigestive_tract: squamous_cell_carcinoma;Head_Neck;upper_aerodigestive_tract","Head_Neck","Head_Neck Squamous;upper_aerodigestive_squamous","Oral;oral","","","BICR 6;BICR6","ccle;prism;achilles","BICR 6","CVCL_2314","bicr-6","head neck squamous;upper aerodigestive squamous","oral","","Head_Neck","<a href='https://discovery.nci.nih.gov/cell-lines/cellminercdb/bicr-6_cvcl_2314.html' target='_blank'>details</a>"
"90","bicr-78","HNSC;upper_aerodigestive_tract;aero_dig_tract","Head_Neck","upper_aerodigestive_squamous","oral","","","BICR78","gdscDec15;achilles;gdsc1;gdsc2","BICR 78","CVCL_2315","bicr-78","upper aerodigestive squamous","oral","","Head_Neck","<a href='https://discovery.nci.nih.gov/cell-lines/cellminercdb/bicr-78_cvcl_2315.html' target='_blank'>details</a>"
"91","bin-67","bone","Ovary","SCCOHT","","","","BIN67","achilles","BIN-67","CVCL_S987","bin-67","sccoht","","","Ovary","<a href='https://discovery.nci.nih.gov/cell-lines/cellminercdb/bin-67_cvcl_s987.html' target='_blank'>details</a>"
"92","bj1-htert","skin: immortalized_fibroblast","Skin","","","","","BJ hTERT","ccle","BJ1-hTERT","CVCL_6573","bj1-htert","","","","Skin","<a href='https://discovery.nci.nih.gov/cell-lines/cellminercdb/bj1-htert_cvcl_6573.html' target='_blank'>details</a>"
"93","bjab","Burkitt lymphoma","Lymph","","","","","BJAB","ancats","BJAB","CVCL_5711","bjab","","","","Lymph","<a href='https://discovery.nci.nih.gov/cell-lines/cellminercdb/bjab_cvcl_5711.html' target='_blank'>details</a>"
"94","bl-2","Burkitt lymphoma","Lymph","","","","","BL-2","ancats","BL-2","CVCL_1966","bl-2","","","","Lymph","<a href='https://discovery.nci.nih.gov/cell-lines/cellminercdb/bl-2_cvcl_1966.html' target='_blank'>details</a>"
"95","bl-41","haematopoietic_and_lymphoid_tissue: Burkitt_lymphoma;lymphoma","Lymph","Non-Hodgkin's Lymphoma (NHL)","B-Cell Lymphoma (BCL)","Burkitt Lymphoma (BL)","","BL-41;BL41","ccle;gdscDec15;mdaMills;gdsc1;gdsc2","BL-41","CVCL_1087","bl-41","non-hodgkin's lymphoma","b-cell lymphoma","burkitt lymphoma","Lymph","<a href='https://discovery.nci.nih.gov/cell-lines/cellminercdb/bl-41_cvcl_1087.html' target='_blank'>details</a>"
"96","bl-70","haematopoietic_and_lymphoid_tissue: Burkitt_lymphoma;haematopoietic_and_lymphoid_tissue","Lymph","Non-Hodgkin's Lymphoma (NHL);non_hodgkin_lymphoma","B-Cell Lymphoma (BCL);b_cell_burkitt","Burkitt Lymphoma (BL)","","BL-70;BL70","ccle;gdscDec15;achilles;mdaMills","BL-70","CVCL_1088","bl-70","non-hodgkin's lymphoma;non hodgkin lymphoma","b-cell lymphoma;b cell burkitt","burkitt lymphoma","Lymph","<a href='https://discovery.nci.nih.gov/cell-lines/cellminercdb/bl-70_cvcl_1088.html' target='_blank'>details</a>"
"97","blue-1","bone_marrow;blood","Lymph;Blood","non_hodgkin_lymphoma","b_cell_burkitt","","","BLUE1","achilles;mdaMills","BLUE-1","CVCL_1967","blue-1","non hodgkin lymphoma","b cell burkitt","","Lymph;Blood","<a href='https://discovery.nci.nih.gov/cell-lines/cellminercdb/blue-1_cvcl_1967.html' target='_blank'>details</a>"
"98","boku","CESC;cervix","Cervix","cervical_squamous","","","","BOKU","gdscDec15;achilles","BOKU","CVCL_1089","boku","cervical squamous","","","Cervix","<a href='https://discovery.nci.nih.gov/cell-lines/cellminercdb/boku_cvcl_1089.html' target='_blank'>details</a>"
"99","bonna-12","leukemia","Blood","Leukemia","Hairy cell leukemia;Hairy cell leukemia","","","BONNA-12","gdscDec15;gdsc2","BONNA-12","CVCL_1090","bonna-12","leukemia","hairy cell leukemia;hairy cell leukemia","","Blood","<a href='https://discovery.nci.nih.gov/cell-lines/cellminercdb/bonna-12_cvcl_1090.html' target='_blank'>details</a>"
"100","bph-1","OTHER;urogenital_system","Prostate","","","","","BPH-1","gdscDec15;gdsc1;gdsc2","BPH-1","CVCL_1091","bph-1","","","","Prostate","<a href='https://discovery.nci.nih.gov/cell-lines/cellminercdb/bph-1_cvcl_1091.html' target='_blank'>details</a>"
"101","bt-12","Soft_Tissue;soft_tissue","Soft_Tissue","ATRT","","","","BT12","ccle;achilles","BT-12","CVCL_M155","bt-12","atrt","","","Soft_Tissue","<a href='https://discovery.nci.nih.gov/cell-lines/cellminercdb/bt-12_cvcl_m155.html' target='_blank'>details</a>"
"102","bt-16","soft_tissue","Soft_Tissue","ATRT","","","","BT16","achilles","BT-16","CVCL_M156","bt-16","atrt","","","Soft_Tissue","<a href='https://discovery.nci.nih.gov/cell-lines/cellminercdb/bt-16_cvcl_m156.html' target='_blank'>details</a>"
"103","bt-20","breast: ductal_carcinoma;BRCA;breast","Breast","Breast Carcinoma (BRCA)","Breast Invasive Ductal Carcinoma (IDC)","","Breast Triple Negative","BT-20","ccle;gdscDec15;gdsc1;gdsc2","BT-20","CVCL_0178","bt-20","breast carcinoma","breast invasive ductal carcinoma","","Breast","<a href='https://discovery.nci.nih.gov/cell-lines/cellminercdb/bt-20_cvcl_0178.html' target='_blank'>details</a>"
"104","bt-474","breast: ductal_carcinoma;BRCA;Breast;breast","Breast","Breast Carcinoma (BRCA);Breast Ductal Carcinoma","Breast Invasive Ductal Carcinoma (IDC);ERpos HER2pos","HER2 Amp","","BT-474;BT474","ccle;gdscDec15;prism;mdaMills;gdsc1;gdsc2","BT-474","CVCL_0179","bt-474","breast carcinoma;breast ductal carcinoma","breast invasive ductal carcinoma;erpos her2pos","her2 amp","Breast","<a href='https://discovery.nci.nih.gov/cell-lines/cellminercdb/bt-474_cvcl_0179.html' target='_blank'>details</a>"
"105","bt-483","breast: ductal_carcinoma;BRCA;breast","Breast","Breast Carcinoma (BRCA)","Breast Invasive Ductal Carcinoma (IDC)","","","BT-483;BT483","ccle;gdscDec15;mdaMills;gdsc1;gdsc2","BT-483","CVCL_2319","bt-483","breast carcinoma","breast invasive ductal carcinoma","","Breast","<a href='https://discovery.nci.nih.gov/cell-lines/cellminercdb/bt-483_cvcl_2319.html' target='_blank'>details</a>"
"106","bt-549","breast;breast: ductal_carcinoma;Breast","Breast","Breast Carcinoma (BRCA);Breast Ductal Carcinoma;breast_ductal_carcinoma","Breast Invasive Ductal Carcinoma (IDC);ERneg HER2neg;ERneg_HER2neg","Basal B","Breast Triple Negative","BR:BT-549;BT-549;BT549","nci60;ccle;gdscDec15;prism;achilles;mdaMills;gdsc1;gdsc2","BT-549","CVCL_1092","bt-549","breast carcinoma;breast ductal carcinoma","breast invasive ductal carcinoma;erneg her2neg","basal b","Breast","<a href='https://discovery.nci.nih.gov/cell-lines/cellminercdb/bt-549_cvcl_1092.html' target='_blank'>details</a>"
"107","bv-173","haematopoietic_and_lymphoid_tissue: blast_phase_chronic_myeloid_leukaemia;leukemia","Blood","Leukemia (LEUK)","Chronic Myelogenous Leukemia (CML)","","","BV-173","ccle;gdscDec15;gdsc1;gdsc2","BV-173","CVCL_0181","bv-173","leukemia","chronic myelogenous leukemia","","Blood","<a href='https://discovery.nci.nih.gov/cell-lines/cellminercdb/bv-173_cvcl_0181.html' target='_blank'>details</a>"
"108","bxpc-3","pancreas: ductal_carcinoma;PAAD;Pancreas;pancreas","Pancreas","Pancreatic Adenocarcinoma (PAAD);Exocrine;exocrine","Exocrine Adenocarcinoma;exocrine_adenocarcinoma","","","BxPC-3;BXPC3","ccle;gdscDec15;prism;achilles;mdaMills;gdsc1;gdsc2","BxPC-3","CVCL_0186","bxpc-3","pancreatic adenocarcinoma;exocrine","exocrine adenocarcinoma","","Pancreas","<a href='https://discovery.nci.nih.gov/cell-lines/cellminercdb/bxpc-3_cvcl_0186.html' target='_blank'>details</a>"
"109","c-33-a","CESC;cervix;urogenital_system","Cervix","cervical_carcinoma","","","","C-33-A;C33A","gdscDec15;achilles;gdsc1;gdsc2","C-33 A","CVCL_1094","c-33-a","cervical carcinoma","","","Cervix","<a href='https://discovery.nci.nih.gov/cell-lines/cellminercdb/c-33-a_cvcl_1094.html' target='_blank'>details</a>"
"110","c-4-i","CESC;urogenital_system","Cervix","","","","","C-4-I","gdscDec15;gdsc1;gdsc2","C-4-I","CVCL_2253","c-4-i","","","","Cervix","<a href='https://discovery.nci.nih.gov/cell-lines/cellminercdb/c-4-i_cvcl_2253.html' target='_blank'>details</a>"
"111","c-4-ii","cervix","Cervix","cervical_carcinoma","","","","C4II","achilles","C-4-II","CVCL_1095","c-4-ii","cervical carcinoma","","","Cervix","<a href='https://discovery.nci.nih.gov/cell-lines/cellminercdb/c-4-ii_cvcl_1095.html' target='_blank'>details</a>"
"112","c10","large_intestine","Bowel","colorectal_adenocarcinoma","","","","C10","achilles","C10","CVCL_5245","c10","colorectal adenocarcinoma","","","Bowel","<a href='https://discovery.nci.nih.gov/cell-lines/cellminercdb/c10_cvcl_5245.html' target='_blank'>details</a>"
"113","c2bbe1","large_intestine: adenocarcinoma;Colon;large_intestine","Bowel","Colorectal Adenocarcinoma (COADREAD);colorectal_adenocarcinoma","","","","C2BBe1;C2BBE1","ccle;gdscDec15;achilles;mdaMills;gdsc1;gdsc2","C2BBe1","CVCL_1096","c2bbe1","colorectal adenocarcinoma","","","Bowel","<a href='https://discovery.nci.nih.gov/cell-lines/cellminercdb/c2bbe1_cvcl_1096.html' target='_blank'>details</a>"
"114","c75","large_intestine","Bowel","colorectal_adenocarcinoma","","","","C75","achilles","C75","CVCL_5248","c75","colorectal adenocarcinoma","","","Bowel","<a href='https://discovery.nci.nih.gov/cell-lines/cellminercdb/c75_cvcl_5248.html' target='_blank'>details</a>"
"115","c80","large_intestine","Bowel","colorectal_adenocarcinoma","","","","C80","achilles","C80","CVCL_5249","c80","colorectal adenocarcinoma","","","Bowel","<a href='https://discovery.nci.nih.gov/cell-lines/cellminercdb/c80_cvcl_5249.html' target='_blank'>details</a>"
"116","c8166","Lymph;haematopoietic_and_lymphoid_tissue","Lymph","ATL","","","","C8166","ccle;achilles","C8166","CVCL_1099","c8166","atl","","","Lymph","<a href='https://discovery.nci.nih.gov/cell-lines/cellminercdb/c8166_cvcl_1099.html' target='_blank'>details</a>"
"117","c84","large_intestine","Bowel","colorectal_adenocarcinoma","","","","C84","achilles","C84","CVCL_5250","c84","colorectal adenocarcinoma","","","Bowel","<a href='https://discovery.nci.nih.gov/cell-lines/cellminercdb/c84_cvcl_5250.html' target='_blank'>details</a>"
"118","c99","large_intestine","Bowel","colorectal_adenocarcinoma","","","","C99","achilles","C99","CVCL_8176","c99","colorectal adenocarcinoma","","","Bowel","<a href='https://discovery.nci.nih.gov/cell-lines/cellminercdb/c99_cvcl_8176.html' target='_blank'>details</a>"
"119","ca-ski","CESC;small_intestine;urogenital_system","Cervix","cervical_squamous","","","","Ca-Ski;CASKI","gdscDec15;achilles;gdsc1;gdsc2","Ca Ski","CVCL_1100","ca-ski","cervical squamous","","","Cervix","<a href='https://discovery.nci.nih.gov/cell-lines/cellminercdb/ca-ski_cvcl_1100.html' target='_blank'>details</a>"
"120","ca46","haematopoietic_and_lymphoid_tissue: Burkitt_lymphoma;lymphoma","Lymph","Non-Hodgkin's Lymphoma (NHL)","B-Cell Lymphoma (BCL)","Burkitt Lymphoma (BL)","","CA46","ccle;gdscDec15;mdaMills;gdsc1;gdsc2","CA46","CVCL_1101","ca46","non-hodgkin's lymphoma","b-cell lymphoma","burkitt lymphoma","Lymph","<a href='https://discovery.nci.nih.gov/cell-lines/cellminercdb/ca46_cvcl_1101.html' target='_blank'>details</a>"
"121","ca9-22","HNSC;aero_dig_tract","Head_Neck","","","","","Ca9-22","gdscDec15;gdsc1;gdsc2","Ca9-22","CVCL_1102","ca9-22","","","","Head_Neck","<a href='https://discovery.nci.nih.gov/cell-lines/cellminercdb/ca9-22_cvcl_1102.html' target='_blank'>details</a>"
"122","caco-2","Esophagus_Stomach;colon;Colon adenocarcinoma","Esophagus_Stomach;Bowel","","","","","CACO2;Caco-2","ccle;mdaMills;ancats","Caco-2","CVCL_0025","caco-2","","","","Esophagus_Stomach;Bowel","<a href='https://discovery.nci.nih.gov/cell-lines/cellminercdb/caco-2_cvcl_0025.html' target='_blank'>details</a>"
"123","cado-es1","bone: Ewings_sarcoma-peripheral_primitive_neuroectodermal_tumour;Bone;bone","Bone","Ewing Sarcoma (ES);Ewing Sarcoma","","EWS_ERG","","CADO-ES1;CADOES1","ccle;gdscDec15;prism;gdsc1;gdsc2","CADO-ES1","CVCL_1103","cado-es1","ewing sarcoma","","ews erg","Bone","<a href='https://discovery.nci.nih.gov/cell-lines/cellminercdb/cado-es1_cvcl_1103.html' target='_blank'>details</a>"
"124","caki-1","renal;kidney: clear_cell_renal_cell_carcinoma;KIRC;Kidney;skin;kidney","Kidney","Renal Cell Carcinoma (RCC);Renal Cell Carcinoma;renal_cell_carcinoma","Renal Clear Cell Carcinoma (CCRCC);Clear Cell;clear_cell","","","RE:CAKI-1;Caki-1;CAKI-1;CAKI1","nci60;ccle;gdscDec15;prism;achilles;mdaMills;gdsc1;gdsc2","Caki-1","CVCL_0234","caki-1","renal cell carcinoma","renal clear cell carcinoma;clear cell","","Kidney","<a href='https://discovery.nci.nih.gov/cell-lines/cellminercdb/caki-1_cvcl_0234.html' target='_blank'>details</a>"
"125","caki-2","kidney: clear_cell_renal_cell_carcinoma;kidney","Kidney","Renal Cell Carcinoma (RCC);renal_cell_carcinoma","Renal Clear Cell Carcinoma (CCRCC);clear_cell","","","Caki-2;CAKI2","ccle;achilles;mdaMills","Caki-2","CVCL_0235","caki-2","renal cell carcinoma","renal clear cell carcinoma;clear cell","","Kidney","<a href='https://discovery.nci.nih.gov/cell-lines/cellminercdb/caki-2_cvcl_0235.html' target='_blank'>details</a>"
"126","cal-1-human-plasmacytoid-dendritic","Blastic plasmacytoid dendritic cell neoplasm","Blood","","","","","CAL-1 [Human plasmacytoid dendritic]","ancats","CAL-1 [Human plasmacytoid dendritic]","CVCL_5G46","cal-1-human-plasmacytoid-dendritic","","","","Blood","<a href='https://discovery.nci.nih.gov/cell-lines/cellminercdb/cal-1-human-plasmacytoid-dendritic_cvcl_5g46.html' target='_blank'>details</a>"
"127","cal-120","breast: carcinoma;BRCA;Breast;pleural_effusion;breast","Breast","Breast Carcinoma (BRCA);Breast Carcinoma;breast_carcinoma","ERneg HER2neg;ERneg_HER2neg","Basal B","Breast Triple Negative","CAL-120;CAL120","ccle;gdscDec15;prism;achilles;mdaMills;gdsc1;gdsc2","CAL-120","CVCL_1104","cal-120","breast carcinoma","erneg her2neg","basal b","Breast","<a href='https://discovery.nci.nih.gov/cell-lines/cellminercdb/cal-120_cvcl_1104.html' target='_blank'>details</a>"
"128","cal-12t","lung: non_small_cell_carcinoma;CANNOT_CLASSIFY;Lung;lung;lung_NSCLC","Lung","Non-Small Cell Lung Cancer (NSCLC);NSCLC","","","","CAL-12T;CAL12T","ccle;gdscDec15;prism;achilles;gdsc1;gdsc2","CAL-12T","CVCL_1105","cal-12t","non-small cell lung cancer;nsclc","","","Lung","<a href='https://discovery.nci.nih.gov/cell-lines/cellminercdb/cal-12t_cvcl_1105.html' target='_blank'>details</a>"
"129","cal-148","breast: ductal_carcinoma;breast","Breast","Breast Carcinoma (BRCA)","Breast Invasive Ductal Carcinoma (IDC)","","Breast Triple Negative","CAL-148;CAL148","ccle;gdscDec15;mdaMills;gdsc1;gdsc2","CAL-148","CVCL_1106","cal-148","breast carcinoma","breast invasive ductal carcinoma","","Breast","<a href='https://discovery.nci.nih.gov/cell-lines/cellminercdb/cal-148_cvcl_1106.html' target='_blank'>details</a>"
"130","cal-27","upper_aerodigestive_tract: squamous_cell_carcinoma;HNSC;Head_Neck;upper_aerodigestive_tract;aero_dig_tract;Tongue squamous cell carcinoma","Head_Neck","Head_Neck Squamous;upper_aerodigestive_squamous","","","","CAL 27;CAL-27;CAL27","ccle;gdscDec15;prism;achilles;mdaMills;gdsc1;gdsc2;ancats","CAL-27","CVCL_1107","cal-27","head neck squamous;upper aerodigestive squamous","","","Head_Neck","<a href='https://discovery.nci.nih.gov/cell-lines/cellminercdb/cal-27_cvcl_1107.html' target='_blank'>details</a>"
"131","cal-29","urinary_tract: transitional_cell_carcinoma;BLCA;Urinary Tract;urinary_tract;urogenital_system","Bladder_Urinary_Tract","Bladder Urothelial Carcinoma (BLCA);Bladder Carcinoma;bladder_carcinoma","Bladder Transitional Cell;bladder_transitional_cell","","","CAL-29;CAL29","ccle;gdscDec15;prism;achilles;gdsc1;gdsc2","CAL-29","CVCL_1808","cal-29","bladder urothelial carcinoma;bladder carcinoma","bladder transitional cell","","Bladder_Urinary_Tract","<a href='https://discovery.nci.nih.gov/cell-lines/cellminercdb/cal-29_cvcl_1808.html' target='_blank'>details</a>"
"132","cal-33","upper_aerodigestive_tract: squamous_cell_carcinoma;HNSC;upper_aerodigestive_tract;aero_dig_tract","Head_Neck","upper_aerodigestive_squamous","oral","","","CAL-33;CAL33","ccle;gdscDec15;achilles;gdsc1;gdsc2","CAL-33","CVCL_1108","cal-33","upper aerodigestive squamous","oral","","Head_Neck","<a href='https://discovery.nci.nih.gov/cell-lines/cellminercdb/cal-33_cvcl_1108.html' target='_blank'>details</a>"
"133","cal-39","CESC;urogenital_system","Vulva","","","","","CAL-39","gdscDec15;gdsc1;gdsc2","CAL-39","CVCL_1109","cal-39","","","","Vulva","<a href='https://discovery.nci.nih.gov/cell-lines/cellminercdb/cal-39_cvcl_1109.html' target='_blank'>details</a>"
"134","cal-51","breast: carcinoma;BRCA;Breast;pleural_effusion;breast","Breast","Breast Carcinoma (BRCA);Breast Carcinoma;breast_carcinoma","ERneg HER2neg;ERneg_HER2neg","Basal B","Breast Triple Negative","CAL-51;CAL51","ccle;gdscDec15;prism;achilles;mdaMills;gdsc1;gdsc2","CAL-51","CVCL_1110","cal-51","breast carcinoma","erneg her2neg","basal b","Breast","<a href='https://discovery.nci.nih.gov/cell-lines/cellminercdb/cal-51_cvcl_1110.html' target='_blank'>details</a>"
"135","cal-54","kidney: renal_cell_carcinoma;KIRC;Kidney;kidney","Kidney","Renal Cell Carcinoma (RCC);Renal Cell Carcinoma","","","","CAL-54;CAL54","ccle;gdscDec15;prism;gdsc1;gdsc2","CAL-54","CVCL_1111","cal-54","renal cell carcinoma","","","Kidney","<a href='https://discovery.nci.nih.gov/cell-lines/cellminercdb/cal-54_cvcl_1111.html' target='_blank'>details</a>"
"136","cal-62","thyroid: anaplastic_carcinoma;THCA;Thyroid;pleural_effusion;thyroid","Thyroid","Anaplastic Thyroid Cancer (THAP);Thyroid Carcinoma;thyroid_carcinoma","Anaplastic;anaplastic","","","CAL-62;CAL62","ccle;gdscDec15;prism;achilles;gdsc1;gdsc2","CAL-62","CVCL_1112","cal-62","anaplastic thyroid cancer;thyroid carcinoma","anaplastic","","Thyroid","<a href='https://discovery.nci.nih.gov/cell-lines/cellminercdb/cal-62_cvcl_1112.html' target='_blank'>details</a>"
"137","cal-72","bone","Bone","Osteosarcoma (OS);osteosarcoma","","","","CAL-72;CAL72","gdscDec15;achilles;gdsc1;gdsc2","CAL-72","CVCL_1113","cal-72","osteosarcoma","","","Bone","<a href='https://discovery.nci.nih.gov/cell-lines/cellminercdb/cal-72_cvcl_1113.html' target='_blank'>details</a>"
"138","cal-78","bone: dedifferentiated;Bone;soft_tissue;bone","Bone","Chondrosarcoma;chondrosarcoma","","","","CAL-78;CAL78","ccle;gdscDec15;prism;achilles;gdsc1;gdsc2","CAL-78","CVCL_1809","cal-78","chondrosarcoma","","","Bone","<a href='https://discovery.nci.nih.gov/cell-lines/cellminercdb/cal-78_cvcl_1809.html' target='_blank'>details</a>"
"139","cal-85-1","breast: carcinoma;BRCA;breast","Breast","Breast Carcinoma (BRCA)","","","Breast Triple Negative","CAL-85-1;CAL851","ccle;gdscDec15;mdaMills;gdsc1;gdsc2","CAL-85-1","CVCL_1114","cal-85-1","breast carcinoma","","","Breast","<a href='https://discovery.nci.nih.gov/cell-lines/cellminercdb/cal-85-1_cvcl_1114.html' target='_blank'>details</a>"
"140","calu-1","lung: squamous_cell_carcinoma;NOT_TCGA;pleura","Lung","Non-Small Cell Lung Cancer (NSCLC);NSCLC","Lung Squamous Cell Carcinoma (LUSC);NSCLC_squamous","","","Calu-1;CALU1","ccle;gdscDec15;achilles;mdaMills","Calu-1","CVCL_0608","calu-1","non-small cell lung cancer;nsclc","lung squamous cell carcinoma;nsclc squamous","","Lung","<a href='https://discovery.nci.nih.gov/cell-lines/cellminercdb/calu-1_cvcl_0608.html' target='_blank'>details</a>"
"141","calu-3","lung: adenocarcinoma;LUAD;lung_NSCLC","Lung","Non-Small Cell Lung Cancer (NSCLC)","Lung Adenocarcinoma (LUAD)","","","Calu-3;CALU3","ccle;gdscDec15;mdaMills;gdsc1;gdsc2","Calu-3","CVCL_0609","calu-3","non-small cell lung cancer","lung adenocarcinoma","","Lung","<a href='https://discovery.nci.nih.gov/cell-lines/cellminercdb/calu-3_cvcl_0609.html' target='_blank'>details</a>"
"142","calu-6","lung: undifferentiated_carcinoma;LUAD;Lung;pleural_effusion;lung_NSCLC","Lung","Non-Small Cell Lung Cancer (NSCLC);NSCLC","Lung Adenocarcinoma (LUAD);","","","Calu-6;CALU6","ccle;gdscDec15;prism;achilles;mdaMills;gdsc1;gdsc2","Calu-6","CVCL_0236","calu-6","non-small cell lung cancer;nsclc","lung adenocarcinoma;","","Lung","<a href='https://discovery.nci.nih.gov/cell-lines/cellminercdb/calu-6_cvcl_0236.html' target='_blank'>details</a>"
"143","cama-1","breast: carcinoma;BRCA;Breast;pleural_effusion;breast","Breast","Breast Carcinoma (BRCA);Breast Carcinoma;breast_carcinoma","ERpos HER2neg;ERpos_HER2neg","Luminal","","CAMA-1;CAMA1","ccle;gdscDec15;prism;achilles;mdaMills;gdsc1;gdsc2","CAMA-1","CVCL_1115","cama-1","breast carcinoma","erpos her2neg","luminal","Breast","<a href='https://discovery.nci.nih.gov/cell-lines/cellminercdb/cama-1_cvcl_1115.html' target='_blank'>details</a>"
"144","caov-2","OV","Ovary","","","","","Caov-2","gdscDec15","Caov-2","CVCL_6861","caov-2","","","","Ovary","<a href='https://discovery.nci.nih.gov/cell-lines/cellminercdb/caov-2_cvcl_6861.html' target='_blank'>details</a>"
"145","caov-3","ovary: adenocarcinoma;Ovary;ovary;urogenital_system","Ovary","Ovarian Epithelial Tumor (OVT);Ovary Adenocarcinoma;ovary_adenocarcinoma","High Grade Serous;high_grade_serous","","","Caov-3;CAOV3","ccle;gdscDec15;prism;achilles;mdaMills;gdsc1;gdsc2","Caov-3","CVCL_0201","caov-3","ovarian epithelial tumor;ovary adenocarcinoma","high grade serous","","Ovary","<a href='https://discovery.nci.nih.gov/cell-lines/cellminercdb/caov-3_cvcl_0201.html' target='_blank'>details</a>"
"146","caov-4","ovary: adenocarcinoma;OV;urogenital_system","Ovary","Ovarian Epithelial Tumor (OVT)","","","","Caov-4","ccle;gdscDec15;gdsc1;gdsc2","Caov-4","CVCL_0202","caov-4","ovarian epithelial tumor","","","Ovary","<a href='https://discovery.nci.nih.gov/cell-lines/cellminercdb/caov-4_cvcl_0202.html' target='_blank'>details</a>"
"147","capan-1","pancreas: ductal_carcinoma;PAAD;pancreas","Pancreas","Pancreatic Adenocarcinoma (PAAD)","","","","Capan-1;CAPAN-1;CAPAN1","ccle;gdscDec15;mdaMills;gdsc1;gdsc2","Capan-1","CVCL_0237","capan-1","pancreatic adenocarcinoma","","","Pancreas","<a href='https://discovery.nci.nih.gov/cell-lines/cellminercdb/capan-1_cvcl_0237.html' target='_blank'>details</a>"
"148","capan-2","pancreas: ductal_carcinoma;PAAD;Pancreas;pancreas","Pancreas","Pancreatic Adenocarcinoma (PAAD);Exocrine","Exocrine Adenocarcinoma","","","Capan-2;CAPAN2;CAPAN-2","ccle;gdscDec15;prism;gdsc1;gdsc2","Capan-2","CVCL_0026","capan-2","pancreatic adenocarcinoma;exocrine","exocrine adenocarcinoma","","Pancreas","<a href='https://discovery.nci.nih.gov/cell-lines/cellminercdb/capan-2_cvcl_0026.html' target='_blank'>details</a>"
"149","car-1","large_intestine","Bowel","","","","","CaR-1","gdscDec15;gdsc1;gdsc2","CaR-1","CVCL_1116","car-1","","","","Bowel","<a href='https://discovery.nci.nih.gov/cell-lines/cellminercdb/car-1_cvcl_1116.html' target='_blank'>details</a>"
"150","cas-1","central_nervous_system: astrocytoma_Grade_IV;GBM;central_nervous_system;nervous_system","Brain_CNS","Diffuse Glioma (DIFG);glioma","Astrocytoma (ASTR);glioblastoma","","","CAS-1;CAS1","ccle;gdscDec15;achilles;gdsc1;gdsc2","CAS-1","CVCL_1117","cas-1","diffuse glioma;glioma","astrocytoma;glioblastoma","","Brain_CNS","<a href='https://discovery.nci.nih.gov/cell-lines/cellminercdb/cas-1_cvcl_1117.html' target='_blank'>details</a>"
"151","cc-lp-1","biliary_tract","Biliary_Tract","cholangiocarcinoma","intrahepatic","","","CCLP1","achilles","CC-LP-1","CVCL_0205","cc-lp-1","cholangiocarcinoma","intrahepatic","","Biliary_Tract","<a href='https://discovery.nci.nih.gov/cell-lines/cellminercdb/cc-lp-1_cvcl_0205.html' target='_blank'>details</a>"
"152","cc-sw-1","biliary_tract","Biliary_Tract","cholangiocarcinoma","intrahepatic","","","CCSW1","achilles","CC-SW-1","CVCL_A429","cc-sw-1","cholangiocarcinoma","intrahepatic","","Biliary_Tract","<a href='https://discovery.nci.nih.gov/cell-lines/cellminercdb/cc-sw-1_cvcl_a429.html' target='_blank'>details</a>"
"153","cca","Embryonal rhabdomyosarcoma","Soft_Tissue","Rhabdomyosarcoma (RMS)","","","","CCA","ancats","CCA","CVCL_N717","cca","rhabdomyosarcoma","","","Soft_Tissue","<a href='https://discovery.nci.nih.gov/cell-lines/cellminercdb/cca_cvcl_n717.html' target='_blank'>details</a>"
"154","ccd-1103-kidtr","kidney","Kidney","","","","","CCD1103KIDTR","mdaMills","CCD-1103 KIDTr","CVCL_3298","ccd-1103-kidtr","","","","Kidney","<a href='https://discovery.nci.nih.gov/cell-lines/cellminercdb/ccd-1103-kidtr_cvcl_3298.html' target='_blank'>details</a>"
"155","ccd-1105-kidtr","kidney","Kidney","","","","","CCD1105KIDTR","mdaMills","CCD-1105 KIDTr","CVCL_3299","ccd-1105-kidtr","","","","Kidney","<a href='https://discovery.nci.nih.gov/cell-lines/cellminercdb/ccd-1105-kidtr_cvcl_3299.html' target='_blank'>details</a>"
"156","ccf-sttg1","central_nervous_system: astrocytoma;Central Nervous System;central_nervous_system","Brain_CNS","Diffuse Glioma (DIFG);Glioma;glioma","Astrocytoma (ASTR);Astrocytoma;astrocytoma","","","CCF-STTG1;CCFSTTG1","ccle;gdscDec15;prism;achilles","CCF-STTG1","CVCL_1118","ccf-sttg1","diffuse glioma;glioma","astrocytoma","","Brain_CNS","<a href='https://discovery.nci.nih.gov/cell-lines/cellminercdb/ccf-sttg1_cvcl_1118.html' target='_blank'>details</a>"
"157","cck-81","large_intestine: adenocarcinoma;large_intestine","Bowel","Colorectal Adenocarcinoma (COADREAD);colorectal_adenocarcinoma","","","","CCK-81;CCK81","ccle;gdscDec15;achilles;gdsc1;gdsc2","CCK-81","CVCL_2873","cck-81","colorectal adenocarcinoma","","","Bowel","<a href='https://discovery.nci.nih.gov/cell-lines/cellminercdb/cck-81_cvcl_2873.html' target='_blank'>details</a>"
"158","cclf-peds-0003-t","soft_tissue","Soft_Tissue","undifferentiated_sarcoma","","","","CCLFPEDS0003T","achilles","CCLF-PEDS-0003-T","CVCL_B3PL","cclf-peds-0003-t","undifferentiated sarcoma","","","Soft_Tissue","<a href='https://discovery.nci.nih.gov/cell-lines/cellminercdb/cclf-peds-0003-t_cvcl_b3pl.html' target='_blank'>details</a>"
"159","cclf-peds-0008-t","soft_tissue","Soft_Tissue","epithelioid_sarcoma","","","","CCLFPEDS0008T","achilles","CCLF-PEDS-0008-T","CVCL_B3PM","cclf-peds-0008-t","epithelioid sarcoma","","","Soft_Tissue","<a href='https://discovery.nci.nih.gov/cell-lines/cellminercdb/cclf-peds-0008-t_cvcl_b3pm.html' target='_blank'>details</a>"
"160","ccrf-cem","leukemia;blood;Childhood T acute lymphoblastic leukemia","Blood","Leukemia (LEUK)","","","","LE:CCRF-CEM;CCRF-CEM;CCRFCEM","nci60;gdscDec15;mdaMills;gdsc1;gdsc2;ancats","CCRF-CEM","CVCL_0207","ccrf-cem","leukemia","","","Blood","<a href='https://discovery.nci.nih.gov/cell-lines/cellminercdb/ccrf-cem_cvcl_0207.html' target='_blank'>details</a>"
"161","ccrf-hsb-2","haematopoietic_and_lymphoid_tissue","Blood","ALL","t_cell","","","HSB2","achilles","CCRF-HSB-2","CVCL_1859","ccrf-hsb-2","all","t cell","","Blood","<a href='https://discovery.nci.nih.gov/cell-lines/cellminercdb/ccrf-hsb-2_cvcl_1859.html' target='_blank'>details</a>"
"162","cess","LAML;leukemia","Blood","Leukemia (LEUK)","Acute Myeloid Leukemia (AML)","","","CESS","gdscDec15;gdsc1;gdsc2","CESS","CVCL_0209","cess","leukemia","acute myeloid leukemia","","Blood","<a href='https://discovery.nci.nih.gov/cell-lines/cellminercdb/cess_cvcl_0209.html' target='_blank'>details</a>"
"163","cfpac-1","pancreas: ductal_carcinoma;PAAD;Pancreas;liver;pancreas","Pancreas","Pancreatic Adenocarcinoma (PAAD);Exocrine;exocrine","Exocrine Adenocarcinoma;exocrine_adenocarcinoma","","","CFPAC-1;CFPAC1","ccle;gdscDec15;prism;achilles;mdaMills;gdsc1;gdsc2","CFPAC-1","CVCL_1119","cfpac-1","pancreatic adenocarcinoma;exocrine","exocrine adenocarcinoma","","Pancreas","<a href='https://discovery.nci.nih.gov/cell-lines/cellminercdb/cfpac-1_cvcl_1119.html' target='_blank'>details</a>"
"164","cgth-w-1","thyroid: follicular_carcinoma;THCA;thyroid","Thyroid","Follicular Thyroid Cancer (THFO)","","","","CGTH-W-1","ccle;gdscDec15;gdsc1;gdsc2","CGTH-W-1","CVCL_1120","cgth-w-1","follicular thyroid cancer","","","Thyroid","<a href='https://discovery.nci.nih.gov/cell-lines/cellminercdb/cgth-w-1_cvcl_1120.html' target='_blank'>details</a>"
"165","ch-157mn","central_nervous_system: meningioma;central_nervous_system","Brain_CNS","Meningothelial Tumor (MNGT);meningioma","Meningioma (MNG)","","","CH-157MN;CH157MN","ccle;achilles","CH-157MN","CVCL_5723","ch-157mn","meningothelial tumor;meningioma","meningioma","","Brain_CNS","<a href='https://discovery.nci.nih.gov/cell-lines/cellminercdb/ch-157mn_cvcl_5723.html' target='_blank'>details</a>"
"166","chago-k-1","lung: carcinoma;CANNOT_CLASSIFY;lung;lung_NSCLC","Lung","NSCLC","","","","ChaGo-K-1;CHAGOK1","ccle;gdscDec15;achilles;gdsc1;gdsc2","ChaGo-K-1","CVCL_1121","chago-k-1","nsclc","","","Lung","<a href='https://discovery.nci.nih.gov/cell-lines/cellminercdb/chago-k-1_cvcl_1121.html' target='_blank'>details</a>"
"167","chang-liver","skin","Skin","","","","","CHL","mdaMills","Chang Liver","CVCL_0238","chang-liver","","","","Skin","<a href='https://discovery.nci.nih.gov/cell-lines/cellminercdb/chang-liver_cvcl_0238.html' target='_blank'>details</a>"
"168","chl-1","skin: malignant_melanoma;Skin;skin","Skin","Melanoma (MEL);Melanoma","","","","CHL-1;CHL1","ccle;gdscDec15;prism;gdsc1;gdsc2","CHL-1","CVCL_1122","chl-1","melanoma","","","Skin","<a href='https://discovery.nci.nih.gov/cell-lines/cellminercdb/chl-1_cvcl_1122.html' target='_blank'>details</a>"
"169","chla-06-atrt","central_nervous_system","Soft_Tissue","ATRT","","","","CHLA06ATRT","achilles","CHLA-06-ATRT","CVCL_AQ42","chla-06-atrt","atrt","","","Soft_Tissue","<a href='https://discovery.nci.nih.gov/cell-lines/cellminercdb/chla-06-atrt_cvcl_aq42.html' target='_blank'>details</a>"
"170","chla-10","brain","Brain_CNS","sarcoma","","","","CHLA10","mdaMills","CHLA-10","CVCL_6583","chla-10","sarcoma","","","Brain_CNS","<a href='https://discovery.nci.nih.gov/cell-lines/cellminercdb/chla-10_cvcl_6583.html' target='_blank'>details</a>"
"171","chla-15","autonomic_ganglia","Peripheral_Nervous_System","neuroblastoma","","","","CHLA15","achilles","CHLA-15","CVCL_6594","chla-15","neuroblastoma","","","Peripheral_Nervous_System","<a href='https://discovery.nci.nih.gov/cell-lines/cellminercdb/chla-15_cvcl_6594.html' target='_blank'>details</a>"
"172","chla-258","bone","Bone","sarcoma","","","","CHLA258","mdaMills","CHLA-258","CVCL_A058","chla-258","sarcoma","","","Bone","<a href='https://discovery.nci.nih.gov/cell-lines/cellminercdb/chla-258_cvcl_a058.html' target='_blank'>details</a>"
"173","chla-266","soft_tissue","Soft_Tissue","ATRT","","","","CHLA266","achilles","CHLA-266","CVCL_M149","chla-266","atrt","","","Soft_Tissue","<a href='https://discovery.nci.nih.gov/cell-lines/cellminercdb/chla-266_cvcl_m149.html' target='_blank'>details</a>"
"174","chla-57","bone","Bone","Ewing_sarcoma","","","","CHLA57","achilles","CHLA-57","CVCL_0B49","chla-57","ewing sarcoma","","","Bone","<a href='https://discovery.nci.nih.gov/cell-lines/cellminercdb/chla-57_cvcl_0b49.html' target='_blank'>details</a>"
"175","chla-9","sarcoma","Soft_Tissue","sarcoma","","","","CHLA9","mdaMills","CHLA-9","CVCL_M150","chla-9","sarcoma","","","Soft_Tissue","<a href='https://discovery.nci.nih.gov/cell-lines/cellminercdb/chla-9_cvcl_m150.html' target='_blank'>details</a>"
"176","chp-100l","sarcoma","Soft_Tissue","","","","","CHP100L","mdaMills","CHP-100L","CVCL_IV94","chp-100l","","","","Soft_Tissue","<a href='https://discovery.nci.nih.gov/cell-lines/cellminercdb/chp-100l_cvcl_iv94.html' target='_blank'>details</a>"
"177","chp-126","autonomic_ganglia: neuroblastoma;neuroblastoma","Brain_CNS","Embryonal Tumor (EMBT)","Neuroblastoma (NBL)","","","CHP-126","ccle;gdscDec15;gdsc1;gdsc2","CHP-126","CVCL_1123","chp-126","embryonal tumor","neuroblastoma","","Brain_CNS","<a href='https://discovery.nci.nih.gov/cell-lines/cellminercdb/chp-126_cvcl_1123.html' target='_blank'>details</a>"
"178","chp-134","neuroblastoma","Brain_CNS","Embryonal Tumor (EMBT)","Neuroblastoma (NBL)","","","CHP-134","gdscDec15;gdsc1;gdsc2","CHP-134","CVCL_1124","chp-134","embryonal tumor","neuroblastoma","","Brain_CNS","<a href='https://discovery.nci.nih.gov/cell-lines/cellminercdb/chp-134_cvcl_1124.html' target='_blank'>details</a>"
"179","chp-212","autonomic_ganglia: neuroblastoma;central_nervous_system;neuroblastoma","Brain_CNS;Peripheral_Nervous_System","Embryonal Tumor (EMBT);neuroblastoma","Neuroblastoma (NBL)","","","CHP-212;CHP212","ccle;gdscDec15;achilles;gdsc1;gdsc2","CHP-212","CVCL_1125","chp-212","embryonal tumor;neuroblastoma","neuroblastoma","","Brain_CNS;Peripheral_Nervous_System","<a href='https://discovery.nci.nih.gov/cell-lines/cellminercdb/chp-212_cvcl_1125.html' target='_blank'>details</a>"
"180","chsa0011","bone","Bone","","","","","CHSA0011","gdscDec15;gdsc1;gdsc2","CHSA0011","CVCL_X483","chsa0011","","","","Bone","<a href='https://discovery.nci.nih.gov/cell-lines/cellminercdb/chsa0011_cvcl_x483.html' target='_blank'>details</a>"
"181","chsa0108","bone","Bone","","","","","CHSA0108","gdscDec15;gdsc1;gdsc2","CHSA0108","CVCL_X484","chsa0108","","","","Bone","<a href='https://discovery.nci.nih.gov/cell-lines/cellminercdb/chsa0108_cvcl_x484.html' target='_blank'>details</a>"
"182","chsa8926","bone","Other","Unknown (UNK)","","","","CHSA8926","gdscDec15;gdsc1;gdsc2","CHSA8926","CVCL_X485","chsa8926","unknown","","","Other","<a href='https://discovery.nci.nih.gov/cell-lines/cellminercdb/chsa8926_cvcl_x485.html' target='_blank'>details</a>"
"183","ci","haematopoietic_and_lymphoid_tissue","Blood","unspecified_leukemia","b_cell","","","CI","achilles","CI","CVCL_Y548","ci","unspecified leukemia","b cell","","Blood","<a href='https://discovery.nci.nih.gov/cell-lines/cellminercdb/ci_cvcl_y548.html' target='_blank'>details</a>"
"184","ci-1","haematopoietic_and_lymphoid_tissue: B_cell_lymphoma_unspecified","Lymph","Non-Hodgkin's Lymphoma (NHL)","B-Cell Lymphoma (BCL)","","","CI-1","ccle","Ci-1","CVCL_1861","ci-1","non-hodgkin's lymphoma","b-cell lymphoma","","Lymph","<a href='https://discovery.nci.nih.gov/cell-lines/cellminercdb/ci-1_cvcl_1861.html' target='_blank'>details</a>"
"185","cii","haematopoietic_and_lymphoid_tissue","Blood","unspecified_leukemia","b_cell","","","CII","achilles","CII","CVCL_0D73","cii","unspecified leukemia","b cell","","Blood","<a href='https://discovery.nci.nih.gov/cell-lines/cellminercdb/cii_cvcl_0d73.html' target='_blank'>details</a>"
"186","cjm","skin: malignant_melanoma;Skin;skin","Skin","Melanoma (MEL);Melanoma;melanoma","","","","CJM","ccle;prism;achilles","CJM","CVCL_U797","cjm","melanoma","","","Skin","<a href='https://discovery.nci.nih.gov/cell-lines/cellminercdb/cjm_cvcl_u797.html' target='_blank'>details</a>"
"187","cl-11","large_intestine: adenocarcinoma;COREAD;Colon;large_intestine","Bowel","Colorectal Adenocarcinoma (COADREAD);colorectal_adenocarcinoma","","","","CL-11;CL11","ccle;gdscDec15;achilles;mdaMills;gdsc1;gdsc2","CL-11","CVCL_1978","cl-11","colorectal adenocarcinoma","","","Bowel","<a href='https://discovery.nci.nih.gov/cell-lines/cellminercdb/cl-11_cvcl_1978.html' target='_blank'>details</a>"
"188","cl-14","large_intestine: carcinoma","Bowel","","","","","CL-14;CL14","ccle;mdaMills","CL-14","CVCL_1979","cl-14","","","","Bowel","<a href='https://discovery.nci.nih.gov/cell-lines/cellminercdb/cl-14_cvcl_1979.html' target='_blank'>details</a>"
"189","cl-34","large_intestine: adenocarcinoma;COREAD;Colorectal","Bowel","Colorectal Adenocarcinoma (COADREAD);Colorectal Adenocarcinoma","","MSI","","CL-34;CL34","ccle;gdscDec15;prism;mdaMills","CL-34","CVCL_1980","cl-34","colorectal adenocarcinoma","","msi","Bowel","<a href='https://discovery.nci.nih.gov/cell-lines/cellminercdb/cl-34_cvcl_1980.html' target='_blank'>details</a>"
"190","cl-40","large_intestine: carcinoma","Bowel","","","","","CL-40;CL40","ccle;gdscDec15;mdaMills","CL-40","CVCL_1982","cl-40","","","","Bowel","<a href='https://discovery.nci.nih.gov/cell-lines/cellminercdb/cl-40_cvcl_1982.html' target='_blank'>details</a>"
"191","cls-439","bladder","Bladder_Urinary_Tract","","","","","CLS439","mdaMills","CLS-439","CVCL_5982","cls-439","","","","Bladder_Urinary_Tract","<a href='https://discovery.nci.nih.gov/cell-lines/cellminercdb/cls-439_cvcl_5982.html' target='_blank'>details</a>"
"192","cme-1","soft_tissue","Soft_Tissue","synovial_sarcoma","","","","CME1","achilles","CME-1","CVCL_N586","cme-1","synovial sarcoma","","","Soft_Tissue","<a href='https://discovery.nci.nih.gov/cell-lines/cellminercdb/cme-1_cvcl_n586.html' target='_blank'>details</a>"
"193","cmk","haematopoietic_and_lymphoid_tissue: acute_myeloid_leukaemia;leukemia","Blood","Leukemia (LEUK)","Acute Myeloid Leukemia (AML)","","","CMK","ccle;gdscDec15;gdsc1","CMK","CVCL_0216","cmk","leukemia","acute myeloid leukemia","","Blood","<a href='https://discovery.nci.nih.gov/cell-lines/cellminercdb/cmk_cvcl_0216.html' target='_blank'>details</a>"
"194","cmk-11-5","haematopoietic_and_lymphoid_tissue: acute_myeloid_leukaemia","Blood","Leukemia (LEUK)","Acute Myeloid Leukemia (AML)","","","CMK-11-5","ccle","CMK-11-5","CVCL_0217","cmk-11-5","leukemia","acute myeloid leukemia","","Blood","<a href='https://discovery.nci.nih.gov/cell-lines/cellminercdb/cmk-11-5_cvcl_0217.html' target='_blank'>details</a>"
"195","cmk-86","haematopoietic_and_lymphoid_tissue: acute_myeloid_leukaemia","Blood","Leukemia (LEUK)","Acute Myeloid Leukemia (AML)","","","CMK-86","ccle","CMK-86","CVCL_2804","cmk-86","leukemia","acute myeloid leukemia","","Blood","<a href='https://discovery.nci.nih.gov/cell-lines/cellminercdb/cmk-86_cvcl_2804.html' target='_blank'>details</a>"
"196","cml-t1","haematopoietic_and_lymphoid_tissue: blast_phase_chronic_myeloid_leukaemia;leukemia","Blood","Leukemia (LEUK)","Chronic Myelogenous Leukemia (CML)","","","CML-T1","ccle;gdscDec15;gdsc1;gdsc2","CML-T1","CVCL_1126","cml-t1","leukemia","chronic myelogenous leukemia","","Blood","<a href='https://discovery.nci.nih.gov/cell-lines/cellminercdb/cml-t1_cvcl_1126.html' target='_blank'>details</a>"
"197","cog-ar-359","central_nervous_system","Soft_Tissue","ATRT","","","","COGAR359","achilles","COG-AR-359","CVCL_RS25","cog-ar-359","atrt","","","Soft_Tissue","<a href='https://discovery.nci.nih.gov/cell-lines/cellminercdb/cog-ar-359_cvcl_rs25.html' target='_blank'>details</a>"
"198","cog-e-352","haematopoietic_and_lymphoid_tissue;sarcoma","Bone;Soft_Tissue","Ewing_sarcoma;Ewing Sarcoma (ES)","","","","COGE352;CHLA352","achilles;mdaMills","COG-E-352","CVCL_M153","cog-e-352","ewing sarcoma","","","Bone;Soft_Tissue","<a href='https://discovery.nci.nih.gov/cell-lines/cellminercdb/cog-e-352_cvcl_m153.html' target='_blank'>details</a>"
"199","cog-n-278","autonomic_ganglia","Peripheral_Nervous_System","neuroblastoma","","","","COGN278","achilles","COG-N-278","CVCL_AX49","cog-n-278","neuroblastoma","","","Peripheral_Nervous_System","<a href='https://discovery.nci.nih.gov/cell-lines/cellminercdb/cog-n-278_cvcl_ax49.html' target='_blank'>details</a>"
"200","cog-n-305","autonomic_ganglia","Peripheral_Nervous_System","neuroblastoma","","","","COGN305","achilles","COG-N-305","CVCL_AX42","cog-n-305","neuroblastoma","","","Peripheral_Nervous_System","<a href='https://discovery.nci.nih.gov/cell-lines/cellminercdb/cog-n-305_cvcl_ax42.html' target='_blank'>details</a>"
"201","colo-201","large_intestine: adenocarcinoma;ascites","Bowel","Colorectal Adenocarcinoma (COADREAD);colorectal_adenocarcinoma","","","","COLO 201;COLO201","ccle;achilles;mdaMills","COLO 201","CVCL_1987","colo-201","colorectal adenocarcinoma","","","Bowel","<a href='https://discovery.nci.nih.gov/cell-lines/cellminercdb/colo-201_cvcl_1987.html' target='_blank'>details</a>"
"202","colo-205","colon;large_intestine: adenocarcinoma;large_intestine","Bowel","Colorectal Adenocarcinoma (COADREAD)","","","","CO:COLO 205;COLO 205;COLO-205;COLO205","nci60;ccle;gdscDec15;mdaMills;gdsc1;gdsc2","COLO 205","CVCL_0218","colo-205","colorectal adenocarcinoma","","","Bowel","<a href='https://discovery.nci.nih.gov/cell-lines/cellminercdb/colo-205_cvcl_0218.html' target='_blank'>details</a>"
"203","colo-320","large_intestine: adenocarcinoma;large_intestine","Bowel","Colorectal Adenocarcinoma (COADREAD);colorectal_adenocarcinoma","","","","COLO-320;COLO320","ccle;achilles;mdaMills","COLO 320","CVCL_1989","colo-320","colorectal adenocarcinoma","","","Bowel","<a href='https://discovery.nci.nih.gov/cell-lines/cellminercdb/colo-320_cvcl_1989.html' target='_blank'>details</a>"
"204","colo-320hsr","large_intestine","Bowel","","","","","COLO-320-HSR","gdscDec15;gdsc1;gdsc2","COLO 320HSR","CVCL_0220","colo-320hsr","","","","Bowel","<a href='https://discovery.nci.nih.gov/cell-lines/cellminercdb/colo-320hsr_cvcl_0220.html' target='_blank'>details</a>"
"205","colo-668","lung: small_cell_carcinoma;NOT_TCGA;Small Cell Lung Cancer;Lung;lung_SCLC","Lung","Small Cell Lung Cancer (SCLC);SCLC","","","","COLO 668;COLO-668;COLO668","ccle;gdscDec15;nciSclc;prism;gdsc1;gdsc2","COLO 668","CVCL_1128","colo-668","small cell lung cancer;sclc","","","Lung","<a href='https://discovery.nci.nih.gov/cell-lines/cellminercdb/colo-668_cvcl_1128.html' target='_blank'>details</a>"
"206","colo-677","haematopoietic_and_lymphoid_tissue: plasma_cell_myeloma","Blood","Multiple Myeloma (MM)","","","","COLO-677","ccle","COLO 677","CVCL_1862","colo-677","multiple myeloma","","","Blood","<a href='https://discovery.nci.nih.gov/cell-lines/cellminercdb/colo-677_cvcl_1862.html' target='_blank'>details</a>"
"207","colo-678","large_intestine: adenocarcinoma;lymph_node;large_intestine","Bowel","Colorectal Adenocarcinoma (COADREAD);colorectal_adenocarcinoma","","","","COLO-678;COLO678","ccle;gdscDec15;achilles;mdaMills;gdsc1;gdsc2","COLO 678","CVCL_1129","colo-678","colorectal adenocarcinoma","","","Bowel","<a href='https://discovery.nci.nih.gov/cell-lines/cellminercdb/colo-678_cvcl_1129.html' target='_blank'>details</a>"
"208","colo-679","skin: malignant_melanoma;SKCM;Skin;skin","Skin","Melanoma (MEL);Melanoma;melanoma","","","","COLO-679;COLO679","ccle;gdscDec15;prism;achilles;gdsc1;gdsc2","COLO 679","CVCL_1130","colo-679","melanoma","","","Skin","<a href='https://discovery.nci.nih.gov/cell-lines/cellminercdb/colo-679_cvcl_1130.html' target='_blank'>details</a>"
"209","colo-680n","oesophagus: squamous_cell_carcinoma;Esophagus;aero_dig_tract","Esophagus_Stomach","Esophageal Squamous Cell Carcinoma (ESCC);Esophagus Squamous","","","","COLO-680N;COLO680N","ccle;gdscDec15;prism;gdsc1;gdsc2","COLO 680N","CVCL_1131","colo-680n","esophageal squamous cell carcinoma;esophagus squamous","","","Esophagus_Stomach","<a href='https://discovery.nci.nih.gov/cell-lines/cellminercdb/colo-680n_cvcl_1131.html' target='_blank'>details</a>"
"210","colo-684","endometrium: adenocarcinoma;UCEC;urogenital_system","Uterus","Endometrial Carcinoma (UCEC)","","","","COLO 684;COLO-684;COLO684","ccle;gdscDec15;mdaMills;gdsc1;gdsc2","COLO 684","CVCL_1132","colo-684","endometrial carcinoma","","","Uterus","<a href='https://discovery.nci.nih.gov/cell-lines/cellminercdb/colo-684_cvcl_1132.html' target='_blank'>details</a>"
"211","colo-699","Lung","Lung","","","","","COLO699","ccle","COLO 699","CVCL_1992","colo-699","","","","Lung","<a href='https://discovery.nci.nih.gov/cell-lines/cellminercdb/colo-699_cvcl_1992.html' target='_blank'>details</a>"
"212","colo-704","ovary: carcinoma","Ovary","Ovarian Epithelial Tumor (OVT)","","","","COLO-704","ccle","COLO 704","CVCL_1994","colo-704","ovarian epithelial tumor","","","Ovary","<a href='https://discovery.nci.nih.gov/cell-lines/cellminercdb/colo-704_cvcl_1994.html' target='_blank'>details</a>"
"213","colo-741","skin: malignant_melanoma;Skin","Skin;Bowel","Melanoma (MEL);Melanoma","","","","COLO 741;COLO-741;COLO741","ccle;gdscDec15;prism;mdaMills","COLO 741","CVCL_1133","colo-741","melanoma","","","Skin;Bowel","<a href='https://discovery.nci.nih.gov/cell-lines/cellminercdb/colo-741_cvcl_1133.html' target='_blank'>details</a>"
"214","colo-775","haematopoietic_and_lymphoid_tissue: chronic_myeloid_leukaemia","Blood","Leukemia (LEUK)","Chronic Myelogenous Leukemia (CML)","","","COLO 775","ccle","COLO 775","CVCL_1996","colo-775","leukemia","chronic myelogenous leukemia","","Blood","<a href='https://discovery.nci.nih.gov/cell-lines/cellminercdb/colo-775_cvcl_1996.html' target='_blank'>details</a>"
"215","colo-783","skin: malignant_melanoma;SKCM;Skin;skin","Skin","Melanoma (MEL);Melanoma","","","","COLO-783;COLO783","ccle;gdscDec15;prism;gdsc1;gdsc2","COLO 783","CVCL_1997","colo-783","melanoma","","","Skin","<a href='https://discovery.nci.nih.gov/cell-lines/cellminercdb/colo-783_cvcl_1997.html' target='_blank'>details</a>"
"216","colo-792","skin: malignant_melanoma;SKCM;Skin;central_nervous_system;skin","Skin","Melanoma (MEL);Melanoma;melanoma","","","","COLO 792;COLO-792;COLO792","ccle;gdscDec15;prism;achilles;gdsc1;gdsc2","COLO 792","CVCL_1134","colo-792","melanoma","","","Skin","<a href='https://discovery.nci.nih.gov/cell-lines/cellminercdb/colo-792_cvcl_1134.html' target='_blank'>details</a>"
"217","colo-800","skin: malignant_melanoma;Skin;skin","Skin","Melanoma (MEL);Melanoma;melanoma","","","","COLO-800;COLO800","ccle;gdscDec15;prism;achilles;gdsc1;gdsc2","COLO 800","CVCL_1135","colo-800","melanoma","","","Skin","<a href='https://discovery.nci.nih.gov/cell-lines/cellminercdb/colo-800_cvcl_1135.html' target='_blank'>details</a>"
"218","colo-818","skin: malignant_melanoma","Skin","Melanoma (MEL)","","","","COLO-818","ccle","COLO 818","CVCL_1998","colo-818","melanoma","","","Skin","<a href='https://discovery.nci.nih.gov/cell-lines/cellminercdb/colo-818_cvcl_1998.html' target='_blank'>details</a>"
"219","colo-824","BRCA;breast","Breast","","","","Breast Triple Negative","COLO-824;COLO824","gdscDec15;mdaMills;gdsc1;gdsc2","COLO 824","CVCL_1136","colo-824","","","","Breast","<a href='https://discovery.nci.nih.gov/cell-lines/cellminercdb/colo-824_cvcl_1136.html' target='_blank'>details</a>"
"220","colo-829","skin: malignant_melanoma;SKCM;skin","Skin","Melanoma (MEL)","","","","COLO 829;COLO-829;COLO829","ccle;gdscDec15;mdaMills;gdsc1;gdsc2","COLO 829","CVCL_1137","colo-829","melanoma","","","Skin","<a href='https://discovery.nci.nih.gov/cell-lines/cellminercdb/colo-829_cvcl_1137.html' target='_blank'>details</a>"
"221","colo-849","skin: malignant_melanoma","Skin","Melanoma (MEL)","","","","COLO-849","ccle","COLO 849","CVCL_2002","colo-849","melanoma","","","Skin","<a href='https://discovery.nci.nih.gov/cell-lines/cellminercdb/colo-849_cvcl_2002.html' target='_blank'>details</a>"
"222","cor-l105","lung: adenocarcinoma;LUAD;Lung;lung_NSCLC","Lung","Non-Small Cell Lung Cancer (NSCLC);NSCLC","Lung Adenocarcinoma (LUAD);NSCLC Adenocarcinoma","","","COR-L105;CORL105","ccle;gdscDec15;prism;gdsc1;gdsc2","COR-L105","CVCL_1138","cor-l105","non-small cell lung cancer;nsclc","lung adenocarcinoma;nsclc adenocarcinoma","","Lung","<a href='https://discovery.nci.nih.gov/cell-lines/cellminercdb/cor-l105_cvcl_1138.html' target='_blank'>details</a>"
"223","cor-l23","lung: large_cell_carcinoma;NOT_TCGA;Lung;pleural_effusion;lung_NSCLC","Lung","Non-Small Cell Lung Cancer (NSCLC);NSCLC","NSCLC Large Cell;NSCLC_large_cell","","","COR-L23;CORL23","ccle;gdscDec15;prism;achilles;gdsc1;gdsc2","COR-L23","CVCL_1139","cor-l23","non-small cell lung cancer;nsclc","nsclc large cell","","Lung","<a href='https://discovery.nci.nih.gov/cell-lines/cellminercdb/cor-l23_cvcl_1139.html' target='_blank'>details</a>"
"224","cor-l24","lung: small_cell_carcinoma","Lung","Small Cell Lung Cancer (SCLC)","","","","COR-L24","ccle","COR-L24","CVCL_2409","cor-l24","small cell lung cancer","","","Lung","<a href='https://discovery.nci.nih.gov/cell-lines/cellminercdb/cor-l24_cvcl_2409.html' target='_blank'>details</a>"
"225","cor-l279","lung: small_cell_carcinoma;Small Cell Lung Cancer;lymph_node;lung_SCLC","Lung","Small Cell Lung Cancer (SCLC);SCLC","","","","COR-L279;CORL279","ccle;gdscDec15;nciSclc;achilles;gdsc1;gdsc2","COR-L279","CVCL_1140","cor-l279","small cell lung cancer;sclc","","","Lung","<a href='https://discovery.nci.nih.gov/cell-lines/cellminercdb/cor-l279_cvcl_1140.html' target='_blank'>details</a>"
"226","cor-l303","NOT_TCGA;lung_SCLC","Lung","","","","","COR-L303","gdscDec15;gdsc1;gdsc2","COR-L303","CVCL_2411","cor-l303","","","","Lung","<a href='https://discovery.nci.nih.gov/cell-lines/cellminercdb/cor-l303_cvcl_2411.html' target='_blank'>details</a>"
"227","cor-l311","lung: small_cell_carcinoma;NOT_TCGA;lung;lung_SCLC","Lung","Small Cell Lung Cancer (SCLC);SCLC","","","","COR-L311;CORL311","ccle;gdscDec15;achilles;gdsc1;gdsc2","COR-L311","CVCL_2412","cor-l311","small cell lung cancer;sclc","","","Lung","<a href='https://discovery.nci.nih.gov/cell-lines/cellminercdb/cor-l311_cvcl_2412.html' target='_blank'>details</a>"
"228","cor-l32","NOT_TCGA;Small Cell Lung Cancer;lung_SCLC","Lung","Small Cell Lung Cancer (SCLC)","","","","COR-L32","gdscDec15;nciSclc;gdsc1;gdsc2","COR-L32","CVCL_2413","cor-l32","small cell lung cancer","","","Lung","<a href='https://discovery.nci.nih.gov/cell-lines/cellminercdb/cor-l32_cvcl_2413.html' target='_blank'>details</a>"
"229","cor-l321","NOT_TCGA;lung","Lung","","","","","COR-L321","gdscDec15;gdsc1;gdsc2","COR-L321","CVCL_2414","cor-l321","","","","Lung","<a href='https://discovery.nci.nih.gov/cell-lines/cellminercdb/cor-l321_cvcl_2414.html' target='_blank'>details</a>"
"230","cor-l47","lung: small_cell_carcinoma;Small Cell Lung Cancer;bone_marrow","Lung","Small Cell Lung Cancer (SCLC);SCLC","","","","COR-L47;CORL47","ccle;nciSclc;achilles","COR-L47","CVCL_2415","cor-l47","small cell lung cancer;sclc","","","Lung","<a href='https://discovery.nci.nih.gov/cell-lines/cellminercdb/cor-l47_cvcl_2415.html' target='_blank'>details</a>"
"231","cor-l51","lung: small_cell_carcinoma","Lung","Small Cell Lung Cancer (SCLC)","","","","COR-L51","ccle","COR-L51","CVCL_2416","cor-l51","small cell lung cancer","","","Lung","<a href='https://discovery.nci.nih.gov/cell-lines/cellminercdb/cor-l51_cvcl_2416.html' target='_blank'>details</a>"
"232","cor-l88","lung: small_cell_carcinoma;NOT_TCGA;Small Cell Lung Cancer;lung_SCLC","Lung","Small Cell Lung Cancer (SCLC)","","","","COR-L88;COR L88","ccle;gdscDec15;nciSclc;gdsc1;gdsc2","COR-L88","CVCL_1141","cor-l88","small cell lung cancer","","","Lung","<a href='https://discovery.nci.nih.gov/cell-lines/cellminercdb/cor-l88_cvcl_1141.html' target='_blank'>details</a>"
"233","cor-l95","lung: small_cell_carcinoma;NOT_TCGA;lung_SCLC","Lung","Small Cell Lung Cancer (SCLC)","","","","COR-L95","ccle;gdscDec15;gdsc1;gdsc2","COR-L95","CVCL_2418","cor-l95","small cell lung cancer","","","Lung","<a href='https://discovery.nci.nih.gov/cell-lines/cellminercdb/cor-l95_cvcl_2418.html' target='_blank'>details</a>"
"234","cov318","ovary: carcinoma;ascites","Ovary","Ovarian Epithelial Tumor (OVT);ovary_adenocarcinoma","high_grade_serous","","","COV318","ccle;achilles;mdaMills","COV318","CVCL_2419","cov318","ovarian epithelial tumor;ovary adenocarcinoma","high grade serous","","Ovary","<a href='https://discovery.nci.nih.gov/cell-lines/cellminercdb/cov318_cvcl_2419.html' target='_blank'>details</a>"
"235","cov362","ovary: carcinoma;Ovary;pleural_effusion","Ovary","Ovarian Epithelial Tumor (OVT);Ovary Adenocarcinoma;ovary_adenocarcinoma","High Grade Serous;high_grade_serous","","","COV362","ccle;prism;achilles","COV362","CVCL_2420","cov362","ovarian epithelial tumor;ovary adenocarcinoma","high grade serous","","Ovary","<a href='https://discovery.nci.nih.gov/cell-lines/cellminercdb/cov362_cvcl_2420.html' target='_blank'>details</a>"
"236","cov413a","large_intestine","Ovary","ovary_carcinoma","","","","COV413A","achilles","COV413A","CVCL_2422","cov413a","ovary carcinoma","","","Ovary","<a href='https://discovery.nci.nih.gov/cell-lines/cellminercdb/cov413a_cvcl_2422.html' target='_blank'>details</a>"
"237","cov434","ovary: granulosa_cell_tumour;Ovary;ovary","Ovary","Sex Cord Stromal Tumors (SCST);Ovary Adenocarcinoma;ovary_adenocarcinoma","Granulosa Cell Tumor (GRCT);Endometrioid;endometrioid","","","COV434","ccle;prism;achilles","COV434","CVCL_2010","cov434","sex cord stromal tumors;ovary adenocarcinoma","granulosa cell tumor;endometrioid","","Ovary","<a href='https://discovery.nci.nih.gov/cell-lines/cellminercdb/cov434_cvcl_2010.html' target='_blank'>details</a>"
"238","cov504","ovary: carcinoma;pleural_effusion","Ovary","Ovarian Epithelial Tumor (OVT);ovary_adenocarcinoma","high_grade_serous","","","COV504","ccle;achilles","COV504","CVCL_2424","cov504","ovarian epithelial tumor;ovary adenocarcinoma","high grade serous","","Ovary","<a href='https://discovery.nci.nih.gov/cell-lines/cellminercdb/cov504_cvcl_2424.html' target='_blank'>details</a>"
"239","cov644","ovary: carcinoma;ovary","Ovary","Ovarian Epithelial Tumor (OVT);ovary_adenocarcinoma","mucinous","","","COV644","ccle;achilles","COV644","CVCL_2425","cov644","ovarian epithelial tumor;ovary adenocarcinoma","mucinous","","Ovary","<a href='https://discovery.nci.nih.gov/cell-lines/cellminercdb/cov644_cvcl_2425.html' target='_blank'>details</a>"
"240","cp50-mel-b","SKCM;skin","Skin","","","","","CP50-MEL-B","gdscDec15;gdsc1;gdsc2","CP50-MEL-B","CVCL_1143","cp50-mel-b","","","","Skin","<a href='https://discovery.nci.nih.gov/cell-lines/cellminercdb/cp50-mel-b_cvcl_1143.html' target='_blank'>details</a>"
"241","cp66-mel","skin","Skin","Melanoma (MEL)","","","","CP66-MEL","gdscDec15;gdsc1;gdsc2","CP66-MEL","CVCL_1144","cp66-mel","melanoma","","","Skin","<a href='https://discovery.nci.nih.gov/cell-lines/cellminercdb/cp66-mel_cvcl_1144.html' target='_blank'>details</a>"
"242","cp67-mel","skin","Skin","Melanoma (MEL)","","","","CP67-MEL","gdscDec15;gdsc1","CP67-MEL","CVCL_1145","cp67-mel","melanoma","","","Skin","<a href='https://discovery.nci.nih.gov/cell-lines/cellminercdb/cp67-mel_cvcl_1145.html' target='_blank'>details</a>"
"243","cpc-n","lung: small_cell_carcinoma;NOT_TCGA;lung_SCLC","Lung","Small Cell Lung Cancer (SCLC)","","","","CPC-N","ccle;gdscDec15;gdsc1;gdsc2","CPC-N","CVCL_1146","cpc-n","small cell lung cancer","","","Lung","<a href='https://discovery.nci.nih.gov/cell-lines/cellminercdb/cpc-n_cvcl_1146.html' target='_blank'>details</a>"
"244","cro-ap2","lymphoma","Lymph","Non-Hodgkin's Lymphoma (NHL)","B-Cell Lymphoma (BCL)","","","CRO-AP2","gdscDec15;gdsc1;gdsc2","CRO-AP2","CVCL_1147","cro-ap2","non-hodgkin's lymphoma","b-cell lymphoma","","Lymph","<a href='https://discovery.nci.nih.gov/cell-lines/cellminercdb/cro-ap2_cvcl_1147.html' target='_blank'>details</a>"
"245","cro-ap3","","Lymph","Non-Hodgkin's Lymphoma (NHL)","B-Cell Lymphoma (BCL)","","","CRO-AP3","gdscDec15","CRO-AP3","CVCL_1810","cro-ap3","non-hodgkin's lymphoma","b-cell lymphoma","","Lymph","<a href='https://discovery.nci.nih.gov/cell-lines/cellminercdb/cro-ap3_cvcl_1810.html' target='_blank'>details</a>"
"246","cs-1-human-chondrosarcoma","bone","Bone","","","","","CS1","gdscDec15;gdsc1;gdsc2","CS-1 [Human chondrosarcoma]","CVCL_T023","cs-1-human-chondrosarcoma","","","","Bone","<a href='https://discovery.nci.nih.gov/cell-lines/cellminercdb/cs-1-human-chondrosarcoma_cvcl_t023.html' target='_blank'>details</a>"
"247","ctb-1","lymphoma","Lymph","Non-Hodgkin's Lymphoma (NHL)","B-Cell Lymphoma (BCL)","","","CTB-1","gdscDec15;gdsc1;gdsc2","CTB-1","CVCL_1149","ctb-1","non-hodgkin's lymphoma","b-cell lymphoma","","Lymph","<a href='https://discovery.nci.nih.gov/cell-lines/cellminercdb/ctb-1_cvcl_1149.html' target='_blank'>details</a>"
"248","ctv-1","LAML;leukemia","Blood","Leukemia (LEUK)","Acute Myeloid Leukemia (AML)","","","CTV-1","gdscDec15;gdsc1;gdsc2","CTV-1","CVCL_1150","ctv-1","leukemia","acute myeloid leukemia","","Blood","<a href='https://discovery.nci.nih.gov/cell-lines/cellminercdb/ctv-1_cvcl_1150.html' target='_blank'>details</a>"
"249","cw-2","large_intestine: carcinoma;large_intestine","Bowel","","","","","CW-2","ccle;gdscDec15;gdsc1;gdsc2","CW-2","CVCL_1151","cw-2","","","","Bowel","<a href='https://discovery.nci.nih.gov/cell-lines/cellminercdb/cw-2_cvcl_1151.html' target='_blank'>details</a>"
"250","cw9019","soft_tissue","Soft_Tissue","rhabdomyosarcoma","alveolar","","","CW9019","achilles","CW9019","CVCL_N820","cw9019","rhabdomyosarcoma","alveolar","","Soft_Tissue","<a href='https://discovery.nci.nih.gov/cell-lines/cellminercdb/cw9019_cvcl_n820.html' target='_blank'>details</a>"
"251","cx-1","colon","Bowel","","","","","CX1","mdaMills","CX-1","CVCL_2011","cx-1","","","","Bowel","<a href='https://discovery.nci.nih.gov/cell-lines/cellminercdb/cx-1_cvcl_2011.html' target='_blank'>details</a>"
"252","d-245mg","nervous_system","Brain_CNS","Glioma","Glioblastoma","","","D-245MG","gdsc2","D-245MG","CVCL_1152","d-245mg","glioma","glioblastoma","","Brain_CNS","<a href='https://discovery.nci.nih.gov/cell-lines/cellminercdb/d-245mg_cvcl_1152.html' target='_blank'>details</a>"
"253","d-247mg","GBM;nervous_system","Brain_CNS","","","","","D-247MG","gdscDec15;gdsc1;gdsc2","D-247MG","CVCL_1153","d-247mg","","","","Brain_CNS","<a href='https://discovery.nci.nih.gov/cell-lines/cellminercdb/d-247mg_cvcl_1153.html' target='_blank'>details</a>"
"254","d-263mg","GBM;nervous_system","Brain_CNS","","","","","D-263MG","gdscDec15;gdsc1;gdsc2","D-263MG","CVCL_1154","d-263mg","","","","Brain_CNS","<a href='https://discovery.nci.nih.gov/cell-lines/cellminercdb/d-263mg_cvcl_1154.html' target='_blank'>details</a>"
"255","d-336mg","OTHER;nervous_system","Brain_CNS","","","","","D-336MG","gdscDec15;gdsc1;gdsc2","D-336MG","CVCL_1156","d-336mg","","","","Brain_CNS","<a href='https://discovery.nci.nih.gov/cell-lines/cellminercdb/d-336mg_cvcl_1156.html' target='_blank'>details</a>"
"256","d-392mg","GBM;nervous_system","Brain_CNS","","","","","D-392MG","gdscDec15;gdsc1;gdsc2","D-392MG","CVCL_1158","d-392mg","","","","Brain_CNS","<a href='https://discovery.nci.nih.gov/cell-lines/cellminercdb/d-392mg_cvcl_1158.html' target='_blank'>details</a>"
"257","d-423mg","GBM;nervous_system","Brain_CNS","","","","","D-423MG","gdscDec15;gdsc1;gdsc2","D-423MG","CVCL_1160","d-423mg","","","","Brain_CNS","<a href='https://discovery.nci.nih.gov/cell-lines/cellminercdb/d-423mg_cvcl_1160.html' target='_blank'>details</a>"
"258","d-502mg","OTHER;nervous_system","Brain_CNS","","","","","D-502MG","gdscDec15;gdsc1;gdsc2","D-502MG","CVCL_1162","d-502mg","","","","Brain_CNS","<a href='https://discovery.nci.nih.gov/cell-lines/cellminercdb/d-502mg_cvcl_1162.html' target='_blank'>details</a>"
"259","d-542mg","GBM;nervous_system","Brain_CNS","","","","","D-542MG","gdscDec15;gdsc1;gdsc2","D-542MG","CVCL_1164","d-542mg","","","","Brain_CNS","<a href='https://discovery.nci.nih.gov/cell-lines/cellminercdb/d-542mg_cvcl_1164.html' target='_blank'>details</a>"
"260","d-566mg","GBM;nervous_system","Brain_CNS","","","","","D-566MG","gdscDec15;gdsc1;gdsc2","D-566MG","CVCL_1166","d-566mg","","","","Brain_CNS","<a href='https://discovery.nci.nih.gov/cell-lines/cellminercdb/d-566mg_cvcl_1166.html' target='_blank'>details</a>"
"261","d10","Melanoma","Skin","","","","","D10","ancats","D10","CVCL_H945","d10","","","","Skin","<a href='https://discovery.nci.nih.gov/cell-lines/cellminercdb/d10_cvcl_h945.html' target='_blank'>details</a>"
"262","d283-med","central_nervous_system: primitive_neuroectodermal_tumour-medulloblastoma;OTHER;abdomen;nervous_system","Brain_CNS","Embryonal Tumor (EMBT);medulloblastoma","Medulloblastoma (MBL);med_group_3","","","D283 Med;D-283MED;D283MED","ccle;gdscDec15;achilles;gdsc1;gdsc2","D283 Med","CVCL_1155","d283-med","embryonal tumor;medulloblastoma","medulloblastoma;med group 3","","Brain_CNS","<a href='https://discovery.nci.nih.gov/cell-lines/cellminercdb/d283-med_cvcl_1155.html' target='_blank'>details</a>"
"263","d341-med","central_nervous_system: primitive_neuroectodermal_tumour-medulloblastoma;central_nervous_system","Brain_CNS","Embryonal Tumor (EMBT);medulloblastoma","Medulloblastoma (MBL);med_group_3","","","D341 Med;D341","ccle;achilles","D341 Med","CVCL_0018","d341-med","embryonal tumor;medulloblastoma","medulloblastoma;med group 3","","Brain_CNS","<a href='https://discovery.nci.nih.gov/cell-lines/cellminercdb/d341-med_cvcl_0018.html' target='_blank'>details</a>"
"264","d425-med","central_nervous_system","Brain_CNS","medulloblastoma","med_group_3","","","D425","achilles","D425 Med","CVCL_1275","d425-med","medulloblastoma","med group 3","","Brain_CNS","<a href='https://discovery.nci.nih.gov/cell-lines/cellminercdb/d425-med_cvcl_1275.html' target='_blank'>details</a>"
"265","d458-med","central_nervous_system","Brain_CNS","medulloblastoma","med_group_3","","","D458","achilles","D458 Med","CVCL_1161","d458-med","medulloblastoma","med group 3","","Brain_CNS","<a href='https://discovery.nci.nih.gov/cell-lines/cellminercdb/d458-med_cvcl_1161.html' target='_blank'>details</a>"
"266","dan-g","pancreas: carcinoma;PAAD;Pancreas;pancreas","Pancreas","Exocrine;exocrine","Exocrine Adenocarcinoma;exocrine_adenocarcinoma","","","DAN-G;DANG","ccle;gdscDec15;prism;achilles;mdaMills;gdsc1;gdsc2","DAN-G","CVCL_0243","dan-g","exocrine","exocrine adenocarcinoma","","Pancreas","<a href='https://discovery.nci.nih.gov/cell-lines/cellminercdb/dan-g_cvcl_0243.html' target='_blank'>details</a>"
"267","daoy","central_nervous_system: primitive_neuroectodermal_tumour-medulloblastoma;OTHER;Central Nervous System;central_nervous_system;nervous_system","Brain_CNS","Embryonal Tumor (EMBT);Medulloblastoma;medulloblastoma","Medulloblastoma (MBL);","Non MYC","","Daoy;DAOY","ccle;gdscDec15;prism;achilles;gdsc1;gdsc2","Daoy","CVCL_1167","daoy","embryonal tumor;medulloblastoma","medulloblastoma;","non myc","Brain_CNS","<a href='https://discovery.nci.nih.gov/cell-lines/cellminercdb/daoy_cvcl_1167.html' target='_blank'>details</a>"
"268","daudi","haematopoietic_and_lymphoid_tissue: Burkitt_lymphoma;lymphoma;Epstein-Barr virus-related Burkitt lymphoma","Lymph","Non-Hodgkin's Lymphoma (NHL)","B-Cell Lymphoma (BCL)","Burkitt Lymphoma (BL)","","Daudi;DAUDI","ccle;gdscDec15;mdaMills;gdsc1;gdsc2;ancats","Daudi","CVCL_0008","daudi","non-hodgkin's lymphoma","b-cell lymphoma","burkitt lymphoma","Lymph","<a href='https://discovery.nci.nih.gov/cell-lines/cellminercdb/daudi_cvcl_0008.html' target='_blank'>details</a>"
"269","db","haematopoietic_and_lymphoid_tissue: diffuse_large_B_cell_lymphoma;DLBC;ascites;lymphoma;Diffuse large B-cell lymphoma","Lymph","Non-Hodgkin's Lymphoma (NHL);non_hodgkin_lymphoma","B-Cell Lymphoma (BCL);DLBCL","Diffuse Large B-Cell Lymphoma (DLBCL)","","DB","ccle;gdscDec15;achilles;mdaMills;gdsc1;gdsc2;ancats","DB","CVCL_1168","db","non-hodgkin's lymphoma;non hodgkin lymphoma","b-cell lymphoma;dlbcl","diffuse large b-cell lymphoma","Lymph","<a href='https://discovery.nci.nih.gov/cell-lines/cellminercdb/db_cvcl_1168.html' target='_blank'>details</a>"
"270","dbtrg-05mg","central_nervous_system: astrocytoma_Grade_IV;GBM;Central Nervous System;nervous_system","Brain_CNS","Diffuse Glioma (DIFG);Glioma","Astrocytoma (ASTR);Glioblastoma","","","DBTRG-05MG;DBTRG05MG","ccle;gdscDec15;prism;gdsc1;gdsc2","DBTRG-05MG","CVCL_1169","dbtrg-05mg","diffuse glioma;glioma","astrocytoma;glioblastoma","","Brain_CNS","<a href='https://discovery.nci.nih.gov/cell-lines/cellminercdb/dbtrg-05mg_cvcl_1169.html' target='_blank'>details</a>"
"271","del","haematopoietic_and_lymphoid_tissue: lymphoid_neoplasm;pleural_effusion;lymphoma","Lymph","non_hodgkin_lymphoma","t_cell_ALCL","","","DEL","ccle;gdscDec15;achilles;mdaMills;gdsc1;gdsc2","DEL","CVCL_1170","del","non hodgkin lymphoma","t cell alcl","","Lymph","<a href='https://discovery.nci.nih.gov/cell-lines/cellminercdb/del_cvcl_1170.html' target='_blank'>details</a>"
"272","delta-47","Plasma cell myeloma","Blood","","","","","delta-47","ancats","delta-47","CVCL_2887","delta-47","","","","Blood","<a href='https://discovery.nci.nih.gov/cell-lines/cellminercdb/delta-47_cvcl_2887.html' target='_blank'>details</a>"
"273","derl-2","Hepatosplenic T-cell lymphoma","Blood","","","","","DERL-2","ancats","DERL-2","CVCL_2016","derl-2","","","","Blood","<a href='https://discovery.nci.nih.gov/cell-lines/cellminercdb/derl-2_cvcl_2016.html' target='_blank'>details</a>"
"274","detroit-562","upper_aerodigestive_tract: carcinoma;HNSC;Head_Neck;pleural_effusion;aero_dig_tract;Pharyngeal squamous cell carcinoma","Head_Neck","Head_Neck Squamous;upper_aerodigestive_squamous","Pharynx;pharynx","","","Detroit 562;Detroit562;DETROIT562","ccle;gdscDec15;prism;achilles;gdsc1;gdsc2;ancats","Detroit 562","CVCL_1171","detroit-562","head neck squamous;upper aerodigestive squamous","pharynx","","Head_Neck","<a href='https://discovery.nci.nih.gov/cell-lines/cellminercdb/detroit-562_cvcl_1171.html' target='_blank'>details</a>"
"275","dfci024","lung: adenocarcinoma","Lung","Non-Small Cell Lung Cancer (NSCLC)","Lung Adenocarcinoma (LUAD)","","","DFCI024","ccle;mdaMills","DFCI024","CVCL_A762","dfci024","non-small cell lung cancer","lung adenocarcinoma","","Lung","<a href='https://discovery.nci.nih.gov/cell-lines/cellminercdb/dfci024_cvcl_a762.html' target='_blank'>details</a>"
"276","dfci032","lung","Lung","","","","","DFCI032","mdaMills","DFCI032","CVCL_A763","dfci032","","","","Lung","<a href='https://discovery.nci.nih.gov/cell-lines/cellminercdb/dfci032_cvcl_a763.html' target='_blank'>details</a>"
"277","dg-75","blood;lymphoma","Lymph","Non-Hodgkin's Lymphoma (NHL)","B-Cell Lymphoma (BCL)","Burkitt Lymphoma (BL)","","DG-75;DG75","gdscDec15;mdaMills;gdsc1;gdsc2","DG-75","CVCL_0244","dg-75","non-hodgkin's lymphoma","b-cell lymphoma","burkitt lymphoma","Lymph","<a href='https://discovery.nci.nih.gov/cell-lines/cellminercdb/dg-75_cvcl_0244.html' target='_blank'>details</a>"
"278","difi","large_intestine","Bowel","","","","","DIFI;DiFi","gdscDec15;gdsc1;gdsc2","DiFi","CVCL_6895","difi","","","","Bowel","<a href='https://discovery.nci.nih.gov/cell-lines/cellminercdb/difi_cvcl_6895.html' target='_blank'>details</a>"
"279","djm-1","OTHER;skin","Other","","","","","DJM-1","gdscDec15;gdsc1;gdsc2","DJM-1","CVCL_1172","djm-1","","","","Other","<a href='https://discovery.nci.nih.gov/cell-lines/cellminercdb/djm-1_cvcl_1172.html' target='_blank'>details</a>"
"280","dk-mg","central_nervous_system: astrocytoma_Grade_IV;GBM;Central Nervous System;central_nervous_system;nervous_system","Brain_CNS","Diffuse Glioma (DIFG);Glioma;glioma","Astrocytoma (ASTR);Glioblastoma;glioblastoma","","","DK-MG;DKMG","ccle;gdscDec15;prism;achilles;gdsc1;gdsc2","DK-MG","CVCL_1173","dk-mg","diffuse glioma;glioma","astrocytoma;glioblastoma","","Brain_CNS","<a href='https://discovery.nci.nih.gov/cell-lines/cellminercdb/dk-mg_cvcl_1173.html' target='_blank'>details</a>"
"281","dld-1","large_intestine: adenocarcinoma;large_intestine;Colon adenocarcinoma","Bowel","Colorectal Adenocarcinoma (COADREAD);colorectal_adenocarcinoma","","","","DLD-1;DLD1","ccle;achilles;mdaMills;ancats","DLD-1","CVCL_0248","dld-1","colorectal adenocarcinoma","","","Bowel","<a href='https://discovery.nci.nih.gov/cell-lines/cellminercdb/dld-1_cvcl_0248.html' target='_blank'>details</a>"
"282","dm-3","pleura: mesothelioma","Mesothelium","Mesothelioma (MESO)","","","","DM-3","ccle","DM-3","CVCL_2019","dm-3","mesothelioma","","","Mesothelium","<a href='https://discovery.nci.nih.gov/cell-lines/cellminercdb/dm-3_cvcl_2019.html' target='_blank'>details</a>"
"283","dms-114","lung: small_cell_carcinoma;NOT_TCGA;Small Cell Lung Cancer;lung_SCLC;Small cell lung carcinoma","Lung","Small Cell Lung Cancer (SCLC)","","","","DMS 114;DMS-114","ccle;gdscDec15;nciSclc;gdsc1;gdsc2;ancats","DMS 114","CVCL_1174","dms-114","small cell lung cancer","","","Lung","<a href='https://discovery.nci.nih.gov/cell-lines/cellminercdb/dms-114_cvcl_1174.html' target='_blank'>details</a>"
"284","dms-153","lung: small_cell_carcinoma;NOT_TCGA","Lung","Small Cell Lung Cancer (SCLC)","","","","DMS 153;DMS-153","ccle;gdscDec15","DMS 153","CVCL_1175","dms-153","small cell lung cancer","","","Lung","<a href='https://discovery.nci.nih.gov/cell-lines/cellminercdb/dms-153_cvcl_1175.html' target='_blank'>details</a>"
"285","dms-187","Small Cell Lung Cancer","Lung","Small Cell Lung Cancer (SCLC)","","","","DMS 187","nciSclc","DMS 187","CVCL_Z041","dms-187","small cell lung cancer","","","Lung","<a href='https://discovery.nci.nih.gov/cell-lines/cellminercdb/dms-187_cvcl_z041.html' target='_blank'>details</a>"
"286","dms-273","lung: small_cell_carcinoma;NOT_TCGA;Small Cell Lung Cancer;Lung;lung_SCLC","Lung","Small Cell Lung Cancer (SCLC);SCLC","","","","DMS 273;DMS-273;DMS273","ccle;gdscDec15;nciSclc;prism;gdsc1;gdsc2","DMS 273","CVCL_1176","dms-273","small cell lung cancer;sclc","","","Lung","<a href='https://discovery.nci.nih.gov/cell-lines/cellminercdb/dms-273_cvcl_1176.html' target='_blank'>details</a>"
"287","dms-454","lung: small_cell_carcinoma","Lung","Small Cell Lung Cancer (SCLC)","","","","DMS 454","ccle","DMS 454","CVCL_2438","dms-454","small cell lung cancer","","","Lung","<a href='https://discovery.nci.nih.gov/cell-lines/cellminercdb/dms-454_cvcl_2438.html' target='_blank'>details</a>"
"288","dms-53","lung: small_cell_carcinoma;NOT_TCGA;Small Cell Lung Cancer;lung;lung_SCLC","Lung","Small Cell Lung Cancer (SCLC);SCLC","","","","DMS 53;DMS-53;DMS53","ccle;gdscDec15;nciSclc;achilles;gdsc1;gdsc2","DMS 53","CVCL_1177","dms-53","small cell lung cancer;sclc","","","Lung","<a href='https://discovery.nci.nih.gov/cell-lines/cellminercdb/dms-53_cvcl_1177.html' target='_blank'>details</a>"
"289","dms-79","lung: small_cell_carcinoma;NOT_TCGA;Small Cell Lung Cancer;lung_SCLC;Small cell lung carcinoma","Lung","Small Cell Lung Cancer (SCLC)","","","","DMS 79;DMS-79;DMS79","ccle;gdscDec15;nciSclc;mdaMills;gdsc1;gdsc2;ancats","DMS 79","CVCL_1178","dms-79","small cell lung cancer","","","Lung","<a href='https://discovery.nci.nih.gov/cell-lines/cellminercdb/dms-79_cvcl_1178.html' target='_blank'>details</a>"
"290","dnd-41","haematopoietic_and_lymphoid_tissue: acute_lymphoblastic_T_cell_leukaemia;leukemia","Blood","Leukemia (LEUK)","Acute Lymphoid Leukemia (ALL)","","","DND-41","ccle;gdscDec15;gdsc1;gdsc2","DND-41","CVCL_2022","dnd-41","leukemia","acute lymphoid leukemia","","Blood","<a href='https://discovery.nci.nih.gov/cell-lines/cellminercdb/dnd-41_cvcl_2022.html' target='_blank'>details</a>"
"291","dohh2","haematopoietic_and_lymphoid_tissue: diffuse_large_B_cell_lymphoma;DLBC;lymphoma;Diffuse large B-cell lymphoma germinal center B-cell type","Lymph","Non-Hodgkin's Lymphoma (NHL)","B-Cell Lymphoma (BCL)","Diffuse Large B-Cell Lymphoma (DLBCL)","","DOHH-2;DOHH2;DoHH2","ccle;gdscDec15;mdaMills;gdsc1;gdsc2;ancats","DoHH2","CVCL_1179","dohh2","non-hodgkin's lymphoma","b-cell lymphoma","diffuse large b-cell lymphoma","Lymph","<a href='https://discovery.nci.nih.gov/cell-lines/cellminercdb/dohh2_cvcl_1179.html' target='_blank'>details</a>"
"292","dok","HNSC;aero_dig_tract","Head_Neck","","","","","DOK","gdscDec15;gdsc1;gdsc2","DOK","CVCL_1180","dok","","","","Head_Neck","<a href='https://discovery.nci.nih.gov/cell-lines/cellminercdb/dok_cvcl_1180.html' target='_blank'>details</a>"
"293","dotc2-4510","CESC;cervix;urogenital_system","Cervix","cervical_adenocarcinoma","","","","DoTc2-4510;DOTC24510","gdscDec15;achilles;gdsc1;gdsc2","DoTc2 4510","CVCL_1181","dotc2-4510","cervical adenocarcinoma","","","Cervix","<a href='https://discovery.nci.nih.gov/cell-lines/cellminercdb/dotc2-4510_cvcl_1181.html' target='_blank'>details</a>"
"294","dov13","Ovary;OV;urogenital_system","Ovary","","","","","DOV13","ccle;gdscDec15;gdsc1;gdsc2","DOV13","CVCL_6774","dov13","","","","Ovary","<a href='https://discovery.nci.nih.gov/cell-lines/cellminercdb/dov13_cvcl_6774.html' target='_blank'>details</a>"
"295","dsh1","BLCA;urogenital_system","Bladder_Urinary_Tract","","","","","DSH1","gdscDec15;gdsc1;gdsc2","DSH1","CVCL_1182","dsh1","","","","Bladder_Urinary_Tract","<a href='https://discovery.nci.nih.gov/cell-lines/cellminercdb/dsh1_cvcl_1182.html' target='_blank'>details</a>"
"296","du145","prostate;prostate: carcinoma;PRAD;Prostate;urogenital_system;Prostate carcinoma","Prostate","Prostate Adenocarcinoma","","","","PR:DU-145;DU 145;DU-145;DU145","nci60;ccle;gdscDec15;prism;mdaMills;gdsc1;gdsc2;ancats","DU145","CVCL_0105","du145","prostate adenocarcinoma","","","Prostate","<a href='https://discovery.nci.nih.gov/cell-lines/cellminercdb/du145_cvcl_0105.html' target='_blank'>details</a>"
"297","du4475","breast: ductal_carcinoma;BRCA;skin;breast","Breast","Breast Carcinoma (BRCA);breast_carcinoma","Breast Invasive Ductal Carcinoma (IDC);ERneg_HER2neg","","Breast Triple Negative","DU4475;DU-4475","ccle;gdscDec15;achilles;mdaMills;gdsc1;gdsc2","DU4475","CVCL_1183","du4475","breast carcinoma","breast invasive ductal carcinoma;erneg her2neg","","Breast","<a href='https://discovery.nci.nih.gov/cell-lines/cellminercdb/du4475_cvcl_1183.html' target='_blank'>details</a>"
"298","dv-90","lung: adenocarcinoma;LUAD","Lung","Non-Small Cell Lung Cancer (NSCLC)","Lung Adenocarcinoma (LUAD)","","","DV-90","ccle;gdscDec15","DV-90","CVCL_1184","dv-90","non-small cell lung cancer","lung adenocarcinoma","","Lung","<a href='https://discovery.nci.nih.gov/cell-lines/cellminercdb/dv-90_cvcl_1184.html' target='_blank'>details</a>"
"299","eb1","haematopoietic_and_lymphoid_tissue: Burkitt_lymphoma","Lymph","Non-Hodgkin's Lymphoma (NHL)","B-Cell Lymphoma (BCL)","Burkitt Lymphoma (BL)","","EB1","ccle;mdaMills","EB1","CVCL_2027","eb1","non-hodgkin's lymphoma","b-cell lymphoma","burkitt lymphoma","Lymph","<a href='https://discovery.nci.nih.gov/cell-lines/cellminercdb/eb1_cvcl_2027.html' target='_blank'>details</a>"
"300","eb2","haematopoietic_and_lymphoid_tissue: Burkitt_lymphoma;lymphoma","Lymph","Non-Hodgkin's Lymphoma (NHL)","B-Cell Lymphoma (BCL)","Burkitt Lymphoma (BL)","","EB2","ccle;gdscDec15;gdsc1;gdsc2","EB2","CVCL_1186","eb2","non-hodgkin's lymphoma","b-cell lymphoma","burkitt lymphoma","Lymph","<a href='https://discovery.nci.nih.gov/cell-lines/cellminercdb/eb2_cvcl_1186.html' target='_blank'>details</a>"
"301","eb3-human-burkitt-lymphoma","lymphoma","Lymph","Non-Hodgkin's Lymphoma (NHL)","B-Cell Lymphoma (BCL)","Burkitt Lymphoma (BL)","","EB-3","gdscDec15;gdsc1;gdsc2","EB3 [Human Burkitt lymphoma]","CVCL_1185","eb3-human-burkitt-lymphoma","non-hodgkin's lymphoma","b-cell lymphoma","burkitt lymphoma","Lymph","<a href='https://discovery.nci.nih.gov/cell-lines/cellminercdb/eb3-human-burkitt-lymphoma_cvcl_1185.html' target='_blank'>details</a>"
"302","ebc-1","lung: squamous_cell_carcinoma;LUSC;Lung;skin;lung_NSCLC","Lung","Non-Small Cell Lung Cancer (NSCLC);NSCLC","Lung Squamous Cell Carcinoma (LUSC);NSCLC Squamous;NSCLC_squamous","","","EBC-1;EBC1","ccle;gdscDec15;prism;achilles;gdsc1;gdsc2","EBC-1","CVCL_2891","ebc-1","non-small cell lung cancer;nsclc","lung squamous cell carcinoma;nsclc squamous","","Lung","<a href='https://discovery.nci.nih.gov/cell-lines/cellminercdb/ebc-1_cvcl_2891.html' target='_blank'>details</a>"
"303","ec-gi-10","oesophagus: carcinoma;Esophagus;lymph_node;aero_dig_tract","Esophagus_Stomach","Esophagus Squamous;esophagus_squamous","","","","EC-GI-10;ECGI10","ccle;gdscDec15;prism;achilles;gdsc1;gdsc2","EC-GI-10","CVCL_1187","ec-gi-10","esophagus squamous","","","Esophagus_Stomach","<a href='https://discovery.nci.nih.gov/cell-lines/cellminercdb/ec-gi-10_cvcl_1187.html' target='_blank'>details</a>"
"304","ecc10","stomach: small_cell_adenocarcinoma;OTHER;digestive_system","Esophagus_Stomach","Esophagogastric Adenocarcinoma (EGC)","Stomach Adenocarcinoma (STAD)","","","ECC10","ccle;gdscDec15;gdsc1;gdsc2","ECC10","CVCL_1188","ecc10","esophagogastric adenocarcinoma","stomach adenocarcinoma","","Esophagus_Stomach","<a href='https://discovery.nci.nih.gov/cell-lines/cellminercdb/ecc10_cvcl_1188.html' target='_blank'>details</a>"
"305","ecc12","stomach: small_cell_adenocarcinoma;OTHER;digestive_system","Esophagus_Stomach","Esophagogastric Adenocarcinoma (EGC)","Stomach Adenocarcinoma (STAD)","","","ECC12","ccle;gdscDec15;gdsc1;gdsc2","ECC12","CVCL_1189","ecc12","esophagogastric adenocarcinoma","stomach adenocarcinoma","","Esophagus_Stomach","<a href='https://discovery.nci.nih.gov/cell-lines/cellminercdb/ecc12_cvcl_1189.html' target='_blank'>details</a>"
"306","ecc2","biliary_tract","Biliary_Tract","cholangiocarcinoma","extrahepatic","","","ECC2","achilles","ECC2","CVCL_A1UI","ecc2","cholangiocarcinoma","extrahepatic","","Biliary_Tract","<a href='https://discovery.nci.nih.gov/cell-lines/cellminercdb/ecc2_cvcl_a1ui.html' target='_blank'>details</a>"
"307","ecc4","","Other","","","","","ECC4","gdscDec15","ECC4","CVCL_1190","ecc4","","","","Other","<a href='https://discovery.nci.nih.gov/cell-lines/cellminercdb/ecc4_cvcl_1190.html' target='_blank'>details</a>"
"308","efe-184","endometrium: carcinoma;UCEC;ascites","Uterus","Endometrial Carcinoma (UCEC);endometrial_adenocarcinoma","","","","EFE-184;EFE184","ccle;gdscDec15;achilles;mdaMills","EFE-184","CVCL_1191","efe-184","endometrial carcinoma;endometrial adenocarcinoma","","","Uterus","<a href='https://discovery.nci.nih.gov/cell-lines/cellminercdb/efe-184_cvcl_1191.html' target='_blank'>details</a>"
"309","efm-19","breast: ductal_carcinoma;BRCA;pleural_effusion;breast","Breast","Breast Carcinoma (BRCA);breast_ductal_carcinoma","Breast Invasive Ductal Carcinoma (IDC);ERpos_HER2neg","","","EFM-19;EFM19","ccle;gdscDec15;achilles;mdaMills;gdsc1;gdsc2","EFM-19","CVCL_0253","efm-19","breast carcinoma;breast ductal carcinoma","breast invasive ductal carcinoma;erpos her2neg","","Breast","<a href='https://discovery.nci.nih.gov/cell-lines/cellminercdb/efm-19_cvcl_0253.html' target='_blank'>details</a>"
"310","efm-192a","breast: carcinoma;BRCA;Breast;breast","Breast","Breast Carcinoma (BRCA);Breast Adenocarcinoma","ERpos HER2pos","HER2 Amp","","EFM-192A;EFM192A","ccle;gdscDec15;prism;mdaMills;gdsc1;gdsc2","EFM-192A","CVCL_1812","efm-192a","breast carcinoma;breast adenocarcinoma","erpos her2pos","her2 amp","Breast","<a href='https://discovery.nci.nih.gov/cell-lines/cellminercdb/efm-192a_cvcl_1812.html' target='_blank'>details</a>"
"311","efo-21","ovary: serous_carcinoma;OV;Ovary;ascites;urogenital_system","Ovary","Ovarian Epithelial Tumor (OVT);Ovary Adenocarcinoma;ovary_adenocarcinoma","Serous Ovarian Cancer (SOC);Clear Cell;clear_cell","","","EFO-21;EFO21;EF021","ccle;gdscDec15;prism;achilles;mdaMills;gdsc1;gdsc2","EFO-21","CVCL_0029","efo-21","ovarian epithelial tumor;ovary adenocarcinoma","serous ovarian cancer;clear cell","","Ovary","<a href='https://discovery.nci.nih.gov/cell-lines/cellminercdb/efo-21_cvcl_0029.html' target='_blank'>details</a>"
"312","efo-27","ovary: mucinous_carcinoma;OTHER;Ovary;abdomen;urogenital_system","Ovary","Ovarian Epithelial Tumor (OVT);Ovary Adenocarcinoma;ovary_adenocarcinoma","Mucinous Ovarian Cancer (MOV);Endometrioid;endometrioid","","","EFO-27;EFO27","ccle;gdscDec15;prism;achilles;mdaMills;gdsc1;gdsc2","EFO-27","CVCL_1192","efo-27","ovarian epithelial tumor;ovary adenocarcinoma","mucinous ovarian cancer;endometrioid","","Ovary","<a href='https://discovery.nci.nih.gov/cell-lines/cellminercdb/efo-27_cvcl_1192.html' target='_blank'>details</a>"
"313","egi-1","biliary_tract","Biliary_Tract","cholangiocarcinoma","extrahepatic","","","EGI-1;EGI1","gdscDec15;achilles","EGI-1","CVCL_1193","egi-1","cholangiocarcinoma","extrahepatic","","Biliary_Tract","<a href='https://discovery.nci.nih.gov/cell-lines/cellminercdb/egi-1_cvcl_1193.html' target='_blank'>details</a>"
"314","eheb","haematopoietic_and_lymphoid_tissue: chronic_lymphocytic_leukaemia-small_lymphocytic_lymphoma;LCLL;lymphoma","Blood;Lymph","Leukemia (LEUK)","Chronic Lymphocytic Leukemia (CLL)","","","EHEB","ccle;gdscDec15;mdaMills;gdsc1","EHEB","CVCL_1194","eheb","leukemia","chronic lymphocytic leukemia","","Blood;Lymph","<a href='https://discovery.nci.nih.gov/cell-lines/cellminercdb/eheb_cvcl_1194.html' target='_blank'>details</a>"
"315","ei","uterus","Uterus","","","","","EI","mdaMills","EI","CVCL_F958","ei","","","","Uterus","<a href='https://discovery.nci.nih.gov/cell-lines/cellminercdb/ei_cvcl_f958.html' target='_blank'>details</a>"
"316","ejm","haematopoietic_and_lymphoid_tissue: plasma_cell_myeloma;ascites;myeloma;Plasma cell myeloma","Blood","Multiple Myeloma (MM);multiple_myeloma","","","","EJM","ccle;gdscDec15;achilles;gdsc1;gdsc2;ancats","EJM","CVCL_2030","ejm","multiple myeloma","","","Blood","<a href='https://discovery.nci.nih.gov/cell-lines/cellminercdb/ejm_cvcl_2030.html' target='_blank'>details</a>"
"317","ekvx","lung;Lung;LUAD;lung_NSCLC","Lung","Non-Small Cell Lung Cancer (NSCLC);NSCLC","Lung Adenocarcinoma (LUAD);NSCLC_adenocarcinoma","","","LC:EKVX;EKVX","nci60;ccle;gdscDec15;achilles;mdaMills;gdsc1;gdsc2","EKVX","CVCL_1195","ekvx","non-small cell lung cancer;nsclc","lung adenocarcinoma;nsclc adenocarcinoma","","Lung","<a href='https://discovery.nci.nih.gov/cell-lines/cellminercdb/ekvx_cvcl_1195.html' target='_blank'>details</a>"
"318","em-2","haematopoietic_and_lymphoid_tissue: blast_phase_chronic_myeloid_leukaemia;bone_marrow;leukemia","Blood","Leukemia (LEUK);CML","Chronic Myelogenous Leukemia (CML);blast_crisis","","","EM-2;EM2","ccle;gdscDec15;achilles;gdsc1;gdsc2","EM-2","CVCL_1196","em-2","leukemia;cml","chronic myelogenous leukemia;blast crisis","","Blood","<a href='https://discovery.nci.nih.gov/cell-lines/cellminercdb/em-2_cvcl_1196.html' target='_blank'>details</a>"
"319","emc-bac-1","lung_NSCLC","Esophagus_Stomach","","","","","EMC-BAC-1","gdscDec15;gdsc1;gdsc2","EMC-BAC-1","CVCL_X486","emc-bac-1","","","","Esophagus_Stomach","<a href='https://discovery.nci.nih.gov/cell-lines/cellminercdb/emc-bac-1_cvcl_x486.html' target='_blank'>details</a>"
"320","emc-bac-2","lung_NSCLC","Esophagus_Stomach","","","","","EMC-BAC-2","gdscDec15;gdsc1;gdsc2","EMC-BAC-2","CVCL_X487","emc-bac-2","","","","Esophagus_Stomach","<a href='https://discovery.nci.nih.gov/cell-lines/cellminercdb/emc-bac-2_cvcl_x487.html' target='_blank'>details</a>"
"321","emtoka","endometrium","Uterus","uterine_carcinoma","","","","EMTOKA","achilles","EMTOKA","CVCL_E115","emtoka","uterine carcinoma","","","Uterus","<a href='https://discovery.nci.nih.gov/cell-lines/cellminercdb/emtoka_cvcl_e115.html' target='_blank'>details</a>"
"322","en","endometrium: carcinoma;UCEC;Uterus;endometrium;urogenital_system","Uterus","Endometrial Carcinoma (UCEC);Endometrial Adenocarcinoma;endometrial_adenocarcinoma","","","","EN","ccle;gdscDec15;prism;achilles;mdaMills;gdsc1;gdsc2","EN","CVCL_2034","en","endometrial carcinoma;endometrial adenocarcinoma","","","Uterus","<a href='https://discovery.nci.nih.gov/cell-lines/cellminercdb/en_cvcl_2034.html' target='_blank'>details</a>"
"323","en-1078d","uterus","Uterus","","","","","EN1078D","mdaMills","EN-1078D","CVCL_A423","en-1078d","","","","Uterus","<a href='https://discovery.nci.nih.gov/cell-lines/cellminercdb/en-1078d_cvcl_a423.html' target='_blank'>details</a>"
"324","eol-1","haematopoietic_and_lymphoid_tissue: acute_myeloid_leukaemia;haematopoietic_and_lymphoid_tissue;leukemia;Chronic eosinophilic leukemia, not otherwise specified","Blood;Other","Leukemia (LEUK);AML","Acute Myeloid Leukemia (AML);M5","","","EOL-1;EoL-1-cell;EOL1;EoL-1","ccle;gdscDec15;achilles;gdsc1;gdsc2;ancats","EoL-1","CVCL_0258","eol-1","leukemia;aml","acute myeloid leukemia;m5","","Blood","<a href='https://discovery.nci.nih.gov/cell-lines/cellminercdb/eol-1_cvcl_0258.html' target='_blank'>details</a>"
"325","eplc-272h","lung: squamous_cell_carcinoma;LUSC;lung;lung_NSCLC","Lung","Non-Small Cell Lung Cancer (NSCLC);NSCLC","Lung Squamous Cell Carcinoma (LUSC);NSCLC_squamous","","","EPLC-272H;EPLC272H","ccle;gdscDec15;achilles;gdsc1;gdsc2","EPLC-272H","CVCL_1197","eplc-272h","non-small cell lung cancer;nsclc","lung squamous cell carcinoma;nsclc squamous","","Lung","<a href='https://discovery.nci.nih.gov/cell-lines/cellminercdb/eplc-272h_cvcl_1197.html' target='_blank'>details</a>"
"326","es-2","ovary: clear_cell_carcinoma;OTHER;Ovary;ovary;urogenital_system","Ovary","Ovarian Epithelial Tumor (OVT);Ovary Adenocarcinoma;ovary_adenocarcinoma","Clear Cell Ovarian Cancer (CCOV);Clear Cell;clear_cell","","","ES-2;ES2","ccle;gdscDec15;prism;achilles;mdaMills;gdsc1;gdsc2","ES-2","CVCL_3509","es-2","ovarian epithelial tumor;ovary adenocarcinoma","clear cell ovarian cancer;clear cell","","Ovary","<a href='https://discovery.nci.nih.gov/cell-lines/cellminercdb/es-2_cvcl_3509.html' target='_blank'>details</a>"
"327","es1","bone","Bone","Ewing Sarcoma (ES)","","","","ES1","gdscDec15;gdsc1;gdsc2","ES1","CVCL_1198","es1","ewing sarcoma","","","Bone","<a href='https://discovery.nci.nih.gov/cell-lines/cellminercdb/es1_cvcl_1198.html' target='_blank'>details</a>"
"328","es3","","Bone","Ewing Sarcoma (ES)","","","","ES3","gdscDec15","ES3","CVCL_1199","es3","ewing sarcoma","","","Bone","<a href='https://discovery.nci.nih.gov/cell-lines/cellminercdb/es3_cvcl_1199.html' target='_blank'>details</a>"
"329","es4","bone","Bone","sarcoma","","","","ES4","gdscDec15;gdsc1;gdsc2","ES4","CVCL_1200","es4","sarcoma","","","Bone","<a href='https://discovery.nci.nih.gov/cell-lines/cellminercdb/es4_cvcl_1200.html' target='_blank'>details</a>"
"330","es5","bone","Bone","Ewing Sarcoma (ES)","","","","ES5","gdscDec15;gdsc1;gdsc2","ES5","CVCL_1201","es5","ewing sarcoma","","","Bone","<a href='https://discovery.nci.nih.gov/cell-lines/cellminercdb/es5_cvcl_1201.html' target='_blank'>details</a>"
"331","es6","bone","Bone","Ewing Sarcoma (ES)","","","","ES6","gdscDec15;gdsc1;gdsc2","ES6","CVCL_1202","es6","ewing sarcoma","","","Bone","<a href='https://discovery.nci.nih.gov/cell-lines/cellminercdb/es6_cvcl_1202.html' target='_blank'>details</a>"
"332","es7","bone","Bone","Ewing Sarcoma (ES)","","","","ES7","gdscDec15;gdsc1;gdsc2","ES7","CVCL_1203","es7","ewing sarcoma","","","Bone","<a href='https://discovery.nci.nih.gov/cell-lines/cellminercdb/es7_cvcl_1203.html' target='_blank'>details</a>"
"333","es8","bone","Bone","Ewing Sarcoma (ES)","","","","ES8","gdscDec15;gdsc1;gdsc2","ES8","CVCL_1204","es8","ewing sarcoma","","","Bone","<a href='https://discovery.nci.nih.gov/cell-lines/cellminercdb/es8_cvcl_1204.html' target='_blank'>details</a>"
"334","eso-26","oesophagus;aero_dig_tract","Esophagus_Stomach","esophagus_adenocarcinoma","","","","ESO26","gdscDec15;achilles;gdsc1;gdsc2","ESO-26","CVCL_2035","eso-26","esophagus adenocarcinoma","","","Esophagus_Stomach","<a href='https://discovery.nci.nih.gov/cell-lines/cellminercdb/eso-26_cvcl_2035.html' target='_blank'>details</a>"
"335","eso-51","aero_dig_tract","Esophagus_Stomach","","","","","ESO51","gdscDec15;gdsc1;gdsc2","ESO-51","CVCL_2036","eso-51","","","","Esophagus_Stomach","<a href='https://discovery.nci.nih.gov/cell-lines/cellminercdb/eso-51_cvcl_2036.html' target='_blank'>details</a>"
"336","ess-1","endometrium: carcinosarcoma-malignant_mesodermal_mixed_tumour;OTHER;Uterus;endometrium;urogenital_system","Uterus","Uterine Sarcoma / Mesenchymal (USARC);Endometrial Stromal Sarcoma;endometrial_stromal_sarcoma","Uterine Carcinosarcoma / Uterine Malignant Mixed Mullerian Tumor (UCS);","","","ESS-1;ESS1","ccle;gdscDec15;prism;achilles;mdaMills;gdsc1;gdsc2","ESS-1","CVCL_1205","ess-1","uterine sarcoma / mesenchymal;endometrial stromal sarcoma","uterine carcinosarcoma / uterine malignant mixed mullerian tumor;","","Uterus","<a href='https://discovery.nci.nih.gov/cell-lines/cellminercdb/ess-1_cvcl_1205.html' target='_blank'>details</a>"
"337","etk-1","digestive_system","Biliary_Tract","","","","","ETK-1","gdscDec15;gdsc1;gdsc2","ETK-1","CVCL_1206","etk-1","","","","Biliary_Tract","<a href='https://discovery.nci.nih.gov/cell-lines/cellminercdb/etk-1_cvcl_1206.html' target='_blank'>details</a>"
"338","etn-1","uterus","Uterus","","","","","ETN1","mdaMills","ETN-1","CVCL_7954","etn-1","","","","Uterus","<a href='https://discovery.nci.nih.gov/cell-lines/cellminercdb/etn-1_cvcl_7954.html' target='_blank'>details</a>"
"339","evsa-t","breast: carcinoma;BRCA;breast","Breast","Breast Carcinoma (BRCA)","","","","EVSA-T;EVSAT","ccle;gdscDec15;mdaMills;gdsc1;gdsc2","Evsa-T","CVCL_1207","evsa-t","breast carcinoma","","","Breast","<a href='https://discovery.nci.nih.gov/cell-lines/cellminercdb/evsa-t_cvcl_1207.html' target='_blank'>details</a>"
"340","ew-1","bone","Bone","Ewing Sarcoma (ES)","","","","EW-1","gdscDec15;gdsc1;gdsc2","EW-1","CVCL_1208","ew-1","ewing sarcoma","","","Bone","<a href='https://discovery.nci.nih.gov/cell-lines/cellminercdb/ew-1_cvcl_1208.html' target='_blank'>details</a>"
"341","ew-11","bone","Bone","Ewing Sarcoma (ES)","","","","EW-11","gdscDec15;gdsc1;gdsc2","EW-11","CVCL_1209","ew-11","ewing sarcoma","","","Bone","<a href='https://discovery.nci.nih.gov/cell-lines/cellminercdb/ew-11_cvcl_1209.html' target='_blank'>details</a>"
"342","ew-12","bone","Bone","Ewing Sarcoma (ES)","","","","EW-12","gdscDec15;gdsc1;gdsc2","EW-12","CVCL_1210","ew-12","ewing sarcoma","","","Bone","<a href='https://discovery.nci.nih.gov/cell-lines/cellminercdb/ew-12_cvcl_1210.html' target='_blank'>details</a>"
"343","ew-13","bone","Bone","Ewing Sarcoma (ES)","","","","EW-13","gdscDec15;gdsc1;gdsc2","EW-13","CVCL_1211","ew-13","ewing sarcoma","","","Bone","<a href='https://discovery.nci.nih.gov/cell-lines/cellminercdb/ew-13_cvcl_1211.html' target='_blank'>details</a>"
"344","ew-16","bone","Bone","Ewing Sarcoma (ES)","","","","EW-16","gdscDec15;gdsc1;gdsc2","EW-16","CVCL_1212","ew-16","ewing sarcoma","","","Bone","<a href='https://discovery.nci.nih.gov/cell-lines/cellminercdb/ew-16_cvcl_1212.html' target='_blank'>details</a>"
"345","ew-18","bone","Bone","Ewing Sarcoma (ES)","","","","EW-18","gdscDec15;gdsc1;gdsc2","EW-18","CVCL_1213","ew-18","ewing sarcoma","","","Bone","<a href='https://discovery.nci.nih.gov/cell-lines/cellminercdb/ew-18_cvcl_1213.html' target='_blank'>details</a>"
"346","ew-22","bone","Bone","Ewing Sarcoma (ES)","","","","EW-22","gdscDec15;gdsc1;gdsc2","EW-22","CVCL_1214","ew-22","ewing sarcoma","","","Bone","<a href='https://discovery.nci.nih.gov/cell-lines/cellminercdb/ew-22_cvcl_1214.html' target='_blank'>details</a>"
"347","ew-24","bone","Bone","Ewing Sarcoma (ES)","","","","EW-24","gdscDec15;gdsc1;gdsc2","EW-24","CVCL_1215","ew-24","ewing sarcoma","","","Bone","<a href='https://discovery.nci.nih.gov/cell-lines/cellminercdb/ew-24_cvcl_1215.html' target='_blank'>details</a>"
"348","ew-3","bone","Bone","Ewing Sarcoma (ES)","","","","EW-3","gdscDec15;gdsc1;gdsc2","EW-3","CVCL_1216","ew-3","ewing sarcoma","","","Bone","<a href='https://discovery.nci.nih.gov/cell-lines/cellminercdb/ew-3_cvcl_1216.html' target='_blank'>details</a>"
"349","ew-7","bone","Bone","Ewing Sarcoma (ES)","","","","EW-7","gdscDec15;gdsc1;gdsc2","EW-7","CVCL_1217","ew-7","ewing sarcoma","","","Bone","<a href='https://discovery.nci.nih.gov/cell-lines/cellminercdb/ew-7_cvcl_1217.html' target='_blank'>details</a>"
"350","ew-7476","","Bone","Osteosarcoma (OS)","","","","EW7476","gdscDec15","EW 7476","CVCL_EQ72","ew-7476","osteosarcoma","","","Bone","<a href='https://discovery.nci.nih.gov/cell-lines/cellminercdb/ew-7476_cvcl_eq72.html' target='_blank'>details</a>"
"351","ew-8","bone: Ewings_sarcoma-peripheral_primitive_neuroectodermal_tumour;bone;Ewing sarcoma","Bone","Ewing Sarcoma (ES);Ewing_sarcoma","","","","EW8;EW-8","ccle;achilles;ancats","EW-8","CVCL_V618","ew-8","ewing sarcoma","","","Bone","<a href='https://discovery.nci.nih.gov/cell-lines/cellminercdb/ew-8_cvcl_v618.html' target='_blank'>details</a>"
"352","ews-502","bone: Ewings_sarcoma-peripheral_primitive_neuroectodermal_tumour;Bone;bone","Bone","Ewing Sarcoma (ES);Ewing Sarcoma;Ewing_sarcoma","","EWS_FLI","","EWS502","ccle;prism;achilles","EWS-502","CVCL_S740","ews-502","ewing sarcoma","","ews fli","Bone","<a href='https://discovery.nci.nih.gov/cell-lines/cellminercdb/ews-502_cvcl_s740.html' target='_blank'>details</a>"
"353","f-36p","haematopoietic_and_lymphoid_tissue: acute_myeloid_leukaemia;pleural_effusion","Blood","Leukemia (LEUK);AML","Acute Myeloid Leukemia (AML);M6","","","F-36P;F36P","ccle;achilles","F-36P","CVCL_2037","f-36p","leukemia;aml","acute myeloid leukemia;m6","","Blood","<a href='https://discovery.nci.nih.gov/cell-lines/cellminercdb/f-36p_cvcl_2037.html' target='_blank'>details</a>"
"354","f5","central_nervous_system: meningioma;central_nervous_system","Brain_CNS","Meningothelial Tumor (MNGT);meningioma","Meningioma (MNG)","","","F5","ccle;achilles","F5","CVCL_V616","f5","meningothelial tumor;meningioma","meningioma","","Brain_CNS","<a href='https://discovery.nci.nih.gov/cell-lines/cellminercdb/f5_cvcl_v616.html' target='_blank'>details</a>"
"355","fadu","upper_aerodigestive_tract: squamous_cell_carcinoma;HNSC;Head_Neck;upper_aerodigestive_tract;aero_dig_tract","Head_Neck","Head_Neck Squamous;upper_aerodigestive_squamous","","","","FaDu;FADU","ccle;gdscDec15;prism;achilles;mdaMills;gdsc1;gdsc2","FaDu","CVCL_1218","fadu","head neck squamous;upper aerodigestive squamous","","","Head_Neck","<a href='https://discovery.nci.nih.gov/cell-lines/cellminercdb/fadu_cvcl_1218.html' target='_blank'>details</a>"
"356","farage","blood;lymphoma","Blood","","","","","Farage;FARAGE","gdscDec15;mdaMills;gdsc1;gdsc2","Farage","CVCL_3302","farage","","","","Blood","<a href='https://discovery.nci.nih.gov/cell-lines/cellminercdb/farage_cvcl_3302.html' target='_blank'>details</a>"
"357","fe-pd","Anaplastic large cell lymphoma, ALK-negative","Lymph","","","","","FE-PD","ancats","FE-PD","CVCL_H614","fe-pd","","","","Lymph","<a href='https://discovery.nci.nih.gov/cell-lines/cellminercdb/fe-pd_cvcl_h614.html' target='_blank'>details</a>"
"358","flo-1","oesophagus;aero_dig_tract","Esophagus_Stomach","esophagus_adenocarcinoma","","","","FLO-1;FLO1","gdscDec15;achilles;gdsc1;gdsc2","FLO-1","CVCL_2045","flo-1","esophagus adenocarcinoma","","","Esophagus_Stomach","<a href='https://discovery.nci.nih.gov/cell-lines/cellminercdb/flo-1_cvcl_2045.html' target='_blank'>details</a>"
"359","fr4","Plasma cell myeloma","Blood","","","","","FR4","ancats","FR4","CVCL_M505","fr4","","","","Blood","<a href='https://discovery.nci.nih.gov/cell-lines/cellminercdb/fr4_cvcl_m505.html' target='_blank'>details</a>"
"360","ftc-133","thyroid: follicular_carcinoma;THCA;Thyroid;thyroid","Thyroid","Follicular Thyroid Cancer (THFO);Thyroid Carcinoma;thyroid_carcinoma","Anaplastic;anaplastic","","","FTC-133;FTC133","ccle;gdscDec15;prism;achilles;gdsc1;gdsc2","FTC-133","CVCL_1219","ftc-133","follicular thyroid cancer;thyroid carcinoma","anaplastic","","Thyroid","<a href='https://discovery.nci.nih.gov/cell-lines/cellminercdb/ftc-133_cvcl_1219.html' target='_blank'>details</a>"
"361","ftc-238","thyroid: follicular_carcinoma;Thyroid","Thyroid","Follicular Thyroid Cancer (THFO);Thyroid Carcinoma","Follicular","","","FTC-238;FTC238","ccle;prism","FTC-238","CVCL_2447","ftc-238","follicular thyroid cancer;thyroid carcinoma","follicular","","Thyroid","<a href='https://discovery.nci.nih.gov/cell-lines/cellminercdb/ftc-238_cvcl_2447.html' target='_blank'>details</a>"
"362","fu-ov-1","ovary: serous_carcinoma;OV;urogenital_system","Ovary","Ovarian Epithelial Tumor (OVT)","Serous Ovarian Cancer (SOC)","","","FU-OV-1;FUOV1","ccle;gdscDec15;mdaMills;gdsc1;gdsc2","FU-OV-1","CVCL_2047","fu-ov-1","ovarian epithelial tumor","serous ovarian cancer","","Ovary","<a href='https://discovery.nci.nih.gov/cell-lines/cellminercdb/fu-ov-1_cvcl_2047.html' target='_blank'>details</a>"
"363","fu97","stomach: diffuse_adenocarcinoma;STAD;stomach;digestive_system","Esophagus_Stomach","Esophagogastric Adenocarcinoma (EGC);gastric_adenocarcinoma","Stomach Adenocarcinoma (STAD);diffuse_gastric","","","FU97","ccle;gdscDec15;achilles;mdaMills;gdsc1;gdsc2","Fu97","CVCL_2908","fu97","esophagogastric adenocarcinoma;gastric adenocarcinoma","stomach adenocarcinoma;diffuse gastric","","Esophagus_Stomach","<a href='https://discovery.nci.nih.gov/cell-lines/cellminercdb/fu97_cvcl_2908.html' target='_blank'>details</a>"
"364","g-292-clone-a141b1","bone: osteosarcoma;Bone;bone;Osteosarcoma","Bone","Osteosarcoma (OS);Osteosarcoma;osteosarcoma;sarcoma","","","","G-292, clone A141B1;G-292-Clone-A141B1;G292CLONEA141B1;G292;G-292 clone A141B1","ccle;gdscDec15;prism;achilles;mdaMills;gdsc1;gdsc2;ancats","G-292 clone A141B1","CVCL_2909","g-292-clone-a141b1","osteosarcoma;sarcoma","","","Bone","<a href='https://discovery.nci.nih.gov/cell-lines/cellminercdb/g-292-clone-a141b1_cvcl_2909.html' target='_blank'>details</a>"
"365","g-361","skin: malignant_melanoma;SKCM;Skin;skin","Skin","Melanoma (MEL);Melanoma","","","","G-361;G361","ccle;gdscDec15;prism;mdaMills;gdsc1;gdsc2","G-361","CVCL_1220","g-361","melanoma","","","Skin","<a href='https://discovery.nci.nih.gov/cell-lines/cellminercdb/g-361_cvcl_1220.html' target='_blank'>details</a>"
"366","g-401","soft_tissue: rhabdoid_tumour;OTHER;Kidney;kidney","Soft_Tissue;Kidney","Malignant Rhabdoid Tumor;malignant_rhabdoid_tumor","","","","G-401;G401","ccle;gdscDec15;prism;achilles;gdsc1;gdsc2","G-401","CVCL_0270","g-401","malignant rhabdoid tumor","","","Soft_Tissue;Kidney","<a href='https://discovery.nci.nih.gov/cell-lines/cellminercdb/g-401_cvcl_0270.html' target='_blank'>details</a>"
"367","g-402","soft_tissue: rhabdoid_tumour;Soft Tissue;kidney;soft_tissue","Soft_Tissue;Kidney","Malignant Rhabdoid Tumor;malignant_rhabdoid_tumor","Renal Leiomyoblastoma;renal_leiomyoblastoma","","","G-402;G402","ccle;gdscDec15;prism;achilles;gdsc1;gdsc2","G-402","CVCL_1221","g-402","malignant rhabdoid tumor","renal leiomyoblastoma","","Soft_Tissue;Kidney","<a href='https://discovery.nci.nih.gov/cell-lines/cellminercdb/g-402_cvcl_1221.html' target='_blank'>details</a>"
"368","g-mel","SKCM;skin","Skin","","","","","G-MEL","gdscDec15;gdsc1;gdsc2","G-mel","CVCL_W798","g-mel","","","","Skin","<a href='https://discovery.nci.nih.gov/cell-lines/cellminercdb/g-mel_cvcl_w798.html' target='_blank'>details</a>"
"369","ga-10","haematopoietic_and_lymphoid_tissue: Burkitt_lymphoma;lymphoma","Lymph;Blood","Non-Hodgkin's Lymphoma (NHL)","B-Cell Lymphoma (BCL)","Burkitt Lymphoma (BL)","","GA-10","ccle;gdscDec15;gdsc1;gdsc2","GA-10","CVCL_1222","ga-10","non-hodgkin's lymphoma","b-cell lymphoma","burkitt lymphoma","Lymph;Blood","<a href='https://discovery.nci.nih.gov/cell-lines/cellminercdb/ga-10_cvcl_1222.html' target='_blank'>details</a>"
"370","gak","SKCM;skin","Skin","Melanoma (MEL)","","","","GAK","gdscDec15;gdsc1;gdsc2","GAK","CVCL_1225","gak","melanoma","","","Skin","<a href='https://discovery.nci.nih.gov/cell-lines/cellminercdb/gak_cvcl_1225.html' target='_blank'>details</a>"
"371","gamg","central_nervous_system: glioma;CANNOT_CLASSIFY;Central Nervous System;central_nervous_system;nervous_system","Brain_CNS","Glioma;glioma","Glioblastoma;glioblastoma","","","GAMG","ccle;gdscDec15;prism;achilles;gdsc1;gdsc2","GaMG","CVCL_1226","gamg","glioma","glioblastoma","","Brain_CNS","<a href='https://discovery.nci.nih.gov/cell-lines/cellminercdb/gamg_cvcl_1226.html' target='_blank'>details</a>"
"372","gb-1","central_nervous_system: astrocytoma_Grade_IV;GBM;Central Nervous System;central_nervous_system;nervous_system","Brain_CNS","Diffuse Glioma (DIFG);Glioma;glioma","Astrocytoma (ASTR);Glioblastoma;glioblastoma","","","GB-1;GB1","ccle;gdscDec15;prism;achilles;gdsc1;gdsc2","GB-1","CVCL_1227","gb-1","diffuse glioma;glioma","astrocytoma;glioblastoma","","Brain_CNS","<a href='https://discovery.nci.nih.gov/cell-lines/cellminercdb/gb-1_cvcl_1227.html' target='_blank'>details</a>"
"373","gciy","stomach: adenocarcinoma;STAD;Gastric;ascites;digestive_system","Esophagus_Stomach","Esophagogastric Adenocarcinoma (EGC);Gastric Adenocarcinoma;gastric_adenocarcinoma","Stomach Adenocarcinoma (STAD);","","","GCIY","ccle;gdscDec15;prism;achilles;gdsc1;gdsc2","GCIY","CVCL_1228","gciy","esophagogastric adenocarcinoma;gastric adenocarcinoma","stomach adenocarcinoma;","","Esophagus_Stomach","<a href='https://discovery.nci.nih.gov/cell-lines/cellminercdb/gciy_cvcl_1228.html' target='_blank'>details</a>"
"374","gct","soft_tissue: malignant_fibrous_histiocytoma-pleomorphic_sarcoma;Soft Tissue;soft_tissue","Soft_Tissue","Undifferentiated Pleomorphic Sarcoma / Malignant Fibrous Histiocytoma / High Grade Spindle Cell Sarcoma (MFH);Pleomorphic Sarcoma;pleomorphic_sarcoma","","","","GCT","ccle;gdscDec15;prism;achilles;gdsc1;gdsc2","GCT","CVCL_1229","gct","undifferentiated pleomorphic sarcoma / malignant fibrous histiocytoma / high grade spindle cell sarcoma;pleomorphic sarcoma","","","Soft_Tissue","<a href='https://discovery.nci.nih.gov/cell-lines/cellminercdb/gct_cvcl_1229.html' target='_blank'>details</a>"
"375","gdm-1","haematopoietic_and_lymphoid_tissue: acute_myeloid_leukaemia;LAML;leukemia;Adult acute myeloid leukemia","Blood","Leukemia (LEUK)","Acute Myeloid Leukemia (AML)","","","GDM-1","ccle;gdscDec15;gdsc1;gdsc2;ancats","GDM-1","CVCL_1230","gdm-1","leukemia","acute myeloid leukemia","","Blood","<a href='https://discovery.nci.nih.gov/cell-lines/cellminercdb/gdm-1_cvcl_1230.html' target='_blank'>details</a>"
"376","geo","","Bowel","Colorectal Adenocarcinoma (COADREAD)","","","","Geo","gdscDec15","GEO","CVCL_0271","geo","colorectal adenocarcinoma","","","Bowel","<a href='https://discovery.nci.nih.gov/cell-lines/cellminercdb/geo_cvcl_0271.html' target='_blank'>details</a>"
"377","gi-1","central_nervous_system: gliosarcoma;OTHER;Central Nervous System;central_nervous_system;nervous_system","Brain_CNS","Diffuse Glioma (DIFG);Glioma;glioma","Glioblastoma (GB);Glioblastoma;glioblastoma","Gliosarcoma (GSARC);","","GI-1;GI1","ccle;gdscDec15;prism;achilles;gdsc1;gdsc2","GI-1","CVCL_1231","gi-1","diffuse glioma;glioma","glioblastoma","gliosarcoma;","Brain_CNS","<a href='https://discovery.nci.nih.gov/cell-lines/cellminercdb/gi-1_cvcl_1231.html' target='_blank'>details</a>"
"378","gi-me-n","bone_marrow;neuroblastoma","Brain_CNS;Peripheral_Nervous_System","Embryonal Tumor (EMBT);neuroblastoma","Neuroblastoma (NBL)","","","GI-ME-N;GIMEN","gdscDec15;achilles;gdsc1;gdsc2","GI-ME-N","CVCL_1232","gi-me-n","embryonal tumor;neuroblastoma","neuroblastoma","","Brain_CNS;Peripheral_Nervous_System","<a href='https://discovery.nci.nih.gov/cell-lines/cellminercdb/gi-me-n_cvcl_1232.html' target='_blank'>details</a>"
"379","gms-10","central_nervous_system: astrocytoma_Grade_IV;GBM;Central Nervous System","Brain_CNS","Diffuse Glioma (DIFG);Glioma","Astrocytoma (ASTR);Glioblastoma","","","GMS-10;GMS10","ccle;gdscDec15;prism","GMS-10","CVCL_1233","gms-10","diffuse glioma;glioma","astrocytoma;glioblastoma","","Brain_CNS","<a href='https://discovery.nci.nih.gov/cell-lines/cellminercdb/gms-10_cvcl_1233.html' target='_blank'>details</a>"
"380","gos-3","central_nervous_system: astrocytoma;Central Nervous System","Brain_CNS","Diffuse Glioma (DIFG);Glioma","Astrocytoma (ASTR);Glioblastoma","","","GOS-3;GOS3","ccle;prism","GOS-3","CVCL_2050","gos-3","diffuse glioma;glioma","astrocytoma;glioblastoma","","Brain_CNS","<a href='https://discovery.nci.nih.gov/cell-lines/cellminercdb/gos-3_cvcl_2050.html' target='_blank'>details</a>"
"381","goto","neuroblastoma","Brain_CNS","Embryonal Tumor (EMBT)","Neuroblastoma (NBL)","","","GOTO","gdscDec15;gdsc1;gdsc2","GOTO","CVCL_1234","goto","embryonal tumor","neuroblastoma","","Brain_CNS","<a href='https://discovery.nci.nih.gov/cell-lines/cellminercdb/goto_cvcl_1234.html' target='_blank'>details</a>"
"382","gp2d","large_intestine: adenocarcinoma;Colorectal","Bowel","Colorectal Adenocarcinoma (COADREAD);Colorectal Adenocarcinoma","","MSI","","GP2d;GP2D","ccle;prism","GP2d","CVCL_2450","gp2d","colorectal adenocarcinoma","","msi","Bowel","<a href='https://discovery.nci.nih.gov/cell-lines/cellminercdb/gp2d_cvcl_2450.html' target='_blank'>details</a>"
"383","gp5d","Colon;colon;large_intestine","Bowel","colorectal_adenocarcinoma","","","","GP5d;GP5D","gdscDec15;achilles;mdaMills;gdsc1;gdsc2","GP5d","CVCL_1235","gp5d","colorectal adenocarcinoma","","","Bowel","<a href='https://discovery.nci.nih.gov/cell-lines/cellminercdb/gp5d_cvcl_1235.html' target='_blank'>details</a>"
"384","gr-m","skin: malignant_melanoma","Skin","Melanoma (MEL)","","","","GR-M","ccle","GR-M","CVCL_2451","gr-m","melanoma","","","Skin","<a href='https://discovery.nci.nih.gov/cell-lines/cellminercdb/gr-m_cvcl_2451.html' target='_blank'>details</a>"
"385","gr-st","leukemia","Blood","Leukemia (LEUK)","","","","GR-ST","gdscDec15;gdsc1;gdsc2","GR-ST","CVCL_1236","gr-st","leukemia","","","Blood","<a href='https://discovery.nci.nih.gov/cell-lines/cellminercdb/gr-st_cvcl_1236.html' target='_blank'>details</a>"
"386","granta-519","haematopoietic_and_lymphoid_tissue: mantle_cell_lymphoma;lymphoma","Lymph;Blood","Non-Hodgkin's Lymphoma (NHL)","B-Cell Lymphoma (BCL)","Mantle Cell Lymphoma (MCL)","","GRANTA-519;GRANTA519","ccle;gdscDec15;mdaMills;gdsc1;gdsc2","Granta-519","CVCL_1818","granta-519","non-hodgkin's lymphoma","b-cell lymphoma","mantle cell lymphoma","Lymph;Blood","<a href='https://discovery.nci.nih.gov/cell-lines/cellminercdb/granta-519_cvcl_1818.html' target='_blank'>details</a>"
"387","gss","stomach: adenocarcinoma;liver","Esophagus_Stomach","Esophagogastric Adenocarcinoma (EGC);gastric_adenocarcinoma","Stomach Adenocarcinoma (STAD)","","","GSS","ccle;achilles","GSS","CVCL_8876","gss","esophagogastric adenocarcinoma;gastric adenocarcinoma","stomach adenocarcinoma","","Esophagus_Stomach","<a href='https://discovery.nci.nih.gov/cell-lines/cellminercdb/gss_cvcl_8876.html' target='_blank'>details</a>"
"388","gsu","stomach: adenocarcinoma;ascites","Esophagus_Stomach","Esophagogastric Adenocarcinoma (EGC);gastric_adenocarcinoma","Stomach Adenocarcinoma (STAD)","","","GSU","ccle;achilles","GSU","CVCL_8877","gsu","esophagogastric adenocarcinoma;gastric adenocarcinoma","stomach adenocarcinoma","","Esophagus_Stomach","<a href='https://discovery.nci.nih.gov/cell-lines/cellminercdb/gsu_cvcl_8877.html' target='_blank'>details</a>"
"389","gt3tkb","STAD","Esophagus_Stomach","","","","","GT3TKB","gdscDec15","GT3TKB","CVCL_1237","gt3tkb","","","","Esophagus_Stomach","<a href='https://discovery.nci.nih.gov/cell-lines/cellminercdb/gt3tkb_cvcl_1237.html' target='_blank'>details</a>"
"390","h-emc-ss","bone","Other","","","","","H-EMC-SS","gdscDec15;gdsc1;gdsc2","H-EMC-SS","CVCL_1238","h-emc-ss","","","","Other","<a href='https://discovery.nci.nih.gov/cell-lines/cellminercdb/h-emc-ss_cvcl_1238.html' target='_blank'>details</a>"
"391","h103","upper_aerodigestive_tract","Head_Neck","upper_aerodigestive_squamous","buccal_mucosa","","","H103","achilles","H103","CVCL_2457","h103","upper aerodigestive squamous","buccal mucosa","","Head_Neck","<a href='https://discovery.nci.nih.gov/cell-lines/cellminercdb/h103_cvcl_2457.html' target='_blank'>details</a>"
"392","h357","upper_aerodigestive_tract","Head_Neck","upper_aerodigestive_squamous","tongue","","","H357","achilles","H357","CVCL_2462","h357","upper aerodigestive squamous","tongue","","Head_Neck","<a href='https://discovery.nci.nih.gov/cell-lines/cellminercdb/h357_cvcl_2462.html' target='_blank'>details</a>"
"393","h376","upper_aerodigestive_tract","Head_Neck","upper_aerodigestive_squamous","oral","","","H376","achilles","H376","CVCL_2463","h376","upper aerodigestive squamous","oral","","Head_Neck","<a href='https://discovery.nci.nih.gov/cell-lines/cellminercdb/h376_cvcl_2463.html' target='_blank'>details</a>"
"394","h4","central_nervous_system: glioma;CANNOT_CLASSIFY;Central Nervous System;central_nervous_system;nervous_system","Brain_CNS","Glioma;glioma","","","","H4","ccle;gdscDec15;prism;achilles;gdsc1;gdsc2","H4","CVCL_1239","h4","glioma","","","Brain_CNS","<a href='https://discovery.nci.nih.gov/cell-lines/cellminercdb/h4_cvcl_1239.html' target='_blank'>details</a>"
"395","h413","upper_aerodigestive_tract","Head_Neck","upper_aerodigestive_squamous","buccal_mucosa","","","H413","achilles","H413","CVCL_2465","h413","upper aerodigestive squamous","buccal mucosa","","Head_Neck","<a href='https://discovery.nci.nih.gov/cell-lines/cellminercdb/h413_cvcl_2465.html' target='_blank'>details</a>"
"396","h9","lymphoma","Lymph","","","","","H9","gdscDec15;gdsc1;gdsc2","H9","CVCL_1240","h9","","","","Lymph","<a href='https://discovery.nci.nih.gov/cell-lines/cellminercdb/h9_cvcl_1240.html' target='_blank'>details</a>"
"397","ha7-rcc","KIRC;kidney","Kidney","Renal Cell Carcinoma (RCC)","","","","HA7-RCC","gdscDec15;gdsc1;gdsc2","HA7-RCC","CVCL_1241","ha7-rcc","renal cell carcinoma","","","Kidney","<a href='https://discovery.nci.nih.gov/cell-lines/cellminercdb/ha7-rcc_cvcl_1241.html' target='_blank'>details</a>"
"398","hal-01","leukemia","Blood","Leukemia (LEUK)","","","","HAL-01","gdscDec15;gdsc1;gdsc2","HAL-01","CVCL_1242","hal-01","leukemia","","","Blood","<a href='https://discovery.nci.nih.gov/cell-lines/cellminercdb/hal-01_cvcl_1242.html' target='_blank'>details</a>"
"399","hara","lung: squamous_cell_carcinoma;LUSC;Lung;pleural_effusion;lung_NSCLC","Lung","Non-Small Cell Lung Cancer (NSCLC);NSCLC","Lung Squamous Cell Carcinoma (LUSC);NSCLC Squamous;NSCLC_squamous","","","HARA","ccle;gdscDec15;prism;achilles;gdsc1;gdsc2","HARA","CVCL_2914","hara","non-small cell lung cancer;nsclc","lung squamous cell carcinoma;nsclc squamous","","Lung","<a href='https://discovery.nci.nih.gov/cell-lines/cellminercdb/hara_cvcl_2914.html' target='_blank'>details</a>"
"400","hb-cls-1","bladder","Bladder_Urinary_Tract","","","","","HBCLS1","mdaMills","HB-CLS-1","CVCL_6213","hb-cls-1","","","","Bladder_Urinary_Tract","<a href='https://discovery.nci.nih.gov/cell-lines/cellminercdb/hb-cls-1_cvcl_6213.html' target='_blank'>details</a>"
"401","hb-cls-2","bladder","Bladder_Urinary_Tract","","","","","HBCLS2","mdaMills","HB-CLS-2","CVCL_6214","hb-cls-2","","","","Bladder_Urinary_Tract","<a href='https://discovery.nci.nih.gov/cell-lines/cellminercdb/hb-cls-2_cvcl_6214.html' target='_blank'>details</a>"
"402","hb1119","haematopoietic_and_lymphoid_tissue","Blood","ALL","b_cell","","","HB1119","achilles","HB11;19","CVCL_8227","hb1119","all","b cell","","Blood","<a href='https://discovery.nci.nih.gov/cell-lines/cellminercdb/hb1119_cvcl_8227.html' target='_blank'>details</a>"
"403","hbl-1-human-diffuse-large-b-cell-lymphoma","Diffuse large B-cell lymphoma activated B-cell type","Lymph","","","","","HBL-1 [Human diffuse large B-cell lymphoma]","ancats","HBL-1 [Human diffuse large B-cell lymphoma]","CVCL_4213","hbl-1-human-diffuse-large-b-cell-lymphoma","","","","Lymph","<a href='https://discovery.nci.nih.gov/cell-lines/cellminercdb/hbl-1-human-diffuse-large-b-cell-lymphoma_cvcl_4213.html' target='_blank'>details</a>"
"404","hc-1","leukemia","Blood","Leukemia (LEUK)","Hairy Cell Leukemia (HCL)","","","HC-1","gdscDec15;gdsc1;gdsc2","HC-1","CVCL_1243","hc-1","leukemia","hairy cell leukemia","","Blood","<a href='https://discovery.nci.nih.gov/cell-lines/cellminercdb/hc-1_cvcl_1243.html' target='_blank'>details</a>"
"405","hca1","cervix","Cervix","cervical_adenocarcinoma","endocervical","","","HCA1","achilles","HCA1","CVCL_2916","hca1","cervical adenocarcinoma","endocervical","","Cervix","<a href='https://discovery.nci.nih.gov/cell-lines/cellminercdb/hca1_cvcl_2916.html' target='_blank'>details</a>"
"406","hcc-56","large_intestine: adenocarcinoma;Colorectal;large_intestine","Bowel","Colorectal Adenocarcinoma (COADREAD);Colorectal Adenocarcinoma;colorectal_adenocarcinoma","","","","HCC-56;HCC56","ccle;gdscDec15;prism;achilles","HCC-56","CVCL_2917","hcc-56","colorectal adenocarcinoma","","","Bowel","<a href='https://discovery.nci.nih.gov/cell-lines/cellminercdb/hcc-56_cvcl_2917.html' target='_blank'>details</a>"
"407","hcc1143","breast: ductal_carcinoma;Breast;breast","Breast","Breast Carcinoma (BRCA);Breast Ductal Carcinoma;breast_ductal_carcinoma","Breast Invasive Ductal Carcinoma (IDC);ERneg HER2neg;ERneg_HER2neg","Basal A","Breast Triple Negative","HCC1143","ccle;gdscDec15;prism;achilles;mdaMills;gdsc1;gdsc2","HCC1143","CVCL_1245","hcc1143","breast carcinoma;breast ductal carcinoma","breast invasive ductal carcinoma;erneg her2neg","basal a","Breast","<a href='https://discovery.nci.nih.gov/cell-lines/cellminercdb/hcc1143_cvcl_1245.html' target='_blank'>details</a>"
"408","hcc1171","lung: non_small_cell_carcinoma","Lung","Non-Small Cell Lung Cancer (NSCLC)","","","","HCC-1171","ccle","HCC1171","CVCL_5126","hcc1171","non-small cell lung cancer","","","Lung","<a href='https://discovery.nci.nih.gov/cell-lines/cellminercdb/hcc1171_cvcl_5126.html' target='_blank'>details</a>"
"409","hcc1187","breast: ductal_carcinoma;BRCA;breast","Breast","Breast Carcinoma (BRCA);breast_ductal_carcinoma","Breast Invasive Ductal Carcinoma (IDC);ERneg_HER2neg","","Breast Triple Negative","HCC1187","ccle;gdscDec15;achilles;mdaMills;gdsc1;gdsc2","HCC1187","CVCL_1247","hcc1187","breast carcinoma;breast ductal carcinoma","breast invasive ductal carcinoma;erneg her2neg","","Breast","<a href='https://discovery.nci.nih.gov/cell-lines/cellminercdb/hcc1187_cvcl_1247.html' target='_blank'>details</a>"
"410","hcc1195","lung: mixed_adenosquamous_carcinoma;Lung","Lung","Non-Small Cell Lung Cancer (NSCLC);NSCLC","NSCLC Adenosquamous","","","HCC-1195;HCC1195","ccle;prism;mdaMills","HCC1195","CVCL_5127","hcc1195","non-small cell lung cancer;nsclc","nsclc adenosquamous","","Lung","<a href='https://discovery.nci.nih.gov/cell-lines/cellminercdb/hcc1195_cvcl_5127.html' target='_blank'>details</a>"
"411","hcc1313","lung","Lung","","","","","HCC1313","mdaMills","HCC1313","CVCL_L087","hcc1313","","","","Lung","<a href='https://discovery.nci.nih.gov/cell-lines/cellminercdb/hcc1313_cvcl_l087.html' target='_blank'>details</a>"
"412","hcc1359","lung: large_cell_carcinoma;Lung;lung","Lung","Non-Small Cell Lung Cancer (NSCLC);NSCLC","NSCLC Large Cell;NSCLC_large_cell","","","HCC-1359;HCC1359","ccle;prism;achilles;mdaMills","HCC1359","CVCL_5128","hcc1359","non-small cell lung cancer;nsclc","nsclc large cell","","Lung","<a href='https://discovery.nci.nih.gov/cell-lines/cellminercdb/hcc1359_cvcl_5128.html' target='_blank'>details</a>"
"413","hcc1395","breast: ductal_carcinoma;breast","Breast","Breast Carcinoma (BRCA);breast_ductal_carcinoma","Breast Invasive Ductal Carcinoma (IDC);ERneg_HER2neg","","Breast Triple Negative","HCC1395","ccle;gdscDec15;achilles;mdaMills;gdsc1;gdsc2","HCC1395","CVCL_1249","hcc1395","breast carcinoma;breast ductal carcinoma","breast invasive ductal carcinoma;erneg her2neg","","Breast","<a href='https://discovery.nci.nih.gov/cell-lines/cellminercdb/hcc1395_cvcl_1249.html' target='_blank'>details</a>"
"414","hcc1419","breast: ductal_carcinoma;BRCA;Breast;breast","Breast","Breast Carcinoma (BRCA);Breast Ductal Carcinoma;breast_ductal_carcinoma","Breast Invasive Ductal Carcinoma (IDC);ERpos HER2pos;ERpos_HER2pos","HER2 Amp","","HCC1419","ccle;gdscDec15;prism;achilles;mdaMills;gdsc1;gdsc2","HCC1419","CVCL_1251","hcc1419","breast carcinoma;breast ductal carcinoma","breast invasive ductal carcinoma;erpos her2pos","her2 amp","Breast","<a href='https://discovery.nci.nih.gov/cell-lines/cellminercdb/hcc1419_cvcl_1251.html' target='_blank'>details</a>"
"415","hcc1428","breast: carcinoma;BRCA;Breast;pleural_effusion;breast","Breast","Breast Carcinoma (BRCA);Breast Carcinoma;breast_carcinoma","ERpos HER2neg;ERpos_HER2neg","Luminal","","HCC1428","ccle;gdscDec15;prism;achilles;mdaMills;gdsc1;gdsc2","HCC1428","CVCL_1252","hcc1428","breast carcinoma","erpos her2neg","luminal","Breast","<a href='https://discovery.nci.nih.gov/cell-lines/cellminercdb/hcc1428_cvcl_1252.html' target='_blank'>details</a>"
"416","hcc1438","lung: large_cell_carcinoma;Lung","Lung","Non-Small Cell Lung Cancer (NSCLC);NSCLC","NSCLC Large Cell","","","HCC-1438;HCC1438","ccle;prism;mdaMills","HCC1438","CVCL_L088","hcc1438","non-small cell lung cancer;nsclc","nsclc large cell","","Lung","<a href='https://discovery.nci.nih.gov/cell-lines/cellminercdb/hcc1438_cvcl_l088.html' target='_blank'>details</a>"
"417","hcc15","lung: squamous_cell_carcinoma;LUSC;Lung;lung;lung_NSCLC","Lung","Non-Small Cell Lung Cancer (NSCLC);NSCLC","Lung Squamous Cell Carcinoma (LUSC);NSCLC Squamous;NSCLC_squamous","","","HCC-15;HCC15","ccle;gdscDec15;prism;achilles;mdaMills;gdsc1;gdsc2","HCC15","CVCL_2057","hcc15","non-small cell lung cancer;nsclc","lung squamous cell carcinoma;nsclc squamous","","Lung","<a href='https://discovery.nci.nih.gov/cell-lines/cellminercdb/hcc15_cvcl_2057.html' target='_blank'>details</a>"
"418","hcc1500","breast: ductal_carcinoma;BRCA;breast","Breast","Breast Carcinoma (BRCA)","Breast Invasive Ductal Carcinoma (IDC)","","","HCC1500","ccle;gdscDec15;mdaMills;gdsc1;gdsc2","HCC1500","CVCL_1254","hcc1500","breast carcinoma","breast invasive ductal carcinoma","","Breast","<a href='https://discovery.nci.nih.gov/cell-lines/cellminercdb/hcc1500_cvcl_1254.html' target='_blank'>details</a>"
"419","hcc1569","breast: metaplastic_carcinoma;BRCA;breast","Breast","Metaplastic Breast Cancer (MBC)","Epithelial Type Metaplastic Breast Cancer (EMBC)","","","HCC1569","ccle;gdscDec15;mdaMills;gdsc1;gdsc2","HCC1569","CVCL_1255","hcc1569","metaplastic breast cancer","epithelial type metaplastic breast cancer","","Breast","<a href='https://discovery.nci.nih.gov/cell-lines/cellminercdb/hcc1569_cvcl_1255.html' target='_blank'>details</a>"
"420","hcc1588","lung: squamous_cell_carcinoma","Lung","Non-Small Cell Lung Cancer (NSCLC)","Lung Squamous Cell Carcinoma (LUSC)","","","HCC-1588","ccle","HCC1588","CVCL_A351","hcc1588","non-small cell lung cancer","lung squamous cell carcinoma","","Lung","<a href='https://discovery.nci.nih.gov/cell-lines/cellminercdb/hcc1588_cvcl_a351.html' target='_blank'>details</a>"
"421","hcc1599","breast: ductal_carcinoma;breast","Breast","Breast Carcinoma (BRCA)","Breast Invasive Ductal Carcinoma (IDC)","","Breast Triple Negative","HCC1599","ccle;gdscDec15;mdaMills;gdsc1;gdsc2","HCC1599","CVCL_1256","hcc1599","breast carcinoma","breast invasive ductal carcinoma","","Breast","<a href='https://discovery.nci.nih.gov/cell-lines/cellminercdb/hcc1599_cvcl_1256.html' target='_blank'>details</a>"
"422","hcc1806","breast: ductal_carcinoma;Breast;breast","Breast","Breast Carcinoma (BRCA);Breast Ductal Carcinoma;breast_ductal_carcinoma","Breast Invasive Ductal Carcinoma (IDC);ERneg HER2neg;ERneg_HER2neg","Basal A","Breast Triple Negative","HCC1806","ccle;gdscDec15;prism;achilles;mdaMills;gdsc1;gdsc2","HCC1806","CVCL_1258","hcc1806","breast carcinoma;breast ductal carcinoma","breast invasive ductal carcinoma;erneg her2neg","basal a","Breast","<a href='https://discovery.nci.nih.gov/cell-lines/cellminercdb/hcc1806_cvcl_1258.html' target='_blank'>details</a>"
"423","hcc1833","lung: adenocarcinoma","Lung","Non-Small Cell Lung Cancer (NSCLC)","Lung Adenocarcinoma (LUAD)","","","HCC-1833;HCC1833","ccle;mdaMills","HCC1833","CVCL_5129","hcc1833","non-small cell lung cancer","lung adenocarcinoma","","Lung","<a href='https://discovery.nci.nih.gov/cell-lines/cellminercdb/hcc1833_cvcl_5129.html' target='_blank'>details</a>"
"424","hcc1897","lung: squamous_cell_carcinoma","Lung","Non-Small Cell Lung Cancer (NSCLC)","Lung Squamous Cell Carcinoma (LUSC)","","","HCC-1897;HCC1897","ccle;mdaMills","HCC1897","CVCL_V578","hcc1897","non-small cell lung cancer","lung squamous cell carcinoma","","Lung","<a href='https://discovery.nci.nih.gov/cell-lines/cellminercdb/hcc1897_cvcl_v578.html' target='_blank'>details</a>"
"425","hcc193","lung","Lung","","","","","HCC193","mdaMills","HCC193","CVCL_5130","hcc193","","","","Lung","<a href='https://discovery.nci.nih.gov/cell-lines/cellminercdb/hcc193_cvcl_5130.html' target='_blank'>details</a>"
"426","hcc1937","breast: ductal_carcinoma;Breast;breast;Ductal breast carcinoma","Breast","Breast Carcinoma (BRCA);Breast Ductal Carcinoma;breast_ductal_carcinoma","Breast Invasive Ductal Carcinoma (IDC);ERneg HER2neg;ERneg_HER2neg","Basal A","Breast Triple Negative","HCC1937","ccle;gdscDec15;prism;achilles;mdaMills;gdsc1;gdsc2;ancats","HCC1937","CVCL_0290","hcc1937","breast carcinoma;breast ductal carcinoma","breast invasive ductal carcinoma;erneg her2neg","basal a","Breast","<a href='https://discovery.nci.nih.gov/cell-lines/cellminercdb/hcc1937_cvcl_0290.html' target='_blank'>details</a>"
"427","hcc1954","breast: ductal_carcinoma;BRCA;breast","Breast","Breast Carcinoma (BRCA);breast_ductal_carcinoma","Breast Invasive Ductal Carcinoma (IDC);ERneg_HER2pos","","","HCC1954","ccle;gdscDec15;achilles;mdaMills;gdsc1;gdsc2","HCC1954","CVCL_1259","hcc1954","breast carcinoma;breast ductal carcinoma","breast invasive ductal carcinoma;erneg her2pos","","Breast","<a href='https://discovery.nci.nih.gov/cell-lines/cellminercdb/hcc1954_cvcl_1259.html' target='_blank'>details</a>"
"428","hcc202","breast: ductal_carcinoma;BRCA;breast","Breast","Breast Carcinoma (BRCA);breast_ductal_carcinoma","Breast Invasive Ductal Carcinoma (IDC);ERneg_HER2pos","","","HCC202","ccle;gdscDec15;achilles;mdaMills;gdsc1;gdsc2","HCC202","CVCL_2062","hcc202","breast carcinoma;breast ductal carcinoma","breast invasive ductal carcinoma;erneg her2pos","","Breast","<a href='https://discovery.nci.nih.gov/cell-lines/cellminercdb/hcc202_cvcl_2062.html' target='_blank'>details</a>"
"429","hcc2108","lung: adenocarcinoma","Lung","Non-Small Cell Lung Cancer (NSCLC)","Lung Adenocarcinoma (LUAD)","","","HCC-2108;HCC2108","ccle;mdaMills","HCC2108","CVCL_A352","hcc2108","non-small cell lung cancer","lung adenocarcinoma","","Lung","<a href='https://discovery.nci.nih.gov/cell-lines/cellminercdb/hcc2108_cvcl_a352.html' target='_blank'>details</a>"
"430","hcc2157","breast: ductal_carcinoma;BRCA;breast","Breast","Breast Carcinoma (BRCA)","Breast Invasive Ductal Carcinoma (IDC)","","Breast Triple Negative","HCC2157","ccle;gdscDec15;gdsc1;gdsc2","HCC2157","CVCL_1261","hcc2157","breast carcinoma","breast invasive ductal carcinoma","","Breast","<a href='https://discovery.nci.nih.gov/cell-lines/cellminercdb/hcc2157_cvcl_1261.html' target='_blank'>details</a>"
"431","hcc2218","breast: ductal_carcinoma;BRCA;breast","Breast","Breast Carcinoma (BRCA)","Breast Invasive Ductal Carcinoma (IDC)","","","HCC2218","ccle;gdscDec15;mdaMills;gdsc1;gdsc2","HCC2218","CVCL_1263","hcc2218","breast carcinoma","breast invasive ductal carcinoma","","Breast","<a href='https://discovery.nci.nih.gov/cell-lines/cellminercdb/hcc2218_cvcl_1263.html' target='_blank'>details</a>"
"432","hcc2279","lung: adenocarcinoma","Lung","Non-Small Cell Lung Cancer (NSCLC)","Lung Adenocarcinoma (LUAD)","","","HCC-2279;HCC2279","ccle;mdaMills","HCC2279","CVCL_5131","hcc2279","non-small cell lung cancer","lung adenocarcinoma","","Lung","<a href='https://discovery.nci.nih.gov/cell-lines/cellminercdb/hcc2279_cvcl_5131.html' target='_blank'>details</a>"
"433","hcc2374","lung","Lung","","","","","HCC2374","mdaMills","HCC2374","CVCL_A353","hcc2374","","","","Lung","<a href='https://discovery.nci.nih.gov/cell-lines/cellminercdb/hcc2374_cvcl_a353.html' target='_blank'>details</a>"
"434","hcc2429","Lung;lung","Lung","NSCLC","","","","HCC2429","ccle;achilles;mdaMills","HCC2429","CVCL_5132","hcc2429","nsclc","","","Lung","<a href='https://discovery.nci.nih.gov/cell-lines/cellminercdb/hcc2429_cvcl_5132.html' target='_blank'>details</a>"
"435","hcc2450","Lung;lung","Lung","NSCLC","NSCLC_squamous","","","HCC2450","ccle;achilles;mdaMills","HCC2450","CVCL_5133","hcc2450","nsclc","nsclc squamous","","Lung","<a href='https://discovery.nci.nih.gov/cell-lines/cellminercdb/hcc2450_cvcl_5133.html' target='_blank'>details</a>"
"436","hcc2814","lung: squamous_cell_carcinoma","Lung","Non-Small Cell Lung Cancer (NSCLC)","Lung Squamous Cell Carcinoma (LUSC)","","","HCC-2814;HCC2814","ccle;mdaMills","HCC2814","CVCL_V586","hcc2814","non-small cell lung cancer","lung squamous cell carcinoma","","Lung","<a href='https://discovery.nci.nih.gov/cell-lines/cellminercdb/hcc2814_cvcl_v586.html' target='_blank'>details</a>"
"437","hcc2935","lung: non_small_cell_carcinoma;pleural_effusion","Lung","Non-Small Cell Lung Cancer (NSCLC);NSCLC","NSCLC_adenocarcinoma","","","HCC2935","ccle;achilles","HCC2935","CVCL_1265","hcc2935","non-small cell lung cancer;nsclc","nsclc adenocarcinoma","","Lung","<a href='https://discovery.nci.nih.gov/cell-lines/cellminercdb/hcc2935_cvcl_1265.html' target='_blank'>details</a>"
"438","hcc2998","colon;large_intestine","Bowel","","","","","CO:HCC-2998;HCC2998","nci60;gdscDec15;mdaMills;gdsc1;gdsc2","HCC2998","CVCL_1266","hcc2998","","","","Bowel","<a href='https://discovery.nci.nih.gov/cell-lines/cellminercdb/hcc2998_cvcl_1266.html' target='_blank'>details</a>"
"439","hcc3051","lung","Lung","","","","","HCC3051","mdaMills","HCC3051","CVCL_V582","hcc3051","","","","Lung","<a href='https://discovery.nci.nih.gov/cell-lines/cellminercdb/hcc3051_cvcl_v582.html' target='_blank'>details</a>"
"440","hcc33","lung: small_cell_carcinoma;NOT_TCGA;lung_SCLC","Lung","Small Cell Lung Cancer (SCLC)","","","","HCC-33","ccle;gdscDec15;gdsc1;gdsc2","HCC33","CVCL_2058","hcc33","small cell lung cancer","","","Lung","<a href='https://discovery.nci.nih.gov/cell-lines/cellminercdb/hcc33_cvcl_2058.html' target='_blank'>details</a>"
"441","hcc364","lung: adenocarcinoma","Lung","Non-Small Cell Lung Cancer (NSCLC)","Lung Adenocarcinoma (LUAD)","","","HCC364","ccle;mdaMills","HCC364","CVCL_5134","hcc364","non-small cell lung cancer","lung adenocarcinoma","","Lung","<a href='https://discovery.nci.nih.gov/cell-lines/cellminercdb/hcc364_cvcl_5134.html' target='_blank'>details</a>"
"442","hcc366","lung: mixed_adenosquamous_carcinoma;Lung;lung;lung_NSCLC","Lung","Non-Small Cell Lung Cancer (NSCLC);NSCLC","NSCLC Adenosquamous;NSCLC_adenosquamous","","","HCC-366;HCC366","ccle;gdscDec15;prism;achilles;mdaMills;gdsc1;gdsc2","HCC366","CVCL_2059","hcc366","non-small cell lung cancer;nsclc","nsclc adenosquamous","","Lung","<a href='https://discovery.nci.nih.gov/cell-lines/cellminercdb/hcc366_cvcl_2059.html' target='_blank'>details</a>"
"443","hcc38","breast: ductal_carcinoma;BRCA;Breast;breast","Breast","Breast Carcinoma (BRCA);Breast Ductal Carcinoma;breast_ductal_carcinoma","Breast Invasive Ductal Carcinoma (IDC);ERneg HER2neg;ERneg_HER2neg","Basal A","Breast Triple Negative","HCC38","ccle;gdscDec15;prism;achilles;mdaMills;gdsc1;gdsc2","HCC38","CVCL_1267","hcc38","breast carcinoma;breast ductal carcinoma","breast invasive ductal carcinoma;erneg her2neg","basal a","Breast","<a href='https://discovery.nci.nih.gov/cell-lines/cellminercdb/hcc38_cvcl_1267.html' target='_blank'>details</a>"
"444","hcc4006","lung: adenocarcinoma;Lung","Lung","Non-Small Cell Lung Cancer (NSCLC);NSCLC","Lung Adenocarcinoma (LUAD);NSCLC Adenocarcinoma","","","HCC4006","ccle;prism","HCC4006","CVCL_1269","hcc4006","non-small cell lung cancer;nsclc","lung adenocarcinoma;nsclc adenocarcinoma","","Lung","<a href='https://discovery.nci.nih.gov/cell-lines/cellminercdb/hcc4006_cvcl_1269.html' target='_blank'>details</a>"
"445","hcc4011","lung","Lung","","","","","HCC4011","mdaMills","HCC4011","CVCL_S700","hcc4011","","","","Lung","<a href='https://discovery.nci.nih.gov/cell-lines/cellminercdb/hcc4011_cvcl_s700.html' target='_blank'>details</a>"
"446","hcc4017","lung","Lung","","","","","HCC4017","mdaMills","HCC4017","CVCL_V579","hcc4017","","","","Lung","<a href='https://discovery.nci.nih.gov/cell-lines/cellminercdb/hcc4017_cvcl_v579.html' target='_blank'>details</a>"
"447","hcc4018","lung","Lung","","","","","HCC4018","mdaMills","HCC4018","CVCL_V580","hcc4018","","","","Lung","<a href='https://discovery.nci.nih.gov/cell-lines/cellminercdb/hcc4018_cvcl_v580.html' target='_blank'>details</a>"
"448","hcc4019","lung","Lung","","","","","HCC4019","mdaMills","HCC4019","CVCL_V581","hcc4019","","","","Lung","<a href='https://discovery.nci.nih.gov/cell-lines/cellminercdb/hcc4019_cvcl_v581.html' target='_blank'>details</a>"
"449","hcc44","lung: adenocarcinoma;LUAD;Lung;lung;lung_NSCLC","Lung","Non-Small Cell Lung Cancer (NSCLC);NSCLC","Lung Adenocarcinoma (LUAD);NSCLC Adenocarcinoma;NSCLC_adenocarcinoma","","","HCC-44;HCC44","ccle;gdscDec15;prism;achilles;gdsc1;gdsc2","HCC44","CVCL_2060","hcc44","non-small cell lung cancer;nsclc","lung adenocarcinoma;nsclc adenocarcinoma","","Lung","<a href='https://discovery.nci.nih.gov/cell-lines/cellminercdb/hcc44_cvcl_2060.html' target='_blank'>details</a>"
"450","hcc461","Lung;lung","Lung","NSCLC","NSCLC_adenocarcinoma","","","HCC461","ccle;achilles","HCC461","CVCL_5135","hcc461","nsclc","nsclc adenocarcinoma","","Lung","<a href='https://discovery.nci.nih.gov/cell-lines/cellminercdb/hcc461_cvcl_5135.html' target='_blank'>details</a>"
"451","hcc515","Lung;lung","Lung","NSCLC","NSCLC_adenocarcinoma","","","HCC515","ccle;achilles;mdaMills","HCC515","CVCL_5136","hcc515","nsclc","nsclc adenocarcinoma","","Lung","<a href='https://discovery.nci.nih.gov/cell-lines/cellminercdb/hcc515_cvcl_5136.html' target='_blank'>details</a>"
"452","hcc70","breast: ductal_carcinoma;BRCA;breast","Breast","Breast Carcinoma (BRCA)","Breast Invasive Ductal Carcinoma (IDC)","","Breast Triple Negative","HCC70","ccle;gdscDec15;mdaMills;gdsc1;gdsc2","HCC70","CVCL_1270","hcc70","breast carcinoma","breast invasive ductal carcinoma","","Breast","<a href='https://discovery.nci.nih.gov/cell-lines/cellminercdb/hcc70_cvcl_1270.html' target='_blank'>details</a>"
"453","hcc78","lung: adenocarcinoma;LUAD;Lung;lung_NSCLC","Lung","Non-Small Cell Lung Cancer (NSCLC);NSCLC","Lung Adenocarcinoma (LUAD);NSCLC Adenocarcinoma","","","HCC-78;HCC78","ccle;gdscDec15;prism;mdaMills;gdsc1;gdsc2","HCC78","CVCL_2061","hcc78","non-small cell lung cancer;nsclc","lung adenocarcinoma;nsclc adenocarcinoma","","Lung","<a href='https://discovery.nci.nih.gov/cell-lines/cellminercdb/hcc78_cvcl_2061.html' target='_blank'>details</a>"
"454","hcc827","lung: adenocarcinoma;LUAD;Lung;lung;lung_NSCLC","Lung","Non-Small Cell Lung Cancer (NSCLC);NSCLC","Lung Adenocarcinoma (LUAD);NSCLC Adenocarcinoma;NSCLC_adenocarcinoma","","","HCC827;HCC-827","ccle;gdscDec15;prism;achilles;mdaMills;gdsc1;gdsc2","HCC827","CVCL_2063","hcc827","non-small cell lung cancer;nsclc","lung adenocarcinoma;nsclc adenocarcinoma","","Lung","<a href='https://discovery.nci.nih.gov/cell-lines/cellminercdb/hcc827_cvcl_2063.html' target='_blank'>details</a>"
"455","hcc827-gr5","lung: adenocarcinoma;lung","Lung","Non-Small Cell Lung Cancer (NSCLC);NSCLC","Lung Adenocarcinoma (LUAD);NSCLC_adenocarcinoma","","","HCC-827-GR5;HCC827GR5","ccle;achilles","HCC827 GR5","CVCL_V622","hcc827-gr5","non-small cell lung cancer;nsclc","lung adenocarcinoma;nsclc adenocarcinoma","","Lung","<a href='https://discovery.nci.nih.gov/cell-lines/cellminercdb/hcc827-gr5_cvcl_v622.html' target='_blank'>details</a>"
"456","hcc95","lung: squamous_cell_carcinoma;Lung;pleural_effusion","Lung","Non-Small Cell Lung Cancer (NSCLC);NSCLC","Lung Squamous Cell Carcinoma (LUSC);NSCLC Squamous;NSCLC_squamous","","","HCC-95;HCC95","ccle;prism;achilles;mdaMills","HCC95","CVCL_5137","hcc95","non-small cell lung cancer;nsclc","lung squamous cell carcinoma;nsclc squamous","","Lung","<a href='https://discovery.nci.nih.gov/cell-lines/cellminercdb/hcc95_cvcl_5137.html' target='_blank'>details</a>"
"457","hce-4","aero_dig_tract","Esophagus_Stomach","","","","","HCE-4","gdscDec15;gdsc1;gdsc2","HCE-4","CVCL_1271","hce-4","","","","Esophagus_Stomach","<a href='https://discovery.nci.nih.gov/cell-lines/cellminercdb/hce-4_cvcl_1271.html' target='_blank'>details</a>"
"458","hcs-2","cervix","Cervix","cervical_squamous","","","","HCS2","achilles","HCS-2","CVCL_2918","hcs-2","cervical squamous","","","Cervix","<a href='https://discovery.nci.nih.gov/cell-lines/cellminercdb/hcs-2_cvcl_2918.html' target='_blank'>details</a>"
"459","hct-116","colon;large_intestine: carcinoma;Colorectal;large_intestine;Colon carcinoma","Bowel","Colorectal Adenocarcinoma","","MSI","","CO:HCT-116;HCT 116;HCT-116;HCT116","nci60;ccle;gdscDec15;prism;mdaMills;gdsc1;gdsc2;ancats","HCT 116","CVCL_0291","hct-116","colorectal adenocarcinoma","","msi","Bowel","<a href='https://discovery.nci.nih.gov/cell-lines/cellminercdb/hct-116_cvcl_0291.html' target='_blank'>details</a>"
"460","hct-15","colon;large_intestine: adenocarcinoma;Colorectal;large_intestine","Bowel","Colorectal Adenocarcinoma (COADREAD);Colorectal Adenocarcinoma","","MSI","","CO:HCT-15;HCT-15;HCT15","nci60;ccle;gdscDec15;prism;mdaMills;gdsc1;gdsc2","HCT 15","CVCL_0292","hct-15","colorectal adenocarcinoma","","msi","Bowel","<a href='https://discovery.nci.nih.gov/cell-lines/cellminercdb/hct-15_cvcl_0292.html' target='_blank'>details</a>"
"461","hct-8","large_intestine: adenocarcinoma","Bowel","Colorectal Adenocarcinoma (COADREAD)","","","","HCT-8;HCT8","ccle;mdaMills","HCT 8","CVCL_2478","hct-8","colorectal adenocarcinoma","","","Bowel","<a href='https://discovery.nci.nih.gov/cell-lines/cellminercdb/hct-8_cvcl_2478.html' target='_blank'>details</a>"
"462","hd-my-z","haematopoietic_and_lymphoid_tissue: Hodgkin_lymphoma;pleural_effusion","Lymph","Hodgkin's Lymphoma (HL);hodgkin_lymphoma","","","","HD-MY-Z;HDMYZ","ccle;gdscDec15;achilles","HD-MY-Z","CVCL_1273","hd-my-z","hodgkin's lymphoma;hodgkin lymphoma","","","Lymph","<a href='https://discovery.nci.nih.gov/cell-lines/cellminercdb/hd-my-z_cvcl_1273.html' target='_blank'>details</a>"
"463","hdlm-2","haematopoietic_and_lymphoid_tissue: Hodgkin_lymphoma;lymphoma;Hodgkin lymphoma","Lymph","Hodgkin's Lymphoma (HL)","","","","HDLM-2","ccle;gdscDec15;gdsc1;gdsc2;ancats","HDLM-2","CVCL_0009","hdlm-2","hodgkin's lymphoma","","","Lymph","<a href='https://discovery.nci.nih.gov/cell-lines/cellminercdb/hdlm-2_cvcl_0009.html' target='_blank'>details</a>"
"464","hdq-p1","breast: ductal_carcinoma;BRCA;Breast;breast","Breast","Breast Carcinoma (BRCA);Breast Ductal Carcinoma","Breast Invasive Ductal Carcinoma (IDC);ERneg HER2neg","Basal A","Breast Triple Negative","HDQ-P1;HDQP1","ccle;gdscDec15;prism;mdaMills;gdsc1;gdsc2","HDQ-P1","CVCL_2067","hdq-p1","breast carcinoma;breast ductal carcinoma","breast invasive ductal carcinoma;erneg her2neg","basal a","Breast","<a href='https://discovery.nci.nih.gov/cell-lines/cellminercdb/hdq-p1_cvcl_2067.html' target='_blank'>details</a>"
"465","hec-1","UCEC;endometrium;urogenital_system","Uterus","Endometrial Carcinoma (UCEC);endometrial_adenocarcinoma","","","","HEC-1;HEC1","gdscDec15;achilles;gdsc1;gdsc2","HEC-1","CVCL_1274","hec-1","endometrial carcinoma;endometrial adenocarcinoma","","","Uterus","<a href='https://discovery.nci.nih.gov/cell-lines/cellminercdb/hec-1_cvcl_1274.html' target='_blank'>details</a>"
"466","hec-1-a","endometrium: adenocarcinoma;Uterus","Uterus","Endometrial Carcinoma (UCEC);Endometrial Adenocarcinoma","","","","HEC-1-A;HEC1A","ccle;prism;mdaMills","HEC-1-A","CVCL_0293","hec-1-a","endometrial carcinoma;endometrial adenocarcinoma","","","Uterus","<a href='https://discovery.nci.nih.gov/cell-lines/cellminercdb/hec-1-a_cvcl_0293.html' target='_blank'>details</a>"
"467","hec-1-b","endometrium: adenocarcinoma;Uterus;endometrium","Uterus","Endometrial Carcinoma (UCEC);Endometrial Adenocarcinoma;endometrial_adenocarcinoma","","","","HEC-1-B;HEC1B","ccle;prism;achilles","HEC-1-B","CVCL_0294","hec-1-b","endometrial carcinoma;endometrial adenocarcinoma","","","Uterus","<a href='https://discovery.nci.nih.gov/cell-lines/cellminercdb/hec-1-b_cvcl_0294.html' target='_blank'>details</a>"
"468","hec-108","endometrium: adenocarcinoma;Uterus","Uterus","Endometrial Carcinoma (UCEC);Endometrial Adenocarcinoma","","","","HEC-108;HEC108","ccle;prism;mdaMills","HEC-108","CVCL_2923","hec-108","endometrial carcinoma;endometrial adenocarcinoma","","","Uterus","<a href='https://discovery.nci.nih.gov/cell-lines/cellminercdb/hec-108_cvcl_2923.html' target='_blank'>details</a>"
"469","hec-116","uterus","Uterus","","","","","HEC116","mdaMills","HEC-116","CVCL_2924","hec-116","","","","Uterus","<a href='https://discovery.nci.nih.gov/cell-lines/cellminercdb/hec-116_cvcl_2924.html' target='_blank'>details</a>"
"470","hec-151","endometrium: adenocarcinoma;Uterus","Uterus","Endometrial Carcinoma (UCEC);Endometrial Adenocarcinoma","","","","HEC-151;HEC151","ccle;prism","HEC-151","CVCL_2925","hec-151","endometrial carcinoma;endometrial adenocarcinoma","","","Uterus","<a href='https://discovery.nci.nih.gov/cell-lines/cellminercdb/hec-151_cvcl_2925.html' target='_blank'>details</a>"
"471","hec-251","endometrium: adenocarcinoma;Uterus;endometrium","Uterus","Endometrial Carcinoma (UCEC);Endometrial Adenocarcinoma;endometrial_adenocarcinoma","","","","HEC-251;HEC251","ccle;prism;achilles;mdaMills","HEC-251","CVCL_2927","hec-251","endometrial carcinoma;endometrial adenocarcinoma","","","Uterus","<a href='https://discovery.nci.nih.gov/cell-lines/cellminercdb/hec-251_cvcl_2927.html' target='_blank'>details</a>"
"472","hec-265","endometrium: adenocarcinoma;Uterus;endometrium","Uterus","Endometrial Carcinoma (UCEC);Endometrial Adenocarcinoma;endometrial_adenocarcinoma","","","","HEC-265;HEC265","ccle;prism;achilles;mdaMills","HEC-265","CVCL_2928","hec-265","endometrial carcinoma;endometrial adenocarcinoma","","","Uterus","<a href='https://discovery.nci.nih.gov/cell-lines/cellminercdb/hec-265_cvcl_2928.html' target='_blank'>details</a>"
"473","hec-50b","endometrium: adenocarcinoma;ascites","Uterus","Endometrial Carcinoma (UCEC);endometrial_adenocarcinoma","","","","HEC-50B;HEC50B","ccle;achilles;mdaMills","HEC-50B","CVCL_2929","hec-50b","endometrial carcinoma;endometrial adenocarcinoma","","","Uterus","<a href='https://discovery.nci.nih.gov/cell-lines/cellminercdb/hec-50b_cvcl_2929.html' target='_blank'>details</a>"
"474","hec-59","endometrium: adenocarcinoma;Uterus;endometrium","Uterus","Endometrial Carcinoma (UCEC);Endometrial Adenocarcinoma;endometrial_adenocarcinoma","","","","HEC-59;HEC59","ccle;prism;achilles;mdaMills","HEC-59","CVCL_2930","hec-59","endometrial carcinoma;endometrial adenocarcinoma","","","Uterus","<a href='https://discovery.nci.nih.gov/cell-lines/cellminercdb/hec-59_cvcl_2930.html' target='_blank'>details</a>"
"475","hec-6","endometrium: adenocarcinoma;Uterus;endometrium","Uterus","Endometrial Carcinoma (UCEC);Endometrial Adenocarcinoma;endometrial_adenocarcinoma","","","","HEC-6;HEC6","ccle;prism;achilles;mdaMills","HEC-6","CVCL_2931","hec-6","endometrial carcinoma;endometrial adenocarcinoma","","","Uterus","<a href='https://discovery.nci.nih.gov/cell-lines/cellminercdb/hec-6_cvcl_2931.html' target='_blank'>details</a>"
"476","hec-88nu","uterus","Uterus","","","","","HEC88NU","mdaMills","HEC-88nu","CVCL_2932","hec-88nu","","","","Uterus","<a href='https://discovery.nci.nih.gov/cell-lines/cellminercdb/hec-88nu_cvcl_2932.html' target='_blank'>details</a>"
"477","hek-te","kidney: immortalized_epithelial","Kidney","Renal Cell Carcinoma (RCC)","","","","HEK TE","ccle","HEK TE","CVCL_WS59","hek-te","renal cell carcinoma","","","Kidney","<a href='https://discovery.nci.nih.gov/cell-lines/cellminercdb/hek-te_cvcl_ws59.html' target='_blank'>details</a>"
"478","hek293","kidney","Kidney","","","","","HEK293","mdaMills","HEK293","CVCL_0045","hek293","","","","Kidney","<a href='https://discovery.nci.nih.gov/cell-lines/cellminercdb/hek293_cvcl_0045.html' target='_blank'>details</a>"
"479","hek293t","kidney","Kidney","","","","","293T","mdaMills","HEK293T","CVCL_0063","hek293t","","","","Kidney","<a href='https://discovery.nci.nih.gov/cell-lines/cellminercdb/hek293t_cvcl_0063.html' target='_blank'>details</a>"
"480","hel","haematopoietic_and_lymphoid_tissue: acute_myeloid_leukaemia;LAML;haematopoietic_and_lymphoid_tissue;leukemia","Blood","Leukemia (LEUK);AML","Acute Myeloid Leukemia (AML);M6","","","HEL","ccle;gdscDec15;achilles;gdsc1;gdsc2","HEL","CVCL_0001","hel","leukemia;aml","acute myeloid leukemia;m6","","Blood","<a href='https://discovery.nci.nih.gov/cell-lines/cellminercdb/hel_cvcl_0001.html' target='_blank'>details</a>"
"481","hel-92.1.7","haematopoietic_and_lymphoid_tissue: acute_myeloid_leukaemia;bone_marrow;Erythroleukemia","Blood","Leukemia (LEUK);AML","Acute Myeloid Leukemia (AML);M6","","","HEL 92.1.7;HEL9217","ccle;achilles;ancats","HEL 92.1.7","CVCL_2481","hel-92.1.7","leukemia;aml","acute myeloid leukemia;m6","","Blood","<a href='https://discovery.nci.nih.gov/cell-lines/cellminercdb/hel-92.1.7_cvcl_2481.html' target='_blank'>details</a>"
"482","hela","Cervix;CESC;urogenital_system","Cervix","","","","","HeLa;HELA","ccle;gdscDec15;mdaMills;gdsc1;gdsc2","HeLa","CVCL_0030","hela","","","","Cervix","<a href='https://discovery.nci.nih.gov/cell-lines/cellminercdb/hela_cvcl_0030.html' target='_blank'>details</a>"
"483","hep-3b2.1-7","liver: hepatocellular_carcinoma;Liver;liver;digestive_system","Liver","Hepatocellular Carcinoma (HCC);Hepatocellular Carcinoma","","","","Hep 3B2.1-7;Hep3B2-1-7;HEP3B217;HEP3B","ccle;gdscDec15;prism;mdaMills;gdsc1;gdsc2","Hep 3B2.1-7","CVCL_0326","hep-3b2.1-7","hepatocellular carcinoma","","","Liver","<a href='https://discovery.nci.nih.gov/cell-lines/cellminercdb/hep-3b2.1-7_cvcl_0326.html' target='_blank'>details</a>"
"484","hep-g2","liver: hepatocellular_carcinoma;liver","Liver","Hepatocellular Carcinoma (HCC);hepatocellular_carcinoma","","","","Hep G2;HEPG2","ccle;achilles;mdaMills","Hep-G2","CVCL_0027","hep-g2","hepatocellular carcinoma","","","Liver","<a href='https://discovery.nci.nih.gov/cell-lines/cellminercdb/hep-g2_cvcl_0027.html' target='_blank'>details</a>"
"485","hep-g2c3a","liver: hepatocellular_carcinoma;digestive_system","Liver","Hepatocellular Carcinoma (HCC)","","","","C3A","ccle;gdscDec15;gdsc1;gdsc2","Hep-G2/C3A","CVCL_1098","hep-g2c3a","hepatocellular carcinoma","","","Liver","<a href='https://discovery.nci.nih.gov/cell-lines/cellminercdb/hep-g2c3a_cvcl_1098.html' target='_blank'>details</a>"
"486","hey","OV;urogenital_system","Ovary","","","","","Hey","gdscDec15;gdsc1;gdsc2","HEY","CVCL_0297","hey","","","","Ovary","<a href='https://discovery.nci.nih.gov/cell-lines/cellminercdb/hey_cvcl_0297.html' target='_blank'>details</a>"
"487","hey-a8","ovary: carcinoma;Ovary;ascites","Ovary","Ovarian Epithelial Tumor (OVT);Ovary Adenocarcinoma;ovary_adenocarcinoma","Low Grade Serous;low_grade_serous","","","Hey-A8;HEYA8","ccle;prism;achilles;mdaMills","HEY A8","CVCL_8878","hey-a8","ovarian epithelial tumor;ovary adenocarcinoma","low grade serous","","Ovary","<a href='https://discovery.nci.nih.gov/cell-lines/cellminercdb/hey-a8_cvcl_8878.html' target='_blank'>details</a>"
"488","hg-3","haematopoietic_and_lymphoid_tissue","Blood","unspecified_leukemia","b_cell","","","HG3","achilles","HG-3","CVCL_Y547","hg-3","unspecified leukemia","b cell","","Blood","<a href='https://discovery.nci.nih.gov/cell-lines/cellminercdb/hg-3_cvcl_y547.html' target='_blank'>details</a>"
"489","hgc-27","stomach: undifferentiated_adenocarcinoma;STAD;Gastric;lymph_node;digestive_system","Esophagus_Stomach","Esophagogastric Adenocarcinoma (EGC);Gastric Adenocarcinoma;gastric_adenocarcinoma","Stomach Adenocarcinoma (STAD);","","","HGC-27;HGC27","ccle;gdscDec15;prism;achilles;gdsc1;gdsc2","HGC-27","CVCL_1279","hgc-27","esophagogastric adenocarcinoma;gastric adenocarcinoma","stomach adenocarcinoma;","","Esophagus_Stomach","<a href='https://discovery.nci.nih.gov/cell-lines/cellminercdb/hgc-27_cvcl_1279.html' target='_blank'>details</a>"
"490","hh","haematopoietic_and_lymphoid_tissue: adult_T_cell_lymphoma-leukaemia;leukemia","Lymph","Non-Hodgkin's Lymphoma (NHL)","T-Cell and Natural Killer Lymphoma (TNKL)","","","HH","ccle;gdscDec15;gdsc1;gdsc2","HH","CVCL_1280","hh","non-hodgkin's lymphoma","t-cell and natural killer lymphoma","","Lymph","<a href='https://discovery.nci.nih.gov/cell-lines/cellminercdb/hh_cvcl_1280.html' target='_blank'>details</a>"
"491","hk-2","kidney: immortalized_epithelial","Kidney","Renal Cell Carcinoma (RCC)","","","","HK-2","ccle","HK-2","CVCL_0302","hk-2","renal cell carcinoma","","","Kidney","<a href='https://discovery.nci.nih.gov/cell-lines/cellminercdb/hk-2_cvcl_0302.html' target='_blank'>details</a>"
"492","hka-1","skin","Skin","skin_squamous","keratoacanthoma","","","HKA1","achilles","HKA-1","CVCL_2943","hka-1","skin squamous","keratoacanthoma","","Skin","<a href='https://discovery.nci.nih.gov/cell-lines/cellminercdb/hka-1_cvcl_2943.html' target='_blank'>details</a>"
"493","hkgz-cc","biliary_tract","Biliary_Tract","cholangiocarcinoma","intrahepatic","","","HKGZCC","achilles","HKGZ-CC","CVCL_E329","hkgz-cc","cholangiocarcinoma","intrahepatic","","Biliary_Tract","<a href='https://discovery.nci.nih.gov/cell-lines/cellminercdb/hkgz-cc_cvcl_e329.html' target='_blank'>details</a>"
"494","hl-60","leukemia;haematopoietic_and_lymphoid_tissue: acute_myeloid_leukaemia;LAML","Blood","Leukemia (LEUK)","Acute Myeloid Leukemia (AML)","","","LE:HL-60(TB);HL-60;HL60","nci60;ccle;gdscDec15;mdaMills;gdsc1;gdsc2","HL-60","CVCL_0002","hl-60","leukemia","acute myeloid leukemia","","Blood","<a href='https://discovery.nci.nih.gov/cell-lines/cellminercdb/hl-60_cvcl_0002.html' target='_blank'>details</a>"
"495","hlc-1","lung: adenocarcinoma","Lung","Non-Small Cell Lung Cancer (NSCLC)","Lung Adenocarcinoma (LUAD)","","","HLC-1","ccle","HLC-1","CVCL_5529","hlc-1","non-small cell lung cancer","lung adenocarcinoma","","Lung","<a href='https://discovery.nci.nih.gov/cell-lines/cellminercdb/hlc-1_cvcl_5529.html' target='_blank'>details</a>"
"496","hle","liver: hepatocellular_carcinoma;digestive_system","Liver","Hepatocellular Carcinoma (HCC)","","","","HLE","ccle;gdscDec15;mdaMills;gdsc1;gdsc2","HLE","CVCL_1281","hle","hepatocellular carcinoma","","","Liver","<a href='https://discovery.nci.nih.gov/cell-lines/cellminercdb/hle_cvcl_1281.html' target='_blank'>details</a>"
"497","hlf","liver: hepatocellular_carcinoma;Liver;liver","Liver","Hepatocellular Carcinoma (HCC);Hepatocellular Carcinoma;hepatocellular_carcinoma","","","","HLF","ccle;prism;achilles;mdaMills","HLF","CVCL_2947","hlf","hepatocellular carcinoma","","","Liver","<a href='https://discovery.nci.nih.gov/cell-lines/cellminercdb/hlf_cvcl_2947.html' target='_blank'>details</a>"
"498","hlf-a","lung: squamous_cell_carcinoma","Lung","Non-Small Cell Lung Cancer (NSCLC)","Lung Squamous Cell Carcinoma (LUSC)","","","HLF-a","ccle","HLF-a","CVCL_2255","hlf-a","non-small cell lung cancer","lung squamous cell carcinoma","","Lung","<a href='https://discovery.nci.nih.gov/cell-lines/cellminercdb/hlf-a_cvcl_2255.html' target='_blank'>details</a>"
"499","hly-1","Diffuse large B-cell lymphoma activated B-cell type","Lymph","","","","","HLY-1","ancats","HLY-1","CVCL_H207","hly-1","","","","Lymph","<a href='https://discovery.nci.nih.gov/cell-lines/cellminercdb/hly-1_cvcl_h207.html' target='_blank'>details</a>"
"500","hmc-1-8","breast: carcinoma;Breast;pleural_effusion","Breast","Breast Carcinoma (BRCA);Breast Carcinoma;breast_carcinoma","ERneg HER2neg;ERneg_HER2neg","Basal B","","HMC-1-8;HMC18","ccle;prism;achilles","HMC-1-8","CVCL_2949","hmc-1-8","breast carcinoma","erneg her2neg","basal b","Breast","<a href='https://discovery.nci.nih.gov/cell-lines/cellminercdb/hmc-1-8_cvcl_2949.html' target='_blank'>details</a>"
"501","hmcb","skin: malignant_melanoma","Skin","Melanoma (MEL)","","","","HMCB","ccle","HMCB","CVCL_3317","hmcb","melanoma","","","Skin","<a href='https://discovery.nci.nih.gov/cell-lines/cellminercdb/hmcb_cvcl_3317.html' target='_blank'>details</a>"
"502","hmel","breast: immortalized_epithelial","Breast","Breast Carcinoma (BRCA)","","","","HMEL","ccle","HMEL","CVCL_IZ34","hmel","breast carcinoma","","","Breast","<a href='https://discovery.nci.nih.gov/cell-lines/cellminercdb/hmel_cvcl_iz34.html' target='_blank'>details</a>"
"503","hmv-ii","skin","Skin","Melanoma (MEL)","","","","HMV-II","gdscDec15;gdsc1;gdsc2","HMV-II","CVCL_1282","hmv-ii","melanoma","","","Skin","<a href='https://discovery.nci.nih.gov/cell-lines/cellminercdb/hmv-ii_cvcl_1282.html' target='_blank'>details</a>"
"504","hmy-1","lymph_node","Skin","melanoma","","","","HMY1","achilles","HMY-1","CVCL_2950","hmy-1","melanoma","","","Skin","<a href='https://discovery.nci.nih.gov/cell-lines/cellminercdb/hmy-1_cvcl_2950.html' target='_blank'>details</a>"
"505","hn","HNSC","Head_Neck","","","","","HN","gdscDec15","HN","CVCL_1283","hn","","","","Head_Neck","<a href='https://discovery.nci.nih.gov/cell-lines/cellminercdb/hn_cvcl_1283.html' target='_blank'>details</a>"
"506","hn-5","head and neck","Head_Neck","","","","","HN5","mdaMills","HN-5","CVCL_8128","hn-5","","","","Head_Neck","<a href='https://discovery.nci.nih.gov/cell-lines/cellminercdb/hn-5_cvcl_8128.html' target='_blank'>details</a>"
"507","hnt-34","Lymph;Adult acute myeloid leukemia","Lymph","","","","","HNT34;HNT-34","ccle;ancats","HNT-34","CVCL_2071","hnt-34","","","","Lymph","<a href='https://discovery.nci.nih.gov/cell-lines/cellminercdb/hnt-34_cvcl_2071.html' target='_blank'>details</a>"
"508","ho-1-n-1","HNSC;aero_dig_tract","Head_Neck","","","","","HO-1-N-1","gdscDec15;gdsc1;gdsc2","HO-1-N-1","CVCL_1284","ho-1-n-1","","","","Head_Neck","<a href='https://discovery.nci.nih.gov/cell-lines/cellminercdb/ho-1-n-1_cvcl_1284.html' target='_blank'>details</a>"
"509","ho-1-u-1","HNSC;aero_dig_tract","Head_Neck","","","","","HO-1-u-1","gdscDec15;gdsc1;gdsc2","HO-1-u-1","CVCL_2784","ho-1-u-1","","","","Head_Neck","<a href='https://discovery.nci.nih.gov/cell-lines/cellminercdb/ho-1-u-1_cvcl_2784.html' target='_blank'>details</a>"
"510","hoc-1","ovary","Ovary","","","","","HOC1","mdaMills","HOC-1","CVCL_5454","hoc-1","","","","Ovary","<a href='https://discovery.nci.nih.gov/cell-lines/cellminercdb/hoc-1_cvcl_5454.html' target='_blank'>details</a>"
"511","hoc-7","ovary","Ovary","","","","","HOC7","mdaMills","HOC-7","CVCL_5455","hoc-7","","","","Ovary","<a href='https://discovery.nci.nih.gov/cell-lines/cellminercdb/hoc-7_cvcl_5455.html' target='_blank'>details</a>"
"512","hoc-8","ovary","Ovary","","","","","HOC8","mdaMills","HOC-8","CVCL_5456","hoc-8","","","","Ovary","<a href='https://discovery.nci.nih.gov/cell-lines/cellminercdb/hoc-8_cvcl_5456.html' target='_blank'>details</a>"
"513","hop-62","lung;Lung;LUAD;lung_NSCLC","Lung","Non-Small Cell Lung Cancer (NSCLC);NSCLC","Lung Adenocarcinoma (LUAD);NSCLC_adenocarcinoma","","","LC:HOP-62;HOP62;HOP-62","nci60;ccle;gdscDec15;achilles;mdaMills;gdsc1;gdsc2","HOP-62","CVCL_1285","hop-62","non-small cell lung cancer;nsclc","lung adenocarcinoma;nsclc adenocarcinoma","","Lung","<a href='https://discovery.nci.nih.gov/cell-lines/cellminercdb/hop-62_cvcl_1285.html' target='_blank'>details</a>"
"514","hop-92","lung;Lung;NOT_TCGA;lung_NSCLC","Lung","Non-Small Cell Lung Cancer (NSCLC)","","","","LC:HOP-92;HOP92;HOP-92","nci60;ccle;gdscDec15;mdaMills;gdsc1;gdsc2","HOP-92","CVCL_1286","hop-92","non-small cell lung cancer","","","Lung","<a href='https://discovery.nci.nih.gov/cell-lines/cellminercdb/hop-92_cvcl_1286.html' target='_blank'>details</a>"
"515","hos","bone: osteosarcoma;Bone;bone","Bone","Osteosarcoma (OS);Osteosarcoma","","","","HOS","ccle;gdscDec15;prism;mdaMills;gdsc1;gdsc2","HOS","CVCL_0312","hos","osteosarcoma","","","Bone","<a href='https://discovery.nci.nih.gov/cell-lines/cellminercdb/hos_cvcl_0312.html' target='_blank'>details</a>"
"516","hosc1","head and neck","Head_Neck","","","","","HOSC1","mdaMills","HOSC1","CVCL_IW50","hosc1","","","","Head_Neck","<a href='https://discovery.nci.nih.gov/cell-lines/cellminercdb/hosc1_cvcl_iw50.html' target='_blank'>details</a>"
"517","hpac","pancreas: ductal_carcinoma;PAAD;Pancreas;pancreas","Pancreas","Pancreatic Adenocarcinoma (PAAD);Exocrine","Exocrine Adenocarcinoma","","","HPAC","ccle;gdscDec15;prism;gdsc1;gdsc2","HPAC","CVCL_3517","hpac","pancreatic adenocarcinoma;exocrine","exocrine adenocarcinoma","","Pancreas","<a href='https://discovery.nci.nih.gov/cell-lines/cellminercdb/hpac_cvcl_3517.html' target='_blank'>details</a>"
"518","hpaf-ii","pancreas: ductal_carcinoma;PAAD;pancreas","Pancreas","Pancreatic Adenocarcinoma (PAAD)","","","","HPAF-II;HPAF2","ccle;gdscDec15;mdaMills;gdsc1;gdsc2","HPAF-II","CVCL_0313","hpaf-ii","pancreatic adenocarcinoma","","","Pancreas","<a href='https://discovery.nci.nih.gov/cell-lines/cellminercdb/hpaf-ii_cvcl_0313.html' target='_blank'>details</a>"
"519","hpb-all","haematopoietic_and_lymphoid_tissue: acute_lymphoblastic_T_cell_leukaemia","Blood","Leukemia (LEUK)","Acute Lymphoid Leukemia (ALL)","","","HPB-ALL","ccle","HPB-ALL","CVCL_1820","hpb-all","leukemia","acute lymphoid leukemia","","Blood","<a href='https://discovery.nci.nih.gov/cell-lines/cellminercdb/hpb-all_cvcl_1820.html' target='_blank'>details</a>"
"520","hs-172.t","urinary_tract: carcinoma","Bladder_Urinary_Tract","","","","","Hs 172.T","ccle","Hs 172.T","CVCL_0660","hs-172.t","","","","Bladder_Urinary_Tract","<a href='https://discovery.nci.nih.gov/cell-lines/cellminercdb/hs-172.t_cvcl_0660.html' target='_blank'>details</a>"
"521","hs-229.t","lung: adenocarcinoma","Lung","Non-Small Cell Lung Cancer (NSCLC)","Lung Adenocarcinoma (LUAD)","","","Hs 229.T","ccle","Hs 229.T","CVCL_0698","hs-229.t","non-small cell lung cancer","lung adenocarcinoma","","Lung","<a href='https://discovery.nci.nih.gov/cell-lines/cellminercdb/hs-229.t_cvcl_0698.html' target='_blank'>details</a>"
"522","hs-255.t","large_intestine: adenocarcinoma","Bowel","Colorectal Adenocarcinoma (COADREAD)","","","","Hs 255.T","ccle","Hs 255.T","CVCL_0707","hs-255.t","colorectal adenocarcinoma","","","Bowel","<a href='https://discovery.nci.nih.gov/cell-lines/cellminercdb/hs-255.t_cvcl_0707.html' target='_blank'>details</a>"
"523","hs-274.t","breast: carcinoma","Breast","Breast Carcinoma (BRCA)","","","","Hs 274.T","ccle","Hs 274.T","CVCL_0711","hs-274.t","breast carcinoma","","","Breast","<a href='https://discovery.nci.nih.gov/cell-lines/cellminercdb/hs-274.t_cvcl_0711.html' target='_blank'>details</a>"
"524","hs-281.t","breast: carcinoma","Breast","Breast Carcinoma (BRCA)","","","","Hs 281.T","ccle","Hs 281.T","CVCL_0715","hs-281.t","breast carcinoma","","","Breast","<a href='https://discovery.nci.nih.gov/cell-lines/cellminercdb/hs-281.t_cvcl_0715.html' target='_blank'>details</a>"
"525","hs-294t","skin: malignant_melanoma;Skin;lymph_node","Skin","Melanoma (MEL);Melanoma;melanoma","","","","Hs 294T;HS294T","ccle;prism;achilles","Hs 294T","CVCL_0331","hs-294t","melanoma","","","Skin","<a href='https://discovery.nci.nih.gov/cell-lines/cellminercdb/hs-294t_cvcl_0331.html' target='_blank'>details</a>"
"526","hs-343.t","breast: carcinoma","Breast","Breast Carcinoma (BRCA)","","","","Hs 343.T","ccle","Hs 343.T","CVCL_0726","hs-343.t","breast carcinoma","","","Breast","<a href='https://discovery.nci.nih.gov/cell-lines/cellminercdb/hs-343.t_cvcl_0726.html' target='_blank'>details</a>"
"527","hs-445","lymphoma","Blood","","","","","Hs-445","gdscDec15;gdsc1;gdsc2","Hs 445","CVCL_0761","hs-445","","","","Blood","<a href='https://discovery.nci.nih.gov/cell-lines/cellminercdb/hs-445_cvcl_0761.html' target='_blank'>details</a>"
"528","hs-571.t","ovary: carcinoma","Ovary","Ovarian Epithelial Tumor (OVT)","","","","Hs 571.T","ccle","Hs 571.T","CVCL_0802","hs-571.t","ovarian epithelial tumor","","","Ovary","<a href='https://discovery.nci.nih.gov/cell-lines/cellminercdb/hs-571.t_cvcl_0802.html' target='_blank'>details</a>"
"529","hs-578t","breast;breast: ductal_carcinoma;BRCA","Breast","Breast Carcinoma (BRCA);breast_carcinoma","Breast Invasive Ductal Carcinoma (IDC);ERneg_HER2neg","","Breast Triple Negative","BR:HS 578T;Hs 578T;Hs-578-T;HS578T","nci60;ccle;gdscDec15;achilles;mdaMills;gdsc1;gdsc2","Hs 578T","CVCL_0332","hs-578t","breast carcinoma","breast invasive ductal carcinoma;erneg her2neg","","Breast","<a href='https://discovery.nci.nih.gov/cell-lines/cellminercdb/hs-578t_cvcl_0332.html' target='_blank'>details</a>"
"530","hs-600.t","skin: malignant_melanoma","Skin","Melanoma (MEL)","","","","Hs 600.T","ccle","Hs 600.T","CVCL_0814","hs-600.t","melanoma","","","Skin","<a href='https://discovery.nci.nih.gov/cell-lines/cellminercdb/hs-600.t_cvcl_0814.html' target='_blank'>details</a>"
"531","hs-604.t","haematopoietic_and_lymphoid_tissue: Hodgkin_lymphoma","Lymph","Hodgkin's Lymphoma (HL)","","","","Hs 604.T","ccle","Hs 604.T","CVCL_0816","hs-604.t","hodgkin's lymphoma","","","Lymph","<a href='https://discovery.nci.nih.gov/cell-lines/cellminercdb/hs-604.t_cvcl_0816.html' target='_blank'>details</a>"
"532","hs-606.t","breast: carcinoma","Breast","Breast Carcinoma (BRCA)","","","","Hs 606.T","ccle","Hs 606.T","CVCL_0819","hs-606.t","breast carcinoma","","","Breast","<a href='https://discovery.nci.nih.gov/cell-lines/cellminercdb/hs-606.t_cvcl_0819.html' target='_blank'>details</a>"
"533","hs-611.t","haematopoietic_and_lymphoid_tissue: Hodgkin_lymphoma","Lymph","Hodgkin's Lymphoma (HL)","","","","Hs 611.T","ccle","Hs 611.T","CVCL_0823","hs-611.t","hodgkin's lymphoma","","","Lymph","<a href='https://discovery.nci.nih.gov/cell-lines/cellminercdb/hs-611.t_cvcl_0823.html' target='_blank'>details</a>"
"534","hs-616.t","haematopoietic_and_lymphoid_tissue: Hodgkin_lymphoma","Lymph","Hodgkin's Lymphoma (HL)","","","","Hs 616.T","ccle","Hs 616.T","CVCL_0825","hs-616.t","hodgkin's lymphoma","","","Lymph","<a href='https://discovery.nci.nih.gov/cell-lines/cellminercdb/hs-616.t_cvcl_0825.html' target='_blank'>details</a>"
"535","hs-618.t","lung: adenocarcinoma","Lung","Non-Small Cell Lung Cancer (NSCLC)","Lung Adenocarcinoma (LUAD)","","","Hs 618.T","ccle","Hs 618.T","CVCL_0827","hs-618.t","non-small cell lung cancer","lung adenocarcinoma","","Lung","<a href='https://discovery.nci.nih.gov/cell-lines/cellminercdb/hs-618.t_cvcl_0827.html' target='_blank'>details</a>"
"536","hs-633.t","soft_tissue","Other","Unknown (UNK)","","","","Hs-633T","gdscDec15;gdsc1;gdsc2","Hs 633.T","CVCL_0832","hs-633.t","unknown","","","Other","<a href='https://discovery.nci.nih.gov/cell-lines/cellminercdb/hs-633.t_cvcl_0832.html' target='_blank'>details</a>"
"537","hs-675.t","large_intestine: carcinoma","Bowel","","","","","Hs 675.T","ccle","Hs 675.T","CVCL_0836","hs-675.t","","","","Bowel","<a href='https://discovery.nci.nih.gov/cell-lines/cellminercdb/hs-675.t_cvcl_0836.html' target='_blank'>details</a>"
"538","hs-683","central_nervous_system: glioma;CANNOT_CLASSIFY;central_nervous_system;nervous_system","Brain_CNS","glioma","oligodendroglioma","","","Hs 683;Hs-683;HS683","ccle;gdscDec15;achilles;gdsc1;gdsc2","Hs 683","CVCL_0844","hs-683","glioma","oligodendroglioma","","Brain_CNS","<a href='https://discovery.nci.nih.gov/cell-lines/cellminercdb/hs-683_cvcl_0844.html' target='_blank'>details</a>"
"539","hs-688a.t","skin: malignant_melanoma","Skin","Melanoma (MEL)","","","","Hs 688(A).T","ccle","Hs 688(A).T","CVCL_0846","hs-688a.t","melanoma","","","Skin","<a href='https://discovery.nci.nih.gov/cell-lines/cellminercdb/hs-688a.t_cvcl_0846.html' target='_blank'>details</a>"
"540","hs-695t","skin: malignant_melanoma;lymph_node","Skin","Melanoma (MEL);melanoma","amelanotic","","","Hs 695T;HS695T","ccle;achilles","Hs 695T","CVCL_0851","hs-695t","melanoma","amelanotic","","Skin","<a href='https://discovery.nci.nih.gov/cell-lines/cellminercdb/hs-695t_cvcl_0851.html' target='_blank'>details</a>"
"541","hs-698.t","large_intestine: adenocarcinoma","Bowel","Colorectal Adenocarcinoma (COADREAD)","","","","Hs 698.T","ccle","Hs 698.T","CVCL_0855","hs-698.t","colorectal adenocarcinoma","","","Bowel","<a href='https://discovery.nci.nih.gov/cell-lines/cellminercdb/hs-698.t_cvcl_0855.html' target='_blank'>details</a>"
"542","hs-700t","bone","Bone","","","","","HS700T","mdaMills","Hs 700T","CVCL_0858","hs-700t","","","","Bone","<a href='https://discovery.nci.nih.gov/cell-lines/cellminercdb/hs-700t_cvcl_0858.html' target='_blank'>details</a>"
"543","hs-706.t","bone: giant_cell_tumour","Bone","Giant Cell Tumor of Bone (GCTB) sarcoma","","","","Hs 706.T","ccle","Hs 706.T","CVCL_0863","hs-706.t","giant cell tumor of bone sarcoma","","","Bone","<a href='https://discovery.nci.nih.gov/cell-lines/cellminercdb/hs-706.t_cvcl_0863.html' target='_blank'>details</a>"
"544","hs-729.t","soft_tissue: rhabdomyosarcoma;Fibroblast;fibroblast;sarcoma","Soft_Tissue","Rhabdomyosarcoma (RMS);Fibroblast Soft Tissue;Rhabdomyosarcoma;sarcoma","","","","Hs 729;HS729;HS729T","ccle;prism;achilles;mdaMills","Hs 729.T","CVCL_0871","hs-729.t","rhabdomyosarcoma;fibroblast soft tissue;sarcoma","","","Soft_Tissue","<a href='https://discovery.nci.nih.gov/cell-lines/cellminercdb/hs-729.t_cvcl_0871.html' target='_blank'>details</a>"
"545","hs-737.t","bone: giant_cell_tumour","Bone","Giant Cell Tumor of Bone (GCTB)","","","","Hs 737.T","ccle","Hs 737.T","CVCL_0878","hs-737.t","giant cell tumor of bone","","","Bone","<a href='https://discovery.nci.nih.gov/cell-lines/cellminercdb/hs-737.t_cvcl_0878.html' target='_blank'>details</a>"
"546","hs-739.t","breast: carcinoma","Breast","Breast Carcinoma (BRCA)","","","","Hs 739.T","ccle","Hs 739.T","CVCL_0882","hs-739.t","breast carcinoma","","","Breast","<a href='https://discovery.nci.nih.gov/cell-lines/cellminercdb/hs-739.t_cvcl_0882.html' target='_blank'>details</a>"
"547","hs-742.t","breast: carcinoma","Breast","Breast Carcinoma (BRCA)","","","","Hs 742.T","ccle","Hs 742.T","CVCL_0888","hs-742.t","breast carcinoma","","","Breast","<a href='https://discovery.nci.nih.gov/cell-lines/cellminercdb/hs-742.t_cvcl_0888.html' target='_blank'>details</a>"
"548","hs-746.t","stomach: carcinoma;STAD;soft_tissue;digestive_system","Esophagus_Stomach","gastric_adenocarcinoma","","","","Hs 746T;Hs746T;HS746T;Hs-746T","ccle;gdscDec15;achilles;gdsc1;gdsc2","Hs 746.T","CVCL_0333","hs-746.t","gastric adenocarcinoma","","","Esophagus_Stomach","<a href='https://discovery.nci.nih.gov/cell-lines/cellminercdb/hs-746.t_cvcl_0333.html' target='_blank'>details</a>"
"549","hs-751.t","haematopoietic_and_lymphoid_tissue: Hodgkin_lymphoma","Lymph","Hodgkin's Lymphoma (HL)","","","","Hs 751.T","ccle","Hs 751.T","CVCL_0891","hs-751.t","hodgkin's lymphoma","","","Lymph","<a href='https://discovery.nci.nih.gov/cell-lines/cellminercdb/hs-751.t_cvcl_0891.html' target='_blank'>details</a>"
"550","hs-766t","pancreas: ductal_carcinoma;PAAD;Pancreas;lymph_node;pancreas","Pancreas","Pancreatic Adenocarcinoma (PAAD);Exocrine;exocrine","Exocrine Adenocarcinoma;exocrine_adenocarcinoma","","","Hs 766T;Hs-766T;HS766T","ccle;gdscDec15;prism;achilles;gdsc1;gdsc2","Hs 766T","CVCL_0334","hs-766t","pancreatic adenocarcinoma;exocrine","exocrine adenocarcinoma","","Pancreas","<a href='https://discovery.nci.nih.gov/cell-lines/cellminercdb/hs-766t_cvcl_0334.html' target='_blank'>details</a>"
"551","hs-819.t","bone: chondrosarcoma","Bone","Chondrosarcoma (CHS)","","","","Hs 819.T","ccle","Hs 819.T","CVCL_0928","hs-819.t","chondrosarcoma","","","Bone","<a href='https://discovery.nci.nih.gov/cell-lines/cellminercdb/hs-819.t_cvcl_0928.html' target='_blank'>details</a>"
"552","hs-821.t","bone: giant_cell_tumour","Bone","Giant Cell Tumor of Bone (GCTB)","","","","Hs 821.T","ccle","Hs 821.T","CVCL_0932","hs-821.t","giant cell tumor of bone","","","Bone","<a href='https://discovery.nci.nih.gov/cell-lines/cellminercdb/hs-821.t_cvcl_0932.html' target='_blank'>details</a>"
"553","hs-822.t","bone: Ewings_sarcoma-peripheral_primitive_neuroectodermal_tumour","Bone","Fibroblast","","","","Hs 822.T","ccle","Hs 822.T","CVCL_0933","hs-822.t","fibroblast","","","Bone","<a href='https://discovery.nci.nih.gov/cell-lines/cellminercdb/hs-822.t_cvcl_0933.html' target='_blank'>details</a>"
"554","hs-834.t","skin: malignant_melanoma","Skin","Melanoma (MEL)","","","","Hs 834.T","ccle","Hs 834.T","CVCL_0938","hs-834.t","melanoma","","","Skin","<a href='https://discovery.nci.nih.gov/cell-lines/cellminercdb/hs-834.t_cvcl_0938.html' target='_blank'>details</a>"
"555","hs-839.t","skin: malignant_melanoma","Skin","Melanoma (MEL)","","","","Hs 839.T","ccle","Hs 839.T","CVCL_0941","hs-839.t","melanoma","","","Skin","<a href='https://discovery.nci.nih.gov/cell-lines/cellminercdb/hs-839.t_cvcl_0941.html' target='_blank'>details</a>"
"556","hs-840.t","upper_aerodigestive_tract: papilloma","Head_Neck","","","","","Hs 840.T","ccle","Hs 840.T","CVCL_0942","hs-840.t","","","","Head_Neck","<a href='https://discovery.nci.nih.gov/cell-lines/cellminercdb/hs-840.t_cvcl_0942.html' target='_blank'>details</a>"
"557","hs-852.t","skin: malignant_melanoma;Skin;skin","Skin","Melanoma (MEL);Melanoma;melanoma","","","","Hs 852.T;HS852T","ccle;prism;achilles","Hs 852.T","CVCL_0950","hs-852.t","melanoma","","","Skin","<a href='https://discovery.nci.nih.gov/cell-lines/cellminercdb/hs-852.t_cvcl_0950.html' target='_blank'>details</a>"
"558","hs-863.t","bone: Ewings_sarcoma-peripheral_primitive_neuroectodermal_tumour","Bone","Fibroblast","","","","Hs 863.T","ccle","Hs 863.T","CVCL_0959","hs-863.t","fibroblast","","","Bone","<a href='https://discovery.nci.nih.gov/cell-lines/cellminercdb/hs-863.t_cvcl_0959.html' target='_blank'>details</a>"
"559","hs-870.t","bone: osteosarcoma","Bone","Osteosarcoma (OS)","","","","Hs 870.T","ccle","Hs 870.T","CVCL_0966","hs-870.t","osteosarcoma","","","Bone","<a href='https://discovery.nci.nih.gov/cell-lines/cellminercdb/hs-870.t_cvcl_0966.html' target='_blank'>details</a>"
"560","hs-888.t","bone: osteosarcoma","Bone","Osteosarcoma (OS)","","","","Hs 888.T","ccle","Hs 888.T","CVCL_0979","hs-888.t","osteosarcoma","","","Bone","<a href='https://discovery.nci.nih.gov/cell-lines/cellminercdb/hs-888.t_cvcl_0979.html' target='_blank'>details</a>"
"561","hs-891.t","kidney","Kidney","","","","","HS891T","mdaMills","Hs 891.T","CVCL_0985","hs-891.t","","","","Kidney","<a href='https://discovery.nci.nih.gov/cell-lines/cellminercdb/hs-891.t_cvcl_0985.html' target='_blank'>details</a>"
"562","hs-895.t","skin: malignant_melanoma","Skin","Melanoma (MEL)","","","","Hs 895.T","ccle","Hs 895.T","CVCL_0993","hs-895.t","melanoma","","","Skin","<a href='https://discovery.nci.nih.gov/cell-lines/cellminercdb/hs-895.t_cvcl_0993.html' target='_blank'>details</a>"
"563","hs-934.t","skin: malignant_melanoma","Skin","Melanoma (MEL)","","","","Hs 934.T","ccle","Hs 934.T","CVCL_1031","hs-934.t","melanoma","","","Skin","<a href='https://discovery.nci.nih.gov/cell-lines/cellminercdb/hs-934.t_cvcl_1031.html' target='_blank'>details</a>"
"564","hs-936.t","skin: malignant_melanoma;skin","Skin","Melanoma (MEL);melanoma","","","","Hs 936.T;HS936T","ccle;achilles","Hs 936.T","CVCL_1033","hs-936.t","melanoma","","","Skin","<a href='https://discovery.nci.nih.gov/cell-lines/cellminercdb/hs-936.t_cvcl_1033.html' target='_blank'>details</a>"
"565","hs-939.t","skin: malignant_melanoma;SKCM;Skin;skin","Skin","Melanoma (MEL);Melanoma;melanoma","","","","Hs 939.T;Hs-939-T;HS939T","ccle;gdscDec15;prism;achilles;gdsc1;gdsc2","Hs 939.T","CVCL_1036","hs-939.t","melanoma","","","Skin","<a href='https://discovery.nci.nih.gov/cell-lines/cellminercdb/hs-939.t_cvcl_1036.html' target='_blank'>details</a>"
"566","hs-940.t","skin: malignant_melanoma;SKCM;skin","Skin","Melanoma (MEL)","","","","Hs 940.T;Hs-940-T","ccle;gdscDec15;gdsc1;gdsc2","Hs 940.T","CVCL_1038","hs-940.t","melanoma","","","Skin","<a href='https://discovery.nci.nih.gov/cell-lines/cellminercdb/hs-940.t_cvcl_1038.html' target='_blank'>details</a>"
"567","hs-944.t","skin: malignant_melanoma;Skin;skin","Skin","Melanoma (MEL);Melanoma;melanoma","","","","Hs 944.T;HS944T","ccle;prism;achilles","Hs 944.T","CVCL_1040","hs-944.t","melanoma","","","Skin","<a href='https://discovery.nci.nih.gov/cell-lines/cellminercdb/hs-944.t_cvcl_1040.html' target='_blank'>details</a>"
"568","hsc-1","skin","Skin","skin_squamous","","","","HSC1","achilles","HSC-1","CVCL_2807","hsc-1","skin squamous","","","Skin","<a href='https://discovery.nci.nih.gov/cell-lines/cellminercdb/hsc-1_cvcl_2807.html' target='_blank'>details</a>"
"569","hsc-2","upper_aerodigestive_tract: squamous_cell_carcinoma;HNSC;Head_Neck;upper_aerodigestive_tract;aero_dig_tract","Head_Neck","Head_Neck Squamous;upper_aerodigestive_squamous","","","","HSC-2;HSC2","ccle;gdscDec15;prism;achilles;gdsc1;gdsc2","HSC-2","CVCL_1287","hsc-2","head neck squamous;upper aerodigestive squamous","","","Head_Neck","<a href='https://discovery.nci.nih.gov/cell-lines/cellminercdb/hsc-2_cvcl_1287.html' target='_blank'>details</a>"
"570","hsc-3","upper_aerodigestive_tract: squamous_cell_carcinoma;HNSC;Head_Neck;upper_aerodigestive_tract;aero_dig_tract","Head_Neck","Head_Neck Squamous;upper_aerodigestive_squamous","","","","HSC-3;HSC3","ccle;gdscDec15;prism;achilles;gdsc1;gdsc2","HSC-3","CVCL_1288","hsc-3","head neck squamous;upper aerodigestive squamous","","","Head_Neck","<a href='https://discovery.nci.nih.gov/cell-lines/cellminercdb/hsc-3_cvcl_1288.html' target='_blank'>details</a>"
"571","hsc-39","STAD;digestive_system","Esophagus_Stomach","","","","","HSC-39","gdscDec15;gdsc1;gdsc2","HSC-39","CVCL_A385","hsc-39","","","","Esophagus_Stomach","<a href='https://discovery.nci.nih.gov/cell-lines/cellminercdb/hsc-39_cvcl_a385.html' target='_blank'>details</a>"
"572","hsc-4","upper_aerodigestive_tract: squamous_cell_carcinoma;HNSC;aero_dig_tract","Head_Neck","","","","","HSC-4","ccle;gdscDec15;gdsc1;gdsc2","HSC-4","CVCL_1289","hsc-4","","","","Head_Neck","<a href='https://discovery.nci.nih.gov/cell-lines/cellminercdb/hsc-4_cvcl_1289.html' target='_blank'>details</a>"
"573","ht","haematopoietic_and_lymphoid_tissue: B_cell_lymphoma_unspecified;ascites;lymphoma","Lymph","Non-Hodgkin's Lymphoma (NHL);non_hodgkin_lymphoma","B-Cell Lymphoma (BCL);b_cell","","","HT","ccle;gdscDec15;achilles;mdaMills;gdsc1;gdsc2","HT","CVCL_1290","ht","non-hodgkin's lymphoma;non hodgkin lymphoma","b-cell lymphoma;b cell","","Lymph","<a href='https://discovery.nci.nih.gov/cell-lines/cellminercdb/ht_cvcl_1290.html' target='_blank'>details</a>"
"574","ht-1080","soft_tissue: fibrosarcoma;Soft Tissue;soft_tissue;Fibrosarcoma","Soft_Tissue","Fibrosarcoma (FIBS);Fibrosarcoma;fibrosarcoma","","","","HT-1080;HT1080","ccle;gdscDec15;prism;achilles;mdaMills;gdsc1;gdsc2;ancats","HT-1080","CVCL_0317","ht-1080","fibrosarcoma","","","Soft_Tissue","<a href='https://discovery.nci.nih.gov/cell-lines/cellminercdb/ht-1080_cvcl_0317.html' target='_blank'>details</a>"
"575","ht-1197","urinary_tract: carcinoma;BLCA;urinary_tract;urogenital_system","Bladder_Urinary_Tract","bladder_carcinoma","","","","HT-1197;HT1197","ccle;gdscDec15;achilles;mdaMills;gdsc1;gdsc2","HT-1197","CVCL_1291","ht-1197","bladder carcinoma","","","Bladder_Urinary_Tract","<a href='https://discovery.nci.nih.gov/cell-lines/cellminercdb/ht-1197_cvcl_1291.html' target='_blank'>details</a>"
"576","ht-1376","urinary_tract: transitional_cell_carcinoma;BLCA;Urinary Tract;urinary_tract;urogenital_system","Bladder_Urinary_Tract","Bladder Urothelial Carcinoma (BLCA);Bladder Carcinoma;bladder_carcinoma","","","","HT-1376;HT1376","ccle;gdscDec15;prism;achilles;gdsc1;gdsc2","HT-1376","CVCL_1292","ht-1376","bladder urothelial carcinoma;bladder carcinoma","","","Bladder_Urinary_Tract","<a href='https://discovery.nci.nih.gov/cell-lines/cellminercdb/ht-1376_cvcl_1292.html' target='_blank'>details</a>"
"577","ht-144","skin: malignant_melanoma;SKCM;Skin;skin","Skin","Melanoma (MEL);Melanoma;melanoma","","","","HT-144;HT144","ccle;gdscDec15;prism;achilles;gdsc1;gdsc2","HT-144","CVCL_0318","ht-144","melanoma","","","Skin","<a href='https://discovery.nci.nih.gov/cell-lines/cellminercdb/ht-144_cvcl_0318.html' target='_blank'>details</a>"
"578","ht-29","colon;large_intestine: adenocarcinoma;Colorectal;large_intestine","Bowel","Colorectal Adenocarcinoma (COADREAD);Colorectal Adenocarcinoma;colorectal_adenocarcinoma","","","","CO:HT29;HT-29;HT29","nci60;ccle;gdscDec15;prism;achilles;mdaMills;gdsc1;gdsc2","HT-29","CVCL_0320","ht-29","colorectal adenocarcinoma","","","Bowel","<a href='https://discovery.nci.nih.gov/cell-lines/cellminercdb/ht-29_cvcl_0320.html' target='_blank'>details</a>"
"579","ht-3","CESC;lymph_node;urogenital_system","Cervix","cervical_carcinoma","","","","HT-3;HT3","gdscDec15;achilles;gdsc1;gdsc2","HT-3","CVCL_1293","ht-3","cervical carcinoma","","","Cervix","<a href='https://discovery.nci.nih.gov/cell-lines/cellminercdb/ht-3_cvcl_1293.html' target='_blank'>details</a>"
"580","ht-55","large_intestine: adenocarcinoma;Colorectal;large_intestine","Bowel","Colorectal Adenocarcinoma (COADREAD);Colorectal Adenocarcinoma;colorectal_adenocarcinoma","","","","HT55","ccle;gdscDec15;prism;achilles;mdaMills;gdsc1;gdsc2","HT-55","CVCL_1294","ht-55","colorectal adenocarcinoma","","","Bowel","<a href='https://discovery.nci.nih.gov/cell-lines/cellminercdb/ht-55_cvcl_1294.html' target='_blank'>details</a>"
"581","ht115","large_intestine: carcinoma;COREAD;Colon;large_intestine","Bowel","colorectal_adenocarcinoma","","","","HT115;HT-115","ccle;gdscDec15;achilles;mdaMills;gdsc1;gdsc2","HT115","CVCL_2520","ht115","colorectal adenocarcinoma","","","Bowel","<a href='https://discovery.nci.nih.gov/cell-lines/cellminercdb/ht115_cvcl_2520.html' target='_blank'>details</a>"
"582","htc-c3","THCA;thyroid","Thyroid","","","","","HTC-C3","gdscDec15;gdsc1;gdsc2","HTC-C3","CVCL_1295","htc-c3","","","","Thyroid","<a href='https://discovery.nci.nih.gov/cell-lines/cellminercdb/htc-c3_cvcl_1295.html' target='_blank'>details</a>"
"583","htk-","haematopoietic_and_lymphoid_tissue: plasma_cell_myeloma","Blood","Multiple Myeloma (MM)","","","","HTK-","ccle","HTK-","CVCL_2522","htk-","multiple myeloma","","","Blood","<a href='https://discovery.nci.nih.gov/cell-lines/cellminercdb/htk-_cvcl_2522.html' target='_blank'>details</a>"
"584","htla161","bone","Bone","","","","","HT161","mdaMills","HTLA161","CVCL_C834","htla161","","","","Bone","<a href='https://discovery.nci.nih.gov/cell-lines/cellminercdb/htla161_cvcl_c834.html' target='_blank'>details</a>"
"585","hucc-t1","biliary_tract: carcinoma;Bile Duct;ascites;digestive_system","Biliary_Tract","Cholangiocarcinoma;cholangiocarcinoma","Intrahepatic;intrahepatic","","","HuCCT1;HUCCT1","ccle;gdscDec15;prism;achilles;gdsc1;gdsc2","HuCC-T1","CVCL_0324","hucc-t1","cholangiocarcinoma","intrahepatic","","Biliary_Tract","<a href='https://discovery.nci.nih.gov/cell-lines/cellminercdb/hucc-t1_cvcl_0324.html' target='_blank'>details</a>"
"586","hug1-n","stomach: carcinoma","Esophagus_Stomach","","","","","HuG1-N","ccle","HuG1-N","CVCL_4846","hug1-n","","","","Esophagus_Stomach","<a href='https://discovery.nci.nih.gov/cell-lines/cellminercdb/hug1-n_cvcl_4846.html' target='_blank'>details</a>"
"587","huh-1","liver: hepatocellular_carcinoma;liver;digestive_system","Liver","Hepatocellular Carcinoma (HCC);hepatocellular_carcinoma","hbs_antigen_carrier","","","huH-1;HUH1","ccle;gdscDec15;achilles;mdaMills;gdsc1;gdsc2","HuH-1","CVCL_2956","huh-1","hepatocellular carcinoma","hbs antigen carrier","","Liver","<a href='https://discovery.nci.nih.gov/cell-lines/cellminercdb/huh-1_cvcl_2956.html' target='_blank'>details</a>"
"588","huh-28","biliary_tract: carcinoma;Bile Duct","Biliary_Tract","Cholangiocarcinoma","Intrahepatic","","","HuH28;HUH28","ccle;prism","HuH-28","CVCL_2955","huh-28","cholangiocarcinoma","intrahepatic","","Biliary_Tract","<a href='https://discovery.nci.nih.gov/cell-lines/cellminercdb/huh-28_cvcl_2955.html' target='_blank'>details</a>"
"589","huh-6","liver: hepatoblastoma;Liver;liver","Liver","Hepatoblastoma (LIHB);Hepatocellular Carcinoma (HCC);Hepatoblastoma;hepatoblastoma","","","","HuH-6;HUH-6-clone5;HUH6","ccle;gdscDec15;prism;achilles","HuH-6","CVCL_4381","huh-6","hepatoblastoma;hepatocellular carcinoma","","","Liver","<a href='https://discovery.nci.nih.gov/cell-lines/cellminercdb/huh-6_cvcl_4381.html' target='_blank'>details</a>"
"590","huh-7","liver: hepatocellular_carcinoma;Liver;liver;digestive_system","Liver","Hepatocellular Carcinoma (HCC);Hepatocellular Carcinoma;hepatocellular_carcinoma","","","","HuH-7;HUH7","ccle;gdscDec15;prism;achilles;mdaMills;gdsc1;gdsc2","Huh-7","CVCL_0336","huh-7","hepatocellular carcinoma","","","Liver","<a href='https://discovery.nci.nih.gov/cell-lines/cellminercdb/huh-7_cvcl_0336.html' target='_blank'>details</a>"
"591","huns1","haematopoietic_and_lymphoid_tissue: plasma_cell_myeloma;haematopoietic_and_lymphoid_tissue","Blood","Multiple Myeloma (MM);multiple_myeloma","","","","HuNS1;HUNS1","ccle;achilles","HuNS1","CVCL_2526","huns1","multiple myeloma","","","Blood","<a href='https://discovery.nci.nih.gov/cell-lines/cellminercdb/huns1_cvcl_2526.html' target='_blank'>details</a>"
"592","huo-3n1","bone;Osteosarcoma","Bone","Osteosarcoma (OS)","","","","HuO-3N1","gdscDec15;gdsc1;gdsc2;ancats","HuO-3N1","CVCL_1297","huo-3n1","osteosarcoma","","","Bone","<a href='https://discovery.nci.nih.gov/cell-lines/cellminercdb/huo-3n1_cvcl_1297.html' target='_blank'>details</a>"
"593","huo9","bone","Bone","Osteosarcoma (OS);osteosarcoma","","","","HuO9;HUO9","gdscDec15;achilles;gdsc1;gdsc2","HuO9","CVCL_1298","huo9","osteosarcoma","","","Bone","<a href='https://discovery.nci.nih.gov/cell-lines/cellminercdb/huo9_cvcl_1298.html' target='_blank'>details</a>"
"594","hup-t3","pancreas: carcinoma;PAAD;Pancreas;ascites;pancreas","Pancreas","Exocrine;exocrine","Exocrine Adenocarcinoma;exocrine_adenocarcinoma","","","HUP-T3;HuP-T3;HUPT3","ccle;gdscDec15;prism;achilles;gdsc1;gdsc2","HuP-T3","CVCL_1299","hup-t3","exocrine","exocrine adenocarcinoma","","Pancreas","<a href='https://discovery.nci.nih.gov/cell-lines/cellminercdb/hup-t3_cvcl_1299.html' target='_blank'>details</a>"
"595","hup-t4","pancreas: carcinoma;PAAD;pancreas","Pancreas","","","","","HUP-T4;HuP-T4","ccle;gdscDec15;gdsc1;gdsc2","HuP-T4","CVCL_1300","hup-t4","","","","Pancreas","<a href='https://discovery.nci.nih.gov/cell-lines/cellminercdb/hup-t4_cvcl_1300.html' target='_blank'>details</a>"
"596","hut-102","haematopoietic_and_lymphoid_tissue: mycosis_fungoides-Sezary_syndrome;Mycosis fungoides and Sezary syndrome","Lymph","Non-Hodgkin's Lymphoma (NHL)","T-Cell and Natural Killer Lymphoma (TNKL)","","","HuT 102","ccle;ancats","HuT 102","CVCL_3526","hut-102","non-hodgkin's lymphoma","t-cell and natural killer lymphoma","","Lymph","<a href='https://discovery.nci.nih.gov/cell-lines/cellminercdb/hut-102_cvcl_3526.html' target='_blank'>details</a>"
"597","hut-78","haematopoietic_and_lymphoid_tissue: mycosis_fungoides-Sezary_syndrome;Mycosis fungoides and Sezary syndrome","Lymph","Non-Hodgkin's Lymphoma (NHL)","T-Cell and Natural Killer Lymphoma (TNKL)","","","HuT 78","ccle;ancats","HuT 78","CVCL_0337","hut-78","non-hodgkin's lymphoma","t-cell and natural killer lymphoma","","Lymph","<a href='https://discovery.nci.nih.gov/cell-lines/cellminercdb/hut-78_cvcl_0337.html' target='_blank'>details</a>"
"598","hutu-80","small_intestine: adenocarcinoma;digestive_system","Bowel;Other","Small Bowel Cancer (SBC)","","","","HuTu 80;HUTU-80;HuTu-80","ccle;gdscDec15;gdsc1;gdsc2","HuTu 80","CVCL_1301","hutu-80","small bowel cancer","","","Bowel","<a href='https://discovery.nci.nih.gov/cell-lines/cellminercdb/hutu-80_cvcl_1301.html' target='_blank'>details</a>"
"599","ia-lm","lung: large_cell_carcinoma;NOT_TCGA;Lung;lung_NSCLC","Lung","Non-Small Cell Lung Cancer (NSCLC);NSCLC","NSCLC Large Cell","","","IA-LM;IALM","ccle;gdscDec15;prism;gdsc1;gdsc2","IA-LM","CVCL_1302","ia-lm","non-small cell lung cancer;nsclc","nsclc large cell","","Lung","<a href='https://discovery.nci.nih.gov/cell-lines/cellminercdb/ia-lm_cvcl_1302.html' target='_blank'>details</a>"
"600","icc10-6","biliary_tract","Biliary_Tract","cholangiocarcinoma","intrahepatic","","","ICC106","achilles","ICC10-6","CVCL_A1UZ","icc10-6","cholangiocarcinoma","intrahepatic","","Biliary_Tract","<a href='https://discovery.nci.nih.gov/cell-lines/cellminercdb/icc10-6_cvcl_a1uz.html' target='_blank'>details</a>"
"601","icc10-8","biliary_tract","Biliary_Tract","cholangiocarcinoma","intrahepatic","","","ICC108","achilles","ICC10-8","CVCL_A1VA","icc10-8","cholangiocarcinoma","intrahepatic","","Biliary_Tract","<a href='https://discovery.nci.nih.gov/cell-lines/cellminercdb/icc10-8_cvcl_a1va.html' target='_blank'>details</a>"
"602","icc12","biliary_tract","Biliary_Tract","cholangiocarcinoma","intrahepatic","","","ICC12","achilles","ICC12","CVCL_A1VC","icc12","cholangiocarcinoma","intrahepatic","","Biliary_Tract","<a href='https://discovery.nci.nih.gov/cell-lines/cellminercdb/icc12_cvcl_a1vc.html' target='_blank'>details</a>"
"603","icc15","biliary_tract","Biliary_Tract","cholangiocarcinoma","extrahepatic","","","ICC15","achilles","ICC15","CVCL_A1VE","icc15","cholangiocarcinoma","extrahepatic","","Biliary_Tract","<a href='https://discovery.nci.nih.gov/cell-lines/cellminercdb/icc15_cvcl_a1ve.html' target='_blank'>details</a>"
"604","icc2","biliary_tract","Biliary_Tract","cholangiocarcinoma","intrahepatic","","","ICC2","achilles","ICC2","CVCL_VV27","icc2","cholangiocarcinoma","intrahepatic","","Biliary_Tract","<a href='https://discovery.nci.nih.gov/cell-lines/cellminercdb/icc2_cvcl_vv27.html' target='_blank'>details</a>"
"605","icc3","biliary_tract","Biliary_Tract","cholangiocarcinoma","intrahepatic","","","ICC3","achilles","ICC3","CVCL_A1ZB","icc3","cholangiocarcinoma","intrahepatic","","Biliary_Tract","<a href='https://discovery.nci.nih.gov/cell-lines/cellminercdb/icc3_cvcl_a1zb.html' target='_blank'>details</a>"
"606","icc8","biliary_tract","Biliary_Tract","cholangiocarcinoma","intrahepatic","","","ICC8","achilles","ICC8","CVCL_A1VG","icc8","cholangiocarcinoma","intrahepatic","","Biliary_Tract","<a href='https://discovery.nci.nih.gov/cell-lines/cellminercdb/icc8_cvcl_a1vg.html' target='_blank'>details</a>"
"607","icc9","biliary_tract","Biliary_Tract","cholangiocarcinoma","intrahepatic","","","ICC9","achilles","ICC9","CVCL_A1VH","icc9","cholangiocarcinoma","intrahepatic","","Biliary_Tract","<a href='https://discovery.nci.nih.gov/cell-lines/cellminercdb/icc9_cvcl_a1vh.html' target='_blank'>details</a>"
"608","igr-1","skin: malignant_melanoma;Skin;lymph_node;skin","Skin","Melanoma (MEL);Melanoma;melanoma","","","","IGR-1;IGR1","ccle;gdscDec15;prism;achilles;gdsc1;gdsc2","IGR-1","CVCL_1303","igr-1","melanoma","","","Skin","<a href='https://discovery.nci.nih.gov/cell-lines/cellminercdb/igr-1_cvcl_1303.html' target='_blank'>details</a>"
"609","igr-37","skin: malignant_melanoma;SKCM;Skin;skin","Skin","Melanoma (MEL);Melanoma","","","","IGR-37;IGR37","ccle;gdscDec15;prism;gdsc1;gdsc2","IGR-37","CVCL_2075","igr-37","melanoma","","","Skin","<a href='https://discovery.nci.nih.gov/cell-lines/cellminercdb/igr-37_cvcl_2075.html' target='_blank'>details</a>"
"610","igr-39","skin: malignant_melanoma;skin","Skin","Melanoma (MEL);melanoma","","","","IGR-39;IGR39","ccle;achilles","IGR-39","CVCL_2076","igr-39","melanoma","","","Skin","<a href='https://discovery.nci.nih.gov/cell-lines/cellminercdb/igr-39_cvcl_2076.html' target='_blank'>details</a>"
"611","igrov-1","ovarian;ovary: adenocarcinoma;OV;Ovary;urogenital_system","Ovary","Ovarian Epithelial Tumor (OVT);Ovary Adenocarcinoma","Mixed Endometrioid Clear Cell","","","OV:IGROV1;IGROV1;IGROV-1","nci60;ccle;gdscDec15;prism;mdaMills;gdsc1;gdsc2","IGROV-1","CVCL_1304","igrov-1","ovarian epithelial tumor;ovary adenocarcinoma","mixed endometrioid clear cell","","Ovary","<a href='https://discovery.nci.nih.gov/cell-lines/cellminercdb/igrov-1_cvcl_1304.html' target='_blank'>details</a>"
"612","ihh-4","THCA;thyroid","Thyroid","","","","","IHH-4","gdscDec15;gdsc1;gdsc2","IHH-4","CVCL_2960","ihh-4","","","","Thyroid","<a href='https://discovery.nci.nih.gov/cell-lines/cellminercdb/ihh-4_cvcl_2960.html' target='_blank'>details</a>"
"613","im-9","myeloma","Blood","Multiple Myeloma (MM)","","","","IM-9","gdscDec15;gdsc1;gdsc2","IM-9","CVCL_1305","im-9","multiple myeloma","","","Blood","<a href='https://discovery.nci.nih.gov/cell-lines/cellminercdb/im-9_cvcl_1305.html' target='_blank'>details</a>"
"614","im95","stomach: intestinal_adenocarcinoma;STAD;Gastric;digestive_system","Esophagus_Stomach","Esophagogastric Adenocarcinoma (EGC);Gastric Adenocarcinoma","Stomach Adenocarcinoma (STAD);","","","IM95;IM-95","ccle;gdscDec15;prism;mdaMills;gdsc1;gdsc2","IM95","CVCL_2961","im95","esophagogastric adenocarcinoma;gastric adenocarcinoma","stomach adenocarcinoma;","","Esophagus_Stomach","<a href='https://discovery.nci.nih.gov/cell-lines/cellminercdb/im95_cvcl_2961.html' target='_blank'>details</a>"
"615","imr-32","autonomic_ganglia: neuroblastoma;abdomen;Neuroblastoma","Brain_CNS;Peripheral_Nervous_System","Embryonal Tumor (EMBT);neuroblastoma","Neuroblastoma (NBL)","","","IMR-32;IMR32","ccle;achilles;ancats","IMR-32","CVCL_0346","imr-32","embryonal tumor;neuroblastoma","neuroblastoma","","Brain_CNS;Peripheral_Nervous_System","<a href='https://discovery.nci.nih.gov/cell-lines/cellminercdb/imr-32_cvcl_0346.html' target='_blank'>details</a>"
"616","imr-5","neuroblastoma","Brain_CNS","Embryonal Tumor (EMBT)","Neuroblastoma (NBL)","","","IMR-5","gdscDec15;gdsc1;gdsc2","IMR-5","CVCL_1306","imr-5","embryonal tumor","neuroblastoma","","Brain_CNS","<a href='https://discovery.nci.nih.gov/cell-lines/cellminercdb/imr-5_cvcl_1306.html' target='_blank'>details</a>"
"617","ina-6","Lymph;pleural_effusion","Lymph;Blood","multiple_myeloma","","","","INA6","ccle;achilles","INA-6","CVCL_5209","ina-6","multiple myeloma","","","Lymph;Blood","<a href='https://discovery.nci.nih.gov/cell-lines/cellminercdb/ina-6_cvcl_5209.html' target='_blank'>details</a>"
"618","iomm-lee","central_nervous_system: meningioma","Brain_CNS","Meningothelial Tumor (MNGT)","Meningioma (MNG)","","","IOMM-Lee","ccle","IOMM-Lee","CVCL_5779","iomm-lee","meningothelial tumor","meningioma","","Brain_CNS","<a href='https://discovery.nci.nih.gov/cell-lines/cellminercdb/iomm-lee_cvcl_5779.html' target='_blank'>details</a>"
"619","iose-364","OV","Ovary","","","","","IOSE-364(-)","gdscDec15","IOSE-364","CVCL_5540","iose-364","","","","Ovary","<a href='https://discovery.nci.nih.gov/cell-lines/cellminercdb/iose-364_cvcl_5540.html' target='_blank'>details</a>"
"620","iose-397","OV","Ovary","","","","","IOSE-397","gdscDec15","IOSE-397","CVCL_5541","iose-397","","","","Ovary","<a href='https://discovery.nci.nih.gov/cell-lines/cellminercdb/iose-397_cvcl_5541.html' target='_blank'>details</a>"
"621","iose-523","OV","Ovary","","","","","IOSE-523(-)","gdscDec15","IOSE-523","CVCL_E234","iose-523","","","","Ovary","<a href='https://discovery.nci.nih.gov/cell-lines/cellminercdb/iose-523_cvcl_e234.html' target='_blank'>details</a>"
"622","iose-75-16sv40","OV","Ovary","","","","","IOSE-75-16SV40","gdscDec15","IOSE-75-16SV40","CVCL_EQ74","iose-75-16sv40","","","","Ovary","<a href='https://discovery.nci.nih.gov/cell-lines/cellminercdb/iose-75-16sv40_cvcl_eq74.html' target='_blank'>details</a>"
"623","ipc-298","skin: malignant_melanoma;SKCM;Skin;skin","Skin","Melanoma (MEL);Melanoma;melanoma","","","","IPC-298;IPC298","ccle;gdscDec15;prism;achilles;gdsc1;gdsc2","IPC-298","CVCL_1307","ipc-298","melanoma","","","Skin","<a href='https://discovery.nci.nih.gov/cell-lines/cellminercdb/ipc-298_cvcl_1307.html' target='_blank'>details</a>"
"624","ishikawa-heraklio-02-er-","endometrium: adenocarcinoma;Uterus;endometrium","Uterus","Endometrial Carcinoma (UCEC);Endometrial Adenocarcinoma;endometrial_adenocarcinoma","","","","Ishikawa (Heraklio) 02 ER-;Ishikawa(Heraklio)02ER-;ISHIKAWAHERAKLIO02ER","ccle;gdscDec15;prism;achilles","Ishikawa (Heraklio) 02 ER-","CVCL_6543","ishikawa-heraklio-02-er-","endometrial carcinoma;endometrial adenocarcinoma","","","Uterus","<a href='https://discovery.nci.nih.gov/cell-lines/cellminercdb/ishikawa-heraklio-02-er-_cvcl_6543.html' target='_blank'>details</a>"
"625","ist-mel1","skin","Skin","Melanoma (MEL)","","","","IST-MEL1","gdscDec15;gdsc1;gdsc2","IST-MEL1","CVCL_1308","ist-mel1","melanoma","","","Skin","<a href='https://discovery.nci.nih.gov/cell-lines/cellminercdb/ist-mel1_cvcl_1308.html' target='_blank'>details</a>"
"626","ist-mes1","pleura: mesothelioma;Lung;lung","Mesothelium;Lung","Mesothelioma (MESO);Mesothelioma","","","","IST-MES1;ISTMES1","ccle;gdscDec15;prism;gdsc1;gdsc2","IST-Mes1","CVCL_1311","ist-mes1","mesothelioma","","","Mesothelium;Lung","<a href='https://discovery.nci.nih.gov/cell-lines/cellminercdb/ist-mes1_cvcl_1311.html' target='_blank'>details</a>"
"627","ist-mes2","pleura: mesothelioma;Lung;pleural_effusion","Mesothelium;Lung","Mesothelioma (MESO);Mesothelioma;mesothelioma","","","","IST-MES2;ISTMES2","ccle;prism;achilles","IST-Mes2","CVCL_1312","ist-mes2","mesothelioma","","","Mesothelium;Lung","<a href='https://discovery.nci.nih.gov/cell-lines/cellminercdb/ist-mes2_cvcl_1312.html' target='_blank'>details</a>"
"628","ist-sl1","NOT_TCGA;lung_SCLC","Lung","Small Cell Lung Cancer (SCLC)","","","","IST-SL1","gdscDec15;gdsc1;gdsc2","IST-SL1","CVCL_1313","ist-sl1","small cell lung cancer","","","Lung","<a href='https://discovery.nci.nih.gov/cell-lines/cellminercdb/ist-sl1_cvcl_1313.html' target='_blank'>details</a>"
"629","ist-sl2","NOT_TCGA;lung_SCLC","Lung","Small Cell Lung Cancer (SCLC)","","","","IST-SL2","gdscDec15;gdsc1;gdsc2","IST-SL2","CVCL_1314","ist-sl2","small cell lung cancer","","","Lung","<a href='https://discovery.nci.nih.gov/cell-lines/cellminercdb/ist-sl2_cvcl_1314.html' target='_blank'>details</a>"
"630","j.rt3-t3.5","","Blood","Leukemia (LEUK)","","","","J-RT3-T3-5","gdscDec15","J.RT3-T3.5","CVCL_1316","j.rt3-t3.5","leukemia","","","Blood","<a href='https://discovery.nci.nih.gov/cell-lines/cellminercdb/j.rt3-t3.5_cvcl_1316.html' target='_blank'>details</a>"
"631","j82","urinary_tract: transitional_cell_carcinoma;BLCA;Urinary Tract;urogenital_system","Bladder_Urinary_Tract","Bladder Urothelial Carcinoma (BLCA);Bladder Carcinoma","Bladder Transitional Cell","","","J82","ccle;gdscDec15;prism;gdsc1;gdsc2","J82","CVCL_0359","j82","bladder urothelial carcinoma;bladder carcinoma","bladder transitional cell","","Bladder_Urinary_Tract","<a href='https://discovery.nci.nih.gov/cell-lines/cellminercdb/j82_cvcl_0359.html' target='_blank'>details</a>"
"632","jar","Placenta;urogenital_system","Other;Uterus","choriocarcinoma","","","","JAR","gdscDec15;achilles;gdsc1;gdsc2","JAR","CVCL_0360","jar","choriocarcinoma","","","Uterus","<a href='https://discovery.nci.nih.gov/cell-lines/cellminercdb/jar_cvcl_0360.html' target='_blank'>details</a>"
"633","jeg-3","central_nervous_system;urogenital_system","Other;Uterus","choriocarcinoma","","","","JEG-3;JEG3","gdscDec15;achilles;gdsc1;gdsc2","JEG-3","CVCL_0363","jeg-3","choriocarcinoma","","","Uterus","<a href='https://discovery.nci.nih.gov/cell-lines/cellminercdb/jeg-3_cvcl_0363.html' target='_blank'>details</a>"
"634","jeko-1","haematopoietic_and_lymphoid_tissue: mantle_cell_lymphoma;lymphoma","Lymph;Blood","Non-Hodgkin's Lymphoma (NHL)","B-Cell Lymphoma (BCL)","Mantle Cell Lymphoma (MCL)","","JeKo-1;JEKO-1;JEKO1","ccle;gdscDec15;mdaMills;gdsc1;gdsc2","JeKo-1","CVCL_1865","jeko-1","non-hodgkin's lymphoma","b-cell lymphoma","mantle cell lymphoma","Lymph;Blood","<a href='https://discovery.nci.nih.gov/cell-lines/cellminercdb/jeko-1_cvcl_1865.html' target='_blank'>details</a>"
"635","jh-esoad1","oesophagus: barrett_associated_adenocarcinoma","Esophagus_Stomach","Esophagogastric Adenocarcinoma (EGC)","","","","JH-EsoAd1","ccle","JH-EsoAd1","CVCL_8098","jh-esoad1","esophagogastric adenocarcinoma","","","Esophagus_Stomach","<a href='https://discovery.nci.nih.gov/cell-lines/cellminercdb/jh-esoad1_cvcl_8098.html' target='_blank'>details</a>"
"636","jhc7","bone","Bone","chordoma","","","","JHC7","achilles","JHC7","CVCL_L154","jhc7","chordoma","","","Bone","<a href='https://discovery.nci.nih.gov/cell-lines/cellminercdb/jhc7_cvcl_l154.html' target='_blank'>details</a>"
"637","jhh-1","liver: hepatocellular_carcinoma;Liver;liver;digestive_system","Liver","Hepatocellular Carcinoma (HCC);Hepatocellular Carcinoma;hepatocellular_carcinoma","","","","JHH-1;JHH1","ccle;gdscDec15;prism;achilles;gdsc1;gdsc2","JHH-1","CVCL_2785","jhh-1","hepatocellular carcinoma","","","Liver","<a href='https://discovery.nci.nih.gov/cell-lines/cellminercdb/jhh-1_cvcl_2785.html' target='_blank'>details</a>"
"638","jhh-136","Glioblastoma","Brain_CNS","","","","","JHH-136","ancats","JHH-136","CVCL_VT28","jhh-136","","","","Brain_CNS","<a href='https://discovery.nci.nih.gov/cell-lines/cellminercdb/jhh-136_cvcl_vt28.html' target='_blank'>details</a>"
"639","jhh-2","liver: hepatocellular_carcinoma;ascites;digestive_system","Liver","Hepatocellular Carcinoma (HCC);hepatocellular_carcinoma","","","","JHH-2;JHH2","ccle;gdscDec15;achilles;mdaMills;gdsc1;gdsc2","JHH-2","CVCL_2786","jhh-2","hepatocellular carcinoma","","","Liver","<a href='https://discovery.nci.nih.gov/cell-lines/cellminercdb/jhh-2_cvcl_2786.html' target='_blank'>details</a>"
"640","jhh-4","liver: hepatocellular_carcinoma;Liver;liver;digestive_system","Liver","Hepatocellular Carcinoma (HCC);Hepatocellular Carcinoma;hepatocellular_carcinoma","","","","JHH-4;JHH4","ccle;gdscDec15;prism;achilles;mdaMills;gdsc1;gdsc2","JHH-4","CVCL_2787","jhh-4","hepatocellular carcinoma","","","Liver","<a href='https://discovery.nci.nih.gov/cell-lines/cellminercdb/jhh-4_cvcl_2787.html' target='_blank'>details</a>"
"641","jhh-5","liver: hepatocellular_carcinoma;Liver;liver","Liver","Hepatocellular Carcinoma (HCC);Hepatocellular Carcinoma;hepatocellular_carcinoma","","","","JHH-5;JHH5","ccle;prism;achilles","JHH-5","CVCL_0364","jhh-5","hepatocellular carcinoma","","","Liver","<a href='https://discovery.nci.nih.gov/cell-lines/cellminercdb/jhh-5_cvcl_0364.html' target='_blank'>details</a>"
"642","jhh-520","Glioblastoma","Brain_CNS","","","","","JHH-520","ancats","JHH-520","CVCL_VT33","jhh-520","","","","Brain_CNS","<a href='https://discovery.nci.nih.gov/cell-lines/cellminercdb/jhh-520_cvcl_vt33.html' target='_blank'>details</a>"
"643","jhh-6","liver: hepatocellular_carcinoma;Liver;liver;digestive_system","Liver","Hepatocellular Carcinoma (HCC);Hepatocellular Carcinoma;hepatocellular_carcinoma","","","","JHH-6;JHH6","ccle;gdscDec15;prism;achilles;mdaMills;gdsc1;gdsc2","JHH-6","CVCL_2788","jhh-6","hepatocellular carcinoma","","","Liver","<a href='https://discovery.nci.nih.gov/cell-lines/cellminercdb/jhh-6_cvcl_2788.html' target='_blank'>details</a>"
"644","jhh-7","liver: hepatocellular_carcinoma;Liver;liver;digestive_system","Liver","Hepatocellular Carcinoma (HCC);Hepatocellular Carcinoma;hepatocellular_carcinoma","","","","JHH-7;JHH7","ccle;gdscDec15;prism;achilles;mdaMills;gdsc1;gdsc2","JHH-7","CVCL_2805","jhh-7","hepatocellular carcinoma","","","Liver","<a href='https://discovery.nci.nih.gov/cell-lines/cellminercdb/jhh-7_cvcl_2805.html' target='_blank'>details</a>"
"645","jhh-dipg-1","Diffuse intrinsic pontine glioma","Brain_CNS","","","","","JHH-DIPG-1","ancats","JHH-DIPG-1","CVCL_IT47","jhh-dipg-1","","","","Brain_CNS","<a href='https://discovery.nci.nih.gov/cell-lines/cellminercdb/jhh-dipg-1_cvcl_it47.html' target='_blank'>details</a>"
"646","jhoc-5","ovary: clear_cell_carcinoma;Ovary;ovary","Ovary","Ovarian Epithelial Tumor (OVT);Ovary Adenocarcinoma;ovary_adenocarcinoma","Clear Cell Ovarian Cancer (CCOV);Clear Cell;clear_cell","","","JHOC-5;JHOC5","ccle;prism;achilles","JHOC-5","CVCL_4640","jhoc-5","ovarian epithelial tumor;ovary adenocarcinoma","clear cell ovarian cancer;clear cell","","Ovary","<a href='https://discovery.nci.nih.gov/cell-lines/cellminercdb/jhoc-5_cvcl_4640.html' target='_blank'>details</a>"
"647","jhom-1","ovary: adenocarcinoma;Ovary;ovary","Ovary","Ovarian Epithelial Tumor (OVT);Ovary Adenocarcinoma;ovary_adenocarcinoma","Mucinous;mucinous","","","JHOM-1;JHOM1","ccle;prism;achilles;mdaMills","JHOM-1","CVCL_4644","jhom-1","ovarian epithelial tumor;ovary adenocarcinoma","mucinous","","Ovary","<a href='https://discovery.nci.nih.gov/cell-lines/cellminercdb/jhom-1_cvcl_4644.html' target='_blank'>details</a>"
"648","jhom-2b","ovary: adenocarcinoma","Ovary","Ovarian Epithelial Tumor (OVT)","","","","JHOM-2B","ccle","JHOM-2B","CVCL_4645","jhom-2b","ovarian epithelial tumor","","","Ovary","<a href='https://discovery.nci.nih.gov/cell-lines/cellminercdb/jhom-2b_cvcl_4645.html' target='_blank'>details</a>"
"649","jhos-2","ovary: adenocarcinoma;OV;Ovary;ovary;urogenital_system","Ovary","Ovarian Epithelial Tumor (OVT);Ovary Adenocarcinoma;ovary_adenocarcinoma","High Grade Serous;high_grade_serous","","","JHOS-2;JHOS2","ccle;gdscDec15;prism;achilles;gdsc1;gdsc2","JHOS-2","CVCL_4647","jhos-2","ovarian epithelial tumor;ovary adenocarcinoma","high grade serous","","Ovary","<a href='https://discovery.nci.nih.gov/cell-lines/cellminercdb/jhos-2_cvcl_4647.html' target='_blank'>details</a>"
"650","jhos-3","OV;urogenital_system","Ovary","","","","","JHOS-3","gdscDec15;gdsc1;gdsc2","JHOS-3","CVCL_4648","jhos-3","","","","Ovary","<a href='https://discovery.nci.nih.gov/cell-lines/cellminercdb/jhos-3_cvcl_4648.html' target='_blank'>details</a>"
"651","jhos-4","ovary: adenocarcinoma;OV;ovary;urogenital_system","Ovary","Ovarian Epithelial Tumor (OVT);ovary_adenocarcinoma","high_grade_serous","","","JHOS-4;JHOS4","ccle;gdscDec15;achilles;mdaMills;gdsc1;gdsc2","JHOS-4","CVCL_4649","jhos-4","ovarian epithelial tumor;ovary adenocarcinoma","high grade serous","","Ovary","<a href='https://discovery.nci.nih.gov/cell-lines/cellminercdb/jhos-4_cvcl_4649.html' target='_blank'>details</a>"
"652","jhu-011","HNSC;aero_dig_tract","Head_Neck","","","","","JHU-011;JHU011","gdscDec15;mdaMills;gdsc1;gdsc2","JHU-011","CVCL_5986","jhu-011","","","","Head_Neck","<a href='https://discovery.nci.nih.gov/cell-lines/cellminercdb/jhu-011_cvcl_5986.html' target='_blank'>details</a>"
"653","jhu-013","HNSC","Head_Neck","Head and Neck Squamous Cell Carcinoma (HNSC)","","","","JHU-013","gdscDec15","JHU-013","CVCL_5988","jhu-013","head and neck squamous cell carcinoma","","","Head_Neck","<a href='https://discovery.nci.nih.gov/cell-lines/cellminercdb/jhu-013_cvcl_5988.html' target='_blank'>details</a>"
"654","jhu-019","","Other","","","","","JHU-019","gdscDec15","JHU-019","CVCL_5989","jhu-019","","","","Other","<a href='https://discovery.nci.nih.gov/cell-lines/cellminercdb/jhu-019_cvcl_5989.html' target='_blank'>details</a>"
"655","jhu-022","head and neck;aero_dig_tract","Head_Neck","","","","","JHU-022;JHU022","gdscDec15;mdaMills;gdsc1;gdsc2","JHU-022","CVCL_5991","jhu-022","","","","Head_Neck","<a href='https://discovery.nci.nih.gov/cell-lines/cellminercdb/jhu-022_cvcl_5991.html' target='_blank'>details</a>"
"656","jhu-028","","Head_Neck","","","","","JHU-028","gdscDec15","JHU-028","CVCL_5992","jhu-028","","","","Head_Neck","<a href='https://discovery.nci.nih.gov/cell-lines/cellminercdb/jhu-028_cvcl_5992.html' target='_blank'>details</a>"
"657","jhu-029","head and neck;aero_dig_tract","Head_Neck","","","","","JHU-029;JHU029","gdscDec15;mdaMills;gdsc1;gdsc2","JHU-029","CVCL_5993","jhu-029","","","","Head_Neck","<a href='https://discovery.nci.nih.gov/cell-lines/cellminercdb/jhu-029_cvcl_5993.html' target='_blank'>details</a>"
"658","jhuem-1","endometrium: adenocarcinoma;endometrium","Uterus","Endometrial Carcinoma (UCEC);endometrial_adenocarcinoma","","","","JHUEM-1;JHUEM1","ccle;achilles","JHUEM-1","CVCL_4655","jhuem-1","endometrial carcinoma;endometrial adenocarcinoma","","","Uterus","<a href='https://discovery.nci.nih.gov/cell-lines/cellminercdb/jhuem-1_cvcl_4655.html' target='_blank'>details</a>"
"659","jhuem-2","endometrium: adenocarcinoma;Uterus","Uterus","Endometrial Carcinoma (UCEC);Endometrial Adenocarcinoma","","","","JHUEM-2;JHUEM2","ccle;prism","JHUEM-2","CVCL_4656","jhuem-2","endometrial carcinoma;endometrial adenocarcinoma","","","Uterus","<a href='https://discovery.nci.nih.gov/cell-lines/cellminercdb/jhuem-2_cvcl_4656.html' target='_blank'>details</a>"
"660","jhuem-3","endometrium: adenocarcinoma","Uterus","Endometrial Carcinoma (UCEC)","","","","JHUEM-3","ccle","JHUEM-3","CVCL_4657","jhuem-3","endometrial carcinoma","","","Uterus","<a href='https://discovery.nci.nih.gov/cell-lines/cellminercdb/jhuem-3_cvcl_4657.html' target='_blank'>details</a>"
"661","jhuem-7","Uterus;endometrium","Uterus","endometrial_adenocarcinoma","","","","JHUEM7","ccle;achilles","JHUEM-7","CVCL_4658","jhuem-7","endometrial adenocarcinoma","","","Uterus","<a href='https://discovery.nci.nih.gov/cell-lines/cellminercdb/jhuem-7_cvcl_4658.html' target='_blank'>details</a>"
"662","jim3","Plasma cell myeloma","Blood","","","","","JIM3","ancats","JIM3","CVCL_2533","jim3","","","","Blood","<a href='https://discovery.nci.nih.gov/cell-lines/cellminercdb/jim3_cvcl_2533.html' target='_blank'>details</a>"
"663","jimt-1","breast: ductal_carcinoma;BRCA;Breast;pleural_effusion;breast","Breast","Breast Carcinoma (BRCA);Breast Ductal Carcinoma;breast_ductal_carcinoma","Breast Invasive Ductal Carcinoma (IDC);ERneg HER2pos;ERneg_HER2pos","Basal A","","JIMT-1;JIMT1","ccle;gdscDec15;prism;achilles;mdaMills;gdsc1;gdsc2","JIMT-1","CVCL_2077","jimt-1","breast carcinoma;breast ductal carcinoma","breast invasive ductal carcinoma;erneg her2pos","basal a","Breast","<a href='https://discovery.nci.nih.gov/cell-lines/cellminercdb/jimt-1_cvcl_2077.html' target='_blank'>details</a>"
"664","jiyoye","blood;lymphoma","Lymph;Blood","Non-Hodgkin's Lymphoma (NHL)","B-Cell Lymphoma (BCL)","Burkitt Lymphoma (BL)","","JiyoyeP-2003;JIYOYE","gdscDec15;mdaMills;gdsc1;gdsc2","Jiyoye","CVCL_1317","jiyoye","non-hodgkin's lymphoma","b-cell lymphoma","burkitt lymphoma","Lymph;Blood","<a href='https://discovery.nci.nih.gov/cell-lines/cellminercdb/jiyoye_cvcl_1317.html' target='_blank'>details</a>"
"665","jjn-3","haematopoietic_and_lymphoid_tissue: plasma_cell_myeloma;bone_marrow;myeloma;Plasma cell myeloma","Blood","Multiple Myeloma (MM);multiple_myeloma","","","","JJN-3;JJN3","ccle;gdscDec15;achilles;mdaMills;gdsc1;gdsc2;ancats","JJN-3","CVCL_2078","jjn-3","multiple myeloma","","","Blood","<a href='https://discovery.nci.nih.gov/cell-lines/cellminercdb/jjn-3_cvcl_2078.html' target='_blank'>details</a>"
"666","jk-1","haematopoietic_and_lymphoid_tissue: blast_phase_chronic_myeloid_leukaemia","Blood","Leukemia (LEUK)","Chronic Myelogenous Leukemia (CML)","","","JK-1","ccle","JK-1","CVCL_2079","jk-1","leukemia","chronic myelogenous leukemia","","Blood","<a href='https://discovery.nci.nih.gov/cell-lines/cellminercdb/jk-1_cvcl_2079.html' target='_blank'>details</a>"
"667","jk-6l","Plasma cell myeloma","Blood","","","","","JK-6L","ancats","JK-6L","CVCL_0C41","jk-6l","","","","Blood","<a href='https://discovery.nci.nih.gov/cell-lines/cellminercdb/jk-6l_cvcl_0c41.html' target='_blank'>details</a>"
"668","jl-1","pleura: mesothelioma","Mesothelium","Mesothelioma (MESO)","","","","JL-1","ccle","JL-1","CVCL_2080","jl-1","mesothelioma","","","Mesothelium","<a href='https://discovery.nci.nih.gov/cell-lines/cellminercdb/jl-1_cvcl_2080.html' target='_blank'>details</a>"
"669","jm-1","haematopoietic_and_lymphoid_tissue: B_cell_lymphoma_unspecified;haematopoietic_and_lymphoid_tissue;lymphoma","Lymph;Blood","Non-Hodgkin's Lymphoma (NHL);ALL","B-Cell Lymphoma (BCL);b_cell","","","JM1","ccle;gdscDec15;achilles;gdsc1;gdsc2","JM-1","CVCL_3532","jm-1","non-hodgkin's lymphoma;all","b-cell lymphoma;b cell","","Lymph;Blood","<a href='https://discovery.nci.nih.gov/cell-lines/cellminercdb/jm-1_cvcl_3532.html' target='_blank'>details</a>"
"670","jmsu-1","urinary_tract: carcinoma;Urinary Tract;ascites","Bladder_Urinary_Tract","Bladder Carcinoma;bladder_carcinoma","","","","JMSU-1;JMSU1","ccle;prism;achilles","JMSU-1","CVCL_2081","jmsu-1","bladder carcinoma","","","Bladder_Urinary_Tract","<a href='https://discovery.nci.nih.gov/cell-lines/cellminercdb/jmsu-1_cvcl_2081.html' target='_blank'>details</a>"
"671","jmu-rtk-2","central_nervous_system","Kidney","malignant_rhabdoid_tumor","","","","JMURTK2","achilles","JMU-RTK-2","CVCL_4W58","jmu-rtk-2","malignant rhabdoid tumor","","","Kidney","<a href='https://discovery.nci.nih.gov/cell-lines/cellminercdb/jmu-rtk-2_cvcl_4w58.html' target='_blank'>details</a>"
"672","jopaca-1","pancreas","Pancreas","exocrine","exocrine_adenocarcinoma","","","JOPACA1","achilles","JoPaca-1","CVCL_S507","jopaca-1","exocrine","exocrine adenocarcinoma","","Pancreas","<a href='https://discovery.nci.nih.gov/cell-lines/cellminercdb/jopaca-1_cvcl_s507.html' target='_blank'>details</a>"
"673","jsc-1","lymphoma","Blood","","","","","JSC-1","gdscDec15;gdsc1;gdsc2","JSC-1","CVCL_3728","jsc-1","","","","Blood","<a href='https://discovery.nci.nih.gov/cell-lines/cellminercdb/jsc-1_cvcl_3728.html' target='_blank'>details</a>"
"674","jurkat","haematopoietic_and_lymphoid_tissue: acute_lymphoblastic_T_cell_leukaemia;leukemia","Blood","Leukemia (LEUK)","Acute Lymphoid Leukemia (ALL)","T-Cell Acute Lymphoid Leukemia (TALL)","","JURKAT;Jurkat","ccle;gdscDec15;gdsc1;gdsc2","Jurkat","CVCL_0065","jurkat","leukemia","acute lymphoid leukemia","t-cell acute lymphoid leukemia","Blood","<a href='https://discovery.nci.nih.gov/cell-lines/cellminercdb/jurkat_cvcl_0065.html' target='_blank'>details</a>"
"675","jurl-mk1","haematopoietic_and_lymphoid_tissue: blast_phase_chronic_myeloid_leukaemia;haematopoietic_and_lymphoid_tissue;leukemia","Blood","Leukemia (LEUK);CML","Chronic Myelogenous Leukemia (CML);blast_crisis","","","JURL-MK1;JURLMK1","ccle;gdscDec15;achilles;gdsc1;gdsc2","JURL-MK1","CVCL_2086","jurl-mk1","leukemia;cml","chronic myelogenous leukemia;blast crisis","","Blood","<a href='https://discovery.nci.nih.gov/cell-lines/cellminercdb/jurl-mk1_cvcl_2086.html' target='_blank'>details</a>"
"676","jvm-13","blood","Blood","","","","","JVM13","mdaMills","JVM-13","CVCL_1318","jvm-13","","","","Blood","<a href='https://discovery.nci.nih.gov/cell-lines/cellminercdb/jvm-13_cvcl_1318.html' target='_blank'>details</a>"
"677","jvm-2","haematopoietic_and_lymphoid_tissue: chronic_lymphocytic_leukaemia-small_lymphocytic_lymphoma;LCLL;lymphoma","Blood;Lymph","Leukemia (LEUK)","Chronic Lymphocytic Leukemia (CLL)","","","JVM-2;JVM2","ccle;gdscDec15;mdaMills;gdsc1;gdsc2","JVM-2","CVCL_1319","jvm-2","leukemia","chronic lymphocytic leukemia","","Blood;Lymph","<a href='https://discovery.nci.nih.gov/cell-lines/cellminercdb/jvm-2_cvcl_1319.html' target='_blank'>details</a>"
"678","jvm-3","haematopoietic_and_lymphoid_tissue: chronic_lymphocytic_leukaemia-small_lymphocytic_lymphoma;LCLL;lymphoma","Blood;Lymph","Leukemia (LEUK)","Chronic Lymphocytic Leukemia (CLL)","","","JVM-3","ccle;gdscDec15;gdsc1;gdsc2","JVM-3","CVCL_1320","jvm-3","leukemia","chronic lymphocytic leukemia","","Blood;Lymph","<a href='https://discovery.nci.nih.gov/cell-lines/cellminercdb/jvm-3_cvcl_1320.html' target='_blank'>details</a>"
"679","k-562","leukemia;haematopoietic_and_lymphoid_tissue: blast_phase_chronic_myeloid_leukaemia;pleural_effusion","Blood","Leukemia (LEUK);CML","Chronic Myelogenous Leukemia (CML);blast_crisis","","","LE:K-562;K-562;K562","nci60;ccle;gdscDec15;achilles;mdaMills;gdsc1;gdsc2","K-562","CVCL_0004","k-562","leukemia;cml","chronic myelogenous leukemia;blast crisis","","Blood","<a href='https://discovery.nci.nih.gov/cell-lines/cellminercdb/k-562_cvcl_0004.html' target='_blank'>details</a>"
"680","k029ax","skin: malignant_melanoma;Skin;skin","Skin","Melanoma (MEL);Melanoma;melanoma","","","","K029AX","ccle;prism;achilles","K029AX","CVCL_8784","k029ax","melanoma","","","Skin","<a href='https://discovery.nci.nih.gov/cell-lines/cellminercdb/k029ax_cvcl_8784.html' target='_blank'>details</a>"
"681","k19","SKCM","Skin","Melanoma (MEL)","","","","K19","gdscDec15","K19","CVCL_W796","k19","melanoma","","","Skin","<a href='https://discovery.nci.nih.gov/cell-lines/cellminercdb/k19_cvcl_w796.html' target='_blank'>details</a>"
"682","k4im","SKCM","Skin","Melanoma (MEL)","","","","K4","gdscDec15","K4IM","CVCL_9V29","k4im","melanoma","","","Skin","<a href='https://discovery.nci.nih.gov/cell-lines/cellminercdb/k4im_cvcl_9v29.html' target='_blank'>details</a>"
"683","k5","THCA;thyroid","Thyroid","","","","","K5","gdscDec15;gdsc1;gdsc2","K5","CVCL_1322","k5","","","","Thyroid","<a href='https://discovery.nci.nih.gov/cell-lines/cellminercdb/k5_cvcl_1322.html' target='_blank'>details</a>"
"684","kals-1","central_nervous_system: glioma;CANNOT_CLASSIFY;Central Nervous System;central_nervous_system;nervous_system","Brain_CNS","Glioma;glioma","Glioblastoma;glioblastoma","","","KALS-1;KALS1","ccle;gdscDec15;prism;achilles;gdsc1;gdsc2","KALS-1","CVCL_1323","kals-1","glioma","glioblastoma","","Brain_CNS","<a href='https://discovery.nci.nih.gov/cell-lines/cellminercdb/kals-1_cvcl_1323.html' target='_blank'>details</a>"
"685","karpas-1106p","blood;lymphoma","Blood","","","","","KARPAS-1106P;KARPAS1106P","gdscDec15;mdaMills;gdsc1;gdsc2","Karpas-1106P","CVCL_1821","karpas-1106p","","","","Blood","<a href='https://discovery.nci.nih.gov/cell-lines/cellminercdb/karpas-1106p_cvcl_1821.html' target='_blank'>details</a>"
"686","karpas-1718","Splenic marginal zone lymphoma","Blood","","","","","Karpas-1718","ancats","Karpas-1718","CVCL_2539","karpas-1718","","","","Blood","<a href='https://discovery.nci.nih.gov/cell-lines/cellminercdb/karpas-1718_cvcl_2539.html' target='_blank'>details</a>"
"687","karpas-231","blood;leukemia","Blood","","","","","KARPAS-231;KARPAS231","gdscDec15;mdaMills;gdsc1;gdsc2","Karpas-231","CVCL_1822","karpas-231","","","","Blood","<a href='https://discovery.nci.nih.gov/cell-lines/cellminercdb/karpas-231_cvcl_1822.html' target='_blank'>details</a>"
"688","karpas-25","Plasma cell myeloma","Blood","","","","","Karpas-25","ancats","Karpas-25","CVCL_2540","karpas-25","","","","Blood","<a href='https://discovery.nci.nih.gov/cell-lines/cellminercdb/karpas-25_cvcl_2540.html' target='_blank'>details</a>"
"689","karpas-299","haematopoietic_and_lymphoid_tissue: anaplastic_large_cell_lymphoma;haematopoietic_and_lymphoid_tissue;lymphoma","Lymph","Non-Hodgkin's Lymphoma (NHL);non_hodgkin_lymphoma","T-Cell and Natural Killer Lymphoma (TNKL);t_cell_ALCL","Anaplastic Large Cell Lymphoma (ALCL)","","KARPAS-299;KARPAS299","ccle;gdscDec15;achilles;mdaMills;gdsc1;gdsc2","Karpas-299","CVCL_1324","karpas-299","non-hodgkin's lymphoma;non hodgkin lymphoma","t-cell and natural killer lymphoma;t cell alcl","anaplastic large cell lymphoma","Lymph","<a href='https://discovery.nci.nih.gov/cell-lines/cellminercdb/karpas-299_cvcl_1324.html' target='_blank'>details</a>"
"690","karpas-422","haematopoietic_and_lymphoid_tissue: diffuse_large_B_cell_lymphoma;DLBC;pleural_effusion;lymphoma","Lymph","Non-Hodgkin's Lymphoma (NHL);non_hodgkin_lymphoma","B-Cell Lymphoma (BCL);DLBCL","Diffuse Large B-Cell Lymphoma (DLBCL)","","KARPAS-422;KARPAS422","ccle;gdscDec15;achilles;mdaMills;gdsc1;gdsc2","Karpas-422","CVCL_1325","karpas-422","non-hodgkin's lymphoma;non hodgkin lymphoma","b-cell lymphoma;dlbcl","diffuse large b-cell lymphoma","Lymph","<a href='https://discovery.nci.nih.gov/cell-lines/cellminercdb/karpas-422_cvcl_1325.html' target='_blank'>details</a>"
"691","karpas-45","leukemia","Blood","Leukemia (LEUK)","","","","KARPAS-45","gdscDec15;gdsc1;gdsc2","Karpas-45","CVCL_1326","karpas-45","leukemia","","","Blood","<a href='https://discovery.nci.nih.gov/cell-lines/cellminercdb/karpas-45_cvcl_1326.html' target='_blank'>details</a>"
"692","karpas-620","haematopoietic_and_lymphoid_tissue: plasma_cell_myeloma;myeloma;Plasma cell myeloma","Blood","Multiple Myeloma (MM)","","","","KARPAS-620;Karpas-620","ccle;gdscDec15;gdsc1;gdsc2;ancats","Karpas-620","CVCL_1823","karpas-620","multiple myeloma","","","Blood","<a href='https://discovery.nci.nih.gov/cell-lines/cellminercdb/karpas-620_cvcl_1823.html' target='_blank'>details</a>"
"693","kasumi-1","haematopoietic_and_lymphoid_tissue: acute_myeloid_leukaemia;haematopoietic_and_lymphoid_tissue;leukemia","Blood","Leukemia (LEUK);AML","Acute Myeloid Leukemia (AML);M2","","","KASUMI-1;KASUMI1","ccle;gdscDec15;achilles;mdaMills;gdsc1;gdsc2","Kasumi-1","CVCL_0589","kasumi-1","leukemia;aml","acute myeloid leukemia;m2","","Blood","<a href='https://discovery.nci.nih.gov/cell-lines/cellminercdb/kasumi-1_cvcl_0589.html' target='_blank'>details</a>"
"694","kasumi-2","haematopoietic_and_lymphoid_tissue: acute_lymphoblastic_B_cell_leukaemia","Blood","Leukemia (LEUK)","Acute Lymphoid Leukemia (ALL)","","","KASUMI-2;KASUMI2","ccle;mdaMills","Kasumi-2","CVCL_0590","kasumi-2","leukemia","acute lymphoid leukemia","","Blood","<a href='https://discovery.nci.nih.gov/cell-lines/cellminercdb/kasumi-2_cvcl_0590.html' target='_blank'>details</a>"
"695","kasumi-3","LAML","Blood","Leukemia (LEUK)","Acute Myeloid Leukemia (AML)","","","Kasumi-3;KASUMI3","gdscDec15;mdaMills","Kasumi-3","CVCL_0612","kasumi-3","leukemia","acute myeloid leukemia","","Blood","<a href='https://discovery.nci.nih.gov/cell-lines/cellminercdb/kasumi-3_cvcl_0612.html' target='_blank'>details</a>"
"696","kasumi-6","haematopoietic_and_lymphoid_tissue: acute_myeloid_leukaemia","Blood","Leukemia (LEUK)","Acute Myeloid Leukemia (AML)","","","Kasumi-6","ccle","Kasumi-6","CVCL_0614","kasumi-6","leukemia","acute myeloid leukemia","","Blood","<a href='https://discovery.nci.nih.gov/cell-lines/cellminercdb/kasumi-6_cvcl_0614.html' target='_blank'>details</a>"
"697","kato-iii","stomach: adenocarcinoma;OTHER;pleural_effusion;digestive_system","Esophagus_Stomach","Esophagogastric Adenocarcinoma (EGC);gastric_adenocarcinoma","Stomach Adenocarcinoma (STAD);signet_ring_cell","","","KATO III;KATOIII","ccle;gdscDec15;achilles;gdsc1;gdsc2","KATO III","CVCL_0371","kato-iii","esophagogastric adenocarcinoma;gastric adenocarcinoma","stomach adenocarcinoma;signet ring cell","","Esophagus_Stomach","<a href='https://discovery.nci.nih.gov/cell-lines/cellminercdb/kato-iii_cvcl_0371.html' target='_blank'>details</a>"
"698","kci-moh1","pancreas: ductal_carcinoma","Pancreas","Pancreatic Adenocarcinoma (PAAD)","","","","KCI-MOH1","ccle","KCI-MOH1","CVCL_2090","kci-moh1","pancreatic adenocarcinoma","","","Pancreas","<a href='https://discovery.nci.nih.gov/cell-lines/cellminercdb/kci-moh1_cvcl_2090.html' target='_blank'>details</a>"
"699","kcl-22","haematopoietic_and_lymphoid_tissue: blast_phase_chronic_myeloid_leukaemia;pleural_effusion;leukemia","Blood","Leukemia (LEUK);CML","Chronic Myelogenous Leukemia (CML);blast_crisis","","","KCL-22;KCL22","ccle;gdscDec15;achilles;gdsc1;gdsc2","KCL-22","CVCL_2091","kcl-22","leukemia;cml","chronic myelogenous leukemia;blast crisis","","Blood","<a href='https://discovery.nci.nih.gov/cell-lines/cellminercdb/kcl-22_cvcl_2091.html' target='_blank'>details</a>"
"700","kd","Soft_Tissue","Soft_Tissue","","","","","KD","ccle","KD","CVCL_U757","kd","","","","Soft_Tissue","<a href='https://discovery.nci.nih.gov/cell-lines/cellminercdb/kd_cvcl_u757.html' target='_blank'>details</a>"
"701","ke-37","haematopoietic_and_lymphoid_tissue: acute_lymphoblastic_T_cell_leukaemia;leukemia","Blood","Leukemia (LEUK)","Acute Lymphoid Leukemia (ALL)","","","KE-37","ccle;gdscDec15;gdsc1;gdsc2","KE-37","CVCL_1327","ke-37","leukemia","acute lymphoid leukemia","","Blood","<a href='https://discovery.nci.nih.gov/cell-lines/cellminercdb/ke-37_cvcl_1327.html' target='_blank'>details</a>"
"702","ke-39","stomach: carcinoma;lymph_node","Esophagus_Stomach","gastric_adenocarcinoma","","","","KE-39;KE39","ccle;achilles","KE-39","CVCL_3385","ke-39","gastric adenocarcinoma","","","Esophagus_Stomach","<a href='https://discovery.nci.nih.gov/cell-lines/cellminercdb/ke-39_cvcl_3385.html' target='_blank'>details</a>"
"703","ke-97","haematopoietic_and_lymphoid_tissue: plasma_cell_myeloma;abdomen","Blood;Esophagus_Stomach","Multiple Myeloma (MM);gastric_adenocarcinoma","mucinous","","","KE-97;KE97","ccle;achilles","KE-97","CVCL_3386","ke-97","multiple myeloma;gastric adenocarcinoma","mucinous","","Blood;Esophagus_Stomach","<a href='https://discovery.nci.nih.gov/cell-lines/cellminercdb/ke-97_cvcl_3386.html' target='_blank'>details</a>"
"704","kelly","autonomic_ganglia: neuroblastoma;OTHER;Peripheral Nervous System;autonomic_ganglia;neuroblastoma","Brain_CNS;Peripheral_Nervous_System","Embryonal Tumor (EMBT);Neuroblastoma;neuroblastoma","Neuroblastoma (NBL);","MYCN Amp","","KELLY","ccle;gdscDec15;prism;achilles;gdsc1;gdsc2","Kelly","CVCL_2092","kelly","embryonal tumor;neuroblastoma","neuroblastoma;","mycn amp","Brain_CNS;Peripheral_Nervous_System","<a href='https://discovery.nci.nih.gov/cell-lines/cellminercdb/kelly_cvcl_2092.html' target='_blank'>details</a>"
"705","kg-1","haematopoietic_and_lymphoid_tissue: acute_myeloid_leukaemia;LAML;leukemia","Blood","Leukemia (LEUK)","Acute Myeloid Leukemia (AML)","","","KG-1;KG1","ccle;gdscDec15;mdaMills;gdsc1;gdsc2","KG-1","CVCL_0374","kg-1","leukemia","acute myeloid leukemia","","Blood","<a href='https://discovery.nci.nih.gov/cell-lines/cellminercdb/kg-1_cvcl_0374.html' target='_blank'>details</a>"
"706","kg-1-c","central_nervous_system: astrocytoma_Grade_IV;CANNOT_CLASSIFY","Brain_CNS","Diffuse Glioma (DIFG)","Astrocytoma (ASTR);Oligodendroglioma (ODG)","","","KG-1-C","ccle;gdscDec15","KG-1-C","CVCL_2971","kg-1-c","diffuse glioma","astrocytoma;oligodendroglioma","","Brain_CNS","<a href='https://discovery.nci.nih.gov/cell-lines/cellminercdb/kg-1-c_cvcl_2971.html' target='_blank'>details</a>"
"707","kg-1a","Adult acute myeloid leukemia","Lymph","","","","","KG-1a","ancats","KG-1a","CVCL_1824","kg-1a","","","","Lymph","<a href='https://discovery.nci.nih.gov/cell-lines/cellminercdb/kg-1a_cvcl_1824.html' target='_blank'>details</a>"
"708","kgn","OTHER;urogenital_system","Ovary","","","","","KGN","gdscDec15;gdsc1;gdsc2","KGN","CVCL_0375","kgn","","","","Ovary","<a href='https://discovery.nci.nih.gov/cell-lines/cellminercdb/kgn_cvcl_0375.html' target='_blank'>details</a>"
"709","khm-11","Plasma cell myeloma","Blood","","","","","KHM-11","ancats","KHM-11","CVCL_A633","khm-11","","","","Blood","<a href='https://discovery.nci.nih.gov/cell-lines/cellminercdb/khm-11_cvcl_a633.html' target='_blank'>details</a>"
"710","khm-1b","haematopoietic_and_lymphoid_tissue: plasma_cell_myeloma","Blood","Multiple Myeloma (MM)","","","","KHM-1B","ccle","KHM-1B","CVCL_2972","khm-1b","multiple myeloma","","","Blood","<a href='https://discovery.nci.nih.gov/cell-lines/cellminercdb/khm-1b_cvcl_2972.html' target='_blank'>details</a>"
"711","khos-240s","bone","Bone","sarcoma","","","","KHOS240S","mdaMills","KHOS-240S","CVCL_2544","khos-240s","sarcoma","","","Bone","<a href='https://discovery.nci.nih.gov/cell-lines/cellminercdb/khos-240s_cvcl_2544.html' target='_blank'>details</a>"
"712","khos-312h","bone","Bone","sarcoma","","","","KHOS312H","mdaMills","KHOS-312H","CVCL_2545","khos-312h","sarcoma","","","Bone","<a href='https://discovery.nci.nih.gov/cell-lines/cellminercdb/khos-312h_cvcl_2545.html' target='_blank'>details</a>"
"713","ki-jk","haematopoietic_and_lymphoid_tissue: anaplastic_large_cell_lymphoma;pleural_effusion","Lymph","Non-Hodgkin's Lymphoma (NHL);non_hodgkin_lymphoma","T-Cell and Natural Killer Lymphoma (TNKL);t_cell_ALCL","Anaplastic Large Cell Lymphoma (ALCL)","","Ki-JK;KIJK","ccle;achilles","Ki-JK","CVCL_2093","ki-jk","non-hodgkin's lymphoma;non hodgkin lymphoma","t-cell and natural killer lymphoma;t cell alcl","anaplastic large cell lymphoma","Lymph","<a href='https://discovery.nci.nih.gov/cell-lines/cellminercdb/ki-jk_cvcl_2093.html' target='_blank'>details</a>"
"714","kings-1","OTHER;nervous_system","Brain_CNS","","","","","KINGS-1","gdscDec15;gdsc1;gdsc2","KINGS-1","CVCL_1328","kings-1","","","","Brain_CNS","<a href='https://discovery.nci.nih.gov/cell-lines/cellminercdb/kings-1_cvcl_1328.html' target='_blank'>details</a>"
"715","kk","ovary","Ovary","","","","","KK","mdaMills","KK","CVCL_F844","kk","","","","Ovary","<a href='https://discovery.nci.nih.gov/cell-lines/cellminercdb/kk_cvcl_f844.html' target='_blank'>details</a>"
"716","kku-100","liver","Biliary_Tract","cholangiocarcinoma","extrahepatic","","","KKU100","achilles","KKU-100","CVCL_3996","kku-100","cholangiocarcinoma","extrahepatic","","Biliary_Tract","<a href='https://discovery.nci.nih.gov/cell-lines/cellminercdb/kku-100_cvcl_3996.html' target='_blank'>details</a>"
"717","kku-213a","biliary_tract","Biliary_Tract","cholangiocarcinoma","intrahepatic","","","KKU213","achilles","KKU-213A","CVCL_M261","kku-213a","cholangiocarcinoma","intrahepatic","","Biliary_Tract","<a href='https://discovery.nci.nih.gov/cell-lines/cellminercdb/kku-213a_cvcl_m261.html' target='_blank'>details</a>"
"718","kle","endometrium: adenocarcinoma;UCEC;endometrium;urogenital_system","Uterus","Endometrial Carcinoma (UCEC);endometrial_adenocarcinoma","","","","KLE","ccle;gdscDec15;achilles;mdaMills;gdsc1;gdsc2","KLE","CVCL_1329","kle","endometrial carcinoma;endometrial adenocarcinoma","","","Uterus","<a href='https://discovery.nci.nih.gov/cell-lines/cellminercdb/kle_cvcl_1329.html' target='_blank'>details</a>"
"719","klm-1","pancreas: ductal_carcinoma","Pancreas","Pancreatic Adenocarcinoma (PAAD)","","","","KLM-1","ccle","KLM-1","CVCL_5146","klm-1","pancreatic adenocarcinoma","","","Pancreas","<a href='https://discovery.nci.nih.gov/cell-lines/cellminercdb/klm-1_cvcl_5146.html' target='_blank'>details</a>"
"720","km-h2","haematopoietic_and_lymphoid_tissue: Hodgkin_lymphoma;lymphoma;Hodgkin lymphoma","Lymph","Hodgkin's Lymphoma (HL)","","","","KM-H2;KMH2","ccle;gdscDec15;mdaMills;gdsc1;gdsc2;ancats","KM-H2","CVCL_1330","km-h2","hodgkin's lymphoma","","","Lymph","<a href='https://discovery.nci.nih.gov/cell-lines/cellminercdb/km-h2_cvcl_1330.html' target='_blank'>details</a>"
"721","km12","colon;large_intestine: adenocarcinoma;large_intestine","Bowel","Colorectal Adenocarcinoma (COADREAD);colorectal_adenocarcinoma","","","","CO:KM12;KM12","nci60;ccle;gdscDec15;achilles;mdaMills;gdsc1;gdsc2","KM12","CVCL_1331","km12","colorectal adenocarcinoma","","","Bowel","<a href='https://discovery.nci.nih.gov/cell-lines/cellminercdb/km12_cvcl_1331.html' target='_blank'>details</a>"
"722","kmbc-2","urinary_tract: carcinoma;Urinary Tract;urinary_tract","Bladder_Urinary_Tract","Bladder Carcinoma;bladder_carcinoma","","","","KMBC-2;KMBC2","ccle;prism;achilles","KMBC-2","CVCL_2977","kmbc-2","bladder carcinoma","","","Bladder_Urinary_Tract","<a href='https://discovery.nci.nih.gov/cell-lines/cellminercdb/kmbc-2_cvcl_2977.html' target='_blank'>details</a>"
"723","kmch-1","biliary_tract","Biliary_Tract","cholangiocarcinoma","intrahepatic","","","KMCH1","achilles","KMCH-1","CVCL_7970","kmch-1","cholangiocarcinoma","intrahepatic","","Biliary_Tract","<a href='https://discovery.nci.nih.gov/cell-lines/cellminercdb/kmch-1_cvcl_7970.html' target='_blank'>details</a>"
"724","kmh-2","THCA;thyroid","Thyroid","","","","","KMH-2","gdscDec15;gdsc1;gdsc2","KMH-2","CVCL_S641","kmh-2","","","","Thyroid","<a href='https://discovery.nci.nih.gov/cell-lines/cellminercdb/kmh-2_cvcl_s641.html' target='_blank'>details</a>"
"725","kmm-1","haematopoietic_and_lymphoid_tissue: plasma_cell_myeloma;haematopoietic_and_lymphoid_tissue;Plasma cell myeloma","Blood","Multiple Myeloma (MM);multiple_myeloma","","","","KMM-1;KMM1","ccle;achilles;ancats","KMM-1","CVCL_2981","kmm-1","multiple myeloma","","","Blood","<a href='https://discovery.nci.nih.gov/cell-lines/cellminercdb/kmm-1_cvcl_2981.html' target='_blank'>details</a>"
"726","kmoe-2","LAML;leukemia","Blood","Leukemia (LEUK)","Acute Myeloid Leukemia (AML)","","","KMOE-2","gdscDec15;gdsc1;gdsc2","KMOE-2","CVCL_1332","kmoe-2","leukemia","acute myeloid leukemia","","Blood","<a href='https://discovery.nci.nih.gov/cell-lines/cellminercdb/kmoe-2_cvcl_1332.html' target='_blank'>details</a>"
"727","kmrc-1","kidney: clear_cell_renal_cell_carcinoma;KIRC;Kidney;kidney","Kidney","Renal Cell Carcinoma (RCC);Renal Cell Carcinoma;renal_cell_carcinoma","Renal Clear Cell Carcinoma (CCRCC);Clear Cell;clear_cell","","","KMRC-1;KMRC1","ccle;gdscDec15;prism;achilles;gdsc1;gdsc2","KMRC-1","CVCL_2983","kmrc-1","renal cell carcinoma","renal clear cell carcinoma;clear cell","","Kidney","<a href='https://discovery.nci.nih.gov/cell-lines/cellminercdb/kmrc-1_cvcl_2983.html' target='_blank'>details</a>"
"728","kmrc-2","kidney: clear_cell_renal_cell_carcinoma","Kidney","Renal Cell Carcinoma (RCC)","Renal Clear Cell Carcinoma (CCRCC)","","","KMRC-2","ccle","KMRC-2","CVCL_2984","kmrc-2","renal cell carcinoma","renal clear cell carcinoma","","Kidney","<a href='https://discovery.nci.nih.gov/cell-lines/cellminercdb/kmrc-2_cvcl_2984.html' target='_blank'>details</a>"
"729","kmrc-20","kidney: renal_cell_carcinoma;Kidney;kidney","Kidney","Renal Cell Carcinoma (RCC);Renal Cell Carcinoma;renal_cell_carcinoma","","","","KMRC-20;KMRC20","ccle;gdscDec15;prism;achilles;gdsc1;gdsc2","KMRC-20","CVCL_2986","kmrc-20","renal cell carcinoma","","","Kidney","<a href='https://discovery.nci.nih.gov/cell-lines/cellminercdb/kmrc-20_cvcl_2986.html' target='_blank'>details</a>"
"730","kmrc-3","kidney: clear_cell_renal_cell_carcinoma;Kidney","Kidney","Renal Cell Carcinoma (RCC);Renal Cell Carcinoma","Renal Clear Cell Carcinoma (CCRCC);Clear Cell","","","KMRC-3;KMRC3","ccle;prism","KMRC-3","CVCL_2985","kmrc-3","renal cell carcinoma","renal clear cell carcinoma;clear cell","","Kidney","<a href='https://discovery.nci.nih.gov/cell-lines/cellminercdb/kmrc-3_cvcl_2985.html' target='_blank'>details</a>"
"731","kms-11","haematopoietic_and_lymphoid_tissue: plasma_cell_myeloma;pleural_effusion;myeloma;Plasma cell myeloma","Blood;Lung","Multiple Myeloma (MM);multiple_myeloma","","","","KMS-11;KMS11","ccle;gdscDec15;achilles;mdaMills;gdsc1;gdsc2;ancats","KMS-11","CVCL_2989","kms-11","multiple myeloma","","","Blood;Lung","<a href='https://discovery.nci.nih.gov/cell-lines/cellminercdb/kms-11_cvcl_2989.html' target='_blank'>details</a>"
"732","kms-12-bm","haematopoietic_and_lymphoid_tissue: plasma_cell_myeloma;myeloma","Blood","Multiple Myeloma (MM)","","","","KMS-12-BM;KMS12BM","ccle;gdscDec15;mdaMills;gdsc1;gdsc2","KMS-12-BM","CVCL_1334","kms-12-bm","multiple myeloma","","","Blood","<a href='https://discovery.nci.nih.gov/cell-lines/cellminercdb/kms-12-bm_cvcl_1334.html' target='_blank'>details</a>"
"733","kms-12-pe","blood;Plasma cell myeloma","Blood","","","","","KMS12PE;KMS-12-PE","mdaMills;ancats","KMS-12-PE","CVCL_1333","kms-12-pe","","","","Blood","<a href='https://discovery.nci.nih.gov/cell-lines/cellminercdb/kms-12-pe_cvcl_1333.html' target='_blank'>details</a>"
"734","kms-18","haematopoietic_and_lymphoid_tissue: plasma_cell_myeloma;haematopoietic_and_lymphoid_tissue","Blood","Multiple Myeloma (MM);multiple_myeloma","","","","KMS-18;KMS18","ccle;achilles","KMS-18","CVCL_A637","kms-18","multiple myeloma","","","Blood","<a href='https://discovery.nci.nih.gov/cell-lines/cellminercdb/kms-18_cvcl_a637.html' target='_blank'>details</a>"
"735","kms-20","haematopoietic_and_lymphoid_tissue: plasma_cell_myeloma;bone_marrow;Plasma cell myeloma","Blood","Multiple Myeloma (MM);multiple_myeloma","","","","KMS-20;KMS20","ccle;achilles;mdaMills;ancats","KMS-20","CVCL_2990","kms-20","multiple myeloma","","","Blood","<a href='https://discovery.nci.nih.gov/cell-lines/cellminercdb/kms-20_cvcl_2990.html' target='_blank'>details</a>"
"736","kms-21-bm","haematopoietic_and_lymphoid_tissue: plasma_cell_myeloma","Blood","Multiple Myeloma (MM)","","","","KMS-21BM","ccle","KMS-21-BM","CVCL_2991","kms-21-bm","multiple myeloma","","","Blood","<a href='https://discovery.nci.nih.gov/cell-lines/cellminercdb/kms-21-bm_cvcl_2991.html' target='_blank'>details</a>"
"737","kms-26","haematopoietic_and_lymphoid_tissue: plasma_cell_myeloma;pleural_effusion;Plasma cell myeloma","Blood","Multiple Myeloma (MM);multiple_myeloma","","","","KMS-26;KMS26","ccle;achilles;mdaMills;ancats","KMS-26","CVCL_2992","kms-26","multiple myeloma","","","Blood","<a href='https://discovery.nci.nih.gov/cell-lines/cellminercdb/kms-26_cvcl_2992.html' target='_blank'>details</a>"
"738","kms-27","haematopoietic_and_lymphoid_tissue: plasma_cell_myeloma;haematopoietic_and_lymphoid_tissue;Plasma cell myeloma","Blood","Multiple Myeloma (MM);multiple_myeloma","","","","KMS-27;KMS27","ccle;achilles;mdaMills;ancats","KMS-27","CVCL_2993","kms-27","multiple myeloma","","","Blood","<a href='https://discovery.nci.nih.gov/cell-lines/cellminercdb/kms-27_cvcl_2993.html' target='_blank'>details</a>"
"739","kms-28bm","haematopoietic_and_lymphoid_tissue: plasma_cell_myeloma;Plasma cell myeloma","Blood","Multiple Myeloma (MM)","","","","KMS-28BM","ccle;ancats","KMS-28BM","CVCL_2994","kms-28bm","multiple myeloma","","","Blood","<a href='https://discovery.nci.nih.gov/cell-lines/cellminercdb/kms-28bm_cvcl_2994.html' target='_blank'>details</a>"
"740","kms-34","haematopoietic_and_lymphoid_tissue: plasma_cell_myeloma;pleural_effusion;Plasma cell myeloma","Blood","Multiple Myeloma (MM);multiple_myeloma","","","","KMS-34;KMS34","ccle;achilles;mdaMills;ancats","KMS-34","CVCL_2996","kms-34","multiple myeloma","","","Blood","<a href='https://discovery.nci.nih.gov/cell-lines/cellminercdb/kms-34_cvcl_2996.html' target='_blank'>details</a>"
"741","kns-42","central_nervous_system: glioma;CANNOT_CLASSIFY;Central Nervous System;central_nervous_system;nervous_system","Brain_CNS","Glioma;glioma","Glioblastoma;glioblastoma","","","KNS-42;KNS42","ccle;gdscDec15;prism;achilles;gdsc1;gdsc2","KNS-42","CVCL_0378","kns-42","glioma","glioblastoma","","Brain_CNS","<a href='https://discovery.nci.nih.gov/cell-lines/cellminercdb/kns-42_cvcl_0378.html' target='_blank'>details</a>"
"742","kns-60","central_nervous_system: astrocytoma_Grade_IV;Central Nervous System;central_nervous_system","Brain_CNS","Diffuse Glioma (DIFG);Glioma;glioma","Astrocytoma (ASTR);Glioblastoma;glioblastoma","","","KNS-60;KNS60","ccle;prism;achilles","KNS-60","CVCL_2798","kns-60","diffuse glioma;glioma","astrocytoma;glioblastoma","","Brain_CNS","<a href='https://discovery.nci.nih.gov/cell-lines/cellminercdb/kns-60_cvcl_2798.html' target='_blank'>details</a>"
"743","kns-62","lung: squamous_cell_carcinoma;LUSC;Lung;central_nervous_system;lung_NSCLC","Lung","Non-Small Cell Lung Cancer (NSCLC);NSCLC","Lung Squamous Cell Carcinoma (LUSC);NSCLC Squamous;NSCLC_squamous","","","KNS-62;KNS62","ccle;gdscDec15;prism;achilles;gdsc1;gdsc2","KNS-62","CVCL_1335","kns-62","non-small cell lung cancer;nsclc","lung squamous cell carcinoma;nsclc squamous","","Lung","<a href='https://discovery.nci.nih.gov/cell-lines/cellminercdb/kns-62_cvcl_1335.html' target='_blank'>details</a>"
"744","kns-81","central_nervous_system: astrocytoma_Grade_IV;CANNOT_CLASSIFY;Central Nervous System;nervous_system","Brain_CNS","Diffuse Glioma (DIFG);Glioma","Astrocytoma (ASTR);Glioblastoma","","","KNS-81;KNS-81-FD;KNS81","ccle;gdscDec15;prism;gdsc1;gdsc2","KNS-81","CVCL_2799","kns-81","diffuse glioma;glioma","astrocytoma;glioblastoma","","Brain_CNS","<a href='https://discovery.nci.nih.gov/cell-lines/cellminercdb/kns-81_cvcl_2799.html' target='_blank'>details</a>"
"745","ko52","haematopoietic_and_lymphoid_tissue: acute_myeloid_leukaemia;LAML;bone_marrow","Blood","Leukemia (LEUK);AML","Acute Myeloid Leukemia (AML);M2","","","KO52;K052","ccle;gdscDec15;achilles","KO52","CVCL_1321","ko52","leukemia;aml","acute myeloid leukemia;m2","","Blood","<a href='https://discovery.nci.nih.gov/cell-lines/cellminercdb/ko52_cvcl_1321.html' target='_blank'>details</a>"
"746","koc-7c","ovary","Ovary","","","","","KOC7C","mdaMills","KOC-7C","CVCL_5307","koc-7c","","","","Ovary","<a href='https://discovery.nci.nih.gov/cell-lines/cellminercdb/koc-7c_cvcl_5307.html' target='_blank'>details</a>"
"747","kon","HNSC;upper_aerodigestive_tract;aero_dig_tract","Head_Neck","upper_aerodigestive_squamous","","","","KON","gdscDec15;achilles;gdsc1;gdsc2","KON","CVCL_3001","kon","upper aerodigestive squamous","","","Head_Neck","<a href='https://discovery.nci.nih.gov/cell-lines/cellminercdb/kon_cvcl_3001.html' target='_blank'>details</a>"
"748","kopn-8","haematopoietic_and_lymphoid_tissue: acute_lymphoblastic_B_cell_leukaemia;leukemia","Blood","Leukemia (LEUK)","Acute Lymphoid Leukemia (ALL)","","","KOPN-8;KOPN8","ccle;gdscDec15;mdaMills;gdsc1;gdsc2","KOPN-8","CVCL_1866","kopn-8","leukemia","acute lymphoid leukemia","","Blood","<a href='https://discovery.nci.nih.gov/cell-lines/cellminercdb/kopn-8_cvcl_1866.html' target='_blank'>details</a>"
"749","kosc-2","HNSC;aero_dig_tract","Head_Neck","","","","","KOSC-2","gdscDec15;gdsc1;gdsc2","KOSC-2","CVCL_1337","kosc-2","","","","Head_Neck","<a href='https://discovery.nci.nih.gov/cell-lines/cellminercdb/kosc-2_cvcl_1337.html' target='_blank'>details</a>"
"750","kp-1n","pancreas","Pancreas","","","","","KP-1N","gdscDec15;gdsc1;gdsc2","KP-1N","CVCL_3002","kp-1n","","","","Pancreas","<a href='https://discovery.nci.nih.gov/cell-lines/cellminercdb/kp-1n_cvcl_3002.html' target='_blank'>details</a>"
"751","kp-2","pancreas: carcinoma;PAAD;Pancreas;pancreas","Pancreas","Exocrine;exocrine","Exocrine Adenocarcinoma;exocrine_adenocarcinoma","","","KP-2;KP2","ccle;gdscDec15;prism;achilles;gdsc1;gdsc2","KP-2","CVCL_3004","kp-2","exocrine","exocrine adenocarcinoma","","Pancreas","<a href='https://discovery.nci.nih.gov/cell-lines/cellminercdb/kp-2_cvcl_3004.html' target='_blank'>details</a>"
"752","kp-3","pancreas: ductal_carcinoma;OTHER;Pancreas;liver;pancreas","Pancreas","Pancreatic Adenocarcinoma (PAAD);Exocrine;exocrine","Exocrine Adenosquamous;exocrine_adenosquamous","","","KP-3;KP3","ccle;gdscDec15;prism;achilles;gdsc1;gdsc2","KP-3","CVCL_3005","kp-3","pancreatic adenocarcinoma;exocrine","exocrine adenosquamous","","Pancreas","<a href='https://discovery.nci.nih.gov/cell-lines/cellminercdb/kp-3_cvcl_3005.html' target='_blank'>details</a>"
"753","kp-4","pancreas: ductal_carcinoma;PAAD;Pancreas;ascites;pancreas","Pancreas","Pancreatic Adenocarcinoma (PAAD);Exocrine;exocrine","Exocrine Adenocarcinoma;exocrine_adenocarcinoma","","","KP4;KP-4","ccle;gdscDec15;prism;achilles;gdsc1;gdsc2","KP-4","CVCL_1338","kp-4","pancreatic adenocarcinoma;exocrine","exocrine adenocarcinoma","","Pancreas","<a href='https://discovery.nci.nih.gov/cell-lines/cellminercdb/kp-4_cvcl_1338.html' target='_blank'>details</a>"
"754","kp-mrt-ry","Soft_Tissue","Soft_Tissue","","","","","KPMRTRY","ccle","KP-MRT-RY","CVCL_7051","kp-mrt-ry","","","","Soft_Tissue","<a href='https://discovery.nci.nih.gov/cell-lines/cellminercdb/kp-mrt-ry_cvcl_7051.html' target='_blank'>details</a>"
"755","kp-n-rt-bm-1","autonomic_ganglia: neuroblastoma;neuroblastoma","Brain_CNS","Embryonal Tumor (EMBT)","Neuroblastoma (NBL)","","","KP-N-RT-BM-1","ccle;gdscDec15;gdsc1;gdsc2","KP-N-RT-BM-1","CVCL_1339","kp-n-rt-bm-1","embryonal tumor","neuroblastoma","","Brain_CNS","<a href='https://discovery.nci.nih.gov/cell-lines/cellminercdb/kp-n-rt-bm-1_cvcl_1339.html' target='_blank'>details</a>"
"756","kp-n-si9s","autonomic_ganglia: neuroblastoma","Brain_CNS","Embryonal Tumor (EMBT)","Neuroblastoma (NBL)","","","KP-N-SI9s","ccle","KP-N-SI9s","CVCL_1340","kp-n-si9s","embryonal tumor","neuroblastoma","","Brain_CNS","<a href='https://discovery.nci.nih.gov/cell-lines/cellminercdb/kp-n-si9s_cvcl_1340.html' target='_blank'>details</a>"
"757","kp-n-yn","autonomic_ganglia: neuroblastoma;lymph_node;neuroblastoma","Brain_CNS;Peripheral_Nervous_System","Embryonal Tumor (EMBT);neuroblastoma","Neuroblastoma (NBL)","","","KP-N-YN;KPNYN","ccle;gdscDec15;achilles;gdsc1;gdsc2","KP-N-YN","CVCL_1341","kp-n-yn","embryonal tumor;neuroblastoma","neuroblastoma","","Brain_CNS;Peripheral_Nervous_System","<a href='https://discovery.nci.nih.gov/cell-lines/cellminercdb/kp-n-yn_cvcl_1341.html' target='_blank'>details</a>"
"758","kp-n-ys","neuroblastoma","Brain_CNS","Embryonal Tumor (EMBT)","Neuroblastoma (NBL)","","","KP-N-YS","gdscDec15;gdsc1;gdsc2","KP-N-YS","CVCL_1342","kp-n-ys","embryonal tumor","neuroblastoma","","Brain_CNS","<a href='https://discovery.nci.nih.gov/cell-lines/cellminercdb/kp-n-ys_cvcl_1342.html' target='_blank'>details</a>"
"759","kpl-1","breast: ductal_carcinoma;pleural_effusion","Breast","Breast Carcinoma (BRCA);breast_carcinoma","Breast Invasive Ductal Carcinoma (IDC);ERpos_HER2neg","","","KPL-1;KPL1","ccle;achilles","KPL-1","CVCL_2094","kpl-1","breast carcinoma","breast invasive ductal carcinoma;erpos her2neg","","Breast","<a href='https://discovery.nci.nih.gov/cell-lines/cellminercdb/kpl-1_cvcl_2094.html' target='_blank'>details</a>"
"760","ks-1","central_nervous_system: astrocytoma_Grade_IV;GBM;nervous_system","Brain_CNS","Diffuse Glioma (DIFG)","Astrocytoma (ASTR)","","","KS-1","ccle;gdscDec15;gdsc1;gdsc2","KS-1","CVCL_1343","ks-1","diffuse glioma","astrocytoma","","Brain_CNS","<a href='https://discovery.nci.nih.gov/cell-lines/cellminercdb/ks-1_cvcl_1343.html' target='_blank'>details</a>"
"761","ktctl-129","kidney","Kidney","","","","","RCCMH","mdaMills","KTCTL-129","CVCL_5885","ktctl-129","","","","Kidney","<a href='https://discovery.nci.nih.gov/cell-lines/cellminercdb/ktctl-129_cvcl_5885.html' target='_blank'>details</a>"
"762","ktctl-13","kidney","Kidney","","","","","RCC-ER;RCCER","gdscDec15;mdaMills;gdsc1;gdsc2","KTCTL-13","CVCL_5870","ktctl-13","","","","Kidney","<a href='https://discovery.nci.nih.gov/cell-lines/cellminercdb/ktctl-13_cvcl_5870.html' target='_blank'>details</a>"
"763","ktctl-140","kidney","Kidney","","","","","RCC-JF;RCCJF","gdscDec15;mdaMills;gdsc1;gdsc2","KTCTL-140","CVCL_5879","ktctl-140","","","","Kidney","<a href='https://discovery.nci.nih.gov/cell-lines/cellminercdb/ktctl-140_cvcl_5879.html' target='_blank'>details</a>"
"764","ktctl-185","kidney","Kidney","","","","","RCCGS","mdaMills","KTCTL-185","CVCL_5875","ktctl-185","","","","Kidney","<a href='https://discovery.nci.nih.gov/cell-lines/cellminercdb/ktctl-185_cvcl_5875.html' target='_blank'>details</a>"
"765","ktctl-195","kidney","Kidney","","","","","RCC-JW;RCCJW","gdscDec15;mdaMills;gdsc1;gdsc2","KTCTL-195","CVCL_5880","ktctl-195","","","","Kidney","<a href='https://discovery.nci.nih.gov/cell-lines/cellminercdb/ktctl-195_cvcl_5880.html' target='_blank'>details</a>"
"766","ktctl-1m","kidney","Kidney","","","","","RCC-MF;RCCMF","gdscDec15;mdaMills;gdsc1;gdsc2","KTCTL-1M","CVCL_5884","ktctl-1m","","","","Kidney","<a href='https://discovery.nci.nih.gov/cell-lines/cellminercdb/ktctl-1m_cvcl_5884.html' target='_blank'>details</a>"
"767","ktctl-21","kidney","Kidney","","","","","RCC-AB","gdscDec15;gdsc1;gdsc2","KTCTL-21","CVCL_5868","ktctl-21","","","","Kidney","<a href='https://discovery.nci.nih.gov/cell-lines/cellminercdb/ktctl-21_cvcl_5868.html' target='_blank'>details</a>"
"768","ktctl-26","kidney","Kidney","","","","","RCCFG1","mdaMills","KTCTL-26","CVCL_5872","ktctl-26","","","","Kidney","<a href='https://discovery.nci.nih.gov/cell-lines/cellminercdb/ktctl-26_cvcl_5872.html' target='_blank'>details</a>"
"769","ktctl-26a","kidney","Kidney","","","","","RCC-FG2","gdscDec15;gdsc1;gdsc2","KTCTL-26A","CVCL_5873","ktctl-26a","","","","Kidney","<a href='https://discovery.nci.nih.gov/cell-lines/cellminercdb/ktctl-26a_cvcl_5873.html' target='_blank'>details</a>"
"770","ktctl-48","kidney","Kidney","","","","","RCCHB","mdaMills","KTCTL-48","CVCL_5877","ktctl-48","","","","Kidney","<a href='https://discovery.nci.nih.gov/cell-lines/cellminercdb/ktctl-48_cvcl_5877.html' target='_blank'>details</a>"
"771","ktctl-87","kidney","Kidney","","","","","RCCWK","mdaMills","KTCTL-87","CVCL_5888","ktctl-87","","","","Kidney","<a href='https://discovery.nci.nih.gov/cell-lines/cellminercdb/ktctl-87_cvcl_5888.html' target='_blank'>details</a>"
"772","ku-19-19","urinary_tract: transitional_cell_carcinoma;BLCA;Urinary Tract;urinary_tract;urogenital_system","Bladder_Urinary_Tract","Bladder Urothelial Carcinoma (BLCA);Bladder Carcinoma;bladder_carcinoma","Bladder Transitional Cell;bladder_transitional_cell","","","KU-19-19;KU1919","ccle;gdscDec15;prism;achilles;gdsc1;gdsc2","KU-19-19","CVCL_1344","ku-19-19","bladder urothelial carcinoma;bladder carcinoma","bladder transitional cell","","Bladder_Urinary_Tract","<a href='https://discovery.nci.nih.gov/cell-lines/cellminercdb/ku-19-19_cvcl_1344.html' target='_blank'>details</a>"
"773","ku812","haematopoietic_and_lymphoid_tissue: chronic_myeloid_leukaemia;haematopoietic_and_lymphoid_tissue;leukemia","Blood","Leukemia (LEUK);CML","Chronic Myelogenous Leukemia (CML);blast_crisis","","","KU812","ccle;gdscDec15;achilles;gdsc1;gdsc2","Ku812","CVCL_0379","ku812","leukemia;cml","chronic myelogenous leukemia;blast crisis","","Blood","<a href='https://discovery.nci.nih.gov/cell-lines/cellminercdb/ku812_cvcl_0379.html' target='_blank'>details</a>"
"774","kuramochi","ovary: undifferentiated_carcinoma;CANNOT_CLASSIFY;Ovary;ascites;urogenital_system","Ovary","Ovarian Epithelial Tumor (OVT);Ovary Adenocarcinoma;ovary_adenocarcinoma","High Grade Serous;high_grade_serous","","","KURAMOCHI","ccle;gdscDec15;prism;achilles;mdaMills;gdsc1;gdsc2","Kuramochi","CVCL_1345","kuramochi","ovarian epithelial tumor;ovary adenocarcinoma","high grade serous","","Ovary","<a href='https://discovery.nci.nih.gov/cell-lines/cellminercdb/kuramochi_cvcl_1345.html' target='_blank'>details</a>"
"775","ky821","leukemia","Blood","","","","","KY821","gdscDec15;gdsc1;gdsc2","KY821","CVCL_1346","ky821","","","","Blood","<a href='https://discovery.nci.nih.gov/cell-lines/cellminercdb/ky821_cvcl_1346.html' target='_blank'>details</a>"
"776","kyae-1","aero_dig_tract","Esophagus_Stomach","","","","","KYAE-1","gdscDec15;gdsc1;gdsc2","KYAE-1","CVCL_1825","kyae-1","","","","Esophagus_Stomach","<a href='https://discovery.nci.nih.gov/cell-lines/cellminercdb/kyae-1_cvcl_1825.html' target='_blank'>details</a>"
"777","kym-1","soft_tissue: rhabdomyosarcoma;soft_tissue","Soft_Tissue","Rhabdomyosarcoma (RMS)","","","","KYM-1","ccle;gdscDec15;gdsc1;gdsc2","KYM-1","CVCL_3007","kym-1","rhabdomyosarcoma","","","Soft_Tissue","<a href='https://discovery.nci.nih.gov/cell-lines/cellminercdb/kym-1_cvcl_3007.html' target='_blank'>details</a>"
"778","kyo-1","haematopoietic_and_lymphoid_tissue: blast_phase_chronic_myeloid_leukaemia;haematopoietic_and_lymphoid_tissue","Blood","Leukemia (LEUK);CML","Chronic Myelogenous Leukemia (CML);blast_crisis","","","KYO-1;KYO1","ccle;achilles","KYO-1","CVCL_2095","kyo-1","leukemia;cml","chronic myelogenous leukemia;blast crisis","","Blood","<a href='https://discovery.nci.nih.gov/cell-lines/cellminercdb/kyo-1_cvcl_2095.html' target='_blank'>details</a>"
"779","kyse-140","oesophagus: squamous_cell_carcinoma;Esophagus;oesophagus;aero_dig_tract","Esophagus_Stomach","Esophageal Squamous Cell Carcinoma (ESCC);Esophagus Squamous;esophagus_squamous","","","","KYSE-140;KYSE140","ccle;gdscDec15;prism;achilles;gdsc1;gdsc2","KYSE-140","CVCL_1347","kyse-140","esophageal squamous cell carcinoma;esophagus squamous","","","Esophagus_Stomach","<a href='https://discovery.nci.nih.gov/cell-lines/cellminercdb/kyse-140_cvcl_1347.html' target='_blank'>details</a>"
"780","kyse-150","oesophagus: squamous_cell_carcinoma;Esophagus;oesophagus;aero_dig_tract","Esophagus_Stomach","Esophageal Squamous Cell Carcinoma (ESCC);Esophagus Squamous;esophagus_squamous","","","","KYSE-150;KYSE150","ccle;gdscDec15;prism;achilles;gdsc1;gdsc2","KYSE-150","CVCL_1348","kyse-150","esophageal squamous cell carcinoma;esophagus squamous","","","Esophagus_Stomach","<a href='https://discovery.nci.nih.gov/cell-lines/cellminercdb/kyse-150_cvcl_1348.html' target='_blank'>details</a>"
"781","kyse-180","oesophagus: squamous_cell_carcinoma;Esophagus;oesophagus;aero_dig_tract","Esophagus_Stomach","Esophageal Squamous Cell Carcinoma (ESCC);Esophagus Squamous;esophagus_squamous","","","","KYSE-180;KYSE180","ccle;gdscDec15;prism;achilles;gdsc1;gdsc2","KYSE-180","CVCL_1349","kyse-180","esophageal squamous cell carcinoma;esophagus squamous","","","Esophagus_Stomach","<a href='https://discovery.nci.nih.gov/cell-lines/cellminercdb/kyse-180_cvcl_1349.html' target='_blank'>details</a>"
"782","kyse-220","aero_dig_tract","Esophagus_Stomach","","","","","KYSE-220","gdscDec15;gdsc1;gdsc2","KYSE-220","CVCL_1359","kyse-220","","","","Esophagus_Stomach","<a href='https://discovery.nci.nih.gov/cell-lines/cellminercdb/kyse-220_cvcl_1359.html' target='_blank'>details</a>"
"783","kyse-270","oesophagus: squamous_cell_carcinoma;Esophagus;oesophagus;aero_dig_tract","Esophagus_Stomach","Esophageal Squamous Cell Carcinoma (ESCC);Esophagus Squamous;esophagus_squamous","","","","KYSE-270;KYSE270","ccle;gdscDec15;prism;achilles;gdsc1;gdsc2","KYSE-270","CVCL_1350","kyse-270","esophageal squamous cell carcinoma;esophagus squamous","","","Esophagus_Stomach","<a href='https://discovery.nci.nih.gov/cell-lines/cellminercdb/kyse-270_cvcl_1350.html' target='_blank'>details</a>"
"784","kyse-30","oesophagus: squamous_cell_carcinoma;Esophagus;oesophagus","Esophagus_Stomach","Esophageal Squamous Cell Carcinoma (ESCC);Esophagus Squamous;esophagus_squamous","","","","KYSE-30;KYSE30","ccle;gdscDec15;prism;achilles","KYSE-30","CVCL_1351","kyse-30","esophageal squamous cell carcinoma;esophagus squamous","","","Esophagus_Stomach","<a href='https://discovery.nci.nih.gov/cell-lines/cellminercdb/kyse-30_cvcl_1351.html' target='_blank'>details</a>"
"785","kyse-410","oesophagus: squamous_cell_carcinoma;Esophagus;oesophagus;aero_dig_tract","Esophagus_Stomach","Esophageal Squamous Cell Carcinoma (ESCC);Esophagus Squamous;esophagus_squamous","","","","KYSE-410;KYSE410","ccle;gdscDec15;prism;achilles;gdsc1;gdsc2","KYSE-410","CVCL_1352","kyse-410","esophageal squamous cell carcinoma;esophagus squamous","","","Esophagus_Stomach","<a href='https://discovery.nci.nih.gov/cell-lines/cellminercdb/kyse-410_cvcl_1352.html' target='_blank'>details</a>"
"786","kyse-450","oesophagus: squamous_cell_carcinoma;oesophagus;aero_dig_tract","Esophagus_Stomach","Esophageal Squamous Cell Carcinoma (ESCC);esophagus_squamous","","","","KYSE-450;KYSE450","ccle;gdscDec15;achilles;gdsc1;gdsc2","KYSE-450","CVCL_1353","kyse-450","esophageal squamous cell carcinoma;esophagus squamous","","","Esophagus_Stomach","<a href='https://discovery.nci.nih.gov/cell-lines/cellminercdb/kyse-450_cvcl_1353.html' target='_blank'>details</a>"
"787","kyse-50","aero_dig_tract","Esophagus_Stomach","","","","","KYSE-50","gdscDec15;gdsc1;gdsc2","KYSE-50","CVCL_1360","kyse-50","","","","Esophagus_Stomach","<a href='https://discovery.nci.nih.gov/cell-lines/cellminercdb/kyse-50_cvcl_1360.html' target='_blank'>details</a>"
"788","kyse-510","oesophagus: squamous_cell_carcinoma;Esophagus;oesophagus;aero_dig_tract","Esophagus_Stomach","Esophageal Squamous Cell Carcinoma (ESCC);Esophagus Squamous;esophagus_squamous","","","","KYSE-510;KYSE510","ccle;gdscDec15;prism;achilles;gdsc1;gdsc2","KYSE-510","CVCL_1354","kyse-510","esophageal squamous cell carcinoma;esophagus squamous","","","Esophagus_Stomach","<a href='https://discovery.nci.nih.gov/cell-lines/cellminercdb/kyse-510_cvcl_1354.html' target='_blank'>details</a>"
"789","kyse-520","oesophagus: squamous_cell_carcinoma;Esophagus;oesophagus;aero_dig_tract","Esophagus_Stomach","Esophageal Squamous Cell Carcinoma (ESCC);Esophagus Squamous;esophagus_squamous","","","","KYSE-520;KYSE520","ccle;gdscDec15;prism;achilles;gdsc1;gdsc2","KYSE-520","CVCL_1355","kyse-520","esophageal squamous cell carcinoma;esophagus squamous","","","Esophagus_Stomach","<a href='https://discovery.nci.nih.gov/cell-lines/cellminercdb/kyse-520_cvcl_1355.html' target='_blank'>details</a>"
"790","kyse-70","oesophagus: squamous_cell_carcinoma;Esophagus;oesophagus;aero_dig_tract","Esophagus_Stomach","Esophageal Squamous Cell Carcinoma (ESCC);Esophagus Squamous;esophagus_squamous","","","","KYSE-70;KYSE70","ccle;gdscDec15;prism;achilles;gdsc1;gdsc2","KYSE-70","CVCL_1356","kyse-70","esophageal squamous cell carcinoma;esophagus squamous","","","Esophagus_Stomach","<a href='https://discovery.nci.nih.gov/cell-lines/cellminercdb/kyse-70_cvcl_1356.html' target='_blank'>details</a>"
"791","l-1236","haematopoietic_and_lymphoid_tissue: Hodgkin_lymphoma;haematopoietic_and_lymphoid_tissue;lymphoma;Hodgkin lymphoma","Lymph;Blood","Hodgkin's Lymphoma (HL);hodgkin_lymphoma","","","","L-1236;L1236","ccle;gdscDec15;achilles;gdsc1;gdsc2;ancats","L-1236","CVCL_2096","l-1236","hodgkin's lymphoma;hodgkin lymphoma","","","Lymph;Blood","<a href='https://discovery.nci.nih.gov/cell-lines/cellminercdb/l-1236_cvcl_2096.html' target='_blank'>details</a>"
"792","l-363","haematopoietic_and_lymphoid_tissue: plasma_cell_myeloma;haematopoietic_and_lymphoid_tissue;myeloma;Plasma cell myeloma","Blood","Multiple Myeloma (MM);multiple_myeloma","","","","L-363;L363","ccle;gdscDec15;achilles;mdaMills;gdsc1;gdsc2;ancats","L-363","CVCL_1357","l-363","multiple myeloma","","","Blood","<a href='https://discovery.nci.nih.gov/cell-lines/cellminercdb/l-363_cvcl_1357.html' target='_blank'>details</a>"
"793","l-428","haematopoietic_and_lymphoid_tissue: Hodgkin_lymphoma;lymphoma;Hodgkin lymphoma","Lymph","Hodgkin's Lymphoma (HL)","","","","L-428","ccle;gdscDec15;gdsc1;gdsc2;ancats","L-428","CVCL_1361","l-428","hodgkin's lymphoma","","","Lymph","<a href='https://discovery.nci.nih.gov/cell-lines/cellminercdb/l-428_cvcl_1361.html' target='_blank'>details</a>"
"794","l-540","haematopoietic_and_lymphoid_tissue: Hodgkin_lymphoma;lymphoma;Hodgkin lymphoma","Lymph","Hodgkin's Lymphoma (HL)","","","","L-540","ccle;gdscDec15;gdsc1;gdsc2;ancats","L-540","CVCL_1362","l-540","hodgkin's lymphoma","","","Lymph","<a href='https://discovery.nci.nih.gov/cell-lines/cellminercdb/l-540_cvcl_1362.html' target='_blank'>details</a>"
"795","l-591","blood","Blood","","","","","L591","mdaMills","L-591","CVCL_1867","l-591","","","","Blood","<a href='https://discovery.nci.nih.gov/cell-lines/cellminercdb/l-591_cvcl_1867.html' target='_blank'>details</a>"
"796","l3.3","pancreas: carcinoma;Pancreas;lymph_node","Pancreas","Exocrine;exocrine","Exocrine Adenosquamous;exocrine_adenosquamous","","","L3.3;L33","ccle;prism;achilles","L3.3","CVCL_8147","l3.3","exocrine","exocrine adenosquamous","","Pancreas","<a href='https://discovery.nci.nih.gov/cell-lines/cellminercdb/l3.3_cvcl_8147.html' target='_blank'>details</a>"
"797","la-n-2","autonomic_ganglia","Peripheral_Nervous_System","neuroblastoma","","","","LAN2","achilles","LA-N-2","CVCL_1829","la-n-2","neuroblastoma","","","Peripheral_Nervous_System","<a href='https://discovery.nci.nih.gov/cell-lines/cellminercdb/la-n-2_cvcl_1829.html' target='_blank'>details</a>"
"798","la-n-6","neuroblastoma","Brain_CNS","Embryonal Tumor (EMBT)","Neuroblastoma (NBL)","","","LAN-6","gdscDec15;gdsc1;gdsc2","LA-N-6","CVCL_1363","la-n-6","embryonal tumor","neuroblastoma","","Brain_CNS","<a href='https://discovery.nci.nih.gov/cell-lines/cellminercdb/la-n-6_cvcl_1363.html' target='_blank'>details</a>"
"799","lama-84","haematopoietic_and_lymphoid_tissue: blast_phase_chronic_myeloid_leukaemia;leukemia","Blood","Leukemia (LEUK)","Chronic Myelogenous Leukemia (CML)","","","LAMA-84","ccle;gdscDec15;gdsc1;gdsc2","LAMA-84","CVCL_0388","lama-84","leukemia","chronic myelogenous leukemia","","Blood","<a href='https://discovery.nci.nih.gov/cell-lines/cellminercdb/lama-84_cvcl_0388.html' target='_blank'>details</a>"
"800","lb1047-rcc","KIRC;kidney","Kidney","Renal Cell Carcinoma (RCC)","","","","LB1047-RCC","gdscDec15;gdsc1;gdsc2","LB1047-RCC","CVCL_1364","lb1047-rcc","renal cell carcinoma","","","Kidney","<a href='https://discovery.nci.nih.gov/cell-lines/cellminercdb/lb1047-rcc_cvcl_1364.html' target='_blank'>details</a>"
"801","lb2241-rcc","KIRC;kidney","Kidney","Renal Cell Carcinoma (RCC)","","","","LB2241-RCC","gdscDec15;gdsc1;gdsc2","LB2241-RCC","CVCL_1365","lb2241-rcc","renal cell carcinoma","","","Kidney","<a href='https://discovery.nci.nih.gov/cell-lines/cellminercdb/lb2241-rcc_cvcl_1365.html' target='_blank'>details</a>"
"802","lb2518-mel","skin","Skin","Melanoma (MEL)","","","","LB2518-MEL","gdscDec15;gdsc1;gdsc2","LB2518-MEL","CVCL_1366","lb2518-mel","melanoma","","","Skin","<a href='https://discovery.nci.nih.gov/cell-lines/cellminercdb/lb2518-mel_cvcl_1366.html' target='_blank'>details</a>"
"803","lb373-mel-d","SKCM;skin","Skin","Melanoma (MEL)","","","","LB373-MEL-D","gdscDec15;gdsc1;gdsc2","LB373-MEL-D","CVCL_1367","lb373-mel-d","melanoma","","","Skin","<a href='https://discovery.nci.nih.gov/cell-lines/cellminercdb/lb373-mel-d_cvcl_1367.html' target='_blank'>details</a>"
"804","lb647-sclc","lung_SCLC","Lung","Small Cell Lung Cancer (SCLC)","","","","LB647-SCLC","gdscDec15;gdsc1;gdsc2","LB647-SCLC","CVCL_1368","lb647-sclc","small cell lung cancer","","","Lung","<a href='https://discovery.nci.nih.gov/cell-lines/cellminercdb/lb647-sclc_cvcl_1368.html' target='_blank'>details</a>"
"805","lb771-hnc","HNSC;aero_dig_tract","Head_Neck","","","","","LB771-HNC","gdscDec15;gdsc1;gdsc2","LB771-HNC","CVCL_1369","lb771-hnc","","","","Head_Neck","<a href='https://discovery.nci.nih.gov/cell-lines/cellminercdb/lb771-hnc_cvcl_1369.html' target='_blank'>details</a>"
"806","lb831-blc","BLCA;urogenital_system","Bladder_Urinary_Tract","","","","","LB831-BLC","gdscDec15;gdsc1;gdsc2","LB831-BLC","CVCL_1370","lb831-blc","","","","Bladder_Urinary_Tract","<a href='https://discovery.nci.nih.gov/cell-lines/cellminercdb/lb831-blc_cvcl_1370.html' target='_blank'>details</a>"
"807","lb996-rcc","KIRC;kidney","Kidney","Renal Cell Carcinoma (RCC)","","","","LB996-RCC","gdscDec15;gdsc1;gdsc2","LB996-RCC","CVCL_1371","lb996-rcc","renal cell carcinoma","","","Kidney","<a href='https://discovery.nci.nih.gov/cell-lines/cellminercdb/lb996-rcc_cvcl_1371.html' target='_blank'>details</a>"
"808","lc-1f","lung: squamous_cell_carcinoma","Lung","Non-Small Cell Lung Cancer (NSCLC)","Lung Squamous Cell Carcinoma (LUSC)","","","LC-1F","ccle;gdscDec15","LC-1F","CVCL_1372","lc-1f","non-small cell lung cancer","lung squamous cell carcinoma","","Lung","<a href='https://discovery.nci.nih.gov/cell-lines/cellminercdb/lc-1f_cvcl_1372.html' target='_blank'>details</a>"
"809","lc-1sq","LUSC;lung_NSCLC","Lung","","","","","LC-1-sq","gdscDec15;gdsc1;gdsc2","LC-1/sq","CVCL_3008","lc-1sq","","","","Lung","<a href='https://discovery.nci.nih.gov/cell-lines/cellminercdb/lc-1sq_cvcl_3008.html' target='_blank'>details</a>"
"810","lc-1sq-sf","lung: squamous_cell_carcinoma;Lung","Lung","Non-Small Cell Lung Cancer (NSCLC);NSCLC","Lung Squamous Cell Carcinoma (LUSC);NSCLC Squamous","","","LC-1/sq-SF;LC1SQSF","ccle;prism","LC-1/sq-SF","CVCL_5480","lc-1sq-sf","non-small cell lung cancer;nsclc","lung squamous cell carcinoma;nsclc squamous","","Lung","<a href='https://discovery.nci.nih.gov/cell-lines/cellminercdb/lc-1sq-sf_cvcl_5480.html' target='_blank'>details</a>"
"811","lc-2ad","LUAD;lung_NSCLC","Lung","","","","","LC-2-ad","gdscDec15;gdsc1;gdsc2","LC-2/ad","CVCL_1373","lc-2ad","","","","Lung","<a href='https://discovery.nci.nih.gov/cell-lines/cellminercdb/lc-2ad_cvcl_1373.html' target='_blank'>details</a>"
"812","lc4-1","leukemia","Blood","Leukemia (LEUK)","","","","LC4-1","gdscDec15;gdsc1;gdsc2","LC4-1","CVCL_1374","lc4-1","leukemia","","","Blood","<a href='https://discovery.nci.nih.gov/cell-lines/cellminercdb/lc4-1_cvcl_1374.html' target='_blank'>details</a>"
"813","lclc-103h","lung: large_cell_carcinoma;NOT_TCGA;Lung;pleural_effusion;lung_NSCLC","Lung","Non-Small Cell Lung Cancer (NSCLC);NSCLC","NSCLC Large Cell;NSCLC_large_cell","","","LCLC-103H;LCLC103H","ccle;gdscDec15;prism;achilles;gdsc1;gdsc2","LCLC-103H","CVCL_1375","lclc-103h","non-small cell lung cancer;nsclc","nsclc large cell","","Lung","<a href='https://discovery.nci.nih.gov/cell-lines/cellminercdb/lclc-103h_cvcl_1375.html' target='_blank'>details</a>"
"814","lclc-97tm1","lung: large_cell_carcinoma;NOT_TCGA;lung;lung_NSCLC","Lung","Non-Small Cell Lung Cancer (NSCLC);NSCLC","NSCLC_large_cell","","","LCLC-97TM1;LCLC97TM1","ccle;gdscDec15;achilles;gdsc1;gdsc2","LCLC-97TM1","CVCL_1376","lclc-97tm1","non-small cell lung cancer;nsclc","nsclc large cell","","Lung","<a href='https://discovery.nci.nih.gov/cell-lines/cellminercdb/lclc-97tm1_cvcl_1376.html' target='_blank'>details</a>"
"815","li-7","liver: hepatocellular_carcinoma;Liver;liver","Liver","Hepatocellular Carcinoma (HCC);","","","","Li-7;LI7","ccle;prism;achilles","Li-7","CVCL_3840","li-7","hepatocellular carcinoma;","","","Liver","<a href='https://discovery.nci.nih.gov/cell-lines/cellminercdb/li-7_cvcl_3840.html' target='_blank'>details</a>"
"816","lim1215","","Bowel","Colorectal Adenocarcinoma (COADREAD)","","","","LIM1215","gdscDec15","LIM1215","CVCL_2574","lim1215","colorectal adenocarcinoma","","","Bowel","<a href='https://discovery.nci.nih.gov/cell-lines/cellminercdb/lim1215_cvcl_2574.html' target='_blank'>details</a>"
"817","lk-2","lung: squamous_cell_carcinoma;LUSC;Lung;lung;lung_NSCLC","Lung","Non-Small Cell Lung Cancer (NSCLC);NSCLC","Lung Squamous Cell Carcinoma (LUSC);NSCLC Squamous;NSCLC_squamous","","","LK-2;LK2","ccle;gdscDec15;prism;achilles;gdsc1;gdsc2","LK-2","CVCL_1377","lk-2","non-small cell lung cancer;nsclc","lung squamous cell carcinoma;nsclc squamous","","Lung","<a href='https://discovery.nci.nih.gov/cell-lines/cellminercdb/lk-2_cvcl_1377.html' target='_blank'>details</a>"
"818","lmsu","stomach: adenocarcinoma;Gastric;lymph_node","Esophagus_Stomach","Esophagogastric Adenocarcinoma (EGC);Gastric Adenocarcinoma;gastric_adenocarcinoma","Stomach Adenocarcinoma (STAD);","","","LMSU","ccle;prism;achilles","LMSU","CVCL_4849","lmsu","esophagogastric adenocarcinoma;gastric adenocarcinoma","stomach adenocarcinoma;","","Esophagus_Stomach","<a href='https://discovery.nci.nih.gov/cell-lines/cellminercdb/lmsu_cvcl_4849.html' target='_blank'>details</a>"
"819","ln-18","central_nervous_system: astrocytoma_Grade_IV;GBM;Central Nervous System;central_nervous_system;nervous_system","Brain_CNS","Diffuse Glioma (DIFG);Glioma;glioma","Astrocytoma (ASTR);Glioblastoma;glioblastoma","","","LN-18;LN18","ccle;gdscDec15;prism;achilles;gdsc1;gdsc2","LN-18","CVCL_0392","ln-18","diffuse glioma;glioma","astrocytoma;glioblastoma","","Brain_CNS","<a href='https://discovery.nci.nih.gov/cell-lines/cellminercdb/ln-18_cvcl_0392.html' target='_blank'>details</a>"
"820","ln-215","central_nervous_system: astrocytoma_Grade_IV","Brain_CNS","Diffuse Glioma (DIFG)","Astrocytoma (ASTR)","","","LN-215","ccle","LN-215","CVCL_3954","ln-215","diffuse glioma","astrocytoma","","Brain_CNS","<a href='https://discovery.nci.nih.gov/cell-lines/cellminercdb/ln-215_cvcl_3954.html' target='_blank'>details</a>"
"821","ln-229","central_nervous_system: astrocytoma_Grade_IV;GBM;Central Nervous System;nervous_system;Glioblastoma","Brain_CNS","Diffuse Glioma (DIFG);Glioma","Astrocytoma (ASTR);Glioblastoma","","","LN-229;LN229","ccle;gdscDec15;prism;gdsc1;gdsc2;ancats","LN-229","CVCL_0393","ln-229","diffuse glioma;glioma","astrocytoma;glioblastoma","","Brain_CNS","<a href='https://discovery.nci.nih.gov/cell-lines/cellminercdb/ln-229_cvcl_0393.html' target='_blank'>details</a>"
"822","ln-235","central_nervous_system: astrocytoma_Grade_IV;central_nervous_system","Brain_CNS","Diffuse Glioma (DIFG);glioma","Astrocytoma (ASTR);astrocytoma","","","LN-235;LN235","ccle;achilles","LN-235","CVCL_3957","ln-235","diffuse glioma;glioma","astrocytoma","","Brain_CNS","<a href='https://discovery.nci.nih.gov/cell-lines/cellminercdb/ln-235_cvcl_3957.html' target='_blank'>details</a>"
"823","ln-308","central_nervous_system: astrocytoma_Grade_IV;central_nervous_system","Brain_CNS","Diffuse Glioma (DIFG);glioma","Astrocytoma (ASTR);glioblastoma","","","LNZ308","ccle;achilles","LN-308","CVCL_0394","ln-308","diffuse glioma;glioma","astrocytoma;glioblastoma","","Brain_CNS","<a href='https://discovery.nci.nih.gov/cell-lines/cellminercdb/ln-308_cvcl_0394.html' target='_blank'>details</a>"
"824","ln-319","central_nervous_system: astrocytoma_Grade_III;central_nervous_system","Brain_CNS","Diffuse Glioma (DIFG);glioma","Astrocytoma (ASTR);astrocytoma","","","LN-319;LN319","ccle;achilles","LN-319","CVCL_3958","ln-319","diffuse glioma;glioma","astrocytoma","","Brain_CNS","<a href='https://discovery.nci.nih.gov/cell-lines/cellminercdb/ln-319_cvcl_3958.html' target='_blank'>details</a>"
"825","ln-340","central_nervous_system: astrocytoma_Grade_IV;central_nervous_system","Brain_CNS","Diffuse Glioma (DIFG);glioma","Astrocytoma (ASTR);glioblastoma","","","LN-340;LN340","ccle;achilles","LN-340","CVCL_3955","ln-340","diffuse glioma;glioma","astrocytoma;glioblastoma","","Brain_CNS","<a href='https://discovery.nci.nih.gov/cell-lines/cellminercdb/ln-340_cvcl_3955.html' target='_blank'>details</a>"
"826","ln-382","central_nervous_system: astrocytoma_Grade_IV;central_nervous_system","Brain_CNS","Diffuse Glioma (DIFG);glioma","Astrocytoma (ASTR);glioblastoma","","","LN382","ccle;achilles","LN-382","CVCL_3956","ln-382","diffuse glioma;glioma","astrocytoma;glioblastoma","","Brain_CNS","<a href='https://discovery.nci.nih.gov/cell-lines/cellminercdb/ln-382_cvcl_3956.html' target='_blank'>details</a>"
"827","ln-405","GBM;nervous_system","Brain_CNS","","","","","LN-405","gdscDec15;gdsc1;gdsc2","LN-405","CVCL_1378","ln-405","","","","Brain_CNS","<a href='https://discovery.nci.nih.gov/cell-lines/cellminercdb/ln-405_cvcl_1378.html' target='_blank'>details</a>"
"828","ln-428","central_nervous_system: astrocytoma_Grade_IV","Brain_CNS","Diffuse Glioma (DIFG)","Astrocytoma (ASTR)","","","LN-428","ccle","LN-428","CVCL_3959","ln-428","diffuse glioma","astrocytoma","","Brain_CNS","<a href='https://discovery.nci.nih.gov/cell-lines/cellminercdb/ln-428_cvcl_3959.html' target='_blank'>details</a>"
"829","ln-443","central_nervous_system: astrocytoma_Grade_IV;central_nervous_system","Brain_CNS","Diffuse Glioma (DIFG);glioma","Astrocytoma (ASTR);glioblastoma","","","LN-443;LN443","ccle;achilles","LN-443","CVCL_3960","ln-443","diffuse glioma;glioma","astrocytoma;glioblastoma","","Brain_CNS","<a href='https://discovery.nci.nih.gov/cell-lines/cellminercdb/ln-443_cvcl_3960.html' target='_blank'>details</a>"
"830","ln-464","central_nervous_system: astrocytoma_Grade_IV;central_nervous_system","Brain_CNS","Diffuse Glioma (DIFG);glioma","Astrocytoma (ASTR);glioblastoma","","","LN-464;LN464","ccle;achilles","LN-464","CVCL_3962","ln-464","diffuse glioma;glioma","astrocytoma;glioblastoma","","Brain_CNS","<a href='https://discovery.nci.nih.gov/cell-lines/cellminercdb/ln-464_cvcl_3962.html' target='_blank'>details</a>"
"831","lncap-clone-fgc","prostate: adenocarcinoma;PRAD;Prostate;urogenital_system","Prostate","Prostate Adenocarcinoma","","","","LNCaP clone FGC;LNCaP-Clone-FGC;LNCAPCLONEFGC","ccle;gdscDec15;prism;gdsc1;gdsc2","LNCaP clone FGC","CVCL_1379","lncap-clone-fgc","prostate adenocarcinoma","","","Prostate","<a href='https://discovery.nci.nih.gov/cell-lines/cellminercdb/lncap-clone-fgc_cvcl_1379.html' target='_blank'>details</a>"
"832","lnzta3wt4","GBM;nervous_system","Brain_CNS","","","","","LNZTA3WT4","gdscDec15;gdsc1;gdsc2","LNZTA3WT4","CVCL_3540","lnzta3wt4","","","","Brain_CNS","<a href='https://discovery.nci.nih.gov/cell-lines/cellminercdb/lnzta3wt4_cvcl_3540.html' target='_blank'>details</a>"
"833","lou-nh91","lung: squamous_cell_carcinoma;LUSC;Lung;lung_NSCLC","Lung","Non-Small Cell Lung Cancer (NSCLC);NSCLC","Lung Squamous Cell Carcinoma (LUSC);NSCLC Squamous","","","LOU-NH91;LOUNH91","ccle;gdscDec15;prism;gdsc1;gdsc2","LOU-NH91","CVCL_2104","lou-nh91","non-small cell lung cancer;nsclc","lung squamous cell carcinoma;nsclc squamous","","Lung","<a href='https://discovery.nci.nih.gov/cell-lines/cellminercdb/lou-nh91_cvcl_2104.html' target='_blank'>details</a>"
"834","loucy","haematopoietic_and_lymphoid_tissue: acute_lymphoblastic_T_cell_leukaemia;leukemia","Blood","Leukemia (LEUK)","Acute Lymphoid Leukemia (ALL)","","","Loucy;LOUCY","ccle;gdscDec15;gdsc1;gdsc2","Loucy","CVCL_1380","loucy","leukemia","acute lymphoid leukemia","","Blood","<a href='https://discovery.nci.nih.gov/cell-lines/cellminercdb/loucy_cvcl_1380.html' target='_blank'>details</a>"
"835","lovo","large_intestine: adenocarcinoma;Colorectal;lymph_node;large_intestine","Bowel","Colorectal Adenocarcinoma (COADREAD);Colorectal Adenocarcinoma;colorectal_adenocarcinoma","","MSI","","LoVo;LOVO","ccle;gdscDec15;prism;achilles;mdaMills;gdsc1;gdsc2","LoVo","CVCL_0399","lovo","colorectal adenocarcinoma","","msi","Bowel","<a href='https://discovery.nci.nih.gov/cell-lines/cellminercdb/lovo_cvcl_0399.html' target='_blank'>details</a>"
"836","lox-imvi","melanoma;skin: malignant_melanoma;Skin;skin","Skin","Melanoma (MEL);Melanoma","","","","ME:LOX IMVI;LOX IMVI;LOXIMVI","nci60;ccle;gdscDec15;prism;gdsc1;gdsc2","LOX-IMVI","CVCL_1381","lox-imvi","melanoma","","","Skin","<a href='https://discovery.nci.nih.gov/cell-lines/cellminercdb/lox-imvi_cvcl_1381.html' target='_blank'>details</a>"
"837","lp-1","haematopoietic_and_lymphoid_tissue: plasma_cell_myeloma;haematopoietic_and_lymphoid_tissue;myeloma;Plasma cell myeloma","Blood","Multiple Myeloma (MM);multiple_myeloma","","","","LP-1;LP1","ccle;gdscDec15;achilles;mdaMills;gdsc1;gdsc2;ancats","LP-1","CVCL_0012","lp-1","multiple myeloma","","","Blood","<a href='https://discovery.nci.nih.gov/cell-lines/cellminercdb/lp-1_cvcl_0012.html' target='_blank'>details</a>"
"838","lps141","soft_tissue","Soft_Tissue","liposarcoma","DDLPS","","","LPS141","achilles","LPS141","CVCL_M823","lps141","liposarcoma","ddlps","","Soft_Tissue","<a href='https://discovery.nci.nih.gov/cell-lines/cellminercdb/lps141_cvcl_m823.html' target='_blank'>details</a>"
"839","lps27","soft_tissue","Soft_Tissue","liposarcoma","","","","LPS27","achilles","LPS27","CVCL_A1VQ","lps27","liposarcoma","","","Soft_Tissue","<a href='https://discovery.nci.nih.gov/cell-lines/cellminercdb/lps27_cvcl_a1vq.html' target='_blank'>details</a>"
"840","lps6","soft_tissue","Soft_Tissue","liposarcoma","","","","LPS6","achilles","LPS6","CVCL_A1VR","lps6","liposarcoma","","","Soft_Tissue","<a href='https://discovery.nci.nih.gov/cell-lines/cellminercdb/lps6_cvcl_a1vr.html' target='_blank'>details</a>"
"841","lps853","soft_tissue","Soft_Tissue","liposarcoma","DDLPS","","","LPS853","achilles","LPS853","CVCL_V415","lps853","liposarcoma","ddlps","","Soft_Tissue","<a href='https://discovery.nci.nih.gov/cell-lines/cellminercdb/lps853_cvcl_v415.html' target='_blank'>details</a>"
"842","ls","autonomic_ganglia","Peripheral_Nervous_System","neuroblastoma","","","","LS","achilles","LS","CVCL_2105","ls","neuroblastoma","","","Peripheral_Nervous_System","<a href='https://discovery.nci.nih.gov/cell-lines/cellminercdb/ls_cvcl_2105.html' target='_blank'>details</a>"
"843","ls030609","sarcoma","Soft_Tissue","","","","","LS030609","mdaMills","LS030609","CVCL_IW35","ls030609","","","","Soft_Tissue","<a href='https://discovery.nci.nih.gov/cell-lines/cellminercdb/ls030609_cvcl_iw35.html' target='_blank'>details</a>"
"844","ls060208","sarcoma","Soft_Tissue","","","","","LS060208","mdaMills","LS060208","CVCL_IW36","ls060208","","","","Soft_Tissue","<a href='https://discovery.nci.nih.gov/cell-lines/cellminercdb/ls060208_cvcl_iw36.html' target='_blank'>details</a>"
"845","ls1034","large_intestine: adenocarcinoma;Colorectal;large_intestine","Bowel","Colorectal Adenocarcinoma (COADREAD);Colorectal Adenocarcinoma","","","","LS1034;LS-1034","ccle;gdscDec15;prism;gdsc1;gdsc2","LS1034","CVCL_1382","ls1034","colorectal adenocarcinoma","","","Bowel","<a href='https://discovery.nci.nih.gov/cell-lines/cellminercdb/ls1034_cvcl_1382.html' target='_blank'>details</a>"
"846","ls123","large_intestine: adenocarcinoma;large_intestine","Bowel","Colorectal Adenocarcinoma (COADREAD)","","","","LS123;LS-123","ccle;gdscDec15;mdaMills;gdsc1;gdsc2","LS123","CVCL_1383","ls123","colorectal adenocarcinoma","","","Bowel","<a href='https://discovery.nci.nih.gov/cell-lines/cellminercdb/ls123_cvcl_1383.html' target='_blank'>details</a>"
"847","ls174t","colon","Bowel","","","","","LS174T","mdaMills","LS174T","CVCL_1384","ls174t","","","","Bowel","<a href='https://discovery.nci.nih.gov/cell-lines/cellminercdb/ls174t_cvcl_1384.html' target='_blank'>details</a>"
"848","ls180","large_intestine: adenocarcinoma;COREAD;Colorectal;Colon;large_intestine","Bowel","Colorectal Adenocarcinoma (COADREAD);Colorectal Adenocarcinoma;colorectal_adenocarcinoma","","MSI","","LS 180;LS-180;LS180","ccle;gdscDec15;prism;achilles;gdsc1;gdsc2","LS180","CVCL_0397","ls180","colorectal adenocarcinoma","","msi","Bowel","<a href='https://discovery.nci.nih.gov/cell-lines/cellminercdb/ls180_cvcl_0397.html' target='_blank'>details</a>"
"849","ls411n","large_intestine: adenocarcinoma;Colorectal;large_intestine;Cecum adenocarcinoma","Bowel","Colorectal Adenocarcinoma (COADREAD);Colorectal Adenocarcinoma","","MSI","","LS411N;LS-411N","ccle;gdscDec15;prism;mdaMills;gdsc1;gdsc2;ancats","LS411N","CVCL_1385","ls411n","colorectal adenocarcinoma","","msi","Bowel","<a href='https://discovery.nci.nih.gov/cell-lines/cellminercdb/ls411n_cvcl_1385.html' target='_blank'>details</a>"
"850","ls513","large_intestine: adenocarcinoma;Colorectal;large_intestine","Bowel","Colorectal Adenocarcinoma (COADREAD);Colorectal Adenocarcinoma;colorectal_adenocarcinoma","","","","LS513;LS-513","ccle;gdscDec15;prism;achilles;gdsc1;gdsc2","LS513","CVCL_1386","ls513","colorectal adenocarcinoma","","","Bowel","<a href='https://discovery.nci.nih.gov/cell-lines/cellminercdb/ls513_cvcl_1386.html' target='_blank'>details</a>"
"851","lu-134-a","NOT_TCGA;lung_SCLC","Lung","Small Cell Lung Cancer (SCLC)","","","","LU-134-A","gdscDec15;gdsc1;gdsc2","Lu-134-A","CVCL_1387","lu-134-a","small cell lung cancer","","","Lung","<a href='https://discovery.nci.nih.gov/cell-lines/cellminercdb/lu-134-a_cvcl_1387.html' target='_blank'>details</a>"
"852","lu-135","NOT_TCGA;lung;lung_SCLC","Lung","Small Cell Lung Cancer (SCLC);SCLC","","","","LU-135;LU135","gdscDec15;achilles;gdsc1;gdsc2","Lu-135","CVCL_1389","lu-135","small cell lung cancer;sclc","","","Lung","<a href='https://discovery.nci.nih.gov/cell-lines/cellminercdb/lu-135_cvcl_1389.html' target='_blank'>details</a>"
"853","lu-139","NOT_TCGA;lung_SCLC","Lung","Small Cell Lung Cancer (SCLC)","","","","LU-139","gdscDec15;gdsc1;gdsc2","Lu-139","CVCL_1390","lu-139","small cell lung cancer","","","Lung","<a href='https://discovery.nci.nih.gov/cell-lines/cellminercdb/lu-139_cvcl_1390.html' target='_blank'>details</a>"
"854","lu-165","NOT_TCGA;lung_SCLC","Lung","","","","","LU-165","gdscDec15;gdsc1;gdsc2","Lu-165","CVCL_1391","lu-165","","","","Lung","<a href='https://discovery.nci.nih.gov/cell-lines/cellminercdb/lu-165_cvcl_1391.html' target='_blank'>details</a>"
"855","lu-65","lung: non_small_cell_carcinoma;NOT_TCGA;lung;lung_NSCLC","Lung","Non-Small Cell Lung Cancer (NSCLC);NSCLC","NSCLC_large_cell","","","LU65;LU-65","ccle;gdscDec15;achilles;gdsc1;gdsc2","Lu-65","CVCL_1392","lu-65","non-small cell lung cancer;nsclc","nsclc large cell","","Lung","<a href='https://discovery.nci.nih.gov/cell-lines/cellminercdb/lu-65_cvcl_1392.html' target='_blank'>details</a>"
"856","lu-99a","lung: large_cell_carcinoma;NOT_TCGA;Lung;pleura;lung_NSCLC","Lung","Non-Small Cell Lung Cancer (NSCLC);NSCLC","NSCLC Large Cell;NSCLC_large_cell","","","LU99;LU-99A","ccle;gdscDec15;prism;achilles;gdsc1;gdsc2","Lu-99A","CVCL_1393","lu-99a","non-small cell lung cancer;nsclc","nsclc large cell","","Lung","<a href='https://discovery.nci.nih.gov/cell-lines/cellminercdb/lu-99a_cvcl_1393.html' target='_blank'>details</a>"
"857","ludlu-1","lung: squamous_cell_carcinoma;Lung;lung","Lung","Non-Small Cell Lung Cancer (NSCLC);NSCLC","Lung Squamous Cell Carcinoma (LUSC);NSCLC Squamous;NSCLC_squamous","","","LUDLU-1;LUDLU1","ccle;prism;achilles","LUDLU-1","CVCL_2582","ludlu-1","non-small cell lung cancer;nsclc","lung squamous cell carcinoma;nsclc squamous","","Lung","<a href='https://discovery.nci.nih.gov/cell-lines/cellminercdb/ludlu-1_cvcl_2582.html' target='_blank'>details</a>"
"858","lxf-289","lung: adenocarcinoma;Lung;lung;lung_NSCLC","Lung","Non-Small Cell Lung Cancer (NSCLC);NSCLC","Lung Adenocarcinoma (LUAD);NSCLC Adenocarcinoma;NSCLC_adenocarcinoma","","","LXF-289;LXF289","ccle;gdscDec15;prism;achilles;gdsc1;gdsc2","LXF 289","CVCL_1394","lxf-289","non-small cell lung cancer;nsclc","lung adenocarcinoma;nsclc adenocarcinoma","","Lung","<a href='https://discovery.nci.nih.gov/cell-lines/cellminercdb/lxf-289_cvcl_1394.html' target='_blank'>details</a>"
"859","lxfs-605l","Small Cell Lung Cancer","Lung","Small Cell Lung Cancer (SCLC)","","","","LXFS 605L","nciSclc","LXFS 605L","CVCL_E7EL","lxfs-605l","small cell lung cancer","","","Lung","<a href='https://discovery.nci.nih.gov/cell-lines/cellminercdb/lxfs-605l_cvcl_e7el.html' target='_blank'>details</a>"
"860","lxfs-650l","Small Cell Lung Cancer","Lung","Small Cell Lung Cancer (SCLC)","","","","LXFS 650L","nciSclc","LXFS 650L","CVCL_E7EM","lxfs-650l","small cell lung cancer","","","Lung","<a href='https://discovery.nci.nih.gov/cell-lines/cellminercdb/lxfs-650l_cvcl_e7em.html' target='_blank'>details</a>"
"861","m-07e","haematopoietic_and_lymphoid_tissue: acute_myeloid_leukaemia","Blood","Leukemia (LEUK)","Acute Myeloid Leukemia (AML)","","","M-07e","ccle","M-07e","CVCL_2106","m-07e","leukemia","acute myeloid leukemia","","Blood","<a href='https://discovery.nci.nih.gov/cell-lines/cellminercdb/m-07e_cvcl_2106.html' target='_blank'>details</a>"
"862","m059j","GBM;nervous_system","Brain_CNS","","","","","M059J","gdscDec15;gdsc1;gdsc2","M059J","CVCL_0400","m059j","","","","Brain_CNS","<a href='https://discovery.nci.nih.gov/cell-lines/cellminercdb/m059j_cvcl_0400.html' target='_blank'>details</a>"
"863","m059k","central_nervous_system: astrocytoma_Grade_IV;central_nervous_system","Brain_CNS","Diffuse Glioma (DIFG);glioma","Astrocytoma (ASTR);glioblastoma","","","M059K","ccle;achilles","M059K","CVCL_0401","m059k","diffuse glioma;glioma","astrocytoma;glioblastoma","","Brain_CNS","<a href='https://discovery.nci.nih.gov/cell-lines/cellminercdb/m059k_cvcl_0401.html' target='_blank'>details</a>"
"864","m14","melanoma;skin","Skin","Melanoma (MEL)","","","","ME:M14;M14","nci60;gdscDec15;mdaMills;gdsc1;gdsc2","M14","CVCL_1395","m14","melanoma","","","Skin","<a href='https://discovery.nci.nih.gov/cell-lines/cellminercdb/m14_cvcl_1395.html' target='_blank'>details</a>"
"865","m202","skin","Skin","","","","","M202","mdaMills","M202","CVCL_D746","m202","","","","Skin","<a href='https://discovery.nci.nih.gov/cell-lines/cellminercdb/m202_cvcl_d746.html' target='_blank'>details</a>"
"866","m207","skin","Skin","","","","","M207","mdaMills","M207","CVCL_D747","m207","","","","Skin","<a href='https://discovery.nci.nih.gov/cell-lines/cellminercdb/m207_cvcl_d747.html' target='_blank'>details</a>"
"867","m229","skin","Skin","","","","","M229","mdaMills","M229","CVCL_D748","m229","","","","Skin","<a href='https://discovery.nci.nih.gov/cell-lines/cellminercdb/m229_cvcl_d748.html' target='_blank'>details</a>"
"868","m230","skin","Skin","","","","","M230","mdaMills","M230","CVCL_D749","m230","","","","Skin","<a href='https://discovery.nci.nih.gov/cell-lines/cellminercdb/m230_cvcl_d749.html' target='_blank'>details</a>"
"869","m233","skin","Skin","","","","","M233","mdaMills","M233","CVCL_D750","m233","","","","Skin","<a href='https://discovery.nci.nih.gov/cell-lines/cellminercdb/m233_cvcl_d750.html' target='_blank'>details</a>"
"870","m238","skin","Skin","","","","","M238","mdaMills","M238","CVCL_D751","m238","","","","Skin","<a href='https://discovery.nci.nih.gov/cell-lines/cellminercdb/m238_cvcl_d751.html' target='_blank'>details</a>"
"871","m244","skin","Skin","","","","","M244","mdaMills","M244","CVCL_D753","m244","","","","Skin","<a href='https://discovery.nci.nih.gov/cell-lines/cellminercdb/m244_cvcl_d753.html' target='_blank'>details</a>"
"872","m245","skin","Skin","","","","","M245","mdaMills","M245","CVCL_D754","m245","","","","Skin","<a href='https://discovery.nci.nih.gov/cell-lines/cellminercdb/m245_cvcl_d754.html' target='_blank'>details</a>"
"873","m257","skin","Skin","","","","","M257","mdaMills","M257","CVCL_D757","m257","","","","Skin","<a href='https://discovery.nci.nih.gov/cell-lines/cellminercdb/m257_cvcl_d757.html' target='_blank'>details</a>"
"874","m262","skin","Skin","","","","","M262","mdaMills","M262","CVCL_D758","m262","","","","Skin","<a href='https://discovery.nci.nih.gov/cell-lines/cellminercdb/m262_cvcl_d758.html' target='_blank'>details</a>"
"875","m263","skin","Skin","","","","","M263","mdaMills","M263","CVCL_D759","m263","","","","Skin","<a href='https://discovery.nci.nih.gov/cell-lines/cellminercdb/m263_cvcl_d759.html' target='_blank'>details</a>"
"876","m275","skin","Skin","","","","","M275","mdaMills","M275","CVCL_D760","m275","","","","Skin","<a href='https://discovery.nci.nih.gov/cell-lines/cellminercdb/m275_cvcl_d760.html' target='_blank'>details</a>"
"877","m285","skin","Skin","","","","","M285","mdaMills","M285","CVCL_D761","m285","","","","Skin","<a href='https://discovery.nci.nih.gov/cell-lines/cellminercdb/m285_cvcl_d761.html' target='_blank'>details</a>"
"878","m288","skin","Skin","","","","","M288","mdaMills","M288","CVCL_D762","m288","","","","Skin","<a href='https://discovery.nci.nih.gov/cell-lines/cellminercdb/m288_cvcl_d762.html' target='_blank'>details</a>"
"879","m296","skin","Skin","","","","","M296","mdaMills","M296","CVCL_D763","m296","","","","Skin","<a href='https://discovery.nci.nih.gov/cell-lines/cellminercdb/m296_cvcl_d763.html' target='_blank'>details</a>"
"880","m299","skin","Skin","","","","","M299","mdaMills","M299","CVCL_D765","m299","","","","Skin","<a href='https://discovery.nci.nih.gov/cell-lines/cellminercdb/m299_cvcl_d765.html' target='_blank'>details</a>"
"881","m308","skin","Skin","","","","","M308","mdaMills","M308","CVCL_D766","m308","","","","Skin","<a href='https://discovery.nci.nih.gov/cell-lines/cellminercdb/m308_cvcl_d766.html' target='_blank'>details</a>"
"882","m318","skin","Skin","","","","","M318","mdaMills","M318","CVCL_D767","m318","","","","Skin","<a href='https://discovery.nci.nih.gov/cell-lines/cellminercdb/m318_cvcl_d767.html' target='_blank'>details</a>"
"883","m328","skin","Skin","","","","","M328","mdaMills","M328","CVCL_IW41","m328","","","","Skin","<a href='https://discovery.nci.nih.gov/cell-lines/cellminercdb/m328_cvcl_iw41.html' target='_blank'>details</a>"
"884","m368","skin","Skin","","","","","M368","mdaMills","M368","CVCL_D769","m368","","","","Skin","<a href='https://discovery.nci.nih.gov/cell-lines/cellminercdb/m368_cvcl_d769.html' target='_blank'>details</a>"
"885","m375","skin","Skin","","","","","M375","mdaMills","M375","CVCL_D770","m375","","","","Skin","<a href='https://discovery.nci.nih.gov/cell-lines/cellminercdb/m375_cvcl_d770.html' target='_blank'>details</a>"
"886","mac-1","Cutaneous T-cell non-Hodgkin lymphoma","Blood","","","","","Mac-1","ancats","Mac-1","CVCL_H631","mac-1","","","","Blood","<a href='https://discovery.nci.nih.gov/cell-lines/cellminercdb/mac-1_cvcl_h631.html' target='_blank'>details</a>"
"887","mac-2a","Anaplastic large cell lymphoma, ALK-negative","Lymph","","","","","Mac-2A","ancats","Mac-2A","CVCL_H637","mac-2a","","","","Lymph","<a href='https://discovery.nci.nih.gov/cell-lines/cellminercdb/mac-2a_cvcl_h637.html' target='_blank'>details</a>"
"888","mac-2b","Anaplastic large cell lymphoma, ALK-negative","Lymph","","","","","Mac-2B","ancats","Mac-2B","CVCL_H638","mac-2b","","","","Lymph","<a href='https://discovery.nci.nih.gov/cell-lines/cellminercdb/mac-2b_cvcl_h638.html' target='_blank'>details</a>"
"889","malme-3m","melanoma;skin: malignant_melanoma;Skin;lung","Skin","Melanoma (MEL);Melanoma;melanoma","","","","ME:MALME-3M;Malme-3M;MALME3M","nci60;ccle;prism;achilles;mdaMills","Malme-3M","CVCL_1438","malme-3m","melanoma","","","Skin","<a href='https://discovery.nci.nih.gov/cell-lines/cellminercdb/malme-3m_cvcl_1438.html' target='_blank'>details</a>"
"890","mb-1","thyroid","Thyroid","thyroid_carcinoma","anaplastic","","","MB1","achilles","MB-1","CVCL_2109","mb-1","thyroid carcinoma","anaplastic","","Thyroid","<a href='https://discovery.nci.nih.gov/cell-lines/cellminercdb/mb-1_cvcl_2109.html' target='_blank'>details</a>"
"891","mc-1010","LAML","Blood","Leukemia (LEUK)","Acute Myeloid Leukemia (AML)","","","MC-1010","gdscDec15","MC-1010","CVCL_1396","mc-1010","leukemia","acute myeloid leukemia","","Blood","<a href='https://discovery.nci.nih.gov/cell-lines/cellminercdb/mc-1010_cvcl_1396.html' target='_blank'>details</a>"
"892","mc116","haematopoietic_and_lymphoid_tissue: B_cell_lymphoma_unspecified;pleural_effusion;lymphoma","Lymph;Blood","Non-Hodgkin's Lymphoma (NHL);non_hodgkin_lymphoma","B-Cell Lymphoma (BCL);b_cell","","","MC116","ccle;gdscDec15;achilles;mdaMills;gdsc1;gdsc2","MC116","CVCL_1399","mc116","non-hodgkin's lymphoma;non hodgkin lymphoma","b-cell lymphoma;b cell","","Lymph;Blood","<a href='https://discovery.nci.nih.gov/cell-lines/cellminercdb/mc116_cvcl_1399.html' target='_blank'>details</a>"
"893","mcas","ovary: adenocarcinoma;Ovary;ovary","Ovary","Ovarian Epithelial Tumor (OVT);Ovary Adenocarcinoma;ovary_adenocarcinoma","Mucinous;mucinous","","","MCAS","ccle;gdscDec15;prism;achilles;mdaMills","MCAS","CVCL_3020","mcas","ovarian epithelial tumor;ovary adenocarcinoma","mucinous","","Ovary","<a href='https://discovery.nci.nih.gov/cell-lines/cellminercdb/mcas_cvcl_3020.html' target='_blank'>details</a>"
"894","mcc13","lymph_node","Skin","Merkel Cell Carcinoma (MCC);merkel_cell_carcinoma","","","","MCC13","gdscDec15;achilles","MCC13","CVCL_2583","mcc13","merkel cell carcinoma","","","Skin","<a href='https://discovery.nci.nih.gov/cell-lines/cellminercdb/mcc13_cvcl_2583.html' target='_blank'>details</a>"
"895","mcc142","lymph_node","Skin","merkel_cell_carcinoma","","","","MCC142","achilles","MCC14/2","CVCL_2584","mcc142","merkel cell carcinoma","","","Skin","<a href='https://discovery.nci.nih.gov/cell-lines/cellminercdb/mcc142_cvcl_2584.html' target='_blank'>details</a>"
"896","mcc26","skin","Skin","Merkel Cell Carcinoma (MCC);merkel_cell_carcinoma","","","","MCC26","gdscDec15;achilles","MCC26","CVCL_2585","mcc26","merkel cell carcinoma","","","Skin","<a href='https://discovery.nci.nih.gov/cell-lines/cellminercdb/mcc26_cvcl_2585.html' target='_blank'>details</a>"
"897","mccar","","Blood","","","","","MC-CAR","gdscDec15","MC/CAR","CVCL_1397","mccar","","","","Blood","<a href='https://discovery.nci.nih.gov/cell-lines/cellminercdb/mccar_cvcl_1397.html' target='_blank'>details</a>"
"898","mcf-10a","breast","Breast","","","","","MCF10A","mdaMills","MCF-10A","CVCL_0598","mcf-10a","","","","Breast","<a href='https://discovery.nci.nih.gov/cell-lines/cellminercdb/mcf-10a_cvcl_0598.html' target='_blank'>details</a>"
"899","mcf-7","breast;breast: carcinoma;Breast;pleural_effusion","Breast","Breast Carcinoma (BRCA);Breast Carcinoma;breast_carcinoma","ERpos HER2neg;ERpos_HER2neg","Luminal","","BR:MCF7;MCF7","nci60;ccle;gdscDec15;prism;achilles;mdaMills;gdsc1;gdsc2","MCF-7","CVCL_0031","mcf-7","breast carcinoma","erpos her2neg","luminal","Breast","<a href='https://discovery.nci.nih.gov/cell-lines/cellminercdb/mcf-7_cvcl_0031.html' target='_blank'>details</a>"
"900","mda-1186","head and neck","Head_Neck","","","","","MDA1186","mdaMills","MDA-1186","CVCL_6977","mda-1186","","","","Head_Neck","<a href='https://discovery.nci.nih.gov/cell-lines/cellminercdb/mda-1186_cvcl_6977.html' target='_blank'>details</a>"
"901","mda-1386tu","head and neck","Head_Neck","","","","","MDA1386TU","mdaMills","MDA-1386Tu","CVCL_H542","mda-1386tu","","","","Head_Neck","<a href='https://discovery.nci.nih.gov/cell-lines/cellminercdb/mda-1386tu_cvcl_h542.html' target='_blank'>details</a>"
"902","mda-1586","head and neck","Head_Neck","","","","","MDA1586","mdaMills","MDA-1586","CVCL_6981","mda-1586","","","","Head_Neck","<a href='https://discovery.nci.nih.gov/cell-lines/cellminercdb/mda-1586_cvcl_6981.html' target='_blank'>details</a>"
"903","mda-1686","head and neck","Head_Neck","","","","","MDA1686","mdaMills","MDA-1686","CVCL_AT79","mda-1686","","","","Head_Neck","<a href='https://discovery.nci.nih.gov/cell-lines/cellminercdb/mda-1686_cvcl_at79.html' target='_blank'>details</a>"
"904","mda-584","head and neck","Head_Neck","","","","","584","mdaMills","MDA-584","CVCL_V278","mda-584","","","","Head_Neck","<a href='https://discovery.nci.nih.gov/cell-lines/cellminercdb/mda-584_cvcl_v278.html' target='_blank'>details</a>"
"905","mda-886ln","head and neck","Head_Neck","","","","","MDA886LN","mdaMills","MDA-886Ln","CVCL_6987","mda-886ln","","","","Head_Neck","<a href='https://discovery.nci.nih.gov/cell-lines/cellminercdb/mda-886ln_cvcl_6987.html' target='_blank'>details</a>"
"906","mda-mb-134-vi","breast: ductal_carcinoma","Breast","Breast Carcinoma (BRCA)","Breast Invasive Ductal Carcinoma (IDC)","","","MDA-MB-134-VI;MDAMB134VI","ccle;gdscDec15;mdaMills","MDA-MB-134-VI","CVCL_0617","mda-mb-134-vi","breast carcinoma","breast invasive ductal carcinoma","","Breast","<a href='https://discovery.nci.nih.gov/cell-lines/cellminercdb/mda-mb-134-vi_cvcl_0617.html' target='_blank'>details</a>"
"907","mda-mb-157","breast: ductal_carcinoma;BRCA;pleural_effusion;breast","Breast","Breast Carcinoma (BRCA);breast_ductal_carcinoma","Breast Invasive Ductal Carcinoma (IDC);ERneg_HER2neg","","Breast Triple Negative","MDA-MB-157;MDAMB157","ccle;gdscDec15;achilles;mdaMills;gdsc1;gdsc2","MDA-MB-157","CVCL_0618","mda-mb-157","breast carcinoma;breast ductal carcinoma","breast invasive ductal carcinoma;erneg her2neg","","Breast","<a href='https://discovery.nci.nih.gov/cell-lines/cellminercdb/mda-mb-157_cvcl_0618.html' target='_blank'>details</a>"
"908","mda-mb-175-vii","breast: ductal_carcinoma;BRCA;Breast;breast","Breast","Breast Carcinoma (BRCA);Invasive Breast Carcinoma (BRCA);Breast Ductal Carcinoma","Breast Invasive Ductal Carcinoma (IDC);ERpos HER2neg","HER2 Amp","","MDA-MB-175-VII;MDAMB175VII","ccle;gdscDec15;prism;mdaMills;gdsc1;gdsc2","MDA-MB-175-VII","CVCL_1400","mda-mb-175-vii","breast carcinoma;invasive breast carcinoma;breast ductal carcinoma","breast invasive ductal carcinoma;erpos her2neg","her2 amp","Breast","<a href='https://discovery.nci.nih.gov/cell-lines/cellminercdb/mda-mb-175-vii_cvcl_1400.html' target='_blank'>details</a>"
"909","mda-mb-231","breast;breast: carcinoma;BRCA;Breast;pleural_effusion","Breast","Breast Carcinoma (BRCA);Breast Carcinoma;breast_carcinoma","ERneg HER2neg;ERneg_HER2neg","Basal B","Breast Triple Negative","BR:MDA-MB-231;MDA-MB-231;MDAMB231","nci60;ccle;gdscDec15;prism;achilles;mdaMills;gdsc1;gdsc2","MDA-MB-231","CVCL_0062","mda-mb-231","breast carcinoma","erneg her2neg","basal b","Breast","<a href='https://discovery.nci.nih.gov/cell-lines/cellminercdb/mda-mb-231_cvcl_0062.html' target='_blank'>details</a>"
"910","mda-mb-330","breast","Breast","","","","","MDA-MB-330","gdscDec15;gdsc1;gdsc2","MDA-MB-330","CVCL_0619","mda-mb-330","","","","Breast","<a href='https://discovery.nci.nih.gov/cell-lines/cellminercdb/mda-mb-330_cvcl_0619.html' target='_blank'>details</a>"
"911","mda-mb-361","breast: carcinoma;BRCA;breast","Breast","Breast Carcinoma (BRCA)","","","","MDA-MB-361;MDAMB361","ccle;gdscDec15;mdaMills;gdsc1;gdsc2","MDA-MB-361","CVCL_0620","mda-mb-361","breast carcinoma","","","Breast","<a href='https://discovery.nci.nih.gov/cell-lines/cellminercdb/mda-mb-361_cvcl_0620.html' target='_blank'>details</a>"
"912","mda-mb-415","breast: carcinoma;BRCA;pleural_effusion;breast","Breast","Breast Carcinoma (BRCA);breast_carcinoma","ERpos_HER2neg","","","MDA-MB-415;MDAMB415","ccle;gdscDec15;achilles;mdaMills;gdsc1;gdsc2","MDA-MB-415","CVCL_0621","mda-mb-415","breast carcinoma","erpos her2neg","","Breast","<a href='https://discovery.nci.nih.gov/cell-lines/cellminercdb/mda-mb-415_cvcl_0621.html' target='_blank'>details</a>"
"913","mda-mb-435s","melanoma;skin: malignant_melanoma;Skin;skin","Skin","Melanoma (MEL);Melanoma;melanoma","Amelanotic;amelanotic","","","ME:MDA-MB-435;MDA-MB-435S;MDAMB435S","nci60;ccle;prism;achilles","MDA-MB-435S","CVCL_0622","mda-mb-435s","melanoma","amelanotic","","Skin","<a href='https://discovery.nci.nih.gov/cell-lines/cellminercdb/mda-mb-435s_cvcl_0622.html' target='_blank'>details</a>"
"914","mda-mb-436","breast: carcinoma;BRCA;Breast;pleural_effusion;breast;Invasive ductal carcinoma, not otherwise specified","Breast","Breast Carcinoma (BRCA);Breast Carcinoma;breast_carcinoma","ERneg HER2neg;ERneg_HER2neg","Basal B","Breast Triple Negative","MDA-MB-436;MDAMB436","ccle;gdscDec15;prism;achilles;mdaMills;gdsc1;gdsc2;ancats","MDA-MB-436","CVCL_0623","mda-mb-436","breast carcinoma","erneg her2neg","basal b","Breast","<a href='https://discovery.nci.nih.gov/cell-lines/cellminercdb/mda-mb-436_cvcl_0623.html' target='_blank'>details</a>"
"915","mda-mb-453","breast: carcinoma;BRCA;pericardial_effusion;breast","Breast","Breast Carcinoma (BRCA);breast_carcinoma","ERneg_HER2neg","","","MDA-MB-453;MDAMB453","ccle;gdscDec15;achilles;mdaMills;gdsc1;gdsc2","MDA-MB-453","CVCL_0418","mda-mb-453","breast carcinoma","erneg her2neg","","Breast","<a href='https://discovery.nci.nih.gov/cell-lines/cellminercdb/mda-mb-453_cvcl_0418.html' target='_blank'>details</a>"
"916","mda-mb-468","breast: carcinoma;Breast;pleural_effusion;breast","Breast","Breast Carcinoma (BRCA);Breast Carcinoma;breast_carcinoma","ERneg HER2neg;ERneg_HER2neg","Basal A","Breast Triple Negative","MDA-MB-468;MDAMB468","ccle;gdscDec15;prism;achilles;mdaMills;gdsc1;gdsc2","MDA-MB-468","CVCL_0419","mda-mb-468","breast carcinoma","erneg her2neg","basal a","Breast","<a href='https://discovery.nci.nih.gov/cell-lines/cellminercdb/mda-mb-468_cvcl_0419.html' target='_blank'>details</a>"
"917","mda-n","melanoma","Skin","Melanoma (MEL)","","","","ME:MDA-N","nci60","MDA-N","CVCL_1910","mda-n","melanoma","","","Skin","<a href='https://discovery.nci.nih.gov/cell-lines/cellminercdb/mda-n_cvcl_1910.html' target='_blank'>details</a>"
"918","mda-pca-2b","prostate: adenocarcinoma","Prostate","","","","","MDA PCa 2b","ccle","MDA-PCa-2b","CVCL_4748","mda-pca-2b","","","","Prostate","<a href='https://discovery.nci.nih.gov/cell-lines/cellminercdb/mda-pca-2b_cvcl_4748.html' target='_blank'>details</a>"
"919","mdst8","large_intestine: adenocarcinoma;large_intestine","Bowel","Colorectal Adenocarcinoma (COADREAD);colorectal_adenocarcinoma","","","","MDST8","ccle;gdscDec15;achilles;mdaMills;gdsc1;gdsc2","MDST8","CVCL_2588","mdst8","colorectal adenocarcinoma","","","Bowel","<a href='https://discovery.nci.nih.gov/cell-lines/cellminercdb/mdst8_cvcl_2588.html' target='_blank'>details</a>"
"920","me-1-human-leukemia","haematopoietic_and_lymphoid_tissue: acute_myeloid_leukaemia;LAML;leukemia;Adult acute myeloid leukemia","Blood","Leukemia (LEUK)","Acute Myeloid Leukemia (AML)","","","ME-1;ME-1 [Human leukemia]","ccle;gdscDec15;gdsc1;gdsc2;ancats","ME-1 [Human leukemia]","CVCL_2110","me-1-human-leukemia","leukemia","acute myeloid leukemia","","Blood","<a href='https://discovery.nci.nih.gov/cell-lines/cellminercdb/me-1-human-leukemia_cvcl_2110.html' target='_blank'>details</a>"
"921","me-180","CESC;urogenital_system","Cervix","","","","","ME-180","gdscDec15;gdsc1;gdsc2","ME-180","CVCL_1401","me-180","","","","Cervix","<a href='https://discovery.nci.nih.gov/cell-lines/cellminercdb/me-180_cvcl_1401.html' target='_blank'>details</a>"
"922","mec-1","haematopoietic_and_lymphoid_tissue: chronic_lymphocytic_leukaemia-small_lymphocytic_lymphoma;haematopoietic_and_lymphoid_tissue","Blood","Leukemia (LEUK);CLL","Chronic Lymphocytic Leukemia (CLL);b_cell","","","MEC-1;MEC1","ccle;gdscDec15;achilles;mdaMills","MEC-1","CVCL_1870","mec-1","leukemia;cll","chronic lymphocytic leukemia;b cell","","Blood","<a href='https://discovery.nci.nih.gov/cell-lines/cellminercdb/mec-1_cvcl_1870.html' target='_blank'>details</a>"
"923","mec-2","haematopoietic_and_lymphoid_tissue: chronic_lymphocytic_leukaemia-small_lymphocytic_lymphoma","Blood","Leukemia (LEUK)","Chronic Lymphocytic Leukemia (CLL)","","","MEC-2","ccle","MEC-2","CVCL_1871","mec-2","leukemia","chronic lymphocytic leukemia","","Blood","<a href='https://discovery.nci.nih.gov/cell-lines/cellminercdb/mec-2_cvcl_1871.html' target='_blank'>details</a>"
"924","meg-01","haematopoietic_and_lymphoid_tissue: blast_phase_chronic_myeloid_leukaemia;leukemia","Blood","Leukemia (LEUK)","Chronic Myelogenous Leukemia (CML)","","","MEG-01","ccle;gdscDec15;gdsc1;gdsc2","MEG-01","CVCL_0425","meg-01","leukemia","chronic myelogenous leukemia","","Blood","<a href='https://discovery.nci.nih.gov/cell-lines/cellminercdb/meg-01_cvcl_0425.html' target='_blank'>details</a>"
"925","mel-ho","skin: malignant_melanoma;SKCM;Skin;skin","Skin","Melanoma (MEL);Melanoma;melanoma","","","","MEL-HO;MELHO","ccle;gdscDec15;prism;achilles;gdsc1;gdsc2","Mel Ho","CVCL_1402","mel-ho","melanoma","","","Skin","<a href='https://discovery.nci.nih.gov/cell-lines/cellminercdb/mel-ho_cvcl_1402.html' target='_blank'>details</a>"
"926","mel-juso","skin: malignant_melanoma;SKCM;Skin;skin","Skin","Melanoma (MEL);Melanoma;melanoma","","","","MEL-JUSO;MELJUSO","ccle;gdscDec15;prism;achilles;gdsc1;gdsc2","Mel JuSo","CVCL_1403","mel-juso","melanoma","","","Skin","<a href='https://discovery.nci.nih.gov/cell-lines/cellminercdb/mel-juso_cvcl_1403.html' target='_blank'>details</a>"
"927","mel202","uvea","Eye","uveal_melanoma","","","","MEL202","achilles","Mel202","CVCL_C301","mel202","uveal melanoma","","","Eye","<a href='https://discovery.nci.nih.gov/cell-lines/cellminercdb/mel202_cvcl_c301.html' target='_blank'>details</a>"
"928","mel285","uvea","Eye","uveal_melanoma","","","","MEL285","achilles","Mel285","CVCL_C303","mel285","uveal melanoma","","","Eye","<a href='https://discovery.nci.nih.gov/cell-lines/cellminercdb/mel285_cvcl_c303.html' target='_blank'>details</a>"
"929","mel290","uvea","Eye","uveal_melanoma","","","","MEL290","achilles","Mel290","CVCL_C304","mel290","uveal melanoma","","","Eye","<a href='https://discovery.nci.nih.gov/cell-lines/cellminercdb/mel290_cvcl_c304.html' target='_blank'>details</a>"
"930","mero-14","pleural_effusion","Lung","mesothelioma","","","","MERO14","achilles","Mero-14","CVCL_2590","mero-14","mesothelioma","","","Lung","<a href='https://discovery.nci.nih.gov/cell-lines/cellminercdb/mero-14_cvcl_2590.html' target='_blank'>details</a>"
"931","mero-82","pleural_effusion","Lung","mesothelioma","","","","MERO82","achilles","Mero-82","CVCL_2594","mero-82","mesothelioma","","","Lung","<a href='https://discovery.nci.nih.gov/cell-lines/cellminercdb/mero-82_cvcl_2594.html' target='_blank'>details</a>"
"932","mes-sa","soft_tissue: sarcoma;Soft Tissue;urogenital_system","Soft_Tissue","sarcoma;Uterine Sarcoma","","","","MES-SA;MESSA","ccle;gdscDec15;prism;mdaMills;gdsc1;gdsc2","MES-SA","CVCL_1404","mes-sa","sarcoma;uterine sarcoma","","","Soft_Tissue","<a href='https://discovery.nci.nih.gov/cell-lines/cellminercdb/mes-sa_cvcl_1404.html' target='_blank'>details</a>"
"933","mewo","skin: malignant_melanoma;SKCM;Skin;skin","Skin","Melanoma (MEL);Melanoma","","","","MeWo;Mewo;MEWO","ccle;gdscDec15;prism;gdsc1;gdsc2","MeWo","CVCL_0445","mewo","melanoma","","","Skin","<a href='https://discovery.nci.nih.gov/cell-lines/cellminercdb/mewo_cvcl_0445.html' target='_blank'>details</a>"
"934","mfe-280","endometrium: adenocarcinoma;UCEC;Uterus;urogenital_system","Uterus","Endometrial Carcinoma (UCEC);Endometrial Adenocarcinoma","","","","MFE-280;MFE280","ccle;gdscDec15;prism;mdaMills;gdsc1;gdsc2","MFE-280","CVCL_1405","mfe-280","endometrial carcinoma;endometrial adenocarcinoma","","","Uterus","<a href='https://discovery.nci.nih.gov/cell-lines/cellminercdb/mfe-280_cvcl_1405.html' target='_blank'>details</a>"
"935","mfe-296","endometrium: adenocarcinoma;UCEC;Uterus;urogenital_system","Uterus","Endometrial Carcinoma (UCEC);Endometrial Adenocarcinoma","","","","MFE-296;MFE296","ccle;gdscDec15;prism;mdaMills;gdsc1;gdsc2","MFE-296","CVCL_1406","mfe-296","endometrial carcinoma;endometrial adenocarcinoma","","","Uterus","<a href='https://discovery.nci.nih.gov/cell-lines/cellminercdb/mfe-296_cvcl_1406.html' target='_blank'>details</a>"
"936","mfe-319","endometrium: adenocarcinoma;UCEC;Uterus;endometrium;urogenital_system","Uterus","Endometrial Carcinoma (UCEC);Endometrial Adenocarcinoma;endometrial_adenocarcinoma","","","","MFE-319;MFE319","ccle;gdscDec15;prism;achilles;mdaMills;gdsc1;gdsc2","MFE-319","CVCL_2112","mfe-319","endometrial carcinoma;endometrial adenocarcinoma","","","Uterus","<a href='https://discovery.nci.nih.gov/cell-lines/cellminercdb/mfe-319_cvcl_2112.html' target='_blank'>details</a>"
"937","mfh-ino","soft_tissue","Soft_Tissue","","","","","MFH-ino","gdscDec15;gdsc1;gdsc2","MFH-ino","CVCL_1407","mfh-ino","","","","Soft_Tissue","<a href='https://discovery.nci.nih.gov/cell-lines/cellminercdb/mfh-ino_cvcl_1407.html' target='_blank'>details</a>"
"938","mfm-223","breast","Breast","","","","Breast Triple Negative","MFM-223;MFM223","gdscDec15;mdaMills;gdsc1;gdsc2","MFM-223","CVCL_1408","mfm-223","","","","Breast","<a href='https://discovery.nci.nih.gov/cell-lines/cellminercdb/mfm-223_cvcl_1408.html' target='_blank'>details</a>"
"939","mg-63","bone: osteosarcoma;Bone;bone","Bone","Osteosarcoma (OS);Osteosarcoma","","","","MG-63;MG63","ccle;gdscDec15;prism;mdaMills;gdsc1;gdsc2","MG-63","CVCL_0426","mg-63","osteosarcoma","","","Bone","<a href='https://discovery.nci.nih.gov/cell-lines/cellminercdb/mg-63_cvcl_0426.html' target='_blank'>details</a>"
"940","mhh-call-2","haematopoietic_and_lymphoid_tissue: acute_lymphoblastic_B_cell_leukaemia;leukemia","Blood","Leukemia (LEUK)","Acute Lymphoid Leukemia (ALL)","","","MHH-CALL-2","ccle;gdscDec15;gdsc1;gdsc2","MHH-CALL-2","CVCL_1409","mhh-call-2","leukemia","acute lymphoid leukemia","","Blood","<a href='https://discovery.nci.nih.gov/cell-lines/cellminercdb/mhh-call-2_cvcl_1409.html' target='_blank'>details</a>"
"941","mhh-call-3","haematopoietic_and_lymphoid_tissue: acute_lymphoblastic_B_cell_leukaemia","Blood","Leukemia (LEUK)","Acute Lymphoid Leukemia (ALL)","","","MHH-CALL-3","ccle","MHH-CALL-3","CVCL_0089","mhh-call-3","leukemia","acute lymphoid leukemia","","Blood","<a href='https://discovery.nci.nih.gov/cell-lines/cellminercdb/mhh-call-3_cvcl_0089.html' target='_blank'>details</a>"
"942","mhh-call-4","haematopoietic_and_lymphoid_tissue: acute_lymphoblastic_B_cell_leukaemia;leukemia","Blood","Leukemia (LEUK);Leukemia","Acute Lymphoid Leukemia (ALL);B-cell leukemia","","","MHH-CALL-4","ccle;gdsc2","MHH-CALL-4","CVCL_1410","mhh-call-4","leukemia","acute lymphoid leukemia;b-cell leukemia","","Blood","<a href='https://discovery.nci.nih.gov/cell-lines/cellminercdb/mhh-call-4_cvcl_1410.html' target='_blank'>details</a>"
"943","mhh-es-1","bone: Ewings_sarcoma-peripheral_primitive_neuroectodermal_tumour;Bone;bone","Bone","Ewing Sarcoma (ES);Ewing Sarcoma","","EWS_FLI","","MHH-ES-1;MHHES1","ccle;gdscDec15;prism;gdsc1;gdsc2","MHH-ES-1","CVCL_1411","mhh-es-1","ewing sarcoma","","ews fli","Bone","<a href='https://discovery.nci.nih.gov/cell-lines/cellminercdb/mhh-es-1_cvcl_1411.html' target='_blank'>details</a>"
"944","mhh-nb-11","autonomic_ganglia: neuroblastoma;autonomic_ganglia;neuroblastoma","Brain_CNS;Peripheral_Nervous_System","Embryonal Tumor (EMBT);neuroblastoma","Neuroblastoma (NBL)","","","MHH-NB-11;MHHNB11","ccle;gdscDec15;achilles;gdsc1;gdsc2","MHH-NB-11","CVCL_1412","mhh-nb-11","embryonal tumor;neuroblastoma","neuroblastoma","","Brain_CNS;Peripheral_Nervous_System","<a href='https://discovery.nci.nih.gov/cell-lines/cellminercdb/mhh-nb-11_cvcl_1412.html' target='_blank'>details</a>"
"945","mhh-preb-1","blood;leukemia","Blood","Leukemia (LEUK)","","","","MHH-PREB-1;MHHPREB1","gdscDec15;mdaMills;gdsc1;gdsc2","MHH-PREB-1","CVCL_1413","mhh-preb-1","leukemia","","","Blood","<a href='https://discovery.nci.nih.gov/cell-lines/cellminercdb/mhh-preb-1_cvcl_1413.html' target='_blank'>details</a>"
"946","mia-paca-2","pancreas: ductal_carcinoma;PAAD;Pancreas;pancreas;Pancreatic ductal adenocarcinoma","Pancreas","Pancreatic Adenocarcinoma (PAAD);Exocrine;exocrine","Exocrine Adenocarcinoma;exocrine_adenocarcinoma","","","MIA PaCa-2;MIA-PaCa-2;MIAPACA2","ccle;gdscDec15;prism;achilles;mdaMills;gdsc1;gdsc2;ancats","MIA PaCa-2","CVCL_0428","mia-paca-2","pancreatic adenocarcinoma;exocrine","exocrine adenocarcinoma","","Pancreas","<a href='https://discovery.nci.nih.gov/cell-lines/cellminercdb/mia-paca-2_cvcl_0428.html' target='_blank'>details</a>"
"947","mino","haematopoietic_and_lymphoid_tissue: mantle_cell_lymphoma","Lymph","Non-Hodgkin's Lymphoma (NHL)","B-Cell Lymphoma (BCL)","Mantle Cell Lymphoma (MCL)","","Mino;MINO","ccle;mdaMills","Mino","CVCL_1872","mino","non-hodgkin's lymphoma","b-cell lymphoma","mantle cell lymphoma","Lymph","<a href='https://discovery.nci.nih.gov/cell-lines/cellminercdb/mino_cvcl_1872.html' target='_blank'>details</a>"
"948","mj","haematopoietic_and_lymphoid_tissue: mycosis_fungoides-Sezary_syndrome","Lymph","Non-Hodgkin's Lymphoma (NHL)","T-Cell and Natural Killer Lymphoma (TNKL)","","","MJ","ccle","MJ","CVCL_1414","mj","non-hodgkin's lymphoma","t-cell and natural killer lymphoma","","Lymph","<a href='https://discovery.nci.nih.gov/cell-lines/cellminercdb/mj_cvcl_1414.html' target='_blank'>details</a>"
"949","mkl-1-subclone-2","","Skin","Merkel Cell Carcinoma (MCC)","","","","MKL-1-subclone-2","gdscDec15","MKL-1 subclone 2","CVCL_EQ71","mkl-1-subclone-2","merkel cell carcinoma","","","Skin","<a href='https://discovery.nci.nih.gov/cell-lines/cellminercdb/mkl-1-subclone-2_cvcl_eq71.html' target='_blank'>details</a>"
"950","mkl-2","","Skin","Merkel Cell Carcinoma (MCC)","","","","MKL-2","gdscDec15","MKL-2","CVCL_D027","mkl-2","merkel cell carcinoma","","","Skin","<a href='https://discovery.nci.nih.gov/cell-lines/cellminercdb/mkl-2_cvcl_d027.html' target='_blank'>details</a>"
"951","mkn1","stomach: mixed_adenosquamous_carcinoma;OTHER;Gastric;digestive_system","Esophagus_Stomach","Gastric Adenocarcinoma","","","","MKN1","ccle;gdscDec15;prism;mdaMills;gdsc1;gdsc2","MKN1","CVCL_1415","mkn1","gastric adenocarcinoma","","","Esophagus_Stomach","<a href='https://discovery.nci.nih.gov/cell-lines/cellminercdb/mkn1_cvcl_1415.html' target='_blank'>details</a>"
"952","mkn28","STAD;digestive_system","Esophagus_Stomach","","","","","MKN28","gdscDec15;gdsc1;gdsc2","MKN28","CVCL_1416","mkn28","","","","Esophagus_Stomach","<a href='https://discovery.nci.nih.gov/cell-lines/cellminercdb/mkn28_cvcl_1416.html' target='_blank'>details</a>"
"953","mkn45","stomach: diffuse_adenocarcinoma;STAD;Gastric;liver;digestive_system","Esophagus_Stomach","Esophagogastric Adenocarcinoma (EGC);Gastric Adenocarcinoma;gastric_adenocarcinoma","Stomach Adenocarcinoma (STAD);Diffuse Gastric;diffuse_gastric","","","MKN-45;MKN45","ccle;gdscDec15;prism;achilles;mdaMills;gdsc1;gdsc2","MKN45","CVCL_0434","mkn45","esophagogastric adenocarcinoma;gastric adenocarcinoma","stomach adenocarcinoma;diffuse gastric","","Esophagus_Stomach","<a href='https://discovery.nci.nih.gov/cell-lines/cellminercdb/mkn45_cvcl_0434.html' target='_blank'>details</a>"
"954","mkn7","stomach: tubular_adenocarcinoma;STAD;Gastric;digestive_system","Esophagus_Stomach","Esophagogastric Adenocarcinoma (EGC);Gastric Adenocarcinoma","Stomach Adenocarcinoma (STAD);Tubular","","","MKN7","ccle;gdscDec15;prism;gdsc1;gdsc2","MKN7","CVCL_1417","mkn7","esophagogastric adenocarcinoma;gastric adenocarcinoma","stomach adenocarcinoma;tubular","","Esophagus_Stomach","<a href='https://discovery.nci.nih.gov/cell-lines/cellminercdb/mkn7_cvcl_1417.html' target='_blank'>details</a>"
"955","mkn74","stomach: tubular_adenocarcinoma;Gastric;liver","Esophagus_Stomach","Esophagogastric Adenocarcinoma (EGC);Gastric Adenocarcinoma;gastric_adenocarcinoma","Stomach Adenocarcinoma (STAD);","","","MKN74","ccle;prism;achilles;mdaMills","MKN74","CVCL_2791","mkn74","esophagogastric adenocarcinoma;gastric adenocarcinoma","stomach adenocarcinoma;","","Esophagus_Stomach","<a href='https://discovery.nci.nih.gov/cell-lines/cellminercdb/mkn74_cvcl_2791.html' target='_blank'>details</a>"
"956","ml-1","thyroid: follicular_carcinoma;THCA;thyroid","Thyroid","Follicular Thyroid Cancer (THFO)","","","","ML-1","ccle;gdscDec15;gdsc1;gdsc2","ML-1","CVCL_H525","ml-1","follicular thyroid cancer","","","Thyroid","<a href='https://discovery.nci.nih.gov/cell-lines/cellminercdb/ml-1_cvcl_h525.html' target='_blank'>details</a>"
"957","ml-2","LAML;leukemia","Blood","Leukemia (LEUK)","Acute Myeloid Leukemia (AML)","","","ML-2","gdscDec15;gdsc1;gdsc2","ML-2","CVCL_1418","ml-2","leukemia","acute myeloid leukemia","","Blood","<a href='https://discovery.nci.nih.gov/cell-lines/cellminercdb/ml-2_cvcl_1418.html' target='_blank'>details</a>"
"958","mlma","leukemia","Blood","","","","","MLMA","gdscDec15;gdsc1;gdsc2","MLMA","CVCL_1419","mlma","","","","Blood","<a href='https://discovery.nci.nih.gov/cell-lines/cellminercdb/mlma_cvcl_1419.html' target='_blank'>details</a>"
"959","mm-m1","Plasma cell myeloma","Blood","","","","","MM-M1","ancats","MM-M1","CVCL_M547","mm-m1","","","","Blood","<a href='https://discovery.nci.nih.gov/cell-lines/cellminercdb/mm-m1_cvcl_m547.html' target='_blank'>details</a>"
"960","mm.1-144","Plasma cell myeloma","Blood","","","","","MM.1-144","ancats","MM.1-144","CVCL_EI97","mm.1-144","","","","Blood","<a href='https://discovery.nci.nih.gov/cell-lines/cellminercdb/mm.1-144_cvcl_ei97.html' target='_blank'>details</a>"
"961","mm1.r","Plasma cell myeloma","Blood","","","","","MM1.R","ancats","MM1.R","CVCL_8794","mm1.r","","","","Blood","<a href='https://discovery.nci.nih.gov/cell-lines/cellminercdb/mm1.r_cvcl_8794.html' target='_blank'>details</a>"
"962","mm1.s","haematopoietic_and_lymphoid_tissue: plasma_cell_myeloma;haematopoietic_and_lymphoid_tissue;myeloma;Plasma cell myeloma","Blood","Multiple Myeloma (MM);multiple_myeloma","","","","MM1-S;MM1S;MM1.S","ccle;gdscDec15;achilles;mdaMills;gdsc1;gdsc2;ancats","MM1.S","CVCL_8792","mm1.s","multiple myeloma","","","Blood","<a href='https://discovery.nci.nih.gov/cell-lines/cellminercdb/mm1.s_cvcl_8792.html' target='_blank'>details</a>"
"963","mm127","skin","Skin","melanoma","amelanotic","","","MM127","achilles","MM127","CVCL_2601","mm127","melanoma","amelanotic","","Skin","<a href='https://discovery.nci.nih.gov/cell-lines/cellminercdb/mm127_cvcl_2601.html' target='_blank'>details</a>"
"964","mm370","lymph_node","Skin","melanoma","","","","MM370","achilles","MM370","CVCL_2605","mm370","melanoma","","","Skin","<a href='https://discovery.nci.nih.gov/cell-lines/cellminercdb/mm370_cvcl_2605.html' target='_blank'>details</a>"
"965","mm383","lymph_node","Skin","melanoma","","","","MM383","achilles","MM383","CVCL_2606","mm383","melanoma","","","Skin","<a href='https://discovery.nci.nih.gov/cell-lines/cellminercdb/mm383_cvcl_2606.html' target='_blank'>details</a>"
"966","mm386","lymph_node","Skin","melanoma","","","","MM386","achilles","MM386","CVCL_2607","mm386","melanoma","","","Skin","<a href='https://discovery.nci.nih.gov/cell-lines/cellminercdb/mm386_cvcl_2607.html' target='_blank'>details</a>"
"967","mm426","lymph_node","Skin","melanoma","","","","MM426","achilles","MM426","CVCL_2609","mm426","melanoma","","","Skin","<a href='https://discovery.nci.nih.gov/cell-lines/cellminercdb/mm426_cvcl_2609.html' target='_blank'>details</a>"
"968","mmac-sf","SKCM;skin","Skin","Melanoma (MEL)","","","","MMAC-SF;MMAc-SF","gdscDec15;gdsc1;gdsc2","MMAc-SF","CVCL_1420","mmac-sf","melanoma","","","Skin","<a href='https://discovery.nci.nih.gov/cell-lines/cellminercdb/mmac-sf_cvcl_1420.html' target='_blank'>details</a>"
"969","mn-60","blood;leukemia","Blood","Leukemia (LEUK)","","","","MN-60;MN60","gdscDec15;mdaMills;gdsc1;gdsc2","MN-60","CVCL_1421","mn-60","leukemia","","","Blood","<a href='https://discovery.nci.nih.gov/cell-lines/cellminercdb/mn-60_cvcl_1421.html' target='_blank'>details</a>"
"970","mnnghos-cl-5","bone","Bone","","","","","MNNGHOS","mdaMills","MNNG/HOS Cl #5","CVCL_0439","mnnghos-cl-5","","","","Bone","<a href='https://discovery.nci.nih.gov/cell-lines/cellminercdb/mnnghos-cl-5_cvcl_0439.html' target='_blank'>details</a>"
"971","mo","leukemia","Blood","","","","","Mo-T","gdscDec15;gdsc1;gdsc2","Mo","CVCL_1439","mo","","","","Blood","<a href='https://discovery.nci.nih.gov/cell-lines/cellminercdb/mo_cvcl_1439.html' target='_blank'>details</a>"
"972","mog-g-ccm","central_nervous_system: astrocytoma;OTHER;nervous_system","Brain_CNS","Diffuse Glioma (DIFG)","Astrocytoma (ASTR)","","","MOG-G-CCM","ccle;gdscDec15;gdsc1;gdsc2","MOG-G-CCM","CVCL_2613","mog-g-ccm","diffuse glioma","astrocytoma","","Brain_CNS","<a href='https://discovery.nci.nih.gov/cell-lines/cellminercdb/mog-g-ccm_cvcl_2613.html' target='_blank'>details</a>"
"973","mog-g-uvw","central_nervous_system: astrocytoma;OTHER;nervous_system","Brain_CNS","Diffuse Glioma (DIFG)","Astrocytoma (ASTR)","","","MOG-G-UVW","ccle;gdscDec15;gdsc1;gdsc2","MOG-G-UVW","CVCL_2614","mog-g-uvw","diffuse glioma","astrocytoma","","Brain_CNS","<a href='https://discovery.nci.nih.gov/cell-lines/cellminercdb/mog-g-uvw_cvcl_2614.html' target='_blank'>details</a>"
"974","molm-13","haematopoietic_and_lymphoid_tissue: acute_myeloid_leukaemia;haematopoietic_and_lymphoid_tissue;leukemia","Blood","Leukemia (LEUK);AML","Acute Myeloid Leukemia (AML)","","","MOLM-13;MOLM13","ccle;gdscDec15;achilles;mdaMills;gdsc1;gdsc2","MOLM-13","CVCL_2119","molm-13","leukemia;aml","acute myeloid leukemia","","Blood","<a href='https://discovery.nci.nih.gov/cell-lines/cellminercdb/molm-13_cvcl_2119.html' target='_blank'>details</a>"
"975","molm-14","Adult acute myeloid leukemia","Blood","","","","","MOLM-14","ancats","MOLM-14","CVCL_7916","molm-14","","","","Blood","<a href='https://discovery.nci.nih.gov/cell-lines/cellminercdb/molm-14_cvcl_7916.html' target='_blank'>details</a>"
"976","molm-16","haematopoietic_and_lymphoid_tissue: acute_myeloid_leukaemia;LAML;leukemia","Blood","Leukemia (LEUK)","Acute Myeloid Leukemia (AML)","","","MOLM-16","ccle;gdscDec15;gdsc1;gdsc2","MOLM-16","CVCL_2120","molm-16","leukemia","acute myeloid leukemia","","Blood","<a href='https://discovery.nci.nih.gov/cell-lines/cellminercdb/molm-16_cvcl_2120.html' target='_blank'>details</a>"
"977","molm-6","haematopoietic_and_lymphoid_tissue: blast_phase_chronic_myeloid_leukaemia","Blood","Leukemia (LEUK)","Chronic Myelogenous Leukemia (CML)","","","MOLM-6","ccle","MOLM-6","CVCL_2122","molm-6","leukemia","chronic myelogenous leukemia","","Blood","<a href='https://discovery.nci.nih.gov/cell-lines/cellminercdb/molm-6_cvcl_2122.html' target='_blank'>details</a>"
"978","molp-2","haematopoietic_and_lymphoid_tissue: plasma_cell_myeloma","Blood","Multiple Myeloma (MM)","","","","MOLP-2","ccle","MOLP-2","CVCL_2123","molp-2","multiple myeloma","","","Blood","<a href='https://discovery.nci.nih.gov/cell-lines/cellminercdb/molp-2_cvcl_2123.html' target='_blank'>details</a>"
"979","molp-8","haematopoietic_and_lymphoid_tissue: plasma_cell_myeloma;myeloma;Plasma cell myeloma","Blood","Multiple Myeloma (MM)","","","","MOLP-8;MOLP8","ccle;gdscDec15;mdaMills;gdsc1;gdsc2;ancats","MOLP-8","CVCL_2124","molp-8","multiple myeloma","","","Blood","<a href='https://discovery.nci.nih.gov/cell-lines/cellminercdb/molp-8_cvcl_2124.html' target='_blank'>details</a>"
"980","molt-13","haematopoietic_and_lymphoid_tissue: acute_lymphoblastic_T_cell_leukaemia;leukemia","Blood","Leukemia (LEUK)","Acute Lymphoid Leukemia (ALL)","","","MOLT-13","ccle;gdscDec15;gdsc1;gdsc2","MOLT-13","CVCL_1422","molt-13","leukemia","acute lymphoid leukemia","","Blood","<a href='https://discovery.nci.nih.gov/cell-lines/cellminercdb/molt-13_cvcl_1422.html' target='_blank'>details</a>"
"981","molt-16","haematopoietic_and_lymphoid_tissue: acute_lymphoblastic_T_cell_leukaemia;leukemia","Blood","Leukemia (LEUK)","Acute Lymphoid Leukemia (ALL)","","","MOLT-16","ccle;gdscDec15;gdsc1;gdsc2","MOLT-16","CVCL_1424","molt-16","leukemia","acute lymphoid leukemia","","Blood","<a href='https://discovery.nci.nih.gov/cell-lines/cellminercdb/molt-16_cvcl_1424.html' target='_blank'>details</a>"
"982","molt-3","Lymph","Lymph","","","","","MOLT3","ccle","MOLT-3","CVCL_0624","molt-3","","","","Lymph","<a href='https://discovery.nci.nih.gov/cell-lines/cellminercdb/molt-3_cvcl_0624.html' target='_blank'>details</a>"
"983","molt-4","leukemia;haematopoietic_and_lymphoid_tissue: acute_lymphoblastic_T_cell_leukaemia","Blood","Leukemia (LEUK)","Acute Lymphoid Leukemia (ALL)","","","LE:MOLT-4;MOLT-4;MOLT4","nci60;ccle;gdscDec15;mdaMills;gdsc1;gdsc2","MOLT-4","CVCL_0013","molt-4","leukemia","acute lymphoid leukemia","","Blood","<a href='https://discovery.nci.nih.gov/cell-lines/cellminercdb/molt-4_cvcl_0013.html' target='_blank'>details</a>"
"984","mon","Soft_Tissue;Soft Tissue","Soft_Tissue","Malignant Rhabdoid Tumor","","","","MON","ccle;prism","MON","CVCL_M846","mon","malignant rhabdoid tumor","","","Soft_Tissue","<a href='https://discovery.nci.nih.gov/cell-lines/cellminercdb/mon_cvcl_m846.html' target='_blank'>details</a>"
"985","mono-mac-1","haematopoietic_and_lymphoid_tissue: acute_myeloid_leukaemia;haematopoietic_and_lymphoid_tissue","Blood","Leukemia (LEUK);AML","Acute Myeloid Leukemia (AML)","","","MONO-MAC-1;MONOMAC1","ccle;achilles","Mono-Mac-1","CVCL_1425","mono-mac-1","leukemia;aml","acute myeloid leukemia","","Blood","<a href='https://discovery.nci.nih.gov/cell-lines/cellminercdb/mono-mac-1_cvcl_1425.html' target='_blank'>details</a>"
"986","mono-mac-6","haematopoietic_and_lymphoid_tissue: acute_myeloid_leukaemia;LAML;leukemia;Adult acute monocytic leukemia","Blood","Leukemia (LEUK)","Acute Myeloid Leukemia (AML)","","","MONO-MAC-6;Mono-Mac-6","ccle;gdscDec15;gdsc1;gdsc2;ancats","Mono-Mac-6","CVCL_1426","mono-mac-6","leukemia","acute myeloid leukemia","","Blood","<a href='https://discovery.nci.nih.gov/cell-lines/cellminercdb/mono-mac-6_cvcl_1426.html' target='_blank'>details</a>"
"987","morcpr","lung: adenocarcinoma;lung","Lung","Non-Small Cell Lung Cancer (NSCLC);NSCLC","Lung Adenocarcinoma (LUAD);NSCLC_adenocarcinoma","","","MOR/CPR;MORCPR","ccle;achilles","MOR/CPR","CVCL_2620","morcpr","non-small cell lung cancer;nsclc","lung adenocarcinoma;nsclc adenocarcinoma","","Lung","<a href='https://discovery.nci.nih.gov/cell-lines/cellminercdb/morcpr_cvcl_2620.html' target='_blank'>details</a>"
"988","motn-1","haematopoietic_and_lymphoid_tissue: T_cell_large_granular_lymphocytic_leukaemia;T-cell large granular lymphocyte leukemia","Blood","Leukemia (LEUK)","","","","MOTN-1","ccle;ancats","MOTN-1","CVCL_2127","motn-1","leukemia","","","Blood","<a href='https://discovery.nci.nih.gov/cell-lines/cellminercdb/motn-1_cvcl_2127.html' target='_blank'>details</a>"
"989","mpp-89","pleura: mesothelioma;Lung;pleural_effusion;lung","Mesothelium;Lung","Mesothelioma (MESO);Mesothelioma;mesothelioma","","","","MPP 89;MPP-89;MPP89","ccle;gdscDec15;prism;achilles;gdsc1;gdsc2","MPP 89","CVCL_1427","mpp-89","mesothelioma","","","Mesothelium;Lung","<a href='https://discovery.nci.nih.gov/cell-lines/cellminercdb/mpp-89_cvcl_1427.html' target='_blank'>details</a>"
"990","mrc-9","Normal Lung Fibroblast","Other","","","","","MRC-9","nciSclc","MRC-9","CVCL_2629","mrc-9","","","","Other","<a href='https://discovery.nci.nih.gov/cell-lines/cellminercdb/mrc-9_cvcl_2629.html' target='_blank'>details</a>"
"991","mrk-nu-1","BRCA;breast","Breast","","","","Breast Triple Negative","MRK-nu-1","gdscDec15;gdsc1;gdsc2","MRK-nu-1","CVCL_1428","mrk-nu-1","","","","Breast","<a href='https://discovery.nci.nih.gov/cell-lines/cellminercdb/mrk-nu-1_cvcl_1428.html' target='_blank'>details</a>"
"992","ms-1","NOT_TCGA;lung_SCLC","Lung","Small Cell Lung Cancer (SCLC)","","","","MS-1","gdscDec15;gdsc1;gdsc2","MS-1","CVCL_1429","ms-1","small cell lung cancer","","","Lung","<a href='https://discovery.nci.nih.gov/cell-lines/cellminercdb/ms-1_cvcl_1429.html' target='_blank'>details</a>"
"993","ms751","CESC;urogenital_system","Cervix","","","","","MS751","gdscDec15;gdsc1;gdsc2","MS751","CVCL_4996","ms751","","","","Cervix","<a href='https://discovery.nci.nih.gov/cell-lines/cellminercdb/ms751_cvcl_4996.html' target='_blank'>details</a>"
"994","msk-922","head and neck","Head_Neck","","","","","MSK922","mdaMills","MSK-922","CVCL_6989","msk-922","","","","Head_Neck","<a href='https://discovery.nci.nih.gov/cell-lines/cellminercdb/msk-922_cvcl_6989.html' target='_blank'>details</a>"
"995","msto-211h","pleura: mesothelioma;Lung;pleural_effusion;lung","Mesothelium;Lung","Mesothelioma (MESO);Mesothelioma;mesothelioma","","","","MSTO-211H;MSTO211H","ccle;gdscDec15;prism;achilles;gdsc1;gdsc2","MSTO-211H","CVCL_1430","msto-211h","mesothelioma","","","Mesothelium;Lung","<a href='https://discovery.nci.nih.gov/cell-lines/cellminercdb/msto-211h_cvcl_1430.html' target='_blank'>details</a>"
"996","mug-chor1","bone","Bone","chordoma","","","","MUGCHOR1","achilles","MUG-Chor1","CVCL_9277","mug-chor1","chordoma","","","Bone","<a href='https://discovery.nci.nih.gov/cell-lines/cellminercdb/mug-chor1_cvcl_9277.html' target='_blank'>details</a>"
"997","mutj","pancreas","Pancreas","","","","","MUTJ","mdaMills","MUTJ","CVCL_EI98","mutj","","","","Pancreas","<a href='https://discovery.nci.nih.gov/cell-lines/cellminercdb/mutj_cvcl_ei98.html' target='_blank'>details</a>"
"998","mutz-3","Lymph","Lymph","","","","","MUTZ3","ccle","MUTZ-3","CVCL_1433","mutz-3","","","","Lymph","<a href='https://discovery.nci.nih.gov/cell-lines/cellminercdb/mutz-3_cvcl_1433.html' target='_blank'>details</a>"
"999","mutz-5","haematopoietic_and_lymphoid_tissue: acute_lymphoblastic_B_cell_leukaemia","Blood","Leukemia (LEUK)","Acute Lymphoid Leukemia (ALL)","","","MUTZ-5","ccle","MUTZ-5","CVCL_1873","mutz-5","leukemia","acute lymphoid leukemia","","Blood","<a href='https://discovery.nci.nih.gov/cell-lines/cellminercdb/mutz-5_cvcl_1873.html' target='_blank'>details</a>"
"1000","mv4-11","haematopoietic_and_lymphoid_tissue: acute_myeloid_leukaemia;haematopoietic_and_lymphoid_tissue;leukemia;Childhood acute monocytic leukemia","Blood","Leukemia (LEUK);AML","Acute Myeloid Leukemia (AML)","","","MV-4-11;MV411;MV4-11","ccle;gdscDec15;achilles;gdsc1;gdsc2;ancats","MV4-11","CVCL_0064","mv4-11","leukemia;aml","acute myeloid leukemia","","Blood","<a href='https://discovery.nci.nih.gov/cell-lines/cellminercdb/mv4-11_cvcl_0064.html' target='_blank'>details</a>"
"1001","my-m12","leukemia","Blood","Leukemia (LEUK)","","","","MY-M12","gdscDec15;gdsc1;gdsc2","MY-M12","CVCL_3035","my-m12","leukemia","","","Blood","<a href='https://discovery.nci.nih.gov/cell-lines/cellminercdb/my-m12_cvcl_3035.html' target='_blank'>details</a>"
"1002","mz-mel-2","SKCM;skin","Skin","","","","","MZ2-MEL","gdscDec15;gdsc1;gdsc2","MZ-MEL-2","CVCL_1435","mz-mel-2","","","","Skin","<a href='https://discovery.nci.nih.gov/cell-lines/cellminercdb/mz-mel-2_cvcl_1435.html' target='_blank'>details</a>"
"1003","mz-mel-7","SKCM;skin","Skin","Melanoma (MEL)","","","","MZ7-mel","gdscDec15;gdsc1;gdsc2","MZ-MEL-7","CVCL_1436","mz-mel-7","melanoma","","","Skin","<a href='https://discovery.nci.nih.gov/cell-lines/cellminercdb/mz-mel-7_cvcl_1436.html' target='_blank'>details</a>"
"1004","mz-pc-1","PAAD;pancreas","Pancreas","","","","","MZ1-PC","gdscDec15;gdsc1;gdsc2","MZ-PC-1","CVCL_1434","mz-pc-1","","","","Pancreas","<a href='https://discovery.nci.nih.gov/cell-lines/cellminercdb/mz-pc-1_cvcl_1434.html' target='_blank'>details</a>"
"1005","nalm-1","haematopoietic_and_lymphoid_tissue: blast_phase_chronic_myeloid_leukaemia","Blood","Leukemia (LEUK)","Chronic Myelogenous Leukemia (CML)","","","NALM-1","ccle","NALM-1","CVCL_0091","nalm-1","leukemia","chronic myelogenous leukemia","","Blood","<a href='https://discovery.nci.nih.gov/cell-lines/cellminercdb/nalm-1_cvcl_0091.html' target='_blank'>details</a>"
"1006","nalm-19","haematopoietic_and_lymphoid_tissue: acute_lymphoblastic_B_cell_leukaemia","Blood","Leukemia (LEUK)","Acute Lymphoid Leukemia (ALL)","","","NALM-19","ccle","NALM-19","CVCL_1835","nalm-19","leukemia","acute lymphoid leukemia","","Blood","<a href='https://discovery.nci.nih.gov/cell-lines/cellminercdb/nalm-19_cvcl_1835.html' target='_blank'>details</a>"
"1007","nalm-6","haematopoietic_and_lymphoid_tissue: acute_lymphoblastic_B_cell_leukaemia;haematopoietic_and_lymphoid_tissue;leukemia","Blood","Leukemia (LEUK);ALL","Acute Lymphoid Leukemia (ALL);b_cell","","","NALM-6;NALM6","ccle;gdscDec15;achilles;mdaMills;gdsc1;gdsc2","NALM-6","CVCL_0092","nalm-6","leukemia;all","acute lymphoid leukemia;b cell","","Blood","<a href='https://discovery.nci.nih.gov/cell-lines/cellminercdb/nalm-6_cvcl_0092.html' target='_blank'>details</a>"
"1008","namalwa","haematopoietic_and_lymphoid_tissue: Burkitt_lymphoma;lymphoma;Epstein-Barr virus-related Burkitt lymphoma","Lymph;Blood","Non-Hodgkin's Lymphoma (NHL)","B-Cell Lymphoma (BCL)","Burkitt Lymphoma (BL)","","NAMALWA;Namalwa","ccle;gdscDec15;mdaMills;gdsc1;gdsc2;ancats","Namalwa","CVCL_0067","namalwa","non-hodgkin's lymphoma","b-cell lymphoma","burkitt lymphoma","Lymph;Blood","<a href='https://discovery.nci.nih.gov/cell-lines/cellminercdb/namalwa_cvcl_0067.html' target='_blank'>details</a>"
"1009","nb-1643","abdomen","Peripheral_Nervous_System","neuroblastoma","","","","NB1643","achilles","NB-1643","CVCL_5627","nb-1643","neuroblastoma","","","Peripheral_Nervous_System","<a href='https://discovery.nci.nih.gov/cell-lines/cellminercdb/nb-1643_cvcl_5627.html' target='_blank'>details</a>"
"1010","nb1","autonomic_ganglia: neuroblastoma;Peripheral Nervous System;lymph_node;neuroblastoma","Brain_CNS;Peripheral_Nervous_System","Embryonal Tumor (EMBT);Neuroblastoma;neuroblastoma","Neuroblastoma (NBL);","MYCN Amp","","NB-1;NB1","ccle;gdscDec15;prism;achilles;gdsc1;gdsc2","NB1","CVCL_1440","nb1","embryonal tumor;neuroblastoma","neuroblastoma;","mycn amp","Brain_CNS;Peripheral_Nervous_System","<a href='https://discovery.nci.nih.gov/cell-lines/cellminercdb/nb1_cvcl_1440.html' target='_blank'>details</a>"
"1011","nb4","haematopoietic_and_lymphoid_tissue: acute_myeloid_leukaemia;LAML;bone_marrow;leukemia","Blood","Leukemia (LEUK);AML","Acute Myeloid Leukemia (AML);M3","","","NB-4;NB4","ccle;gdscDec15;achilles;gdsc1;gdsc2","NB4","CVCL_0005","nb4","leukemia;aml","acute myeloid leukemia;m3","","Blood","<a href='https://discovery.nci.nih.gov/cell-lines/cellminercdb/nb4_cvcl_0005.html' target='_blank'>details</a>"
"1012","nb69","neuroblastoma","Brain_CNS","Embryonal Tumor (EMBT)","Neuroblastoma (NBL)","","","NB69","gdscDec15;gdsc1;gdsc2","NB69","CVCL_1448","nb69","embryonal tumor","neuroblastoma","","Brain_CNS","<a href='https://discovery.nci.nih.gov/cell-lines/cellminercdb/nb69_cvcl_1448.html' target='_blank'>details</a>"
"1013","nbsussr","","Brain_CNS","Embryonal Tumor (EMBT)","Neuroblastoma (NBL)","","","NBsusSR","gdscDec15","NBsusSR","CVCL_1450","nbsussr","embryonal tumor","neuroblastoma","","Brain_CNS","<a href='https://discovery.nci.nih.gov/cell-lines/cellminercdb/nbsussr_cvcl_1450.html' target='_blank'>details</a>"
"1014","nbtu1","neuroblastoma","Kidney","","","","","NB(TU)1-10","gdscDec15;gdsc1;gdsc2","NB(TU)1","CVCL_3041","nbtu1","","","","Kidney","<a href='https://discovery.nci.nih.gov/cell-lines/cellminercdb/nbtu1_cvcl_3041.html' target='_blank'>details</a>"
"1015","ncc-it","urogenital_system","Other","Unknown (UNK)","","","","NCCIT","gdscDec15;gdsc1;gdsc2","NCC-IT","CVCL_1451","ncc-it","unknown","","","Other","<a href='https://discovery.nci.nih.gov/cell-lines/cellminercdb/ncc-it_cvcl_1451.html' target='_blank'>details</a>"
"1016","ncc-stc-k140","stomach: carcinoma","Esophagus_Stomach","","","","","NCC-StC-K140","ccle","NCC-StC-K140","CVCL_3055","ncc-stc-k140","","","","Esophagus_Stomach","<a href='https://discovery.nci.nih.gov/cell-lines/cellminercdb/ncc-stc-k140_cvcl_3055.html' target='_blank'>details</a>"
"1017","ncc010","kidney","Kidney","","","","","NCC010","gdscDec15;gdsc1;gdsc2","NCC010","CVCL_X505","ncc010","","","","Kidney","<a href='https://discovery.nci.nih.gov/cell-lines/cellminercdb/ncc010_cvcl_x505.html' target='_blank'>details</a>"
"1018","ncc021","kidney","Other","Unknown (UNK)","","","","NCC021","gdscDec15;gdsc1;gdsc2","NCC021","CVCL_X506","ncc021","unknown","","","Other","<a href='https://discovery.nci.nih.gov/cell-lines/cellminercdb/ncc021_cvcl_x506.html' target='_blank'>details</a>"
"1019","nci-adr-res","ovarian","Ovary","","","","","OV:NCI/ADR-RES","nci60","NCI-ADR-RES ","CVCL_1452","nci-adr-res","","","","Ovary","<a href='https://discovery.nci.nih.gov/cell-lines/cellminercdb/nci-adr-res_cvcl_1452.html' target='_blank'>details</a>"
"1020","nci-h1048","lung: small_cell_carcinoma;NOT_TCGA;Small Cell Lung Cancer;Lung;pleural_effusion;lung_SCLC","Lung","Small Cell Lung Cancer (SCLC);SCLC","","","","NCI-H1048;NCIH1048;H1048","ccle;gdscDec15;nciSclc;prism;achilles;mdaMills;gdsc1;gdsc2","NCI-H1048","CVCL_1453","nci-h1048","small cell lung cancer;sclc","","","Lung","<a href='https://discovery.nci.nih.gov/cell-lines/cellminercdb/nci-h1048_cvcl_1453.html' target='_blank'>details</a>"
"1021","nci-h1092","lung: small_cell_carcinoma;NOT_TCGA;Small Cell Lung Cancer;bone_marrow;lung_SCLC","Lung","Small Cell Lung Cancer (SCLC);SCLC","","","","NCI-H1092;NCIH1092","ccle;gdscDec15;nciSclc;achilles;gdsc1;gdsc2","NCI-H1092","CVCL_1454","nci-h1092","small cell lung cancer;sclc","","","Lung","<a href='https://discovery.nci.nih.gov/cell-lines/cellminercdb/nci-h1092_cvcl_1454.html' target='_blank'>details</a>"
"1022","nci-h1105","lung: small_cell_carcinoma;NOT_TCGA;Small Cell Lung Cancer;lung_SCLC","Lung","Small Cell Lung Cancer (SCLC)","","","","NCI-H1105","ccle;gdscDec15;nciSclc;gdsc1;gdsc2","NCI-H1105","CVCL_1455","nci-h1105","small cell lung cancer","","","Lung","<a href='https://discovery.nci.nih.gov/cell-lines/cellminercdb/nci-h1105_cvcl_1455.html' target='_blank'>details</a>"
"1023","nci-h1112","Plasma cell myeloma","Blood","","","","","NCI-H1112","ancats","NCI-H1112","CVCL_A485","nci-h1112","","","","Blood","<a href='https://discovery.nci.nih.gov/cell-lines/cellminercdb/nci-h1112_cvcl_a485.html' target='_blank'>details</a>"
"1024","nci-h1155","lung: large_cell_carcinoma;NOT_TCGA;lymph_node;lung_NSCLC","Lung","Non-Small Cell Lung Cancer (NSCLC);NSCLC","NSCLC_large_cell","","","NCI-H1155;NCIH1155;H1155","ccle;gdscDec15;achilles;mdaMills;gdsc1;gdsc2","NCI-H1155","CVCL_1456","nci-h1155","non-small cell lung cancer;nsclc","nsclc large cell","","Lung","<a href='https://discovery.nci.nih.gov/cell-lines/cellminercdb/nci-h1155_cvcl_1456.html' target='_blank'>details</a>"
"1025","nci-h1184","lung: small_cell_carcinoma;NOT_TCGA","Lung","Small Cell Lung Cancer (SCLC)","","","","NCI-H1184","ccle;gdscDec15","NCI-H1184","CVCL_1458","nci-h1184","small cell lung cancer","","","Lung","<a href='https://discovery.nci.nih.gov/cell-lines/cellminercdb/nci-h1184_cvcl_1458.html' target='_blank'>details</a>"
"1026","nci-h125","lung","Lung","","","","","H125","mdaMills","NCI-H125","CVCL_3968","nci-h125","","","","Lung","<a href='https://discovery.nci.nih.gov/cell-lines/cellminercdb/nci-h125_cvcl_3968.html' target='_blank'>details</a>"
"1027","nci-h128","Small Cell Lung Cancer;lung_SCLC","Lung","Small Cell Lung Cancer (SCLC)","","","","NCI-H128","gdscDec15;nciSclc;gdsc1","NCI-H128","CVCL_1460","nci-h128","small cell lung cancer","","","Lung","<a href='https://discovery.nci.nih.gov/cell-lines/cellminercdb/nci-h128_cvcl_1460.html' target='_blank'>details</a>"
"1028","nci-h1299","lung: non_small_cell_carcinoma;NOT_TCGA;Lung;lymph_node;lung_NSCLC;Large cell lung carcinoma","Lung","Non-Small Cell Lung Cancer (NSCLC);NSCLC","NSCLC Large Cell;NSCLC_large_cell","","","NCI-H1299;NCIH1299;H1299","ccle;gdscDec15;prism;achilles;mdaMills;gdsc1;gdsc2;ancats","NCI-H1299","CVCL_0060","nci-h1299","non-small cell lung cancer;nsclc","nsclc large cell","","Lung","<a href='https://discovery.nci.nih.gov/cell-lines/cellminercdb/nci-h1299_cvcl_0060.html' target='_blank'>details</a>"
"1029","nci-h1304","NOT_TCGA;lung_SCLC","Lung","Small Cell Lung Cancer (SCLC)","","","","NCI-H1304","gdscDec15;gdsc1","NCI-H1304","CVCL_1462","nci-h1304","small cell lung cancer","","","Lung","<a href='https://discovery.nci.nih.gov/cell-lines/cellminercdb/nci-h1304_cvcl_1462.html' target='_blank'>details</a>"
"1030","nci-h1339","lung: small_cell_carcinoma;Lung;pleural_effusion","Lung","Small Cell Lung Cancer (SCLC);SCLC","","","","NCI-H1339;NCIH1339","ccle;prism;achilles","NCI-H1339","CVCL_A472","nci-h1339","small cell lung cancer;sclc","","","Lung","<a href='https://discovery.nci.nih.gov/cell-lines/cellminercdb/nci-h1339_cvcl_a472.html' target='_blank'>details</a>"
"1031","nci-h1341","lung: small_cell_carcinoma;NOT_TCGA;Small Cell Lung Cancer;lung_SCLC","Lung","Small Cell Lung Cancer (SCLC)","","","","NCI-H1341","ccle;gdscDec15;nciSclc;gdsc1;gdsc2","NCI-H1341","CVCL_1463","nci-h1341","small cell lung cancer","","","Lung","<a href='https://discovery.nci.nih.gov/cell-lines/cellminercdb/nci-h1341_cvcl_1463.html' target='_blank'>details</a>"
"1032","nci-h1355","lung: adenocarcinoma;LUAD;Lung;lung_NSCLC","Lung","Non-Small Cell Lung Cancer (NSCLC);NSCLC","Lung Adenocarcinoma (LUAD);NSCLC Adenocarcinoma","","","NCI-H1355;NCIH1355;H1355","ccle;gdscDec15;prism;mdaMills;gdsc1;gdsc2","NCI-H1355","CVCL_1464","nci-h1355","non-small cell lung cancer;nsclc","lung adenocarcinoma;nsclc adenocarcinoma","","Lung","<a href='https://discovery.nci.nih.gov/cell-lines/cellminercdb/nci-h1355_cvcl_1464.html' target='_blank'>details</a>"
"1033","nci-h1373","lung: adenocarcinoma;Lung","Lung","Non-Small Cell Lung Cancer (NSCLC);NSCLC","Lung Adenocarcinoma (LUAD);NSCLC Adenocarcinoma","","","NCI-H1373;NCIH1373;H1373","ccle;prism;mdaMills","NCI-H1373","CVCL_1465","nci-h1373","non-small cell lung cancer;nsclc","lung adenocarcinoma;nsclc adenocarcinoma","","Lung","<a href='https://discovery.nci.nih.gov/cell-lines/cellminercdb/nci-h1373_cvcl_1465.html' target='_blank'>details</a>"
"1034","nci-h1385","lung: squamous_cell_carcinoma;LUSC","Lung","Non-Small Cell Lung Cancer (NSCLC)","Lung Squamous Cell Carcinoma (LUSC)","","","NCI-H1385;H1385","ccle;gdscDec15;mdaMills","NCI-H1385","CVCL_1466","nci-h1385","non-small cell lung cancer","lung squamous cell carcinoma","","Lung","<a href='https://discovery.nci.nih.gov/cell-lines/cellminercdb/nci-h1385_cvcl_1466.html' target='_blank'>details</a>"
"1035","nci-h1395","lung: adenocarcinoma;LUAD","Lung","Non-Small Cell Lung Cancer (NSCLC)","Lung Adenocarcinoma (LUAD)","","","NCI-H1395;H1395","ccle;gdscDec15;mdaMills","NCI-H1395","CVCL_1467","nci-h1395","non-small cell lung cancer","lung adenocarcinoma","","Lung","<a href='https://discovery.nci.nih.gov/cell-lines/cellminercdb/nci-h1395_cvcl_1467.html' target='_blank'>details</a>"
"1036","nci-h1404","LUAD","Lung","Non-Small Cell Lung Cancer (NSCLC)","Lung Adenocarcinoma (LUAD)","","","NCI-H1404","gdscDec15","NCI-H1404","CVCL_1468","nci-h1404","non-small cell lung cancer","lung adenocarcinoma","","Lung","<a href='https://discovery.nci.nih.gov/cell-lines/cellminercdb/nci-h1404_cvcl_1468.html' target='_blank'>details</a>"
"1037","nci-h1417","Small Cell Lung Cancer;Small cell lung carcinoma","Lung","Small Cell Lung Cancer (SCLC)","","","","NCI-H1417","gdscDec15;nciSclc;ancats","NCI-H1417","CVCL_1469","nci-h1417","small cell lung cancer","","","Lung","<a href='https://discovery.nci.nih.gov/cell-lines/cellminercdb/nci-h1417_cvcl_1469.html' target='_blank'>details</a>"
"1038","nci-h1435","lung: non_small_cell_carcinoma;LUAD;Lung;lung_NSCLC","Lung","Non-Small Cell Lung Cancer (NSCLC);NSCLC","NSCLC Adenocarcinoma","","","NCI-H1435;NCIH1435;H1435","ccle;gdscDec15;prism;mdaMills;gdsc1;gdsc2","NCI-H1435","CVCL_1470","nci-h1435","non-small cell lung cancer;nsclc","nsclc adenocarcinoma","","Lung","<a href='https://discovery.nci.nih.gov/cell-lines/cellminercdb/nci-h1435_cvcl_1470.html' target='_blank'>details</a>"
"1039","nci-h1436","lung: small_cell_carcinoma;NOT_TCGA;Small Cell Lung Cancer;lung_SCLC","Lung","Small Cell Lung Cancer (SCLC)","","","","NCI-H1436","ccle;gdscDec15;nciSclc;gdsc1;gdsc2","NCI-H1436","CVCL_1471","nci-h1436","small cell lung cancer","","","Lung","<a href='https://discovery.nci.nih.gov/cell-lines/cellminercdb/nci-h1436_cvcl_1471.html' target='_blank'>details</a>"
"1040","nci-h1437","lung: adenocarcinoma;LUAD;Lung;pleural_effusion;lung_NSCLC","Lung","Non-Small Cell Lung Cancer (NSCLC);NSCLC","Lung Adenocarcinoma (LUAD);NSCLC Adenocarcinoma;NSCLC_adenocarcinoma","","","NCI-H1437;NCIH1437;H1437","ccle;gdscDec15;prism;achilles;mdaMills;gdsc1;gdsc2","NCI-H1437","CVCL_1472","nci-h1437","non-small cell lung cancer;nsclc","lung adenocarcinoma;nsclc adenocarcinoma","","Lung","<a href='https://discovery.nci.nih.gov/cell-lines/cellminercdb/nci-h1437_cvcl_1472.html' target='_blank'>details</a>"
"1041","nci-h146","lung: small_cell_carcinoma;NOT_TCGA;Small Cell Lung Cancer;lung_SCLC","Lung","Small Cell Lung Cancer (SCLC)","","","","NCI-H146","ccle;gdscDec15;nciSclc;gdsc1;gdsc2","NCI-H146","CVCL_1473","nci-h146","small cell lung cancer","","","Lung","<a href='https://discovery.nci.nih.gov/cell-lines/cellminercdb/nci-h146_cvcl_1473.html' target='_blank'>details</a>"
"1042","nci-h1522","NOT_TCGA;Small Cell Lung Cancer","Lung","Small Cell Lung Cancer (SCLC)","","","","NCI-H1522","gdscDec15;nciSclc","NCI-H1522","CVCL_1474","nci-h1522","small cell lung cancer","","","Lung","<a href='https://discovery.nci.nih.gov/cell-lines/cellminercdb/nci-h1522_cvcl_1474.html' target='_blank'>details</a>"
"1043","nci-h1563","lung: adenocarcinoma;LUAD;Lung;lung_NSCLC","Lung","Non-Small Cell Lung Cancer (NSCLC);NSCLC","Lung Adenocarcinoma (LUAD);NSCLC Adenocarcinoma","","","NCI-H1563;NCIH1563;H1563","ccle;gdscDec15;prism;mdaMills;gdsc1;gdsc2","NCI-H1563","CVCL_1475","nci-h1563","non-small cell lung cancer;nsclc","lung adenocarcinoma;nsclc adenocarcinoma","","Lung","<a href='https://discovery.nci.nih.gov/cell-lines/cellminercdb/nci-h1563_cvcl_1475.html' target='_blank'>details</a>"
"1044","nci-h1568","lung: non_small_cell_carcinoma;LUAD;Lung;lymph_node;lung_NSCLC","Lung","Non-Small Cell Lung Cancer (NSCLC);NSCLC","NSCLC Adenocarcinoma;NSCLC_adenocarcinoma","","","NCI-H1568;NCIH1568;H1568","ccle;gdscDec15;prism;achilles;mdaMills;gdsc1;gdsc2","NCI-H1568","CVCL_1476","nci-h1568","non-small cell lung cancer;nsclc","nsclc adenocarcinoma","","Lung","<a href='https://discovery.nci.nih.gov/cell-lines/cellminercdb/nci-h1568_cvcl_1476.html' target='_blank'>details</a>"
"1045","nci-h1573","lung: adenocarcinoma;LUAD;Lung;soft_tissue;lung_NSCLC","Lung","Non-Small Cell Lung Cancer (NSCLC);NSCLC","Lung Adenocarcinoma (LUAD);NSCLC Adenocarcinoma;NSCLC_adenocarcinoma","","","NCI-H1573;NCIH1573;H1573","ccle;gdscDec15;prism;achilles;mdaMills;gdsc1;gdsc2","NCI-H1573","CVCL_1478","nci-h1573","non-small cell lung cancer;nsclc","lung adenocarcinoma;nsclc adenocarcinoma","","Lung","<a href='https://discovery.nci.nih.gov/cell-lines/cellminercdb/nci-h1573_cvcl_1478.html' target='_blank'>details</a>"
"1046","nci-h1581","lung: large_cell_carcinoma;NOT_TCGA;Lung;lung;lung_NSCLC","Lung","Non-Small Cell Lung Cancer (NSCLC);NSCLC","NSCLC Large Cell;NSCLC_large_cell","","","NCI-H1581;NCIH1581;H1581","ccle;gdscDec15;prism;achilles;mdaMills;gdsc1;gdsc2","NCI-H1581","CVCL_1479","nci-h1581","non-small cell lung cancer;nsclc","nsclc large cell","","Lung","<a href='https://discovery.nci.nih.gov/cell-lines/cellminercdb/nci-h1581_cvcl_1479.html' target='_blank'>details</a>"
"1047","nci-h1618","lung: small_cell_carcinoma;NOT_TCGA;Small Cell Lung Cancer","Lung","Small Cell Lung Cancer (SCLC)","","","","NCI-H1618","ccle;gdscDec15;nciSclc","NCI-H1618","CVCL_1480","nci-h1618","small cell lung cancer","","","Lung","<a href='https://discovery.nci.nih.gov/cell-lines/cellminercdb/nci-h1618_cvcl_1480.html' target='_blank'>details</a>"
"1048","nci-h1623","lung: adenocarcinoma;LUAD;Lung;lung_NSCLC","Lung","Non-Small Cell Lung Cancer (NSCLC);NSCLC","Lung Adenocarcinoma (LUAD);NSCLC Adenocarcinoma","","","NCI-H1623;NCIH1623;H1623","ccle;gdscDec15;prism;mdaMills;gdsc1;gdsc2","NCI-H1623","CVCL_1481","nci-h1623","non-small cell lung cancer;nsclc","lung adenocarcinoma;nsclc adenocarcinoma","","Lung","<a href='https://discovery.nci.nih.gov/cell-lines/cellminercdb/nci-h1623_cvcl_1481.html' target='_blank'>details</a>"
"1049","nci-h1648","lung: adenocarcinoma;LUAD;Lung;lymph_node;lung_NSCLC","Lung","Non-Small Cell Lung Cancer (NSCLC);NSCLC","Lung Adenocarcinoma (LUAD);NSCLC Adenocarcinoma;NSCLC_adenocarcinoma","","","NCI-H1648;NCIH1648;H1648","ccle;gdscDec15;prism;achilles;mdaMills;gdsc1;gdsc2","NCI-H1648","CVCL_1482","nci-h1648","non-small cell lung cancer;nsclc","lung adenocarcinoma;nsclc adenocarcinoma","","Lung","<a href='https://discovery.nci.nih.gov/cell-lines/cellminercdb/nci-h1648_cvcl_1482.html' target='_blank'>details</a>"
"1050","nci-h1650","lung: bronchioloalveolar_adenocarcinoma;LUAD;Non-Small Cell Lung Cancer;Lung;pleural_effusion;lung_NSCLC","Lung","Non-Small Cell Lung Cancer (NSCLC);NSCLC","Lung Adenocarcinoma (LUAD);NSCLC Adenocarcinoma;NSCLC_adenocarcinoma","","","NCI-H1650;NCIH1650;H1650","ccle;gdscDec15;nciSclc;prism;achilles;mdaMills;gdsc1;gdsc2","NCI-H1650","CVCL_1483","nci-h1650","non-small cell lung cancer;nsclc","lung adenocarcinoma;nsclc adenocarcinoma","","Lung","<a href='https://discovery.nci.nih.gov/cell-lines/cellminercdb/nci-h1650_cvcl_1483.html' target='_blank'>details</a>"
"1051","nci-h1651","lung: adenocarcinoma;LUAD;Lung;lung_NSCLC","Lung","Non-Small Cell Lung Cancer (NSCLC);NSCLC","Lung Adenocarcinoma (LUAD);NSCLC Adenocarcinoma","","","NCI-H1651;NCIH1651;H1651","ccle;gdscDec15;prism;mdaMills;gdsc1;gdsc2","NCI-H1651","CVCL_1484","nci-h1651","non-small cell lung cancer;nsclc","lung adenocarcinoma;nsclc adenocarcinoma","","Lung","<a href='https://discovery.nci.nih.gov/cell-lines/cellminercdb/nci-h1651_cvcl_1484.html' target='_blank'>details</a>"
"1052","nci-h1666","lung: bronchioloalveolar_adenocarcinoma;LUAD;pleural_effusion;lung_NSCLC","Lung","Non-Small Cell Lung Cancer (NSCLC);NSCLC","Lung Adenocarcinoma (LUAD);NSCLC_adenocarcinoma","","","NCI-H1666;NCIH1666;H1666","ccle;gdscDec15;achilles;mdaMills;gdsc1;gdsc2","NCI-H1666","CVCL_1485","nci-h1666","non-small cell lung cancer;nsclc","lung adenocarcinoma;nsclc adenocarcinoma","","Lung","<a href='https://discovery.nci.nih.gov/cell-lines/cellminercdb/nci-h1666_cvcl_1485.html' target='_blank'>details</a>"
"1053","nci-h1672","Small Cell Lung Cancer","Lung","Small Cell Lung Cancer (SCLC)","","","","NCI-H1672","nciSclc","NCI-H1672","CVCL_1486","nci-h1672","small cell lung cancer","","","Lung","<a href='https://discovery.nci.nih.gov/cell-lines/cellminercdb/nci-h1672_cvcl_1486.html' target='_blank'>details</a>"
"1054","nci-h1688","NOT_TCGA;Small Cell Lung Cancer;lung_SCLC","Lung","Small Cell Lung Cancer (SCLC)","","","","NCI-H1688","gdscDec15;nciSclc;gdsc1;gdsc2","NCI-H1688","CVCL_1487","nci-h1688","small cell lung cancer","","","Lung","<a href='https://discovery.nci.nih.gov/cell-lines/cellminercdb/nci-h1688_cvcl_1487.html' target='_blank'>details</a>"
"1055","nci-h1693","lung: adenocarcinoma;LUAD;Lung;lymph_node;lung_NSCLC","Lung","Non-Small Cell Lung Cancer (NSCLC);NSCLC","Lung Adenocarcinoma (LUAD);NSCLC Adenocarcinoma;NSCLC_adenocarcinoma","","","NCI-H1693;NCIH1693;H1693","ccle;gdscDec15;prism;achilles;mdaMills;gdsc1;gdsc2","NCI-H1693","CVCL_1488","nci-h1693","non-small cell lung cancer;nsclc","lung adenocarcinoma;nsclc adenocarcinoma","","Lung","<a href='https://discovery.nci.nih.gov/cell-lines/cellminercdb/nci-h1693_cvcl_1488.html' target='_blank'>details</a>"
"1056","nci-h1694","lung: small_cell_carcinoma;NOT_TCGA;Small Cell Lung Cancer;ascites;lung_SCLC","Lung","Small Cell Lung Cancer (SCLC);SCLC","","","","NCI-H1694;NCIH1694","ccle;gdscDec15;nciSclc;achilles;gdsc1;gdsc2","NCI-H1694","CVCL_1489","nci-h1694","small cell lung cancer;sclc","","","Lung","<a href='https://discovery.nci.nih.gov/cell-lines/cellminercdb/nci-h1694_cvcl_1489.html' target='_blank'>details</a>"
"1057","nci-h1703","lung: adenocarcinoma;NOT_TCGA;Lung;lung;lung_NSCLC","Lung","Non-Small Cell Lung Cancer (NSCLC);NSCLC","Lung Adenocarcinoma (LUAD);NSCLC Squamous;NSCLC_squamous","","","NCI-H1703;NCIH1703;H1703","ccle;gdscDec15;prism;achilles;mdaMills;gdsc1;gdsc2","NCI-H1703","CVCL_1490","nci-h1703","non-small cell lung cancer;nsclc","lung adenocarcinoma;nsclc squamous","","Lung","<a href='https://discovery.nci.nih.gov/cell-lines/cellminercdb/nci-h1703_cvcl_1490.html' target='_blank'>details</a>"
"1058","nci-h1734","lung: adenocarcinoma;LUAD;lung_NSCLC","Lung","Non-Small Cell Lung Cancer (NSCLC)","Lung Adenocarcinoma (LUAD)","","","NCI-H1734;H1734","ccle;gdscDec15;mdaMills;gdsc1;gdsc2","NCI-H1734","CVCL_1491","nci-h1734","non-small cell lung cancer","lung adenocarcinoma","","Lung","<a href='https://discovery.nci.nih.gov/cell-lines/cellminercdb/nci-h1734_cvcl_1491.html' target='_blank'>details</a>"
"1059","nci-h1755","lung: adenocarcinoma;LUAD;lung_NSCLC","Lung","Non-Small Cell Lung Cancer (NSCLC)","Lung Adenocarcinoma (LUAD)","","","NCI-H1755","ccle;gdscDec15;gdsc1;gdsc2","NCI-H1755","CVCL_1492","nci-h1755","non-small cell lung cancer","lung adenocarcinoma","","Lung","<a href='https://discovery.nci.nih.gov/cell-lines/cellminercdb/nci-h1755_cvcl_1492.html' target='_blank'>details</a>"
"1060","nci-h1770","CANNOT_CLASSIFY;lung;lung_NSCLC","Lung","Non-Small Cell Lung Cancer (NSCLC)","","","","NCI-H1770;H1770","gdscDec15;mdaMills;gdsc1;gdsc2","NCI-H1770","CVCL_1493","nci-h1770","non-small cell lung cancer","","","Lung","<a href='https://discovery.nci.nih.gov/cell-lines/cellminercdb/nci-h1770_cvcl_1493.html' target='_blank'>details</a>"
"1061","nci-h1781","lung: bronchioloalveolar_adenocarcinoma;LUAD;lung_NSCLC","Lung","Non-Small Cell Lung Cancer (NSCLC)","Lung Adenocarcinoma (LUAD)","","","NCI-H1781;H1781","ccle;gdscDec15;mdaMills;gdsc1;gdsc2","NCI-H1781","CVCL_1494","nci-h1781","non-small cell lung cancer","lung adenocarcinoma","","Lung","<a href='https://discovery.nci.nih.gov/cell-lines/cellminercdb/nci-h1781_cvcl_1494.html' target='_blank'>details</a>"
"1062","nci-h1792","lung: adenocarcinoma;LUAD;Lung;pleural_effusion;lung_NSCLC","Lung","Non-Small Cell Lung Cancer (NSCLC);NSCLC","Lung Adenocarcinoma (LUAD);NSCLC Adenocarcinoma;NSCLC_adenocarcinoma","","","NCI-H1792;NCIH1792;H1792","ccle;gdscDec15;prism;achilles;mdaMills;gdsc1;gdsc2","NCI-H1792","CVCL_1495","nci-h1792","non-small cell lung cancer;nsclc","lung adenocarcinoma;nsclc adenocarcinoma","","Lung","<a href='https://discovery.nci.nih.gov/cell-lines/cellminercdb/nci-h1792_cvcl_1495.html' target='_blank'>details</a>"
"1063","nci-h1793","lung: non_small_cell_carcinoma;LUAD;Lung;lung;lung_NSCLC","Lung","Non-Small Cell Lung Cancer (NSCLC);NSCLC","Lung Adenocarcinoma (LUAD);NSCLC Adenocarcinoma;NSCLC_adenocarcinoma","","","NCI-H1793;NCIH1793;H1793","ccle;gdscDec15;prism;achilles;mdaMills;gdsc1;gdsc2","NCI-H1793","CVCL_1496","nci-h1793","non-small cell lung cancer;nsclc","lung adenocarcinoma;nsclc adenocarcinoma","","Lung","<a href='https://discovery.nci.nih.gov/cell-lines/cellminercdb/nci-h1793_cvcl_1496.html' target='_blank'>details</a>"
"1064","nci-h1819","Lung;lung","Lung","","","","","NCI-H1819;H1819","ccle;mdaMills","NCI-H1819","CVCL_1497","nci-h1819","","","","Lung","<a href='https://discovery.nci.nih.gov/cell-lines/cellminercdb/nci-h1819_cvcl_1497.html' target='_blank'>details</a>"
"1065","nci-h1836","lung: small_cell_carcinoma;NOT_TCGA;Small Cell Lung Cancer;lung_SCLC","Lung","Small Cell Lung Cancer (SCLC)","","","","NCI-H1836;H1836","ccle;gdscDec15;nciSclc;mdaMills;gdsc1;gdsc2","NCI-H1836","CVCL_1498","nci-h1836","small cell lung cancer","","","Lung","<a href='https://discovery.nci.nih.gov/cell-lines/cellminercdb/nci-h1836_cvcl_1498.html' target='_blank'>details</a>"
"1066","nci-h1838","lung: non_small_cell_carcinoma;LUAD;Lung;lung_NSCLC","Lung","Non-Small Cell Lung Cancer (NSCLC);NSCLC","Lung Adenocarcinoma (LUAD);NSCLC Adenocarcinoma","","","NCI-H1838;NCIH1838;H1838","ccle;gdscDec15;prism;mdaMills;gdsc1;gdsc2","NCI-H1838","CVCL_1499","nci-h1838","non-small cell lung cancer;nsclc","lung adenocarcinoma;nsclc adenocarcinoma","","Lung","<a href='https://discovery.nci.nih.gov/cell-lines/cellminercdb/nci-h1838_cvcl_1499.html' target='_blank'>details</a>"
"1067","nci-h1869","lung: squamous_cell_carcinoma;LUSC;lung_NSCLC","Lung","Non-Small Cell Lung Cancer (NSCLC)","Lung Squamous Cell Carcinoma (LUSC)","","","NCI-H1869;H1869","ccle;gdscDec15;mdaMills;gdsc1;gdsc2","NCI-H1869","CVCL_1500","nci-h1869","non-small cell lung cancer","lung squamous cell carcinoma","","Lung","<a href='https://discovery.nci.nih.gov/cell-lines/cellminercdb/nci-h1869_cvcl_1500.html' target='_blank'>details</a>"
"1068","nci-h187","NOT_TCGA;Small Cell Lung Cancer;lung;lung_SCLC;Small cell lung carcinoma","Lung","Small Cell Lung Cancer (SCLC)","","","","NCI-H187;H187","gdscDec15;nciSclc;mdaMills;gdsc1;ancats","NCI-H187","CVCL_1501","nci-h187","small cell lung cancer","","","Lung","<a href='https://discovery.nci.nih.gov/cell-lines/cellminercdb/nci-h187_cvcl_1501.html' target='_blank'>details</a>"
"1069","nci-h1876","lung: small_cell_carcinoma;NOT_TCGA;Small Cell Lung Cancer;lung_SCLC","Lung","Small Cell Lung Cancer (SCLC)","","","","NCI-H1876","ccle;gdscDec15;nciSclc;gdsc1;gdsc2","NCI-H1876","CVCL_1503","nci-h1876","small cell lung cancer","","","Lung","<a href='https://discovery.nci.nih.gov/cell-lines/cellminercdb/nci-h1876_cvcl_1503.html' target='_blank'>details</a>"
"1070","nci-h1882","Small Cell Lung Cancer","Lung","Small Cell Lung Cancer (SCLC)","","","","NCI-H1882","nciSclc","NCI-H1882","CVCL_1504","nci-h1882","small cell lung cancer","","","Lung","<a href='https://discovery.nci.nih.gov/cell-lines/cellminercdb/nci-h1882_cvcl_1504.html' target='_blank'>details</a>"
"1071","nci-h1915","lung: large_cell_carcinoma;NOT_TCGA;Lung;central_nervous_system;lung_NSCLC","Lung","Non-Small Cell Lung Cancer (NSCLC);NSCLC","NSCLC Large Cell;NSCLC_large_cell","","","NCI-H1915;NCIH1915","ccle;gdscDec15;prism;achilles;gdsc1;gdsc2","NCI-H1915","CVCL_1505","nci-h1915","non-small cell lung cancer;nsclc","nsclc large cell","","Lung","<a href='https://discovery.nci.nih.gov/cell-lines/cellminercdb/nci-h1915_cvcl_1505.html' target='_blank'>details</a>"
"1072","nci-h1926","NOT_TCGA","Lung","Small Cell Lung Cancer (SCLC)","","","","NCI-H1926","gdscDec15","NCI-H1926","CVCL_1506","nci-h1926","small cell lung cancer","","","Lung","<a href='https://discovery.nci.nih.gov/cell-lines/cellminercdb/nci-h1926_cvcl_1506.html' target='_blank'>details</a>"
"1073","nci-h1930","lung: small_cell_carcinoma;Small Cell Lung Cancer","Lung","Small Cell Lung Cancer (SCLC)","","","","NCI-H1930","ccle;nciSclc","NCI-H1930","CVCL_1507","nci-h1930","small cell lung cancer","","","Lung","<a href='https://discovery.nci.nih.gov/cell-lines/cellminercdb/nci-h1930_cvcl_1507.html' target='_blank'>details</a>"
"1074","nci-h1944","lung: non_small_cell_carcinoma;LUAD;Lung;soft_tissue;lung_NSCLC","Lung","Non-Small Cell Lung Cancer (NSCLC);NSCLC","NSCLC Adenocarcinoma;NSCLC_adenocarcinoma","","","NCI-H1944;NCIH1944;H1944","ccle;gdscDec15;prism;achilles;mdaMills;gdsc1;gdsc2","NCI-H1944","CVCL_1508","nci-h1944","non-small cell lung cancer;nsclc","nsclc adenocarcinoma","","Lung","<a href='https://discovery.nci.nih.gov/cell-lines/cellminercdb/nci-h1944_cvcl_1508.html' target='_blank'>details</a>"
"1075","nci-h196","lung: small_cell_carcinoma;NOT_TCGA;Small Cell Lung Cancer;lung_SCLC;Small cell lung carcinoma","Lung","Small Cell Lung Cancer (SCLC)","","","","NCI-H196","ccle;gdscDec15;nciSclc;gdsc1;gdsc2;ancats","NCI-H196","CVCL_1509","nci-h196","small cell lung cancer","","","Lung","<a href='https://discovery.nci.nih.gov/cell-lines/cellminercdb/nci-h196_cvcl_1509.html' target='_blank'>details</a>"
"1076","nci-h1963","lung: small_cell_carcinoma;NOT_TCGA;Small Cell Lung Cancer;lung_SCLC","Lung","Small Cell Lung Cancer (SCLC)","","","","NCI-H1963","ccle;gdscDec15;nciSclc;gdsc1;gdsc2","NCI-H1963","CVCL_1510","nci-h1963","small cell lung cancer","","","Lung","<a href='https://discovery.nci.nih.gov/cell-lines/cellminercdb/nci-h1963_cvcl_1510.html' target='_blank'>details</a>"
"1077","nci-h1975","lung: non_small_cell_carcinoma;Lung;lung;lung_NSCLC","Lung","Non-Small Cell Lung Cancer (NSCLC);NSCLC","Lung Adenocarcinoma (LUAD);NSCLC Adenocarcinoma;NSCLC_adenocarcinoma","","","NCI-H1975;NCIH1975;H1975","ccle;gdscDec15;prism;achilles;mdaMills;gdsc1;gdsc2","NCI-H1975","CVCL_1511","nci-h1975","non-small cell lung cancer;nsclc","lung adenocarcinoma;nsclc adenocarcinoma","","Lung","<a href='https://discovery.nci.nih.gov/cell-lines/cellminercdb/nci-h1975_cvcl_1511.html' target='_blank'>details</a>"
"1078","nci-h1993","LUAD;lung;lung_NSCLC","Lung","Non-Small Cell Lung Cancer (NSCLC)","Lung Adenocarcinoma (LUAD)","","","NCI-H1993;H1993","gdscDec15;mdaMills;gdsc1;gdsc2","NCI-H1993","CVCL_1512","nci-h1993","non-small cell lung cancer","lung adenocarcinoma","","Lung","<a href='https://discovery.nci.nih.gov/cell-lines/cellminercdb/nci-h1993_cvcl_1512.html' target='_blank'>details</a>"
"1079","nci-h2004rt","Soft_Tissue","Soft_Tissue","","","","","NCI-H2004RT","ccle","NCI-H2004RT","CVCL_WS70","nci-h2004rt","","","","Soft_Tissue","<a href='https://discovery.nci.nih.gov/cell-lines/cellminercdb/nci-h2004rt_cvcl_ws70.html' target='_blank'>details</a>"
"1080","nci-h2009","lung: adenocarcinoma;LUAD;Lung;lung_NSCLC;Lung adenocarcinoma","Lung","Non-Small Cell Lung Cancer (NSCLC);NSCLC","Lung Adenocarcinoma (LUAD);NSCLC Adenocarcinoma","","","NCI-H2009;NCIH2009","ccle;gdscDec15;prism;gdsc1;gdsc2;ancats","NCI-H2009","CVCL_1514","nci-h2009","non-small cell lung cancer;nsclc","lung adenocarcinoma;nsclc adenocarcinoma","","Lung","<a href='https://discovery.nci.nih.gov/cell-lines/cellminercdb/nci-h2009_cvcl_1514.html' target='_blank'>details</a>"
"1081","nci-h2023","lung: adenocarcinoma;LUAD;Lung;lymph_node;lung_NSCLC","Lung","Non-Small Cell Lung Cancer (NSCLC);NSCLC","Lung Adenocarcinoma (LUAD);NSCLC Adenocarcinoma;NSCLC_adenocarcinoma","","","NCI-H2023;NCIH2023;H2023","ccle;gdscDec15;prism;achilles;mdaMills;gdsc1;gdsc2","NCI-H2023","CVCL_1515","nci-h2023","non-small cell lung cancer;nsclc","lung adenocarcinoma;nsclc adenocarcinoma","","Lung","<a href='https://discovery.nci.nih.gov/cell-lines/cellminercdb/nci-h2023_cvcl_1515.html' target='_blank'>details</a>"
"1082","nci-h2029","lung: small_cell_carcinoma;NOT_TCGA;Small Cell Lung Cancer;lung_SCLC","Lung","Small Cell Lung Cancer (SCLC)","","","","NCI-H2029","ccle;gdscDec15;nciSclc;gdsc1;gdsc2","NCI-H2029","CVCL_1516","nci-h2029","small cell lung cancer","","","Lung","<a href='https://discovery.nci.nih.gov/cell-lines/cellminercdb/nci-h2029_cvcl_1516.html' target='_blank'>details</a>"
"1083","nci-h2030","lung: non_small_cell_carcinoma;LUAD;Lung;lymph_node;lung_NSCLC","Lung","Non-Small Cell Lung Cancer (NSCLC);NSCLC","Lung Adenocarcinoma (LUAD);NSCLC Adenocarcinoma;NSCLC_adenocarcinoma","","","NCI-H2030;NCIH2030;H2030","ccle;gdscDec15;prism;achilles;mdaMills;gdsc1;gdsc2","NCI-H2030","CVCL_1517","nci-h2030","non-small cell lung cancer;nsclc","lung adenocarcinoma;nsclc adenocarcinoma","","Lung","<a href='https://discovery.nci.nih.gov/cell-lines/cellminercdb/nci-h2030_cvcl_1517.html' target='_blank'>details</a>"
"1084","nci-h2052","pleura: mesothelioma;Lung;pleural_effusion;lung","Mesothelium;Lung","Mesothelioma (MESO);Mesothelioma;mesothelioma","","","","NCI-H2052;NCIH2052;H2052","ccle;gdscDec15;prism;achilles;mdaMills;gdsc1;gdsc2","NCI-H2052","CVCL_1518","nci-h2052","mesothelioma","","","Mesothelium;Lung","<a href='https://discovery.nci.nih.gov/cell-lines/cellminercdb/nci-h2052_cvcl_1518.html' target='_blank'>details</a>"
"1085","nci-h2066","lung: small_cell_carcinoma;NOT_TCGA;Small Cell Lung Cancer;lung_SCLC","Lung","Small Cell Lung Cancer (SCLC)","","","","NCI-H2066","ccle;gdscDec15;nciSclc;gdsc1;gdsc2","NCI-H2066","CVCL_1520","nci-h2066","small cell lung cancer","","","Lung","<a href='https://discovery.nci.nih.gov/cell-lines/cellminercdb/nci-h2066_cvcl_1520.html' target='_blank'>details</a>"
"1086","nci-h2073","Lung;lung","Lung","","","","","NCI-H2073;H2073","ccle;mdaMills","NCI-H2073","CVCL_1521","nci-h2073","","","","Lung","<a href='https://discovery.nci.nih.gov/cell-lines/cellminercdb/nci-h2073_cvcl_1521.html' target='_blank'>details</a>"
"1087","nci-h2077","Lung;lung","Lung","","","","","NCI-H2077;H2077","ccle;mdaMills","NCI-H2077","CVCL_5157","nci-h2077","","","","Lung","<a href='https://discovery.nci.nih.gov/cell-lines/cellminercdb/nci-h2077_cvcl_5157.html' target='_blank'>details</a>"
"1088","nci-h2081","lung: small_cell_carcinoma;NOT_TCGA;Small Cell Lung Cancer;lung_SCLC","Lung","Small Cell Lung Cancer (SCLC)","","","","NCI-H2081","ccle;gdscDec15;nciSclc;gdsc1;gdsc2","NCI-H2081","CVCL_1522","nci-h2081","small cell lung cancer","","","Lung","<a href='https://discovery.nci.nih.gov/cell-lines/cellminercdb/nci-h2081_cvcl_1522.html' target='_blank'>details</a>"
"1089","nci-h2085","lung: adenocarcinoma;LUAD;lung_NSCLC","Lung","Non-Small Cell Lung Cancer (NSCLC)","Lung Adenocarcinoma (LUAD)","","","NCI-H2085;H2085","ccle;gdscDec15;mdaMills;gdsc1;gdsc2","NCI-H2085","CVCL_1523","nci-h2085","non-small cell lung cancer","lung adenocarcinoma","","Lung","<a href='https://discovery.nci.nih.gov/cell-lines/cellminercdb/nci-h2085_cvcl_1523.html' target='_blank'>details</a>"
"1090","nci-h2087","lung: adenocarcinoma;LUAD;Lung;lymph_node;lung_NSCLC","Lung","Non-Small Cell Lung Cancer (NSCLC);NSCLC","Lung Adenocarcinoma (LUAD);NSCLC Adenocarcinoma;NSCLC_adenocarcinoma","","","NCI-H2087;NCIH2087;H2087","ccle;gdscDec15;prism;achilles;mdaMills;gdsc1;gdsc2","NCI-H2087","CVCL_1524","nci-h2087","non-small cell lung cancer;nsclc","lung adenocarcinoma;nsclc adenocarcinoma","","Lung","<a href='https://discovery.nci.nih.gov/cell-lines/cellminercdb/nci-h2087_cvcl_1524.html' target='_blank'>details</a>"
"1091","nci-h209","lung: small_cell_carcinoma;NOT_TCGA;Small Cell Lung Cancer;bone_marrow;lung_SCLC","Lung","Small Cell Lung Cancer (SCLC);SCLC","","","","NCI-H209;NCIH209","ccle;gdscDec15;nciSclc;achilles;gdsc1;gdsc2","NCI-H209","CVCL_1525","nci-h209","small cell lung cancer;sclc","","","Lung","<a href='https://discovery.nci.nih.gov/cell-lines/cellminercdb/nci-h209_cvcl_1525.html' target='_blank'>details</a>"
"1092","nci-h2106","lung: non_small_cell_carcinoma","Lung","Non-Small Cell Lung Cancer (NSCLC)","","","","NCI-H2106;H2106","ccle;mdaMills","NCI-H2106","CVCL_1526","nci-h2106","non-small cell lung cancer","","","Lung","<a href='https://discovery.nci.nih.gov/cell-lines/cellminercdb/nci-h2106_cvcl_1526.html' target='_blank'>details</a>"
"1093","nci-h2107","NOT_TCGA;Small Cell Lung Cancer","Lung","Small Cell Lung Cancer (SCLC)","","","","NCI-H2107","gdscDec15;nciSclc","NCI-H2107","CVCL_1527","nci-h2107","small cell lung cancer","","","Lung","<a href='https://discovery.nci.nih.gov/cell-lines/cellminercdb/nci-h2107_cvcl_1527.html' target='_blank'>details</a>"
"1094","nci-h2108","Small cell lung carcinoma","Lung","Small Cell Lung Cancer (SCLC)","","","","NCI-H2108","ancats","NCI-H2108","CVCL_1528","nci-h2108","small cell lung cancer","","","Lung","<a href='https://discovery.nci.nih.gov/cell-lines/cellminercdb/nci-h2108_cvcl_1528.html' target='_blank'>details</a>"
"1095","nci-h211","lung: small_cell_carcinoma;NOT_TCGA;Small Cell Lung Cancer;bone_marrow;lung_SCLC","Lung","Small Cell Lung Cancer (SCLC);SCLC","","","","NCI-H211;NCIH211;H211","ccle;gdscDec15;nciSclc;achilles;mdaMills;gdsc1;gdsc2","NCI-H211","CVCL_1529","nci-h211","small cell lung cancer;sclc","","","Lung","<a href='https://discovery.nci.nih.gov/cell-lines/cellminercdb/nci-h211_cvcl_1529.html' target='_blank'>details</a>"
"1096","nci-h2110","lung: non_small_cell_carcinoma;CANNOT_CLASSIFY;Lung;pleural_effusion;lung_NSCLC","Lung","Non-Small Cell Lung Cancer (NSCLC);NSCLC","","","","NCI-H2110;NCIH2110;H2110","ccle;gdscDec15;prism;achilles;mdaMills;gdsc1;gdsc2","NCI-H2110","CVCL_1530","nci-h2110","non-small cell lung cancer;nsclc","","","Lung","<a href='https://discovery.nci.nih.gov/cell-lines/cellminercdb/nci-h2110_cvcl_1530.html' target='_blank'>details</a>"
"1097","nci-h2122","lung: adenocarcinoma;LUAD;Lung;pleural_effusion;lung_NSCLC","Lung","Non-Small Cell Lung Cancer (NSCLC);NSCLC","Lung Adenocarcinoma (LUAD);NSCLC Adenocarcinoma;NSCLC_adenocarcinoma","","","NCI-H2122;NCIH2122;H2122","ccle;gdscDec15;prism;achilles;mdaMills;gdsc1;gdsc2","NCI-H2122","CVCL_1531","nci-h2122","non-small cell lung cancer;nsclc","lung adenocarcinoma;nsclc adenocarcinoma","","Lung","<a href='https://discovery.nci.nih.gov/cell-lines/cellminercdb/nci-h2122_cvcl_1531.html' target='_blank'>details</a>"
"1098","nci-h2126","lung: adenocarcinoma;LUAD;Lung;haematopoietic_and_lymphoid_tissue","Lung","Non-Small Cell Lung Cancer (NSCLC);NSCLC","Lung Adenocarcinoma (LUAD);NSCLC Adenocarcinoma;NSCLC_adenocarcinoma","","","NCI-H2126;NCIH2126;H2126","ccle;gdscDec15;prism;achilles;mdaMills","NCI-H2126","CVCL_1532","nci-h2126","non-small cell lung cancer;nsclc","lung adenocarcinoma;nsclc adenocarcinoma","","Lung","<a href='https://discovery.nci.nih.gov/cell-lines/cellminercdb/nci-h2126_cvcl_1532.html' target='_blank'>details</a>"
"1099","nci-h2135","CANNOT_CLASSIFY;lung;lung_NSCLC","Lung","Non-Small Cell Lung Cancer (NSCLC)","","","","NCI-H2135;H2135","gdscDec15;mdaMills;gdsc1;gdsc2","NCI-H2135","CVCL_1533","nci-h2135","non-small cell lung cancer","","","Lung","<a href='https://discovery.nci.nih.gov/cell-lines/cellminercdb/nci-h2135_cvcl_1533.html' target='_blank'>details</a>"
"1100","nci-h2141","lung: small_cell_carcinoma;NOT_TCGA;Small Cell Lung Cancer;lung_SCLC","Lung","Small Cell Lung Cancer (SCLC)","","","","NCI-H2141","ccle;gdscDec15;nciSclc;gdsc1;gdsc2","NCI-H2141","CVCL_1534","nci-h2141","small cell lung cancer","","","Lung","<a href='https://discovery.nci.nih.gov/cell-lines/cellminercdb/nci-h2141_cvcl_1534.html' target='_blank'>details</a>"
"1101","nci-h2170","lung: squamous_cell_carcinoma;LUSC;Lung;lung;lung_NSCLC","Lung","Non-Small Cell Lung Cancer (NSCLC);NSCLC","Lung Squamous Cell Carcinoma (LUSC);NSCLC Squamous;NSCLC_squamous","","","NCI-H2170;NCIH2170;H2170","ccle;gdscDec15;prism;achilles;mdaMills;gdsc1;gdsc2","NCI-H2170","CVCL_1535","nci-h2170","non-small cell lung cancer;nsclc","lung squamous cell carcinoma;nsclc squamous","","Lung","<a href='https://discovery.nci.nih.gov/cell-lines/cellminercdb/nci-h2170_cvcl_1535.html' target='_blank'>details</a>"
"1102","nci-h2171","lung: small_cell_carcinoma;NOT_TCGA;Small Cell Lung Cancer;lung_SCLC;Small cell lung carcinoma","Lung","Small Cell Lung Cancer (SCLC)","","","","NCI-H2171","ccle;gdscDec15;nciSclc;gdsc1;gdsc2;ancats","NCI-H2171","CVCL_1536","nci-h2171","small cell lung cancer","","","Lung","<a href='https://discovery.nci.nih.gov/cell-lines/cellminercdb/nci-h2171_cvcl_1536.html' target='_blank'>details</a>"
"1103","nci-h2172","lung: non_small_cell_carcinoma;CANNOT_CLASSIFY;Lung;lung;lung_NSCLC","Lung","Non-Small Cell Lung Cancer (NSCLC);NSCLC","","","","NCI-H2172;NCIH2172;H2172","ccle;gdscDec15;prism;achilles;mdaMills;gdsc1;gdsc2","NCI-H2172","CVCL_1537","nci-h2172","non-small cell lung cancer;nsclc","","","Lung","<a href='https://discovery.nci.nih.gov/cell-lines/cellminercdb/nci-h2172_cvcl_1537.html' target='_blank'>details</a>"
"1104","nci-h2195","lung","Lung","Small Cell Lung Cancer (SCLC)","","","","H2195","mdaMills","NCI-H2195","CVCL_1538","nci-h2195","small cell lung cancer","","","Lung","<a href='https://discovery.nci.nih.gov/cell-lines/cellminercdb/nci-h2195_cvcl_1538.html' target='_blank'>details</a>"
"1105","nci-h2196","lung: small_cell_carcinoma;lung_SCLC","Lung","Small Cell Lung Cancer (SCLC)","","","","NCI-H2196","ccle;gdscDec15;gdsc1;gdsc2","NCI-H2196","CVCL_1539","nci-h2196","small cell lung cancer","","","Lung","<a href='https://discovery.nci.nih.gov/cell-lines/cellminercdb/nci-h2196_cvcl_1539.html' target='_blank'>details</a>"
"1106","nci-h2198","Small Cell Lung Cancer","Lung","Small Cell Lung Cancer (SCLC)","","","","NCI-H2198","nciSclc","NCI-H2198","CVCL_1540","nci-h2198","small cell lung cancer","","","Lung","<a href='https://discovery.nci.nih.gov/cell-lines/cellminercdb/nci-h2198_cvcl_1540.html' target='_blank'>details</a>"
"1107","nci-h220","NOT_TCGA;Small Cell Lung Cancer","Lung","Small Cell Lung Cancer (SCLC)","","","","NCI-H220","gdscDec15;nciSclc","NCI-H220","CVCL_1541","nci-h220","small cell lung cancer","","","Lung","<a href='https://discovery.nci.nih.gov/cell-lines/cellminercdb/nci-h220_cvcl_1541.html' target='_blank'>details</a>"
"1108","nci-h2227","lung: small_cell_carcinoma;NOT_TCGA;lung_SCLC","Lung","Small Cell Lung Cancer (SCLC)","","","","NCI-H2227","ccle;gdscDec15;gdsc1;gdsc2","NCI-H2227","CVCL_1542","nci-h2227","small cell lung cancer","","","Lung","<a href='https://discovery.nci.nih.gov/cell-lines/cellminercdb/nci-h2227_cvcl_1542.html' target='_blank'>details</a>"
"1109","nci-h2228","lung: adenocarcinoma;LUAD;Lung;lung_NSCLC","Lung","Non-Small Cell Lung Cancer (NSCLC);NSCLC","Lung Adenocarcinoma (LUAD);NSCLC Adenocarcinoma","","","NCI-H2228;NCIH2228;H2228","ccle;gdscDec15;prism;mdaMills;gdsc1;gdsc2","NCI-H2228","CVCL_1543","nci-h2228","non-small cell lung cancer;nsclc","lung adenocarcinoma;nsclc adenocarcinoma","","Lung","<a href='https://discovery.nci.nih.gov/cell-lines/cellminercdb/nci-h2228_cvcl_1543.html' target='_blank'>details</a>"
"1110","nci-h2250","lung","Lung","","","","","H2250","mdaMills","NCI-H2250","CVCL_A527","nci-h2250","","","","Lung","<a href='https://discovery.nci.nih.gov/cell-lines/cellminercdb/nci-h2250_cvcl_a527.html' target='_blank'>details</a>"
"1111","nci-h2258","lung","Lung","","","","","H2258","mdaMills","NCI-H2258","CVCL_A528","nci-h2258","","","","Lung","<a href='https://discovery.nci.nih.gov/cell-lines/cellminercdb/nci-h2258_cvcl_a528.html' target='_blank'>details</a>"
"1112","nci-h226","lung;lung: squamous_cell_carcinoma;LUSC;Lung;lung_NSCLC","Lung","Non-Small Cell Lung Cancer (NSCLC);NSCLC","Lung Squamous Cell Carcinoma (LUSC);NSCLC Squamous","","","LC:NCI-H226;NCI-H226;NCIH226;H226","nci60;ccle;gdscDec15;prism;mdaMills;gdsc1;gdsc2","NCI-H226","CVCL_1544","nci-h226","non-small cell lung cancer;nsclc","lung squamous cell carcinoma;nsclc squamous","","Lung","<a href='https://discovery.nci.nih.gov/cell-lines/cellminercdb/nci-h226_cvcl_1544.html' target='_blank'>details</a>"
"1113","nci-h2286","lung: small_cell_carcinoma;NOT_TCGA;lung","Lung","Small Cell Lung Cancer (SCLC);SCLC","","","","NCI-H2286;NCIH2286;H2286","ccle;gdscDec15;achilles;mdaMills","NCI-H2286","CVCL_1545","nci-h2286","small cell lung cancer;sclc","","","Lung","<a href='https://discovery.nci.nih.gov/cell-lines/cellminercdb/nci-h2286_cvcl_1545.html' target='_blank'>details</a>"
"1114","nci-h2291","lung: adenocarcinoma;LUAD;lymph_node;lung_NSCLC","Lung","Non-Small Cell Lung Cancer (NSCLC);NSCLC","Lung Adenocarcinoma (LUAD);NSCLC_adenocarcinoma","","","NCI-H2291;NCIH2291","ccle;gdscDec15;achilles;gdsc1;gdsc2","NCI-H2291","CVCL_1546","nci-h2291","non-small cell lung cancer;nsclc","lung adenocarcinoma;nsclc adenocarcinoma","","Lung","<a href='https://discovery.nci.nih.gov/cell-lines/cellminercdb/nci-h2291_cvcl_1546.html' target='_blank'>details</a>"
"1115","nci-h23","lung;lung: non_small_cell_carcinoma;Lung;lung_NSCLC","Lung","Non-Small Cell Lung Cancer (NSCLC);NSCLC","NSCLC Adenocarcinoma;NSCLC_adenocarcinoma","","","LC:NCI-H23;NCI-H23;NCIH23;H23","nci60;ccle;gdscDec15;prism;achilles;mdaMills;gdsc1;gdsc2","NCI-H23","CVCL_1547","nci-h23","non-small cell lung cancer;nsclc","nsclc adenocarcinoma","","Lung","<a href='https://discovery.nci.nih.gov/cell-lines/cellminercdb/nci-h23_cvcl_1547.html' target='_blank'>details</a>"
"1116","nci-h2330","Small Cell Lung Cancer","Lung","Small Cell Lung Cancer (SCLC)","","","","NCI-H2330","nciSclc","NCI-H2330","CVCL_1548","nci-h2330","small cell lung cancer","","","Lung","<a href='https://discovery.nci.nih.gov/cell-lines/cellminercdb/nci-h2330_cvcl_1548.html' target='_blank'>details</a>"
"1117","nci-h2342","lung: adenocarcinoma;LUAD;lung_NSCLC","Lung","Non-Small Cell Lung Cancer (NSCLC)","Lung Adenocarcinoma (LUAD)","","","NCI-H2342;H2342","ccle;gdscDec15;mdaMills;gdsc1;gdsc2","NCI-H2342","CVCL_1549","nci-h2342","non-small cell lung cancer","lung adenocarcinoma","","Lung","<a href='https://discovery.nci.nih.gov/cell-lines/cellminercdb/nci-h2342_cvcl_1549.html' target='_blank'>details</a>"
"1118","nci-h2347","lung: adenocarcinoma;LUAD;Lung;lung_NSCLC","Lung","Non-Small Cell Lung Cancer (NSCLC);NSCLC","Lung Adenocarcinoma (LUAD);NSCLC Adenocarcinoma","","","NCI-H2347;NCIH2347;H2347","ccle;gdscDec15;prism;mdaMills;gdsc1;gdsc2","NCI-H2347","CVCL_1550","nci-h2347","non-small cell lung cancer;nsclc","lung adenocarcinoma;nsclc adenocarcinoma","","Lung","<a href='https://discovery.nci.nih.gov/cell-lines/cellminercdb/nci-h2347_cvcl_1550.html' target='_blank'>details</a>"
"1119","nci-h2369","lung","Lung","","","","","H2369;NCI-H2369","gdscDec15;gdsc1;gdsc2","NCI-H2369","CVCL_A532","nci-h2369","","","","Lung","<a href='https://discovery.nci.nih.gov/cell-lines/cellminercdb/nci-h2369_cvcl_a532.html' target='_blank'>details</a>"
"1120","nci-h2373","lung","Lung","","","","","H2373;NCI-H2373","gdscDec15;gdsc1;gdsc2","NCI-H2373","CVCL_A533","nci-h2373","","","","Lung","<a href='https://discovery.nci.nih.gov/cell-lines/cellminercdb/nci-h2373_cvcl_a533.html' target='_blank'>details</a>"
"1121","nci-h2405","lung: adenocarcinoma;LUAD;lung_NSCLC","Lung","Non-Small Cell Lung Cancer (NSCLC)","Lung Adenocarcinoma (LUAD)","","","NCI-H2405","ccle;gdscDec15;gdsc1;gdsc2","NCI-H2405","CVCL_1551","nci-h2405","non-small cell lung cancer","lung adenocarcinoma","","Lung","<a href='https://discovery.nci.nih.gov/cell-lines/cellminercdb/nci-h2405_cvcl_1551.html' target='_blank'>details</a>"
"1122","nci-h2444","lung: non_small_cell_carcinoma;CANNOT_CLASSIFY;Lung;lung_NSCLC","Lung","Non-Small Cell Lung Cancer (NSCLC);NSCLC","","","","NCI-H2444;NCIH2444","ccle;gdscDec15;prism;gdsc1;gdsc2","NCI-H2444","CVCL_1552","nci-h2444","non-small cell lung cancer;nsclc","","","Lung","<a href='https://discovery.nci.nih.gov/cell-lines/cellminercdb/nci-h2444_cvcl_1552.html' target='_blank'>details</a>"
"1123","nci-h2452","pleura: mesothelioma;Lung;pleura;lung","Mesothelium;Lung","Mesothelioma (MESO);Mesothelioma;mesothelioma","","","","NCI-H2452;NCIH2452","ccle;gdscDec15;prism;achilles;gdsc1;gdsc2","NCI-H2452","CVCL_1553","nci-h2452","mesothelioma","","","Mesothelium;Lung","<a href='https://discovery.nci.nih.gov/cell-lines/cellminercdb/nci-h2452_cvcl_1553.html' target='_blank'>details</a>"
"1124","nci-h2461","lung","Lung","","","","","H2461;NCI-H2461","gdscDec15;gdsc1;gdsc2","NCI-H2461","CVCL_A536","nci-h2461","","","","Lung","<a href='https://discovery.nci.nih.gov/cell-lines/cellminercdb/nci-h2461_cvcl_a536.html' target='_blank'>details</a>"
"1125","nci-h249","Small Cell Lung Cancer","Lung","Small Cell Lung Cancer (SCLC)","","","","NCI-H249","nciSclc","NCI-H249","CVCL_A537","nci-h249","small cell lung cancer","","","Lung","<a href='https://discovery.nci.nih.gov/cell-lines/cellminercdb/nci-h249_cvcl_a537.html' target='_blank'>details</a>"
"1126","nci-h250","Small Cell Lung Cancer;lung_SCLC","Lung","Small Cell Lung Cancer (SCLC)","","","","NCI-H250","gdscDec15;nciSclc;gdsc1;gdsc2","NCI-H250","CVCL_1554","nci-h250","small cell lung cancer","","","Lung","<a href='https://discovery.nci.nih.gov/cell-lines/cellminercdb/nci-h250_cvcl_1554.html' target='_blank'>details</a>"
"1127","nci-h2591","lung","Lung","","","","","H2591;NCI-H2591","gdscDec15;gdsc1;gdsc2","NCI-H2591","CVCL_A543","nci-h2591","","","","Lung","<a href='https://discovery.nci.nih.gov/cell-lines/cellminercdb/nci-h2591_cvcl_a543.html' target='_blank'>details</a>"
"1128","nci-h2595","lung","Lung","","","","","H2595;NCI-H2595","gdscDec15;gdsc1;gdsc2","NCI-H2595","CVCL_A545","nci-h2595","","","","Lung","<a href='https://discovery.nci.nih.gov/cell-lines/cellminercdb/nci-h2595_cvcl_a545.html' target='_blank'>details</a>"
"1129","nci-h2596","","Pleura","Pleural Mesothelioma (PLMESO)","","","","H2596","gdscDec15","NCI-H2596","CVCL_A546","nci-h2596","pleural mesothelioma","","","Pleura","<a href='https://discovery.nci.nih.gov/cell-lines/cellminercdb/nci-h2596_cvcl_a546.html' target='_blank'>details</a>"
"1130","nci-h2722","lung","Lung","","","","","H2722;NCI-H2722","gdscDec15;gdsc1;gdsc2","NCI-H2722","CVCL_U994","nci-h2722","","","","Lung","<a href='https://discovery.nci.nih.gov/cell-lines/cellminercdb/nci-h2722_cvcl_u994.html' target='_blank'>details</a>"
"1131","nci-h2731","lung","Lung","","","","","H2731;NCI-H2731","gdscDec15;gdsc1;gdsc2","NCI-H2731","CVCL_U995","nci-h2731","","","","Lung","<a href='https://discovery.nci.nih.gov/cell-lines/cellminercdb/nci-h2731_cvcl_u995.html' target='_blank'>details</a>"
"1132","nci-h2795","lung","Lung","","","","","H2795;NCI-H2795","gdscDec15;gdsc1;gdsc2","NCI-H2795","CVCL_U996","nci-h2795","","","","Lung","<a href='https://discovery.nci.nih.gov/cell-lines/cellminercdb/nci-h2795_cvcl_u996.html' target='_blank'>details</a>"
"1133","nci-h28","pleura: mesothelioma;Mesothelioma;Lung;pleural_effusion;lung","Mesothelium;Lung","Mesothelioma (MESO);Mesothelioma;mesothelioma","","","","NCI-H28;NCIH28;H28","ccle;gdscDec15;nciSclc;prism;achilles;mdaMills;gdsc1;gdsc2","NCI-H28","CVCL_1555","nci-h28","mesothelioma","","","Mesothelium;Lung","<a href='https://discovery.nci.nih.gov/cell-lines/cellminercdb/nci-h28_cvcl_1555.html' target='_blank'>details</a>"
"1134","nci-h2803","lung","Lung","","","","","H2803;NCI-H2803","gdscDec15;gdsc1;gdsc2","NCI-H2803","CVCL_U997","nci-h2803","","","","Lung","<a href='https://discovery.nci.nih.gov/cell-lines/cellminercdb/nci-h2803_cvcl_u997.html' target='_blank'>details</a>"
"1135","nci-h2804","lung","Lung","","","","","H2804;NCI-H2804","gdscDec15;gdsc1;gdsc2","NCI-H2804","CVCL_U998","nci-h2804","","","","Lung","<a href='https://discovery.nci.nih.gov/cell-lines/cellminercdb/nci-h2804_cvcl_u998.html' target='_blank'>details</a>"
"1136","nci-h2810","lung","Lung","","","","","H2810;NCI-H2810","gdscDec15;gdsc1;gdsc2","NCI-H2810","CVCL_U999","nci-h2810","","","","Lung","<a href='https://discovery.nci.nih.gov/cell-lines/cellminercdb/nci-h2810_cvcl_u999.html' target='_blank'>details</a>"
"1137","nci-h2818","lung","Lung","","","","","H2818;NCI-H2818","gdscDec15;gdsc1;gdsc2","NCI-H2818","CVCL_V000","nci-h2818","","","","Lung","<a href='https://discovery.nci.nih.gov/cell-lines/cellminercdb/nci-h2818_cvcl_v000.html' target='_blank'>details</a>"
"1138","nci-h2869","lung","Lung","","","","","H2869;NCI-H2869","gdscDec15;gdsc1;gdsc2","NCI-H2869","CVCL_V001","nci-h2869","","","","Lung","<a href='https://discovery.nci.nih.gov/cell-lines/cellminercdb/nci-h2869_cvcl_v001.html' target='_blank'>details</a>"
"1139","nci-h2882","Lung;lung","Lung","NSCLC","NSCLC_squamous","","","NCI-H2882;NCIH2882;H2882","ccle;achilles;mdaMills","NCI-H2882","CVCL_5158","nci-h2882","nsclc","nsclc squamous","","Lung","<a href='https://discovery.nci.nih.gov/cell-lines/cellminercdb/nci-h2882_cvcl_5158.html' target='_blank'>details</a>"
"1140","nci-h2887","Lung;lung","Lung","NSCLC","","","","NCI-H2887;NCIH2887","ccle;achilles","NCI-H2887","CVCL_5159","nci-h2887","nsclc","","","Lung","<a href='https://discovery.nci.nih.gov/cell-lines/cellminercdb/nci-h2887_cvcl_5159.html' target='_blank'>details</a>"
"1141","nci-h290","lung","Lung","","","","","H290;NCI-H290","gdscDec15;mdaMills;gdsc1;gdsc2","NCI-H290","CVCL_A555","nci-h290","","","","Lung","<a href='https://discovery.nci.nih.gov/cell-lines/cellminercdb/nci-h290_cvcl_a555.html' target='_blank'>details</a>"
"1142","nci-h292","lung: mucoepidermoid_carcinoma;NOT_TCGA;Lung;lymph_node;lung_NSCLC;Lung mucoepidermoid carcinoma","Lung","Non-Small Cell Lung Cancer (NSCLC);NSCLC","Lung Adenocarcinoma (LUAD);NSCLC Mucoepidermoid;NSCLC_mucoepidermoid","","","NCI-H292;NCIH292;H292","ccle;gdscDec15;prism;achilles;mdaMills;gdsc1;gdsc2;ancats","NCI-H292","CVCL_0455","nci-h292","non-small cell lung cancer;nsclc","lung adenocarcinoma;nsclc mucoepidermoid","","Lung","<a href='https://discovery.nci.nih.gov/cell-lines/cellminercdb/nci-h292_cvcl_0455.html' target='_blank'>details</a>"
"1143","nci-h295r","ACC","Adrenal_Gland","Adrenocortical carcinoma (ACC)","","","","NCI-H295R","ancats","NCI-H295R","CVCL_0458","nci-h295r","adrenocortical carcinoma","","","Adrenal_Gland","<a href='https://discovery.nci.nih.gov/cell-lines/cellminercdb/nci-h295r_cvcl_0458.html' target='_blank'>details</a>"
"1144","nci-h3118","aero_dig_tract","Head_Neck","","","","","H3118;NCI-H3118","gdscDec15;gdsc1;gdsc2","NCI-H3118","CVCL_A464","nci-h3118","","","","Head_Neck","<a href='https://discovery.nci.nih.gov/cell-lines/cellminercdb/nci-h3118_cvcl_a464.html' target='_blank'>details</a>"
"1145","nci-h3122","Lung;LUAD;lung;lung_NSCLC","Lung","NSCLC","NSCLC_adenocarcinoma","","","NCI-H3122;NCIH3122","ccle;gdscDec15;achilles;gdsc1;gdsc2","NCI-H3122","CVCL_5160","nci-h3122","nsclc","nsclc adenocarcinoma","","Lung","<a href='https://discovery.nci.nih.gov/cell-lines/cellminercdb/nci-h3122_cvcl_5160.html' target='_blank'>details</a>"
"1146","nci-h322","lung;lung: adenocarcinoma;LUAD;Lung;lung_NSCLC","Lung","Non-Small Cell Lung Cancer (NSCLC);NSCLC","Lung Adenocarcinoma (LUAD);NSCLC Adenocarcinoma;NSCLC_adenocarcinoma","","","LC:NCI-H322M;NCI-H322;NCI-H322M;NCIH322;H322M","nci60;ccle;gdscDec15;prism;achilles;mdaMills;gdsc1;gdsc2","NCI-H322","CVCL_1556","nci-h322","non-small cell lung cancer;nsclc","lung adenocarcinoma;nsclc adenocarcinoma","","Lung","<a href='https://discovery.nci.nih.gov/cell-lines/cellminercdb/nci-h322_cvcl_1556.html' target='_blank'>details</a>"
"1147","nci-h324","lung","Lung","","","","","H324","mdaMills","NCI-H324","CVCL_3953","nci-h324","","","","Lung","<a href='https://discovery.nci.nih.gov/cell-lines/cellminercdb/nci-h324_cvcl_3953.html' target='_blank'>details</a>"
"1148","nci-h3255","lung: adenocarcinoma;LUAD;lung_NSCLC","Lung","Non-Small Cell Lung Cancer (NSCLC)","Lung Adenocarcinoma (LUAD)","","","NCI-H3255;H3255","ccle;gdscDec15;gdsc1;gdsc2","NCI-H3255","CVCL_6831","nci-h3255","non-small cell lung cancer","lung adenocarcinoma","","Lung","<a href='https://discovery.nci.nih.gov/cell-lines/cellminercdb/nci-h3255_cvcl_6831.html' target='_blank'>details</a>"
"1149","nci-h345","NOT_TCGA;Small Cell Lung Cancer;lung_SCLC","Lung","Small Cell Lung Cancer (SCLC)","","","","NCI-H345","gdscDec15;nciSclc;gdsc1;gdsc2","NCI-H345","CVCL_1558","nci-h345","small cell lung cancer","","","Lung","<a href='https://discovery.nci.nih.gov/cell-lines/cellminercdb/nci-h345_cvcl_1558.html' target='_blank'>details</a>"
"1150","nci-h358","lung: bronchioloalveolar_adenocarcinoma;LUAD;Lung;lung_NSCLC;Minimally invasive lung adenocarcinoma","Lung","Non-Small Cell Lung Cancer (NSCLC);NSCLC","Lung Adenocarcinoma (LUAD);NSCLC Adenocarcinoma","","","NCI-H358;NCIH358;H358","ccle;gdscDec15;prism;mdaMills;gdsc1;gdsc2;ancats","NCI-H358","CVCL_1559","nci-h358","non-small cell lung cancer;nsclc","lung adenocarcinoma;nsclc adenocarcinoma","","Lung","<a href='https://discovery.nci.nih.gov/cell-lines/cellminercdb/nci-h358_cvcl_1559.html' target='_blank'>details</a>"
"1151","nci-h378","NOT_TCGA;Small Cell Lung Cancer;lung","Lung","Small Cell Lung Cancer (SCLC)","","","","NCI-H378;H378","gdscDec15;nciSclc;mdaMills","NCI-H378","CVCL_1560","nci-h378","small cell lung cancer","","","Lung","<a href='https://discovery.nci.nih.gov/cell-lines/cellminercdb/nci-h378_cvcl_1560.html' target='_blank'>details</a>"
"1152","nci-h441","lung: adenocarcinoma;LUAD;pericardial_effusion;lung_NSCLC","Lung","Non-Small Cell Lung Cancer (NSCLC);NSCLC","Lung Adenocarcinoma (LUAD);NSCLC_adenocarcinoma","","","NCI-H441;NCIH441;H441","ccle;gdscDec15;achilles;mdaMills;gdsc1;gdsc2","NCI-H441","CVCL_1561","nci-h441","non-small cell lung cancer;nsclc","lung adenocarcinoma;nsclc adenocarcinoma","","Lung","<a href='https://discovery.nci.nih.gov/cell-lines/cellminercdb/nci-h441_cvcl_1561.html' target='_blank'>details</a>"
"1153","nci-h446","lung: small_cell_carcinoma;NOT_TCGA;Small Cell Lung Cancer;Lung;pleural_effusion;lung_SCLC;Small cell lung carcinoma","Lung","Small Cell Lung Cancer (SCLC);SCLC","","","","NCI-H446;NCIH446;H446","ccle;gdscDec15;nciSclc;prism;achilles;mdaMills;gdsc1;gdsc2;ancats","NCI-H446","CVCL_1562","nci-h446","small cell lung cancer;sclc","","","Lung","<a href='https://discovery.nci.nih.gov/cell-lines/cellminercdb/nci-h446_cvcl_1562.html' target='_blank'>details</a>"
"1154","nci-h460","lung;lung: large_cell_carcinoma;NOT_TCGA;Lung;pleural_effusion;lung_NSCLC","Lung","Non-Small Cell Lung Cancer (NSCLC);NSCLC","Large Cell Lung Carcinoma (LCLC);NSCLC Large Cell;NSCLC_large_cell","","","LC:NCI-H460;NCI-H460;NCIH460;H460","nci60;ccle;gdscDec15;prism;achilles;mdaMills;gdsc1;gdsc2","NCI-H460","CVCL_0459","nci-h460","non-small cell lung cancer;nsclc","large cell lung carcinoma;nsclc large cell","","Lung","<a href='https://discovery.nci.nih.gov/cell-lines/cellminercdb/nci-h460_cvcl_0459.html' target='_blank'>details</a>"
"1155","nci-h508","large_intestine: adenocarcinoma;large_intestine","Bowel","Colorectal Adenocarcinoma (COADREAD)","","","","NCI-H508","ccle;gdscDec15;gdsc1;gdsc2","NCI-H508","CVCL_1564","nci-h508","colorectal adenocarcinoma","","","Bowel","<a href='https://discovery.nci.nih.gov/cell-lines/cellminercdb/nci-h508_cvcl_1564.html' target='_blank'>details</a>"
"1156","nci-h510a","lung: small_cell_carcinoma;NOT_TCGA;Small Cell Lung Cancer;lung_SCLC","Lung","Small Cell Lung Cancer (SCLC)","","","","NCI-H510;NCI-H510A","ccle;gdscDec15;nciSclc;gdsc1;gdsc2","NCI-H510A","CVCL_1565","nci-h510a","small cell lung cancer","","","Lung","<a href='https://discovery.nci.nih.gov/cell-lines/cellminercdb/nci-h510a_cvcl_1565.html' target='_blank'>details</a>"
"1157","nci-h513","lung","Lung","","","","","H513;NCI-H513","gdscDec15;gdsc1;gdsc2","NCI-H513","CVCL_A570","nci-h513","","","","Lung","<a href='https://discovery.nci.nih.gov/cell-lines/cellminercdb/nci-h513_cvcl_a570.html' target='_blank'>details</a>"
"1158","nci-h520","lung: squamous_cell_carcinoma;LUSC;Lung;lung;lung_NSCLC","Lung","Non-Small Cell Lung Cancer (NSCLC);NSCLC","Lung Squamous Cell Carcinoma (LUSC);NSCLC Squamous;NSCLC_squamous","","","NCI-H520;NCIH520;H520","ccle;gdscDec15;prism;achilles;mdaMills;gdsc1;gdsc2","NCI-H520","CVCL_1566","nci-h520","non-small cell lung cancer;nsclc","lung squamous cell carcinoma;nsclc squamous","","Lung","<a href='https://discovery.nci.nih.gov/cell-lines/cellminercdb/nci-h520_cvcl_1566.html' target='_blank'>details</a>"
"1159","nci-h522","lung;lung: non_small_cell_carcinoma;LUAD;Lung;lung_NSCLC","Lung","Non-Small Cell Lung Cancer (NSCLC);NSCLC","NSCLC Adenocarcinoma;NSCLC_adenocarcinoma","","","LC:NCI-H522;NCI-H522;NCIH522;H522","nci60;ccle;gdscDec15;prism;achilles;mdaMills;gdsc1;gdsc2","NCI-H522","CVCL_1567","nci-h522","non-small cell lung cancer;nsclc","nsclc adenocarcinoma","","Lung","<a href='https://discovery.nci.nih.gov/cell-lines/cellminercdb/nci-h522_cvcl_1567.html' target='_blank'>details</a>"
"1160","nci-h524","lung: small_cell_carcinoma;NOT_TCGA;Small Cell Lung Cancer;lung_SCLC;Small cell lung carcinoma","Lung","Small Cell Lung Cancer (SCLC)","","","","NCI-H524;H524","ccle;gdscDec15;nciSclc;mdaMills;gdsc1;gdsc2;ancats","NCI-H524","CVCL_1568","nci-h524","small cell lung cancer","","","Lung","<a href='https://discovery.nci.nih.gov/cell-lines/cellminercdb/nci-h524_cvcl_1568.html' target='_blank'>details</a>"
"1161","nci-h526","lung: small_cell_carcinoma;NOT_TCGA;Small Cell Lung Cancer;bone_marrow;lung_SCLC","Lung","Small Cell Lung Cancer (SCLC);SCLC","","","","NCI-H526;NCIH526","ccle;gdscDec15;nciSclc;achilles;gdsc1;gdsc2","NCI-H526","CVCL_1569","nci-h526","small cell lung cancer;sclc","","","Lung","<a href='https://discovery.nci.nih.gov/cell-lines/cellminercdb/nci-h526_cvcl_1569.html' target='_blank'>details</a>"
"1162","nci-h596","lung: mixed_adenosquamous_carcinoma;NOT_TCGA;Lung;lung_NSCLC","Lung","Non-Small Cell Lung Cancer (NSCLC);NSCLC","Lung Adenocarcinoma (LUAD);NSCLC Adenosquamous","","","NCI-H596;NCIH596;H596","ccle;gdscDec15;prism;mdaMills;gdsc1;gdsc2","NCI-H596","CVCL_1571","nci-h596","non-small cell lung cancer;nsclc","lung adenocarcinoma;nsclc adenosquamous","","Lung","<a href='https://discovery.nci.nih.gov/cell-lines/cellminercdb/nci-h596_cvcl_1571.html' target='_blank'>details</a>"
"1163","nci-h630","","Bowel","","","","","NCI-H630","gdscDec15","NCI-H630","CVCL_1572","nci-h630","","","","Bowel","<a href='https://discovery.nci.nih.gov/cell-lines/cellminercdb/nci-h630_cvcl_1572.html' target='_blank'>details</a>"
"1164","nci-h64","NOT_TCGA;lung_SCLC","Lung","Small Cell Lung Cancer (SCLC)","","","","NCI-H64","gdscDec15;gdsc1;gdsc2","NCI-H64","CVCL_1573","nci-h64","small cell lung cancer","","","Lung","<a href='https://discovery.nci.nih.gov/cell-lines/cellminercdb/nci-h64_cvcl_1573.html' target='_blank'>details</a>"
"1165","nci-h647","lung: mixed_adenosquamous_carcinoma;NOT_TCGA;pleural_effusion;lung_NSCLC","Lung","Non-Small Cell Lung Cancer (NSCLC);NSCLC","NSCLC_adenosquamous","","","NCI-H647;NCIH647","ccle;gdscDec15;achilles;gdsc1;gdsc2","NCI-H647","CVCL_1574","nci-h647","non-small cell lung cancer;nsclc","nsclc adenosquamous","","Lung","<a href='https://discovery.nci.nih.gov/cell-lines/cellminercdb/nci-h647_cvcl_1574.html' target='_blank'>details</a>"
"1166","nci-h650","lung: bronchioloalveolar_adenocarcinoma;LUAD;Lung;lung_NSCLC","Lung","Non-Small Cell Lung Cancer (NSCLC);NSCLC","Lung Adenocarcinoma (LUAD);NSCLC Adenocarcinoma","","","NCI-H650;NCIH650;H650","ccle;gdscDec15;prism;mdaMills;gdsc1;gdsc2","NCI-H650","CVCL_1575","nci-h650","non-small cell lung cancer;nsclc","lung adenocarcinoma;nsclc adenocarcinoma","","Lung","<a href='https://discovery.nci.nih.gov/cell-lines/cellminercdb/nci-h650_cvcl_1575.html' target='_blank'>details</a>"
"1167","nci-h660","prostate: small_cell_carcinoma;urogenital_system","Prostate","Prostate Small Cell Carcinoma (PRSCC);Prostate Small Cell","","","","NCI-H660","ccle;nciSclc;gdsc2","NCI-H660","CVCL_1576","nci-h660","prostate small cell carcinoma;prostate small cell","","","Prostate","<a href='https://discovery.nci.nih.gov/cell-lines/cellminercdb/nci-h660_cvcl_1576.html' target='_blank'>details</a>"
"1168","nci-h661","lung: large_cell_carcinoma;NOT_TCGA;Lung;lymph_node;lung_NSCLC","Lung","Non-Small Cell Lung Cancer (NSCLC);NSCLC","NSCLC Large Cell;NSCLC_large_cell","","","NCI-H661;NCIH661;H661","ccle;gdscDec15;prism;achilles;mdaMills;gdsc1;gdsc2","NCI-H661","CVCL_1577","nci-h661","non-small cell lung cancer;nsclc","nsclc large cell","","Lung","<a href='https://discovery.nci.nih.gov/cell-lines/cellminercdb/nci-h661_cvcl_1577.html' target='_blank'>details</a>"
"1169","nci-h684","liver: hepatoblastoma","Liver","Hepatoblastoma (LIHB)","","","","NCI-H684","ccle","NCI-H684","CVCL_9980","nci-h684","hepatoblastoma","","","Liver","<a href='https://discovery.nci.nih.gov/cell-lines/cellminercdb/nci-h684_cvcl_9980.html' target='_blank'>details</a>"
"1170","nci-h69","lung: small_cell_carcinoma;NOT_TCGA;Small Cell Lung Cancer;lung_SCLC","Lung","Small Cell Lung Cancer (SCLC)","","","","NCI-H69;H69","ccle;gdscDec15;nciSclc;mdaMills;gdsc1;gdsc2","NCI-H69","CVCL_1579","nci-h69","small cell lung cancer","","","Lung","<a href='https://discovery.nci.nih.gov/cell-lines/cellminercdb/nci-h69_cvcl_1579.html' target='_blank'>details</a>"
"1171","nci-h69cpr","Small Cell Lung Cancer","Lung","Small Cell Lung Cancer (SCLC)","","","","NCI-H69/CPR","nciSclc","NCI-H69/CPR","CVCL_2137","nci-h69cpr","small cell lung cancer","","","Lung","<a href='https://discovery.nci.nih.gov/cell-lines/cellminercdb/nci-h69cpr_cvcl_2137.html' target='_blank'>details</a>"
"1172","nci-h69lx10","Small Cell Lung Cancer","Lung","Small Cell Lung Cancer (SCLC)","","","","NCI-H69/LX10","nciSclc","NCI-H69/LX10","CVCL_2138","nci-h69lx10","small cell lung cancer","","","Lung","<a href='https://discovery.nci.nih.gov/cell-lines/cellminercdb/nci-h69lx10_cvcl_2138.html' target='_blank'>details</a>"
"1173","nci-h69vcrr","Small Cell Lung Cancer","Lung","Small Cell Lung Cancer (SCLC)","","","","NCI-H69VCR/R","nciSclc","NCI-H69VCR/R","CVCL_3058","nci-h69vcrr","small cell lung cancer","","","Lung","<a href='https://discovery.nci.nih.gov/cell-lines/cellminercdb/nci-h69vcrr_cvcl_3058.html' target='_blank'>details</a>"
"1174","nci-h711","Small Cell Lung Cancer","Lung","Small Cell Lung Cancer (SCLC)","","","","NCI-H711","nciSclc","NCI-H711","CVCL_1580","nci-h711","small cell lung cancer","","","Lung","<a href='https://discovery.nci.nih.gov/cell-lines/cellminercdb/nci-h711_cvcl_1580.html' target='_blank'>details</a>"
"1175","nci-h716","large_intestine: adenocarcinoma;ascites;large_intestine","Bowel","Colorectal Adenocarcinoma (COADREAD);colorectal_adenocarcinoma","","","","NCI-H716;NCIH716;H716","ccle;gdscDec15;achilles;mdaMills;gdsc1;gdsc2","NCI-H716","CVCL_1581","nci-h716","colorectal adenocarcinoma","","","Bowel","<a href='https://discovery.nci.nih.gov/cell-lines/cellminercdb/nci-h716_cvcl_1581.html' target='_blank'>details</a>"
"1176","nci-h719","NOT_TCGA;Small Cell Lung Cancer","Lung","Small Cell Lung Cancer (SCLC)","","","","NCI-H719","gdscDec15;nciSclc","NCI-H719","CVCL_1582","nci-h719","small cell lung cancer","","","Lung","<a href='https://discovery.nci.nih.gov/cell-lines/cellminercdb/nci-h719_cvcl_1582.html' target='_blank'>details</a>"
"1177","nci-h720","NOT_TCGA;Small Cell Lung Cancer;lung;lung_NSCLC","Lung","Small Cell Lung Cancer (SCLC)","","","","NCI-H720;H720","gdscDec15;nciSclc;mdaMills;gdsc1;gdsc2","NCI-H720","CVCL_1583","nci-h720","small cell lung cancer","","","Lung","<a href='https://discovery.nci.nih.gov/cell-lines/cellminercdb/nci-h720_cvcl_1583.html' target='_blank'>details</a>"
"1178","nci-h727","lung: carcinoid-endocrine_tumour;NOT_TCGA;Lung;lung;lung_NSCLC","Lung","Non-Small Cell Lung Cancer (NSCLC);Lung Carcinoid;lung_carcinoid","Lung Carcinoid (LUCA);","","","NCI-H727;NCIH727;H727","ccle;gdscDec15;prism;achilles;mdaMills;gdsc1;gdsc2","NCI-H727","CVCL_1584","nci-h727","non-small cell lung cancer;lung carcinoid","lung carcinoid;","","Lung","<a href='https://discovery.nci.nih.gov/cell-lines/cellminercdb/nci-h727_cvcl_1584.html' target='_blank'>details</a>"
"1179","nci-h735","NOT_TCGA;Small Cell Lung Cancer","Lung","Small Cell Lung Cancer (SCLC)","","","","NCI-H735","gdscDec15;nciSclc","NCI-H735","CVCL_1585","nci-h735","small cell lung cancer","","","Lung","<a href='https://discovery.nci.nih.gov/cell-lines/cellminercdb/nci-h735_cvcl_1585.html' target='_blank'>details</a>"
"1180","nci-h740","lung_SCLC","Lung","Small Cell Lung Cancer (SCLC)","","","","NCI-H740","gdscDec15;gdsc2","NCI-H740","CVCL_1586","nci-h740","small cell lung cancer","","","Lung","<a href='https://discovery.nci.nih.gov/cell-lines/cellminercdb/nci-h740_cvcl_1586.html' target='_blank'>details</a>"
"1181","nci-h747","large_intestine: adenocarcinoma;COREAD;Colorectal;large_intestine","Bowel","Colorectal Adenocarcinoma (COADREAD);Colorectal Adenocarcinoma;colorectal_adenocarcinoma","","","","NCI-H747;NCIH747;H747","ccle;gdscDec15;prism;achilles;mdaMills;gdsc1;gdsc2","NCI-H747","CVCL_1587","nci-h747","colorectal adenocarcinoma","","","Bowel","<a href='https://discovery.nci.nih.gov/cell-lines/cellminercdb/nci-h747_cvcl_1587.html' target='_blank'>details</a>"
"1182","nci-h748","Small Cell Lung Cancer;lung_SCLC;Small cell lung carcinoma","Lung","Small Cell Lung Cancer (SCLC)","","","","NCI-H748","gdscDec15;nciSclc;gdsc1;gdsc2;ancats","NCI-H748","CVCL_1588","nci-h748","small cell lung cancer","","","Lung","<a href='https://discovery.nci.nih.gov/cell-lines/cellminercdb/nci-h748_cvcl_1588.html' target='_blank'>details</a>"
"1183","nci-h774","Small Cell Lung Cancer","Lung","Small Cell Lung Cancer (SCLC)","","","","NCI-H774","nciSclc","NCI-H774","CVCL_1589","nci-h774","small cell lung cancer","","","Lung","<a href='https://discovery.nci.nih.gov/cell-lines/cellminercdb/nci-h774_cvcl_1589.html' target='_blank'>details</a>"
"1184","nci-h810","lung: large_cell_carcinoma;NOT_TCGA;lung_NSCLC;Large cell lung carcinoma","Lung","Non-Small Cell Lung Cancer (NSCLC)","","","","NCI-H810;H810","ccle;gdscDec15;mdaMills;gdsc1;gdsc2;ancats","NCI-H810","CVCL_1590","nci-h810","non-small cell lung cancer","","","Lung","<a href='https://discovery.nci.nih.gov/cell-lines/cellminercdb/nci-h810_cvcl_1590.html' target='_blank'>details</a>"
"1185","nci-h82","lung: small_cell_carcinoma;NOT_TCGA;Small Cell Lung Cancer;pleural_effusion;lung_SCLC;Small cell lung carcinoma","Lung","Small Cell Lung Cancer (SCLC);SCLC","","","","NCI-H82;NCIH82","ccle;gdscDec15;nciSclc;achilles;gdsc1;gdsc2;ancats","NCI-H82","CVCL_1591","nci-h82","small cell lung cancer;sclc","","","Lung","<a href='https://discovery.nci.nih.gov/cell-lines/cellminercdb/nci-h82_cvcl_1591.html' target='_blank'>details</a>"
"1186","nci-h820","lung","Lung","Non-Small Cell Lung Cancer (NSCLC)","Lung Adenocarcinoma (LUAD)","","","NCI-H820;H820","gdscDec15;mdaMills","NCI-H820","CVCL_1592","nci-h820","non-small cell lung cancer","lung adenocarcinoma","","Lung","<a href='https://discovery.nci.nih.gov/cell-lines/cellminercdb/nci-h820_cvcl_1592.html' target='_blank'>details</a>"
"1187","nci-h835","NOT_TCGA;lung_NSCLC","Lung","","","","","NCI-H835","gdscDec15;gdsc1;gdsc2","NCI-H835","CVCL_1593","nci-h835","","","","Lung","<a href='https://discovery.nci.nih.gov/cell-lines/cellminercdb/nci-h835_cvcl_1593.html' target='_blank'>details</a>"
"1188","nci-h838","lung: non_small_cell_carcinoma;LUAD;Lung;lymph_node;lung_NSCLC","Lung","Non-Small Cell Lung Cancer (NSCLC);NSCLC","NSCLC Adenocarcinoma;NSCLC_adenocarcinoma","","","NCI-H838;NCIH838;H838","ccle;gdscDec15;prism;achilles;mdaMills;gdsc1;gdsc2","NCI-H838","CVCL_1594","nci-h838","non-small cell lung cancer;nsclc","nsclc adenocarcinoma","","Lung","<a href='https://discovery.nci.nih.gov/cell-lines/cellminercdb/nci-h838_cvcl_1594.html' target='_blank'>details</a>"
"1189","nci-h841","lung: small_cell_carcinoma;NOT_TCGA;Small Cell Lung Cancer;Lung;lung;lung_SCLC","Lung","Small Cell Lung Cancer (SCLC);SCLC","","","","NCI-H841;NCIH841","ccle;gdscDec15;nciSclc;prism;achilles;gdsc1;gdsc2","NCI-H841","CVCL_1595","nci-h841","small cell lung cancer;sclc","","","Lung","<a href='https://discovery.nci.nih.gov/cell-lines/cellminercdb/nci-h841_cvcl_1595.html' target='_blank'>details</a>"
"1190","nci-h847","NOT_TCGA;Small Cell Lung Cancer;lung_SCLC","Lung","Small Cell Lung Cancer (SCLC)","","","","NCI-H847","gdscDec15;nciSclc;gdsc1;gdsc2","NCI-H847","CVCL_1596","nci-h847","small cell lung cancer","","","Lung","<a href='https://discovery.nci.nih.gov/cell-lines/cellminercdb/nci-h847_cvcl_1596.html' target='_blank'>details</a>"
"1191","nci-h854","lung: adenocarcinoma","Lung","Non-Small Cell Lung Cancer (NSCLC)","Lung Adenocarcinoma (LUAD)","","","NCI-H854","ccle","NCI-H854","CVCL_A584","nci-h854","non-small cell lung cancer","lung adenocarcinoma","","Lung","<a href='https://discovery.nci.nih.gov/cell-lines/cellminercdb/nci-h854_cvcl_a584.html' target='_blank'>details</a>"
"1192","nci-h865","NOT_TCGA;Small Cell Lung Cancer","Lung","Small Cell Lung Cancer (SCLC)","","","","NCI-H865","gdscDec15;nciSclc","NCI-H865","CVCL_1597","nci-h865","small cell lung cancer","","","Lung","<a href='https://discovery.nci.nih.gov/cell-lines/cellminercdb/nci-h865_cvcl_1597.html' target='_blank'>details</a>"
"1193","nci-h889","lung: small_cell_carcinoma;Small Cell Lung Cancer;Small cell lung carcinoma","Lung","Small Cell Lung Cancer (SCLC)","","","","NCI-H889","ccle;nciSclc;ancats","NCI-H889","CVCL_1598","nci-h889","small cell lung cancer","","","Lung","<a href='https://discovery.nci.nih.gov/cell-lines/cellminercdb/nci-h889_cvcl_1598.html' target='_blank'>details</a>"
"1194","nci-h920","lung","Lung","","","","","H920","mdaMills","NCI-H920","CVCL_1599","nci-h920","","","","Lung","<a href='https://discovery.nci.nih.gov/cell-lines/cellminercdb/nci-h920_cvcl_1599.html' target='_blank'>details</a>"
"1195","nci-h929","haematopoietic_and_lymphoid_tissue: plasma_cell_myeloma;myeloma;Plasma cell myeloma","Blood","Multiple Myeloma (MM)","","","","NCI-H929","ccle;gdscDec15;gdsc1;gdsc2;ancats","NCI-H929","CVCL_1600","nci-h929","multiple myeloma","","","Blood","<a href='https://discovery.nci.nih.gov/cell-lines/cellminercdb/nci-h929_cvcl_1600.html' target='_blank'>details</a>"
"1196","nci-h969","lung","Lung","","","","","H969","mdaMills","NCI-H969","CVCL_1601","nci-h969","","","","Lung","<a href='https://discovery.nci.nih.gov/cell-lines/cellminercdb/nci-h969_cvcl_1601.html' target='_blank'>details</a>"
"1197","nci-n87","stomach: carcinoma;STAD;Gastric;liver;digestive_system","Esophagus_Stomach","Gastric Adenocarcinoma;gastric_adenocarcinoma","Tubular;tubular","","","NCI-N87;NCIN87","ccle;gdscDec15;prism;achilles;gdsc1;gdsc2","NCI-N87","CVCL_1603","nci-n87","gastric adenocarcinoma","tubular","","Esophagus_Stomach","<a href='https://discovery.nci.nih.gov/cell-lines/cellminercdb/nci-n87_cvcl_1603.html' target='_blank'>details</a>"
"1198","nco2","haematopoietic_and_lymphoid_tissue: chronic_myeloid_leukaemia;haematopoietic_and_lymphoid_tissue","Blood","Leukemia (LEUK);CML","Chronic Myelogenous Leukemia (CML)","","","NCO2","ccle;achilles","NCO2","CVCL_3043","nco2","leukemia;cml","chronic myelogenous leukemia","","Blood","<a href='https://discovery.nci.nih.gov/cell-lines/cellminercdb/nco2_cvcl_3043.html' target='_blank'>details</a>"
"1199","nec8","urogenital_system","Other","Unknown (UNK)","","","","NEC8","gdscDec15;gdsc1;gdsc2","NEC8","CVCL_1604","nec8","unknown","","","Other","<a href='https://discovery.nci.nih.gov/cell-lines/cellminercdb/nec8_cvcl_1604.html' target='_blank'>details</a>"
"1200","ngp","lung","Peripheral_Nervous_System","neuroblastoma","","","","NGP","achilles","NGP","CVCL_2141","ngp","neuroblastoma","","","Peripheral_Nervous_System","<a href='https://discovery.nci.nih.gov/cell-lines/cellminercdb/ngp_cvcl_2141.html' target='_blank'>details</a>"
"1201","nh-12","neuroblastoma","Brain_CNS","Embryonal Tumor (EMBT)","Neuroblastoma (NBL)","","","NH-12","gdscDec15;gdsc1;gdsc2","NH-12","CVCL_1605","nh-12","embryonal tumor","neuroblastoma","","Brain_CNS","<a href='https://discovery.nci.nih.gov/cell-lines/cellminercdb/nh-12_cvcl_1605.html' target='_blank'>details</a>"
"1202","nh-6","autonomic_ganglia: neuroblastoma","Brain_CNS","Embryonal Tumor (EMBT)","Neuroblastoma (NBL)","","","NH-6","ccle","NH-6","CVCL_1606","nh-6","embryonal tumor","neuroblastoma","","Brain_CNS","<a href='https://discovery.nci.nih.gov/cell-lines/cellminercdb/nh-6_cvcl_1606.html' target='_blank'>details</a>"
"1203","nhahtdd","Brain_CNS","Brain_CNS","","","","","NHAHTDD","ccle","NHAHTDD","CVCL_WS73","nhahtdd","","","","Brain_CNS","<a href='https://discovery.nci.nih.gov/cell-lines/cellminercdb/nhahtdd_cvcl_ws73.html' target='_blank'>details</a>"
"1204","nk-92mi","lymphoma","Lymph","Non-Hodgkin Lymphoma (NHL)","T-Cell and Natural Killer Lymphoma (TNKL)","","","NK-92MI","gdscDec15;gdsc1;gdsc2","NK-92MI","CVCL_3755","nk-92mi","non-hodgkin lymphoma","t-cell and natural killer lymphoma","","Lymph","<a href='https://discovery.nci.nih.gov/cell-lines/cellminercdb/nk-92mi_cvcl_3755.html' target='_blank'>details</a>"
"1205","nkm-1","LAML;leukemia","Blood","Leukemia (LEUK)","Acute Myeloid Leukemia (AML)","","","NKM-1","gdscDec15;gdsc1;gdsc2","NKM-1","CVCL_1607","nkm-1","leukemia","acute myeloid leukemia","","Blood","<a href='https://discovery.nci.nih.gov/cell-lines/cellminercdb/nkm-1_cvcl_1607.html' target='_blank'>details</a>"
"1206","nmc-g1","central_nervous_system: glioma;CANNOT_CLASSIFY;central_nervous_system;nervous_system","Brain_CNS","glioma","glioblastoma","","","NMC-G1;NMCG1","ccle;gdscDec15;achilles;gdsc1;gdsc2","NMC-G1","CVCL_1608","nmc-g1","glioma","glioblastoma","","Brain_CNS","<a href='https://discovery.nci.nih.gov/cell-lines/cellminercdb/nmc-g1_cvcl_1608.html' target='_blank'>details</a>"
"1207","nomo-1","haematopoietic_and_lymphoid_tissue: acute_myeloid_leukaemia;LAML;bone_marrow;leukemia;Adult acute monocytic leukemia","Blood","Leukemia (LEUK);AML","Acute Myeloid Leukemia (AML);M5","","","NOMO-1;NOMO1","ccle;gdscDec15;achilles;gdsc1;gdsc2;ancats","NOMO-1","CVCL_1609","nomo-1","leukemia;aml","acute myeloid leukemia;m5","","Blood","<a href='https://discovery.nci.nih.gov/cell-lines/cellminercdb/nomo-1_cvcl_1609.html' target='_blank'>details</a>"
"1208","nos-1","bone","Bone","Osteosarcoma (OS)","","","","NOS-1","gdscDec15;gdsc1;gdsc2","NOS-1","CVCL_1610","nos-1","osteosarcoma","","","Bone","<a href='https://discovery.nci.nih.gov/cell-lines/cellminercdb/nos-1_cvcl_1610.html' target='_blank'>details</a>"
"1209","nou-1","uterus","Uterus","","","","","NOU1","mdaMills","NOU-1","CVCL_S912","nou-1","","","","Uterus","<a href='https://discovery.nci.nih.gov/cell-lines/cellminercdb/nou-1_cvcl_s912.html' target='_blank'>details</a>"
"1210","noz","ascites","Biliary_Tract","gallbladder_adenocarcinoma","","","","NOZ","achilles","NOZ","CVCL_3079","noz","gallbladder adenocarcinoma","","","Biliary_Tract","<a href='https://discovery.nci.nih.gov/cell-lines/cellminercdb/noz_cvcl_3079.html' target='_blank'>details</a>"
"1211","np-8","central_nervous_system","Brain_CNS","glioma","glioblastoma","","","NP8","achilles","NP-8","CVCL_4W66","np-8","glioma","glioblastoma","","Brain_CNS","<a href='https://discovery.nci.nih.gov/cell-lines/cellminercdb/np-8_cvcl_4w66.html' target='_blank'>details</a>"
"1212","np2","central_nervous_system","Brain_CNS","glioma","glioblastoma","","","NP2","achilles","NP2","CVCL_A9SM","np2","glioma","glioblastoma","","Brain_CNS","<a href='https://discovery.nci.nih.gov/cell-lines/cellminercdb/np2_cvcl_a9sm.html' target='_blank'>details</a>"
"1213","np3","central_nervous_system","Brain_CNS","glioma","glioblastoma","","","NP3","achilles","NP3","CVCL_A9SN","np3","glioma","glioblastoma","","Brain_CNS","<a href='https://discovery.nci.nih.gov/cell-lines/cellminercdb/np3_cvcl_a9sn.html' target='_blank'>details</a>"
"1214","nt2-d1","urogenital_system","Other","Unknown (UNK)","","","","NTERA-S-cl-D1;NTERA-2-cl-D1","gdscDec15;gdsc1;gdsc2","NT2-D1","CVCL_3407","nt2-d1","unknown","","","Other","<a href='https://discovery.nci.nih.gov/cell-lines/cellminercdb/nt2-d1_cvcl_3407.html' target='_blank'>details</a>"
"1215","nu-dhl-1","haematopoietic_and_lymphoid_tissue: diffuse_large_B_cell_lymphoma","Lymph","Non-Hodgkin's Lymphoma (NHL)","B-Cell Lymphoma (BCL)","Diffuse Large B-Cell Lymphoma (DLBCL)","","NU-DHL-1;NUDHL1","ccle;mdaMills","NU-DHL-1","CVCL_1876","nu-dhl-1","non-hodgkin's lymphoma","b-cell lymphoma","diffuse large b-cell lymphoma","Lymph","<a href='https://discovery.nci.nih.gov/cell-lines/cellminercdb/nu-dhl-1_cvcl_1876.html' target='_blank'>details</a>"
"1216","nu-dul-1","haematopoietic_and_lymphoid_tissue: B_cell_lymphoma_unspecified;lymphoma","Lymph;Blood","Non-Hodgkin's Lymphoma (NHL)","B-Cell Lymphoma (BCL)","","","NU-DUL-1","ccle;gdscDec15;gdsc1;gdsc2","NU-DUL-1","CVCL_1877","nu-dul-1","non-hodgkin's lymphoma","b-cell lymphoma","","Lymph;Blood","<a href='https://discovery.nci.nih.gov/cell-lines/cellminercdb/nu-dul-1_cvcl_1877.html' target='_blank'>details</a>"
"1217","nugc-2","stomach: adenocarcinoma","Esophagus_Stomach","Esophagogastric Adenocarcinoma (EGC)","Stomach Adenocarcinoma (STAD)","","","NUGC-2","ccle","NUGC-2","CVCL_1611","nugc-2","esophagogastric adenocarcinoma","stomach adenocarcinoma","","Esophagus_Stomach","<a href='https://discovery.nci.nih.gov/cell-lines/cellminercdb/nugc-2_cvcl_1611.html' target='_blank'>details</a>"
"1218","nugc-3","stomach: carcinoma;STAD;Gastric;soft_tissue;digestive_system","Esophagus_Stomach","Gastric Adenocarcinoma;gastric_adenocarcinoma","","","","NUGC-3;NUGC3","ccle;gdscDec15;prism;achilles;mdaMills;gdsc1;gdsc2","NUGC-3","CVCL_1612","nugc-3","gastric adenocarcinoma","","","Esophagus_Stomach","<a href='https://discovery.nci.nih.gov/cell-lines/cellminercdb/nugc-3_cvcl_1612.html' target='_blank'>details</a>"
"1219","nugc-4","stomach: signet_ring_adenocarcinoma;STAD;Gastric;digestive_system","Esophagus_Stomach","Esophagogastric Adenocarcinoma (EGC);Gastric Adenocarcinoma","Stomach Adenocarcinoma (STAD);Diffuse Gastric","","","NUGC-4;NUGC4","ccle;gdscDec15;prism;gdsc1;gdsc2","NUGC-4","CVCL_3082","nugc-4","esophagogastric adenocarcinoma;gastric adenocarcinoma","stomach adenocarcinoma;diffuse gastric","","Esophagus_Stomach","<a href='https://discovery.nci.nih.gov/cell-lines/cellminercdb/nugc-4_cvcl_3082.html' target='_blank'>details</a>"
"1220","ny","bone","Bone","Osteosarcoma (OS)","","","","NY","gdscDec15;gdsc1;gdsc2","NY","CVCL_1613","ny","osteosarcoma","","","Bone","<a href='https://discovery.nci.nih.gov/cell-lines/cellminercdb/ny_cvcl_1613.html' target='_blank'>details</a>"
"1221","oacm5.1-c","lymph_node;aero_dig_tract","Esophagus_Stomach","esophagus_adenocarcinoma","","","","OACM5-1;OACM51","gdscDec15;achilles;gdsc1;gdsc2","OACM5.1 C","CVCL_1842","oacm5.1-c","esophagus adenocarcinoma","","","Esophagus_Stomach","<a href='https://discovery.nci.nih.gov/cell-lines/cellminercdb/oacm5.1-c_cvcl_1842.html' target='_blank'>details</a>"
"1222","oacp4-c","aero_dig_tract","Esophagus_Stomach","","","","","OACp4C","gdscDec15;gdsc1;gdsc2","OACP4 C","CVCL_1843","oacp4-c","","","","Esophagus_Stomach","<a href='https://discovery.nci.nih.gov/cell-lines/cellminercdb/oacp4-c_cvcl_1843.html' target='_blank'>details</a>"
"1223","oaw28","ovary: carcinoma;OV;ascites;urogenital_system","Ovary","Ovarian Epithelial Tumor (OVT);ovary_adenocarcinoma","high_grade_serous","","","OAW28;OAW-28","ccle;gdscDec15;achilles;mdaMills;gdsc1;gdsc2","OAW28","CVCL_1614","oaw28","ovarian epithelial tumor;ovary adenocarcinoma","high grade serous","","Ovary","<a href='https://discovery.nci.nih.gov/cell-lines/cellminercdb/oaw28_cvcl_1614.html' target='_blank'>details</a>"
"1224","oaw42","ovary: carcinoma;OTHER;Ovary;urogenital_system","Ovary","Ovarian Epithelial Tumor (OVT);Ovary Carcinoma","","","","OAW42;OAW-42","ccle;gdscDec15;prism;mdaMills;gdsc1;gdsc2","OAW42","CVCL_1615","oaw42","ovarian epithelial tumor;ovary carcinoma","","","Ovary","<a href='https://discovery.nci.nih.gov/cell-lines/cellminercdb/oaw42_cvcl_1615.html' target='_blank'>details</a>"
"1225","oc-314","ovary: serous_carcinoma;OV;Ovary;urogenital_system","Ovary","Ovarian Epithelial Tumor (OVT);Ovary Adenocarcinoma","Serous Ovarian Cancer (SOC);Clear Cell","","","OC 314;OC-314;OC314","ccle;gdscDec15;prism;gdsc1;gdsc2","OC 314","CVCL_1616","oc-314","ovarian epithelial tumor;ovary adenocarcinoma","serous ovarian cancer;clear cell","","Ovary","<a href='https://discovery.nci.nih.gov/cell-lines/cellminercdb/oc-314_cvcl_1616.html' target='_blank'>details</a>"
"1226","oc-315","ovary: serous_carcinoma","Ovary","Ovarian Epithelial Tumor (OVT)","Serous Ovarian Cancer (SOC)","","","OC 315","ccle","OC 315","CVCL_1617","oc-315","ovarian epithelial tumor","serous ovarian cancer","","Ovary","<a href='https://discovery.nci.nih.gov/cell-lines/cellminercdb/oc-315_cvcl_1617.html' target='_blank'>details</a>"
"1227","oc-316","ovary: adenocarcinoma;Ovary","Ovary","Ovarian Epithelial Tumor (OVT);Ovary Adenocarcinoma","Serous","","","OC 316;OC316","ccle;prism;mdaMills","OC 316","CVCL_1618","oc-316","ovarian epithelial tumor;ovary adenocarcinoma","serous","","Ovary","<a href='https://discovery.nci.nih.gov/cell-lines/cellminercdb/oc-316_cvcl_1618.html' target='_blank'>details</a>"
"1228","occ1","ovary","Ovary","","","","","OCC1","mdaMills","OCC1","CVCL_C829","occ1","","","","Ovary","<a href='https://discovery.nci.nih.gov/cell-lines/cellminercdb/occ1_cvcl_c829.html' target='_blank'>details</a>"
"1229","oci-aml-2","haematopoietic_and_lymphoid_tissue: acute_myeloid_leukaemia;LAML;haematopoietic_and_lymphoid_tissue;leukemia","Blood","Leukemia (LEUK);AML","Acute Myeloid Leukemia (AML);M4","","","OCI-AML2;OCIAML2","ccle;gdscDec15;achilles;gdsc1;gdsc2","OCI-AML-2","CVCL_1619","oci-aml-2","leukemia;aml","acute myeloid leukemia;m4","","Blood","<a href='https://discovery.nci.nih.gov/cell-lines/cellminercdb/oci-aml-2_cvcl_1619.html' target='_blank'>details</a>"
"1230","oci-aml-3","haematopoietic_and_lymphoid_tissue: acute_myeloid_leukaemia;LAML;haematopoietic_and_lymphoid_tissue;leukemia","Blood","Leukemia (LEUK);AML","Acute Myeloid Leukemia (AML);M4","","","OCI-AML3;OCIAML3","ccle;gdscDec15;achilles;gdsc1;gdsc2","OCI-AML-3","CVCL_1844","oci-aml-3","leukemia;aml","acute myeloid leukemia;m4","","Blood","<a href='https://discovery.nci.nih.gov/cell-lines/cellminercdb/oci-aml-3_cvcl_1844.html' target='_blank'>details</a>"
"1231","oci-aml-5","haematopoietic_and_lymphoid_tissue: acute_myeloid_leukaemia;LAML;leukemia","Blood","Leukemia (LEUK)","Acute Myeloid Leukemia (AML)","","","OCI-AML5","ccle;gdscDec15;gdsc1;gdsc2","OCI-AML-5","CVCL_1620","oci-aml-5","leukemia","acute myeloid leukemia","","Blood","<a href='https://discovery.nci.nih.gov/cell-lines/cellminercdb/oci-aml-5_cvcl_1620.html' target='_blank'>details</a>"
"1232","oci-c5x","ovary","Ovary","ovary_adenocarcinoma","clear_cell","","","OCIC5X","achilles","OCI-C5x","CVCL_DH06","oci-c5x","ovary adenocarcinoma","clear cell","","Ovary","<a href='https://discovery.nci.nih.gov/cell-lines/cellminercdb/oci-c5x_cvcl_dh06.html' target='_blank'>details</a>"
"1233","oci-ly10","haematopoietic_and_lymphoid_tissue: diffuse_large_B_cell_lymphoma;Diffuse large B-cell lymphoma","Lymph","Non-Hodgkin's Lymphoma (NHL)","B-Cell Lymphoma (BCL)","Diffuse Large B-Cell Lymphoma (DLBCL)","","OCI-LY10;OCILY10;OCI-Ly10","ccle;mdaMills;ancats","OCI-Ly10","CVCL_8795","oci-ly10","non-hodgkin's lymphoma","b-cell lymphoma","diffuse large b-cell lymphoma","Lymph","<a href='https://discovery.nci.nih.gov/cell-lines/cellminercdb/oci-ly10_cvcl_8795.html' target='_blank'>details</a>"
"1234","oci-ly12","Malignant non-Hodgkin lymphoma, cleaved cell","Lymph","","","","","OCI-Ly12","ancats","OCI-Ly12","CVCL_8796","oci-ly12","","","","Lymph","<a href='https://discovery.nci.nih.gov/cell-lines/cellminercdb/oci-ly12_cvcl_8796.html' target='_blank'>details</a>"
"1235","oci-ly18","Diffuse large B-cell lymphoma","Lymph","","","","","OCI-Ly18","ancats","OCI-Ly18","CVCL_1880","oci-ly18","","","","Lymph","<a href='https://discovery.nci.nih.gov/cell-lines/cellminercdb/oci-ly18_cvcl_1880.html' target='_blank'>details</a>"
"1236","oci-ly19","haematopoietic_and_lymphoid_tissue: diffuse_large_B_cell_lymphoma;lymphoma","Lymph;Blood","Non-Hodgkin's Lymphoma (NHL)","B-Cell Lymphoma (BCL)","Diffuse Large B-Cell Lymphoma (DLBCL)","","OCI-LY-19;OCILY19","ccle;gdscDec15;mdaMills;gdsc1;gdsc2","OCI-Ly19","CVCL_1878","oci-ly19","non-hodgkin's lymphoma","b-cell lymphoma","diffuse large b-cell lymphoma","Lymph;Blood","<a href='https://discovery.nci.nih.gov/cell-lines/cellminercdb/oci-ly19_cvcl_1878.html' target='_blank'>details</a>"
"1237","oci-ly3","haematopoietic_and_lymphoid_tissue: diffuse_large_B_cell_lymphoma;blood;Diffuse large B-cell lymphoma","Lymph;Blood","Non-Hodgkin's Lymphoma (NHL)","B-Cell Lymphoma (BCL)","Diffuse Large B-Cell Lymphoma (DLBCL)","","OCI-LY3;LY3;OCI-Ly3","ccle;mdaMills;ancats","OCI-Ly3","CVCL_8800","oci-ly3","non-hodgkin's lymphoma","b-cell lymphoma","diffuse large b-cell lymphoma","Lymph;Blood","<a href='https://discovery.nci.nih.gov/cell-lines/cellminercdb/oci-ly3_cvcl_8800.html' target='_blank'>details</a>"
"1238","oci-ly7","blood;lymphoma","Blood","","","","","OCI-LY7;OCILY7","gdscDec15;mdaMills;gdsc1;gdsc2","OCI-Ly7","CVCL_1881","oci-ly7","","","","Blood","<a href='https://discovery.nci.nih.gov/cell-lines/cellminercdb/oci-ly7_cvcl_1881.html' target='_blank'>details</a>"
"1239","oci-ly8","Diffuse large B-cell lymphoma","Lymph","","","","","OCI-Ly8","ancats","OCI-Ly8","CVCL_8803","oci-ly8","","","","Lymph","<a href='https://discovery.nci.nih.gov/cell-lines/cellminercdb/oci-ly8_cvcl_8803.html' target='_blank'>details</a>"
"1240","oci-m1","haematopoietic_and_lymphoid_tissue: acute_myeloid_leukaemia;LAML;leukemia","Blood","Leukemia (LEUK)","Acute Myeloid Leukemia (AML)","","","OCI-M1","ccle;gdscDec15;gdsc1;gdsc2","OCI-M1","CVCL_2149","oci-m1","leukemia","acute myeloid leukemia","","Blood","<a href='https://discovery.nci.nih.gov/cell-lines/cellminercdb/oci-m1_cvcl_2149.html' target='_blank'>details</a>"
"1241","oci-m2","haematopoietic_and_lymphoid_tissue","Blood","AML","","","","OCIM2","achilles","OCI-M2","CVCL_2150","oci-m2","aml","","","Blood","<a href='https://discovery.nci.nih.gov/cell-lines/cellminercdb/oci-m2_cvcl_2150.html' target='_blank'>details</a>"
"1242","oci-my1","Plasma cell myeloma","Blood","","","","","OCI-My1","ancats","OCI-My1","CVCL_E338","oci-my1","","","","Blood","<a href='https://discovery.nci.nih.gov/cell-lines/cellminercdb/oci-my1_cvcl_e338.html' target='_blank'>details</a>"
"1243","oci-my5","Lymph;haematopoietic_and_lymphoid_tissue","Lymph;Blood","multiple_myeloma","","","","OCIMY5","ccle;achilles","OCI-My5","CVCL_E332","oci-my5","multiple myeloma","","","Lymph;Blood","<a href='https://discovery.nci.nih.gov/cell-lines/cellminercdb/oci-my5_cvcl_e332.html' target='_blank'>details</a>"
"1244","oci-my7","Lymph;haematopoietic_and_lymphoid_tissue;Plasma cell myeloma","Lymph;Blood","multiple_myeloma","","","","OCIMY7;OCI-My7","ccle;achilles;ancats","OCI-My7","CVCL_E333","oci-my7","multiple myeloma","","","Lymph;Blood","<a href='https://discovery.nci.nih.gov/cell-lines/cellminercdb/oci-my7_cvcl_e333.html' target='_blank'>details</a>"
"1245","ocub-m","BRCA;breast","Breast","","","","","OCUB-M","gdscDec15;gdsc1;gdsc2","OCUB-M","CVCL_1621","ocub-m","","","","Breast","<a href='https://discovery.nci.nih.gov/cell-lines/cellminercdb/ocub-m_cvcl_1621.html' target='_blank'>details</a>"
"1246","ocug-1","ascites","Biliary_Tract","gallbladder_adenocarcinoma","","","","OCUG1","achilles","OCUG-1","CVCL_3083","ocug-1","gallbladder adenocarcinoma","","","Biliary_Tract","<a href='https://discovery.nci.nih.gov/cell-lines/cellminercdb/ocug-1_cvcl_3083.html' target='_blank'>details</a>"
"1247","ocum-1","stomach: diffuse_adenocarcinoma;STAD;stomach;digestive_system","Esophagus_Stomach","Esophagogastric Adenocarcinoma (EGC);gastric_adenocarcinoma","Stomach Adenocarcinoma (STAD);diffuse_gastric","","","OCUM-1;OCUM1","ccle;gdscDec15;achilles;gdsc1;gdsc2","OCUM-1","CVCL_3084","ocum-1","esophagogastric adenocarcinoma;gastric adenocarcinoma","stomach adenocarcinoma;diffuse gastric","","Esophagus_Stomach","<a href='https://discovery.nci.nih.gov/cell-lines/cellminercdb/ocum-1_cvcl_3084.html' target='_blank'>details</a>"
"1248","oe19","oesophagus: adenocarcinoma;Esophagus;aero_dig_tract","Esophagus_Stomach","Esophagogastric Adenocarcinoma (EGC);Esophagus Squamous","Laryngeal","","","OE19","ccle;gdscDec15;prism;mdaMills;gdsc1;gdsc2","OE19","CVCL_1622","oe19","esophagogastric adenocarcinoma;esophagus squamous","laryngeal","","Esophagus_Stomach","<a href='https://discovery.nci.nih.gov/cell-lines/cellminercdb/oe19_cvcl_1622.html' target='_blank'>details</a>"
"1249","oe21","Esophagus_Stomach;Esophagus;oesophagus;aero_dig_tract","Esophagus_Stomach","Esophagus Squamous;esophagus_squamous","","","","OE21","ccle;gdscDec15;prism;achilles;gdsc1;gdsc2","OE21","CVCL_2661","oe21","esophagus squamous","","","Esophagus_Stomach","<a href='https://discovery.nci.nih.gov/cell-lines/cellminercdb/oe21_cvcl_2661.html' target='_blank'>details</a>"
"1250","oe33","oesophagus: metaplasia;Esophagus;oesophagus;aero_dig_tract","Esophagus_Stomach","Esophagus Adenocarcinoma;esophagus_adenocarcinoma","","","","OE33","ccle;gdscDec15;prism;achilles;mdaMills;gdsc1;gdsc2","OE33","CVCL_0471","oe33","esophagus adenocarcinoma","","","Esophagus_Stomach","<a href='https://discovery.nci.nih.gov/cell-lines/cellminercdb/oe33_cvcl_0471.html' target='_blank'>details</a>"
"1251","oele","ovary: immortalized_epithelial","Ovary","Ovarian Epithelial Tumor (OVT)","","","","OELE","ccle","OELE","CVCL_IW56","oele","ovarian epithelial tumor","","","Ovary","<a href='https://discovery.nci.nih.gov/cell-lines/cellminercdb/oele_cvcl_iw56.html' target='_blank'>details</a>"
"1252","omc-1","CESC;urogenital_system","Cervix","Cervical Squamous Cell Carcinoma (CESC)","","","","OMC-1","gdscDec15;gdsc1;gdsc2","OMC-1","CVCL_1623","omc-1","cervical squamous cell carcinoma","","","Cervix","<a href='https://discovery.nci.nih.gov/cell-lines/cellminercdb/omc-1_cvcl_1623.html' target='_blank'>details</a>"
"1253","onco-dg-1","ovary: adenocarcinoma;Ovary;ascites","Ovary","Ovarian Epithelial Tumor (OVT);Ovary Adenocarcinoma;ovary_adenocarcinoma","High Grade Serous;high_grade_serous","","","ONCO-DG-1;ONCODG1","ccle;prism;achilles","ONCO-DG-1","CVCL_1882","onco-dg-1","ovarian epithelial tumor;ovary adenocarcinoma","high grade serous","","Ovary","<a href='https://discovery.nci.nih.gov/cell-lines/cellminercdb/onco-dg-1_cvcl_1882.html' target='_blank'>details</a>"
"1254","onda-10","OTHER;nervous_system","Brain_CNS","","","","","no-10","gdscDec15;gdsc1;gdsc2","Onda 10","CVCL_3075","onda-10","","","","Brain_CNS","<a href='https://discovery.nci.nih.gov/cell-lines/cellminercdb/onda-10_cvcl_3075.html' target='_blank'>details</a>"
"1255","onda-11","OTHER;nervous_system","Brain_CNS","","","","","no-11","gdscDec15;gdsc1;gdsc2","Onda 11","CVCL_3076","onda-11","","","","Brain_CNS","<a href='https://discovery.nci.nih.gov/cell-lines/cellminercdb/onda-11_cvcl_3076.html' target='_blank'>details</a>"
"1256","onda-7","central_nervous_system","Brain_CNS","glioma","glioblastoma","","","ONDA7","achilles","Onda 7","CVCL_4W67","onda-7","glioma","glioblastoma","","Brain_CNS","<a href='https://discovery.nci.nih.gov/cell-lines/cellminercdb/onda-7_cvcl_4w67.html' target='_blank'>details</a>"
"1257","onda-8","central_nervous_system","Brain_CNS","glioma","glioblastoma","","","ONDA8","achilles","Onda 8","CVCL_4W68","onda-8","glioma","glioblastoma","","Brain_CNS","<a href='https://discovery.nci.nih.gov/cell-lines/cellminercdb/onda-8_cvcl_4w68.html' target='_blank'>details</a>"
"1258","onda-9","central_nervous_system","Brain_CNS","glioma","glioblastoma","","","ONDA9","achilles","Onda 9","CVCL_1R14","onda-9","glioma","glioblastoma","","Brain_CNS","<a href='https://discovery.nci.nih.gov/cell-lines/cellminercdb/onda-9_cvcl_1r14.html' target='_blank'>details</a>"
"1259","ons-76","central_nervous_system: primitive_neuroectodermal_tumour-medulloblastoma;OTHER;Central Nervous System;central_nervous_system;nervous_system","Brain_CNS","Embryonal Tumor (EMBT);Medulloblastoma;medulloblastoma","Medulloblastoma (MBL);","Non MYC","","ONS-76;ONS76","ccle;gdscDec15;prism;achilles;gdsc1;gdsc2","ONS-76","CVCL_1624","ons-76","embryonal tumor;medulloblastoma","medulloblastoma;","non myc","Brain_CNS","<a href='https://discovery.nci.nih.gov/cell-lines/cellminercdb/ons-76_cvcl_1624.html' target='_blank'>details</a>"
"1260","opm-1","Lymph;Plasma cell myeloma","Lymph;Blood","","","","","OPM1;OPM-1","ccle;ancats","OPM-1","CVCL_5210","opm-1","","","","Lymph;Blood","<a href='https://discovery.nci.nih.gov/cell-lines/cellminercdb/opm-1_cvcl_5210.html' target='_blank'>details</a>"
"1261","opm-2","haematopoietic_and_lymphoid_tissue: plasma_cell_myeloma;haematopoietic_and_lymphoid_tissue;myeloma;Plasma cell myeloma","Blood","Multiple Myeloma (MM);multiple_myeloma","","","","OPM-2;OPM2","ccle;gdscDec15;achilles;mdaMills;gdsc1;gdsc2;ancats","OPM-2","CVCL_1625","opm-2","multiple myeloma","","","Blood","<a href='https://discovery.nci.nih.gov/cell-lines/cellminercdb/opm-2_cvcl_1625.html' target='_blank'>details</a>"
"1262","os-rc-2","kidney: renal_cell_carcinoma;KIRC;Kidney;kidney","Kidney","Renal Cell Carcinoma (RCC);Renal Cell Carcinoma;renal_cell_carcinoma","","","","OS-RC-2;OSRC2","ccle;gdscDec15;prism;achilles;gdsc1;gdsc2","OS-RC-2","CVCL_1626","os-rc-2","renal cell carcinoma","","","Kidney","<a href='https://discovery.nci.nih.gov/cell-lines/cellminercdb/os-rc-2_cvcl_1626.html' target='_blank'>details</a>"
"1263","os252","bone","Bone","osteosarcoma","","","","OS252","achilles","OS252","CVCL_WU66","os252","osteosarcoma","","","Bone","<a href='https://discovery.nci.nih.gov/cell-lines/cellminercdb/os252_cvcl_wu66.html' target='_blank'>details</a>"
"1264","osa-80","","Other","","","","","OSA-80","gdscDec15","OSA-80","CVCL_EQ73","osa-80","","","","Other","<a href='https://discovery.nci.nih.gov/cell-lines/cellminercdb/osa-80_cvcl_eq73.html' target='_blank'>details</a>"
"1265","osc-19","HNSC;aero_dig_tract","Head_Neck","","","","","OSC-19;OSC19","gdscDec15;mdaMills;gdsc1;gdsc2","OSC-19","CVCL_3086","osc-19","","","","Head_Neck","<a href='https://discovery.nci.nih.gov/cell-lines/cellminercdb/osc-19_cvcl_3086.html' target='_blank'>details</a>"
"1266","osc-20","HNSC;aero_dig_tract","Head_Neck","","","","","OSC-20","gdscDec15;gdsc1;gdsc2","OSC-20","CVCL_3087","osc-20","","","","Head_Neck","<a href='https://discovery.nci.nih.gov/cell-lines/cellminercdb/osc-20_cvcl_3087.html' target='_blank'>details</a>"
"1267","oums-23","large_intestine: adenocarcinoma;COREAD;Colorectal;pericardial_effusion","Bowel","Colorectal Adenocarcinoma (COADREAD);Colorectal Adenocarcinoma;colorectal_adenocarcinoma","","","","OUMS-23;OUMS23","ccle;gdscDec15;prism;achilles","OUMS-23","CVCL_3088","oums-23","colorectal adenocarcinoma","","","Bowel","<a href='https://discovery.nci.nih.gov/cell-lines/cellminercdb/oums-23_cvcl_3088.html' target='_blank'>details</a>"
"1268","oums-27","bone: chondrosarcoma","Bone","Chondrosarcoma (CHS)","","","","OUMS-27","ccle","OUMS-27","CVCL_3090","oums-27","chondrosarcoma","","","Bone","<a href='https://discovery.nci.nih.gov/cell-lines/cellminercdb/oums-27_cvcl_3090.html' target='_blank'>details</a>"
"1269","ov-90","ovary: mixed_carcinoma;OV;ascites;urogenital_system;Ovarian adenocarcinoma","Ovary","Ovarian Epithelial Tumor (OVT);ovary_adenocarcinoma","high_grade_serous","","","OV-90;OV90","ccle;gdscDec15;achilles;mdaMills;gdsc1;gdsc2;ancats","OV-90","CVCL_3768","ov-90","ovarian epithelial tumor;ovary adenocarcinoma","high grade serous","","Ovary","<a href='https://discovery.nci.nih.gov/cell-lines/cellminercdb/ov-90_cvcl_3768.html' target='_blank'>details</a>"
"1270","ov167","ovary","Ovary","","","","","OV167","mdaMills","OV167","CVCL_A402","ov167","","","","Ovary","<a href='https://discovery.nci.nih.gov/cell-lines/cellminercdb/ov167_cvcl_a402.html' target='_blank'>details</a>"
"1271","ov17r","OV;urogenital_system","Ovary","","","","","OV-17R","gdscDec15;gdsc1;gdsc2","OV17R","CVCL_2672","ov17r","","","","Ovary","<a href='https://discovery.nci.nih.gov/cell-lines/cellminercdb/ov17r_cvcl_2672.html' target='_blank'>details</a>"
"1272","ov207","ovary","Ovary","","","","","OV207","mdaMills","OV207","CVCL_A404","ov207","","","","Ovary","<a href='https://discovery.nci.nih.gov/cell-lines/cellminercdb/ov207_cvcl_a404.html' target='_blank'>details</a>"
"1273","ov56","ovary: carcinoma;OV;Ovary;urogenital_system","Ovary","Ovarian Epithelial Tumor (OVT);Ovary Adenocarcinoma","Serous","","","OV56;OV-56","ccle;gdscDec15;prism;gdsc1;gdsc2","OV56","CVCL_2673","ov56","ovarian epithelial tumor;ovary adenocarcinoma","serous","","Ovary","<a href='https://discovery.nci.nih.gov/cell-lines/cellminercdb/ov56_cvcl_2673.html' target='_blank'>details</a>"
"1274","ov7","ovary: carcinoma;OV;Ovary;ovary;urogenital_system","Ovary","Ovarian Epithelial Tumor (OVT);Ovary Adenocarcinoma;ovary_adenocarcinoma","Mixed Serous Clear Cell;mixed_serous_clear_cell","","","OV7;OV-7","ccle;gdscDec15;prism;achilles;gdsc1;gdsc2","OV7","CVCL_2675","ov7","ovarian epithelial tumor;ovary adenocarcinoma","mixed serous clear cell","","Ovary","<a href='https://discovery.nci.nih.gov/cell-lines/cellminercdb/ov7_cvcl_2675.html' target='_blank'>details</a>"
"1275","ovca420","OV;urogenital_system","Ovary","","","","","OVCA420","gdscDec15;mdaMills;gdsc1;gdsc2","OVCA420","CVCL_3935","ovca420","","","","Ovary","<a href='https://discovery.nci.nih.gov/cell-lines/cellminercdb/ovca420_cvcl_3935.html' target='_blank'>details</a>"
"1276","ovca429","ovary","Ovary","","","","","OVCA429","mdaMills","OVCA429","CVCL_3936","ovca429","","","","Ovary","<a href='https://discovery.nci.nih.gov/cell-lines/cellminercdb/ovca429_cvcl_3936.html' target='_blank'>details</a>"
"1277","ovca432","OV","Ovary","Ovarian Epithelial Tumor (OVT)","Serous Ovarian Cancer (SOC)","","","OVCA432","gdscDec15","OVCA432","CVCL_3769","ovca432","ovarian epithelial tumor","serous ovarian cancer","","Ovary","<a href='https://discovery.nci.nih.gov/cell-lines/cellminercdb/ovca432_cvcl_3769.html' target='_blank'>details</a>"
"1278","ovca433","OV;urogenital_system","Ovary","Ovarian Epithelial Tumor (OVT)","Serous Ovarian Cancer (SOC)","","","OVCA433","gdscDec15;gdsc1;gdsc2","OVCA433","CVCL_0475","ovca433","ovarian epithelial tumor","serous ovarian cancer","","Ovary","<a href='https://discovery.nci.nih.gov/cell-lines/cellminercdb/ovca433_cvcl_0475.html' target='_blank'>details</a>"
"1279","ovcar-10","OV","Ovary","Ovarian Epithelial Tumor (OVT)","","","","OVCAR-10","gdscDec15","OVCAR-10","CVCL_4377","ovcar-10","ovarian epithelial tumor","","","Ovary","<a href='https://discovery.nci.nih.gov/cell-lines/cellminercdb/ovcar-10_cvcl_4377.html' target='_blank'>details</a>"
"1280","ovcar-2","OV","Ovary","Ovarian Epithelial Tumor (OVT)","","","","OVCAR-2","gdscDec15","OVCAR-2","CVCL_3941","ovcar-2","ovarian epithelial tumor","","","Ovary","<a href='https://discovery.nci.nih.gov/cell-lines/cellminercdb/ovcar-2_cvcl_3941.html' target='_blank'>details</a>"
"1281","ovcar-3","ovarian;ovary: carcinoma;OV;urogenital_system","Ovary","Ovarian Epithelial Tumor (OVT)","","","","OV:OVCAR-3;NIH:OVCAR-3;OVCAR-3;OVCAR3","nci60;ccle;gdscDec15;mdaMills;gdsc1;gdsc2","OVCAR-3","CVCL_0465","ovcar-3","ovarian epithelial tumor","","","Ovary","<a href='https://discovery.nci.nih.gov/cell-lines/cellminercdb/ovcar-3_cvcl_0465.html' target='_blank'>details</a>"
"1282","ovcar-4","ovarian;ovary: carcinoma;OV;urogenital_system","Ovary","Ovarian Epithelial Tumor (OVT)","","","","OV:OVCAR-4;OVCAR-4;OVCAR4","nci60;ccle;gdscDec15;mdaMills;gdsc1;gdsc2","OVCAR-4","CVCL_1627","ovcar-4","ovarian epithelial tumor","","","Ovary","<a href='https://discovery.nci.nih.gov/cell-lines/cellminercdb/ovcar-4_cvcl_1627.html' target='_blank'>details</a>"
"1283","ovcar-5","ovarian;Ovary;OV;ascites;urogenital_system","Ovary","ovary_adenocarcinoma","high_grade_serous","","","OV:OVCAR-5;OVCAR-5;OVCAR5","nci60;ccle;gdscDec15;achilles;mdaMills;gdsc1;gdsc2","OVCAR-5","CVCL_1628","ovcar-5","ovary adenocarcinoma","high grade serous","","Ovary","<a href='https://discovery.nci.nih.gov/cell-lines/cellminercdb/ovcar-5_cvcl_1628.html' target='_blank'>details</a>"
"1284","ovcar-8","ovarian;ovary: carcinoma;OV;Ovary;ovary;urogenital_system;High grade ovarian serous adenocarcinoma","Ovary","Ovarian Epithelial Tumor (OVT);Ovary Adenocarcinoma;ovary_adenocarcinoma","High Grade Serous;high_grade_serous","","","OV:OVCAR-8;OVCAR-8;OVCAR8","nci60;ccle;gdscDec15;prism;achilles;mdaMills;gdsc1;gdsc2;ancats","OVCAR-8","CVCL_1629","ovcar-8","ovarian epithelial tumor;ovary adenocarcinoma","high grade serous","","Ovary","<a href='https://discovery.nci.nih.gov/cell-lines/cellminercdb/ovcar-8_cvcl_1629.html' target='_blank'>details</a>"
"1285","ovise","ovary: clear_cell_carcinoma;OV;Ovary;bone;urogenital_system","Ovary","Ovarian Epithelial Tumor (OVT);Ovary Adenocarcinoma;ovary_adenocarcinoma","Clear Cell Ovarian Cancer (CCOV);Clear Cell;clear_cell","","","OVISE","ccle;gdscDec15;prism;achilles;mdaMills;gdsc1;gdsc2","OVISE","CVCL_3116","ovise","ovarian epithelial tumor;ovary adenocarcinoma","clear cell ovarian cancer;clear cell","","Ovary","<a href='https://discovery.nci.nih.gov/cell-lines/cellminercdb/ovise_cvcl_3116.html' target='_blank'>details</a>"
"1286","ovk18","ovary: endometrioid_carcinoma;OV;Ovary;ascites;urogenital_system","Ovary","Ovarian Epithelial Tumor (OVT);Ovary Adenocarcinoma;ovary_adenocarcinoma","Endometrioid Ovarian Cancer (EOV);Endometrioid;endometrioid","","","OVK18;OVK-18","ccle;gdscDec15;prism;achilles;gdsc1;gdsc2","OVK18","CVCL_3770","ovk18","ovarian epithelial tumor;ovary adenocarcinoma","endometrioid ovarian cancer;endometrioid","","Ovary","<a href='https://discovery.nci.nih.gov/cell-lines/cellminercdb/ovk18_cvcl_3770.html' target='_blank'>details</a>"
"1287","ovkate","ovary: adenocarcinoma;OV;urogenital_system","Ovary","Ovarian Epithelial Tumor (OVT)","","","","OVKATE","ccle;gdscDec15;gdsc1;gdsc2","OVKATE","CVCL_3110","ovkate","ovarian epithelial tumor","","","Ovary","<a href='https://discovery.nci.nih.gov/cell-lines/cellminercdb/ovkate_cvcl_3110.html' target='_blank'>details</a>"
"1288","ovmana","ovary: clear_cell_carcinoma;ovary","Ovary","Ovarian Epithelial Tumor (OVT);ovary_adenocarcinoma","Clear Cell Ovarian Cancer (CCOV);clear_cell","","","OVMANA","ccle;achilles;mdaMills","OVMANA","CVCL_3111","ovmana","ovarian epithelial tumor;ovary adenocarcinoma","clear cell ovarian cancer;clear cell","","Ovary","<a href='https://discovery.nci.nih.gov/cell-lines/cellminercdb/ovmana_cvcl_3111.html' target='_blank'>details</a>"
"1289","ovmiu","OV;urogenital_system","Ovary","","","","","OVMIU","gdscDec15;gdsc1;gdsc2","OVMIU","CVCL_3112","ovmiu","","","","Ovary","<a href='https://discovery.nci.nih.gov/cell-lines/cellminercdb/ovmiu_cvcl_3112.html' target='_blank'>details</a>"
"1290","ovsaho","ovary: adenocarcinoma","Ovary","Ovarian Epithelial Tumor (OVT)","","","","OVSAHO","ccle;mdaMills","OVSAHO","CVCL_3114","ovsaho","ovarian epithelial tumor","","","Ovary","<a href='https://discovery.nci.nih.gov/cell-lines/cellminercdb/ovsaho_cvcl_3114.html' target='_blank'>details</a>"
"1291","ovtoko","ovary: clear_cell_carcinoma;OV;Ovary;spleen;urogenital_system","Ovary","Ovarian Epithelial Tumor (OVT);Ovary Adenocarcinoma;ovary_adenocarcinoma","Clear Cell Ovarian Cancer (CCOV);Clear Cell;clear_cell","","","OVTOKO","ccle;gdscDec15;prism;achilles;mdaMills;gdsc1;gdsc2","OVTOKO","CVCL_3117","ovtoko","ovarian epithelial tumor;ovary adenocarcinoma","clear cell ovarian cancer;clear cell","","Ovary","<a href='https://discovery.nci.nih.gov/cell-lines/cellminercdb/ovtoko_cvcl_3117.html' target='_blank'>details</a>"
"1292","p12-ichikawa","haematopoietic_and_lymphoid_tissue: acute_lymphoblastic_T_cell_leukaemia;leukemia","Blood","Leukemia (LEUK)","Acute Lymphoid Leukemia (ALL)","","","P12-ICHIKAWA","ccle;gdscDec15;gdsc1;gdsc2","P12-Ichikawa","CVCL_1630","p12-ichikawa","leukemia","acute lymphoid leukemia","","Blood","<a href='https://discovery.nci.nih.gov/cell-lines/cellminercdb/p12-ichikawa_cvcl_1630.html' target='_blank'>details</a>"
"1293","p30ohk","leukemia","Blood","Leukemia (LEUK)","","","","P30-OHK","gdscDec15;gdsc1;gdsc2","P30/OHK","CVCL_1631","p30ohk","leukemia","","","Blood","<a href='https://discovery.nci.nih.gov/cell-lines/cellminercdb/p30ohk_cvcl_1631.html' target='_blank'>details</a>"
"1294","p31fuj","haematopoietic_and_lymphoid_tissue: acute_myeloid_leukaemia;LAML;haematopoietic_and_lymphoid_tissue;leukemia","Blood","Leukemia (LEUK);AML","Acute Myeloid Leukemia (AML);M5","","","P31/FUJ;P31-FUJ;P31FUJ","ccle;gdscDec15;achilles;gdsc1;gdsc2","P31/FUJ","CVCL_1632","p31fuj","leukemia;aml","acute myeloid leukemia;m5","","Blood","<a href='https://discovery.nci.nih.gov/cell-lines/cellminercdb/p31fuj_cvcl_1632.html' target='_blank'>details</a>"
"1295","p32ish","lymphoma","Blood","","","","","P32-ISH","gdscDec15;gdsc1;gdsc2","P32/ISH","CVCL_3119","p32ish","","","","Blood","<a href='https://discovery.nci.nih.gov/cell-lines/cellminercdb/p32ish_cvcl_3119.html' target='_blank'>details</a>"
"1296","p3hr-1","haematopoietic_and_lymphoid_tissue: Burkitt_lymphoma","Lymph","Non-Hodgkin's Lymphoma (NHL)","B-Cell Lymphoma (BCL)","Burkitt Lymphoma (BL)","","P3HR-1;P3HR1","ccle;gdscDec15;mdaMills","P3HR-1","CVCL_2676","p3hr-1","non-hodgkin's lymphoma","b-cell lymphoma","burkitt lymphoma","Lymph","<a href='https://discovery.nci.nih.gov/cell-lines/cellminercdb/p3hr-1_cvcl_2676.html' target='_blank'>details</a>"
"1297","pa-1","ascites;urogenital_system","Ovary","mixed_germ_cell","","","","PA-1;PA1","gdscDec15;achilles;gdsc1;gdsc2","PA-1","CVCL_0479","pa-1","mixed germ cell","","","Ovary","<a href='https://discovery.nci.nih.gov/cell-lines/cellminercdb/pa-1_cvcl_0479.html' target='_blank'>details</a>"
"1298","pacadd-119","pancreas","Pancreas","exocrine","exocrine_adenocarcinoma","","","PACADD119","achilles","PaCaDD-119","CVCL_1848","pacadd-119","exocrine","exocrine adenocarcinoma","","Pancreas","<a href='https://discovery.nci.nih.gov/cell-lines/cellminercdb/pacadd-119_cvcl_1848.html' target='_blank'>details</a>"
"1299","pacadd-137","pancreas","Pancreas","exocrine","exocrine_adenocarcinoma","","","PACADD137","achilles","PaCaDD-137","CVCL_1850","pacadd-137","exocrine","exocrine adenocarcinoma","","Pancreas","<a href='https://discovery.nci.nih.gov/cell-lines/cellminercdb/pacadd-137_cvcl_1850.html' target='_blank'>details</a>"
"1300","pacadd-161","liver","Pancreas","exocrine","exocrine_adenocarcinoma","","","PACADD161","achilles","PaCaDD-161","CVCL_M466","pacadd-161","exocrine","exocrine adenocarcinoma","","Pancreas","<a href='https://discovery.nci.nih.gov/cell-lines/cellminercdb/pacadd-161_cvcl_m466.html' target='_blank'>details</a>"
"1301","pacadd-165","ascites","Pancreas","exocrine","exocrine_adenocarcinoma","","","PACADD165","achilles","PaCaDD-165","CVCL_M467","pacadd-165","exocrine","exocrine adenocarcinoma","","Pancreas","<a href='https://discovery.nci.nih.gov/cell-lines/cellminercdb/pacadd-165_cvcl_m467.html' target='_blank'>details</a>"
"1302","pacadd-188","pancreas","Pancreas","exocrine","exocrine_adenocarcinoma","","","PACADD188","achilles","PaCaDD-188","CVCL_M469","pacadd-188","exocrine","exocrine adenocarcinoma","","Pancreas","<a href='https://discovery.nci.nih.gov/cell-lines/cellminercdb/pacadd-188_cvcl_m469.html' target='_blank'>details</a>"
"1303","panc-02.03","pancreas: carcinoma;PAAD;Pancreas;pancreas","Pancreas","Exocrine;exocrine","Exocrine Adenocarcinoma;exocrine_adenocarcinoma","","","Panc 02.03;PANC-02-03;PANC0203","ccle;gdscDec15;prism;achilles;mdaMills;gdsc1;gdsc2","Panc 02.03","CVCL_1633","panc-02.03","exocrine","exocrine adenocarcinoma","","Pancreas","<a href='https://discovery.nci.nih.gov/cell-lines/cellminercdb/panc-02.03_cvcl_1633.html' target='_blank'>details</a>"
"1304","panc-02.13","pancreas: carcinoma","Pancreas","","","","","Panc 02.13","ccle","Panc 02.13","CVCL_1634","panc-02.13","","","","Pancreas","<a href='https://discovery.nci.nih.gov/cell-lines/cellminercdb/panc-02.13_cvcl_1634.html' target='_blank'>details</a>"
"1305","panc-03.27","pancreas: ductal_carcinoma;Pancreas;pancreas","Pancreas","Pancreatic Adenocarcinoma (PAAD);Exocrine","Exocrine Adenocarcinoma","","","Panc 03.27;PANC-03-27;PANC0327","ccle;gdscDec15;prism;mdaMills;gdsc1;gdsc2","Panc 03.27","CVCL_1635","panc-03.27","pancreatic adenocarcinoma;exocrine","exocrine adenocarcinoma","","Pancreas","<a href='https://discovery.nci.nih.gov/cell-lines/cellminercdb/panc-03.27_cvcl_1635.html' target='_blank'>details</a>"
"1306","panc-04.03","pancreas: carcinoma;PAAD;Pancreas;pancreas","Pancreas","Exocrine;exocrine","Exocrine Adenocarcinoma;exocrine_adenocarcinoma","","","Panc 04.03;PANC-04-03;PANC0403","ccle;gdscDec15;prism;achilles;mdaMills;gdsc1;gdsc2","Panc 04.03","CVCL_1636","panc-04.03","exocrine","exocrine adenocarcinoma","","Pancreas","<a href='https://discovery.nci.nih.gov/cell-lines/cellminercdb/panc-04.03_cvcl_1636.html' target='_blank'>details</a>"
"1307","panc-05.04","pancreas: carcinoma","Pancreas","","","","","Panc 05.04;PL18;PANC0504","ccle;gdscDec15;mdaMills","Panc 05.04","CVCL_1637","panc-05.04","","","","Pancreas","<a href='https://discovery.nci.nih.gov/cell-lines/cellminercdb/panc-05.04_cvcl_1637.html' target='_blank'>details</a>"
"1308","panc-08.13","pancreas: ductal_carcinoma;PAAD;Pancreas;pancreas","Pancreas","Pancreatic Adenocarcinoma (PAAD);Exocrine","Exocrine Adenocarcinoma","","","Panc 08.13;PANC-08-13;PANC0813","ccle;gdscDec15;prism;gdsc1;gdsc2","Panc 08.13","CVCL_1638","panc-08.13","pancreatic adenocarcinoma;exocrine","exocrine adenocarcinoma","","Pancreas","<a href='https://discovery.nci.nih.gov/cell-lines/cellminercdb/panc-08.13_cvcl_1638.html' target='_blank'>details</a>"
"1309","panc-1","pancreas: ductal_carcinoma;Pancreas;pancreas;Pancreatic ductal adenocarcinoma","Pancreas","Pancreatic Adenocarcinoma (PAAD);Exocrine;exocrine","Exocrine Adenocarcinoma;exocrine_adenocarcinoma","","","PANC-1;PANC1","ccle;prism;achilles;mdaMills;ancats","PANC-1","CVCL_0480","panc-1","pancreatic adenocarcinoma;exocrine","exocrine adenocarcinoma","","Pancreas","<a href='https://discovery.nci.nih.gov/cell-lines/cellminercdb/panc-1_cvcl_0480.html' target='_blank'>details</a>"
"1310","panc-10.05","pancreas: ductal_carcinoma;PAAD;Pancreas;pancreas","Pancreas","Pancreatic Adenocarcinoma (PAAD);Exocrine;exocrine","Exocrine Adenocarcinoma;exocrine_adenocarcinoma","","","Panc 10.05;PANC-10-05;PANC1005","ccle;gdscDec15;prism;achilles;mdaMills;gdsc1;gdsc2","Panc 10.05","CVCL_1639","panc-10.05","pancreatic adenocarcinoma;exocrine","exocrine adenocarcinoma","","Pancreas","<a href='https://discovery.nci.nih.gov/cell-lines/cellminercdb/panc-10.05_cvcl_1639.html' target='_blank'>details</a>"
"1311","patu-8902","pancreas: ductal_carcinoma;PAAD;Pancreas;pancreas","Pancreas","Pancreatic Adenocarcinoma (PAAD);Exocrine;exocrine","Exocrine Adenocarcinoma;exocrine_adenocarcinoma","","","PA-TU-8902;PATU8902","ccle;gdscDec15;prism;achilles;mdaMills;gdsc1;gdsc2","PaTu 8902","CVCL_1845","patu-8902","pancreatic adenocarcinoma;exocrine","exocrine adenocarcinoma","","Pancreas","<a href='https://discovery.nci.nih.gov/cell-lines/cellminercdb/patu-8902_cvcl_1845.html' target='_blank'>details</a>"
"1312","patu-8988s","pancreas: ductal_carcinoma;Pancreas;liver","Pancreas","Pancreatic Adenocarcinoma (PAAD);Exocrine;exocrine","Exocrine Adenocarcinoma;exocrine_adenocarcinoma","","","PA-TU-8988S;PATU8988S","ccle;prism;achilles;mdaMills","PaTu 8988s","CVCL_1846","patu-8988s","pancreatic adenocarcinoma;exocrine","exocrine adenocarcinoma","","Pancreas","<a href='https://discovery.nci.nih.gov/cell-lines/cellminercdb/patu-8988s_cvcl_1846.html' target='_blank'>details</a>"
"1313","patu-8988t","pancreas: ductal_carcinoma;PAAD;Pancreas;pancreas","Pancreas","Pancreatic Adenocarcinoma (PAAD);Exocrine","Exocrine Adenocarcinoma","","","PA-TU-8988T;PATU8988T","ccle;gdscDec15;prism;mdaMills;gdsc1;gdsc2","PaTu 8988t","CVCL_1847","patu-8988t","pancreatic adenocarcinoma;exocrine","exocrine adenocarcinoma","","Pancreas","<a href='https://discovery.nci.nih.gov/cell-lines/cellminercdb/patu-8988t_cvcl_1847.html' target='_blank'>details</a>"
"1314","pc-14","lung: non_small_cell_carcinoma;Lung;lung;lung_NSCLC","Lung","Non-Small Cell Lung Cancer (NSCLC);NSCLC","Lung Adenocarcinoma (LUAD);NSCLC Adenocarcinoma;NSCLC_adenocarcinoma","","","PC-14;PC14","ccle;gdscDec15;prism;achilles;gdsc1;gdsc2","PC-14","CVCL_1640","pc-14","non-small cell lung cancer;nsclc","lung adenocarcinoma;nsclc adenocarcinoma","","Lung","<a href='https://discovery.nci.nih.gov/cell-lines/cellminercdb/pc-14_cvcl_1640.html' target='_blank'>details</a>"
"1315","pc-3","prostate;prostate: adenocarcinoma;Prostate;urogenital_system","Prostate","Prostate Adenocarcinoma","","","","PR:PC-3;PC-3;PC3","nci60;ccle;gdscDec15;prism;mdaMills;gdsc1;gdsc2","PC-3","CVCL_0035","pc-3","prostate adenocarcinoma","","","Prostate","<a href='https://discovery.nci.nih.gov/cell-lines/cellminercdb/pc-3_cvcl_0035.html' target='_blank'>details</a>"
"1316","pc-9","Lung;lung","Lung","","","","","PC9","ccle;mdaMills","PC-9","CVCL_B260","pc-9","","","","Lung","<a href='https://discovery.nci.nih.gov/cell-lines/cellminercdb/pc-9_cvcl_b260.html' target='_blank'>details</a>"
"1317","pci-04b","aero_dig_tract","Head_Neck","","","","","PCI-4B","gdscDec15;gdsc1;gdsc2","PCI-04B","CVCL_C171","pci-04b","","","","Head_Neck","<a href='https://discovery.nci.nih.gov/cell-lines/cellminercdb/pci-04b_cvcl_c171.html' target='_blank'>details</a>"
"1318","pci-06a","aero_dig_tract","Head_Neck","","","","","PCI-6A","gdscDec15;gdsc1;gdsc2","PCI-06A","CVCL_C173","pci-06a","","","","Head_Neck","<a href='https://discovery.nci.nih.gov/cell-lines/cellminercdb/pci-06a_cvcl_c173.html' target='_blank'>details</a>"
"1319","pci-13","head and neck","Head_Neck","","","","","PCI13","mdaMills","PCI-13","CVCL_C182","pci-13","","","","Head_Neck","<a href='https://discovery.nci.nih.gov/cell-lines/cellminercdb/pci-13_cvcl_c182.html' target='_blank'>details</a>"
"1320","pci-15a","head and neck;aero_dig_tract","Head_Neck","","","","","PCI-15A;PCI15A","gdscDec15;mdaMills;gdsc1;gdsc2","PCI-15A","CVCL_C184","pci-15a","","","","Head_Neck","<a href='https://discovery.nci.nih.gov/cell-lines/cellminercdb/pci-15a_cvcl_c184.html' target='_blank'>details</a>"
"1321","pci-24-human-ocscc","head and neck","Head_Neck","","","","","PCI24","mdaMills","PCI-24 [Human OCSCC]","CVCL_AT94","pci-24-human-ocscc","","","","Head_Neck","<a href='https://discovery.nci.nih.gov/cell-lines/cellminercdb/pci-24-human-ocscc_cvcl_at94.html' target='_blank'>details</a>"
"1322","pci-30","aero_dig_tract","Head_Neck","","","","","PCI-30","gdscDec15;gdsc1;gdsc2","PCI-30","CVCL_C757","pci-30","","","","Head_Neck","<a href='https://discovery.nci.nih.gov/cell-lines/cellminercdb/pci-30_cvcl_c757.html' target='_blank'>details</a>"
"1323","pci-38","aero_dig_tract","Head_Neck","","","","","PCI-38","gdscDec15;gdsc1","PCI-38","CVCL_M471","pci-38","","","","Head_Neck","<a href='https://discovery.nci.nih.gov/cell-lines/cellminercdb/pci-38_cvcl_m471.html' target='_blank'>details</a>"
"1324","pcm6","haematopoietic_and_lymphoid_tissue: plasma_cell_myeloma;Plasma cell myeloma","Blood","Multiple Myeloma (MM)","","","","PCM6","ccle;ancats","PCM6","CVCL_4666","pcm6","multiple myeloma","","","Blood","<a href='https://discovery.nci.nih.gov/cell-lines/cellminercdb/pcm6_cvcl_4666.html' target='_blank'>details</a>"
"1325","pe-2","Plasma cell myeloma","Blood","","","","","PE-2","ancats","PE-2","CVCL_QX07","pe-2","","","","Blood","<a href='https://discovery.nci.nih.gov/cell-lines/cellminercdb/pe-2_cvcl_qx07.html' target='_blank'>details</a>"
"1326","pea1","pleural_effusion","Ovary","ovary_adenocarcinoma","","","","PEA1","achilles","PEA1","CVCL_2682","pea1","ovary adenocarcinoma","","","Ovary","<a href='https://discovery.nci.nih.gov/cell-lines/cellminercdb/pea1_cvcl_2682.html' target='_blank'>details</a>"
"1327","pea2","ovary","Ovary","","","","","PEA2","mdaMills","PEA2","CVCL_2683","pea2","","","","Ovary","<a href='https://discovery.nci.nih.gov/cell-lines/cellminercdb/pea2_cvcl_2683.html' target='_blank'>details</a>"
"1328","peca-pj15","upper_aerodigestive_tract: squamous_cell_carcinoma;Head_Neck;upper_aerodigestive_tract;aero_dig_tract","Head_Neck","Head_Neck Squamous;upper_aerodigestive_squamous","Oral;oral","","","PE/CA-PJ15;PE-CA-PJ15;PECAPJ15","ccle;gdscDec15;prism;achilles;gdsc1;gdsc2","PE/CA-PJ15","CVCL_2678","peca-pj15","head neck squamous;upper aerodigestive squamous","oral","","Head_Neck","<a href='https://discovery.nci.nih.gov/cell-lines/cellminercdb/peca-pj15_cvcl_2678.html' target='_blank'>details</a>"
"1329","peca-pj34-clone-c12","upper_aerodigestive_tract: squamous_cell_carcinoma;upper_aerodigestive_tract;head and neck","Head_Neck","upper_aerodigestive_squamous","basaloid","","","PE/CA-PJ34 (clone C12);PECAPJ34CLONEC12;PJ34","ccle;achilles;mdaMills","PE/CA-PJ34 (clone C12)","CVCL_2679","peca-pj34-clone-c12","upper aerodigestive squamous","basaloid","","Head_Neck","<a href='https://discovery.nci.nih.gov/cell-lines/cellminercdb/peca-pj34-clone-c12_cvcl_2679.html' target='_blank'>details</a>"
"1330","peca-pj41-clone-d2","upper_aerodigestive_tract: squamous_cell_carcinoma;Head_Neck;upper_aerodigestive_tract","Head_Neck","Head_Neck Squamous;upper_aerodigestive_squamous","Oral;oral","","","PE/CA-PJ41 (clone D2);PECAPJ41CLONED2","ccle;prism;achilles","PE/CA-PJ41 (clone D2)","CVCL_2680","peca-pj41-clone-d2","head neck squamous;upper aerodigestive squamous","oral","","Head_Neck","<a href='https://discovery.nci.nih.gov/cell-lines/cellminercdb/peca-pj41-clone-d2_cvcl_2680.html' target='_blank'>details</a>"
"1331","peca-pj49","upper_aerodigestive_tract: squamous_cell_carcinoma;Head_Neck;upper_aerodigestive_tract","Head_Neck","Head_Neck Squamous;upper_aerodigestive_squamous","Oral;oral","","","PE/CA-PJ49;PECAPJ49","ccle;prism;achilles","PE/CA-PJ49","CVCL_2681","peca-pj49","head neck squamous;upper aerodigestive squamous","oral","","Head_Neck","<a href='https://discovery.nci.nih.gov/cell-lines/cellminercdb/peca-pj49_cvcl_2681.html' target='_blank'>details</a>"
"1332","peer","haematopoietic_and_lymphoid_tissue: acute_lymphoblastic_T_cell_leukaemia","Blood","Leukemia (LEUK)","Acute Lymphoid Leukemia (ALL)","","","PEER","ccle","Peer","CVCL_1913","peer","leukemia","acute lymphoid leukemia","","Blood","<a href='https://discovery.nci.nih.gov/cell-lines/cellminercdb/peer_cvcl_1913.html' target='_blank'>details</a>"
"1333","peo1","OV;ovary;urogenital_system;BRCA2 syndrome","Ovary","","","","","PEO1;PEO","gdscDec15;mdaMills;gdsc1;gdsc2;ancats","PEO1","CVCL_2686","peo1","","","","Ovary","<a href='https://discovery.nci.nih.gov/cell-lines/cellminercdb/peo1_cvcl_2686.html' target='_blank'>details</a>"
"1334","peo14","ovary","Ovary","","","","","PEO14","mdaMills","PEO14","CVCL_2687","peo14","","","","Ovary","<a href='https://discovery.nci.nih.gov/cell-lines/cellminercdb/peo14_cvcl_2687.html' target='_blank'>details</a>"
"1335","peo4","BRCA2 syndrome","Ovary","","","","","PEO4","ancats","PEO4","CVCL_2690","peo4","","","","Ovary","<a href='https://discovery.nci.nih.gov/cell-lines/cellminercdb/peo4_cvcl_2690.html' target='_blank'>details</a>"
"1336","pf-382","haematopoietic_and_lymphoid_tissue: acute_lymphoblastic_T_cell_leukaemia;pleural_effusion;leukemia","Blood","Leukemia (LEUK);ALL","Acute Lymphoid Leukemia (ALL);t_cell","","","PF-382;PF382","ccle;gdscDec15;achilles;gdsc1;gdsc2","PF-382","CVCL_1641","pf-382","leukemia;all","acute lymphoid leukemia;t cell","","Blood","<a href='https://discovery.nci.nih.gov/cell-lines/cellminercdb/pf-382_cvcl_1641.html' target='_blank'>details</a>"
"1337","pfeiffer","haematopoietic_and_lymphoid_tissue: diffuse_large_B_cell_lymphoma","Lymph","Non-Hodgkin's Lymphoma (NHL)","B-Cell Lymphoma (BCL)","Diffuse Large B-Cell Lymphoma (DLBCL)","","Pfeiffer;PFEIFFER","ccle;mdaMills","Pfeiffer","CVCL_3326","pfeiffer","non-hodgkin's lymphoma","b-cell lymphoma","diffuse large b-cell lymphoma","Lymph","<a href='https://discovery.nci.nih.gov/cell-lines/cellminercdb/pfeiffer_cvcl_3326.html' target='_blank'>details</a>"
"1338","pfsk-1","OTHER;nervous_system","Brain_CNS","Embryonal Tumor (EMBT)","Medulloblastoma (MBL)","","","PFSK-1","gdscDec15;gdsc1;gdsc2","PFSK-1","CVCL_1642","pfsk-1","embryonal tumor","medulloblastoma","","Brain_CNS","<a href='https://discovery.nci.nih.gov/cell-lines/cellminercdb/pfsk-1_cvcl_1642.html' target='_blank'>details</a>"
"1339","pk-1","pancreas: carcinoma;Pancreas;liver","Pancreas","Exocrine;exocrine","Exocrine Adenocarcinoma;exocrine_adenocarcinoma","","","PK-1;PK1","ccle;prism;achilles","PK-1","CVCL_4717","pk-1","exocrine","exocrine adenocarcinoma","","Pancreas","<a href='https://discovery.nci.nih.gov/cell-lines/cellminercdb/pk-1_cvcl_4717.html' target='_blank'>details</a>"
"1340","pk-45h","pancreas: carcinoma;Pancreas;pancreas","Pancreas","Exocrine;exocrine","Exocrine Adenocarcinoma;exocrine_adenocarcinoma","","","PK-45H;PK45H","ccle;prism;achilles","PK-45H","CVCL_6748","pk-45h","exocrine","exocrine adenocarcinoma","","Pancreas","<a href='https://discovery.nci.nih.gov/cell-lines/cellminercdb/pk-45h_cvcl_6748.html' target='_blank'>details</a>"
"1341","pk-59","pancreas: carcinoma;Pancreas","Pancreas","Exocrine","Exocrine Adenocarcinoma","","","PK-59;PK59","ccle;prism","PK-59","CVCL_4897","pk-59","exocrine","exocrine adenocarcinoma","","Pancreas","<a href='https://discovery.nci.nih.gov/cell-lines/cellminercdb/pk-59_cvcl_4897.html' target='_blank'>details</a>"
"1342","pl-21","haematopoietic_and_lymphoid_tissue: acute_myeloid_leukaemia;LAML;leukemia","Blood","Leukemia (LEUK)","Acute Myeloid Leukemia (AML)","","","PL-21","ccle;gdscDec15;gdsc1;gdsc2","PL-21","CVCL_2161","pl-21","leukemia","acute myeloid leukemia","","Blood","<a href='https://discovery.nci.nih.gov/cell-lines/cellminercdb/pl-21_cvcl_2161.html' target='_blank'>details</a>"
"1343","pl4","pancreas","Pancreas","","","","","PL4","gdscDec15;gdsc1;gdsc2","PL4","CVCL_S976","pl4","","","","Pancreas","<a href='https://discovery.nci.nih.gov/cell-lines/cellminercdb/pl4_cvcl_s976.html' target='_blank'>details</a>"
"1344","pl45","pancreas: ductal_carcinoma","Pancreas","Pancreatic Adenocarcinoma (PAAD)","","","","PL45","ccle;mdaMills","PL45","CVCL_3567","pl45","pancreatic adenocarcinoma","","","Pancreas","<a href='https://discovery.nci.nih.gov/cell-lines/cellminercdb/pl45_cvcl_3567.html' target='_blank'>details</a>"
"1345","plb-985","Lymph","Lymph","","","","","PLB985","ccle","PLB-985","CVCL_2162","plb-985","","","","Lymph","<a href='https://discovery.nci.nih.gov/cell-lines/cellminercdb/plb-985_cvcl_2162.html' target='_blank'>details</a>"
"1346","plcprf5","liver: hepatocellular_carcinoma;Liver;liver","Liver","Hepatocellular Carcinoma (HCC);Hepatocellular Carcinoma;hepatocellular_carcinoma","","","","PLC/PRF/5;PLC-PRF-5;PLCPRF5","ccle;gdscDec15;prism;achilles;mdaMills","PLC/PRF/5","CVCL_0485","plcprf5","hepatocellular carcinoma","","","Liver","<a href='https://discovery.nci.nih.gov/cell-lines/cellminercdb/plcprf5_cvcl_0485.html' target='_blank'>details</a>"
"1347","pmdc05","Blastic plasmacytoid dendritic cell neoplasm","Blood","","","","","PMDC05","ancats","PMDC05","CVCL_5G47","pmdc05","","","","Blood","<a href='https://discovery.nci.nih.gov/cell-lines/cellminercdb/pmdc05_cvcl_5g47.html' target='_blank'>details</a>"
"1348","prec-lh","prostate: immortalized_epithelial","Prostate","","","","","PrEC LH","ccle","PrEC LH","CVCL_V626","prec-lh","","","","Prostate","<a href='https://discovery.nci.nih.gov/cell-lines/cellminercdb/prec-lh_cvcl_v626.html' target='_blank'>details</a>"
"1349","psn1","pancreas: ductal_carcinoma;PAAD;Pancreas;pancreas","Pancreas","Pancreatic Adenocarcinoma (PAAD);Exocrine;exocrine","Exocrine Adenocarcinoma;exocrine_adenocarcinoma","","","PSN1","ccle;gdscDec15;prism;achilles;mdaMills;gdsc1;gdsc2","PSN1","CVCL_1644","psn1","pancreatic adenocarcinoma;exocrine","exocrine adenocarcinoma","","Pancreas","<a href='https://discovery.nci.nih.gov/cell-lines/cellminercdb/psn1_cvcl_1644.html' target='_blank'>details</a>"
"1350","pwr-1e","PRAD;urogenital_system","Prostate","","","","","PWR-1E","gdscDec15;gdsc1;gdsc2","PWR-1E","CVCL_3775","pwr-1e","","","","Prostate","<a href='https://discovery.nci.nih.gov/cell-lines/cellminercdb/pwr-1e_cvcl_3775.html' target='_blank'>details</a>"
"1351","qgp-1","pancreas: carcinoma;Pancreas;pancreas","Pancreas","Endocrine","Somatostatinoma","","","QGP-1;QGP1","ccle;gdscDec15;prism;gdsc1;gdsc2","QGP-1","CVCL_3143","qgp-1","endocrine","somatostatinoma","","Pancreas","<a href='https://discovery.nci.nih.gov/cell-lines/cellminercdb/qgp-1_cvcl_3143.html' target='_blank'>details</a>"
"1352","qimr-wil","LAML;leukemia","Blood","Leukemia (LEUK)","Acute Myeloid Leukemia (AML)","","","QIMR-WIL","gdscDec15;gdsc1;gdsc2","QIMR-WIL","CVCL_1645","qimr-wil","leukemia","acute myeloid leukemia","","Blood","<a href='https://discovery.nci.nih.gov/cell-lines/cellminercdb/qimr-wil_cvcl_1645.html' target='_blank'>details</a>"
"1353","raji","haematopoietic_and_lymphoid_tissue: Burkitt_lymphoma;bone;lymphoma","Lymph","Non-Hodgkin's Lymphoma (NHL);non_hodgkin_lymphoma","B-Cell Lymphoma (BCL);b_cell_burkitt","Burkitt Lymphoma (BL)","","Raji;RAJI","ccle;gdscDec15;achilles;mdaMills;gdsc1;gdsc2","Raji","CVCL_0511","raji","non-hodgkin's lymphoma;non hodgkin lymphoma","b-cell lymphoma;b cell burkitt","burkitt lymphoma","Lymph","<a href='https://discovery.nci.nih.gov/cell-lines/cellminercdb/raji_cvcl_0511.html' target='_blank'>details</a>"
"1354","ramos","blood","Blood","","","","","RAMOS","mdaMills","Ramos","CVCL_0597","ramos","","","","Blood","<a href='https://discovery.nci.nih.gov/cell-lines/cellminercdb/ramos_cvcl_0597.html' target='_blank'>details</a>"
"1355","ramos.2g6.4c10","lymphoma","Lymph","Non-Hodgkin's Lymphoma (NHL)","B-Cell Lymphoma (BCL)","Burkitt Lymphoma (BL)","","Ramos-2G6-4C10","gdscDec15;gdsc1;gdsc2","Ramos.2G6.4C10","CVCL_1646","ramos.2g6.4c10","non-hodgkin's lymphoma","b-cell lymphoma","burkitt lymphoma","Lymph","<a href='https://discovery.nci.nih.gov/cell-lines/cellminercdb/ramos.2g6.4c10_cvcl_1646.html' target='_blank'>details</a>"
"1356","rbe","biliary_tract","Biliary_Tract","cholangiocarcinoma","intrahepatic","","","RBE","achilles","RBE","CVCL_4896","rbe","cholangiocarcinoma","intrahepatic","","Biliary_Tract","<a href='https://discovery.nci.nih.gov/cell-lines/cellminercdb/rbe_cvcl_4896.html' target='_blank'>details</a>"
"1357","rc-k8","blood;lymphoma;Diffuse large B-cell lymphoma germinal center B-cell type","Blood","","","","","RC-K8;RCK8","gdscDec15;mdaMills;gdsc1;gdsc2;ancats","RC-K8","CVCL_1883","rc-k8","","","","Blood","<a href='https://discovery.nci.nih.gov/cell-lines/cellminercdb/rc-k8_cvcl_1883.html' target='_blank'>details</a>"
"1358","rcc-kl","kidney","Kidney","","","","","RCCKL","mdaMills","RCC-KL","CVCL_5881","rcc-kl","","","","Kidney","<a href='https://discovery.nci.nih.gov/cell-lines/cellminercdb/rcc-kl_cvcl_5881.html' target='_blank'>details</a>"
"1359","rcc10rgb","kidney: renal_cell_carcinoma;KIRC;Kidney;kidney","Kidney","Renal Cell Carcinoma (RCC);Renal Cell Carcinoma;renal_cell_carcinoma","","","","RCC10RGB","ccle;gdscDec15;prism;achilles;gdsc1;gdsc2","RCC10RGB","CVCL_1647","rcc10rgb","renal cell carcinoma","","","Kidney","<a href='https://discovery.nci.nih.gov/cell-lines/cellminercdb/rcc10rgb_cvcl_1647.html' target='_blank'>details</a>"
"1360","rcc4","kidney: clear_cell_renal_cell_carcinoma","Kidney","Renal Cell Carcinoma (RCC)","Renal Clear Cell Carcinoma (CCRCC)","","","RCC-4","ccle","RCC4","CVCL_0498","rcc4","renal cell carcinoma","renal clear cell carcinoma","","Kidney","<a href='https://discovery.nci.nih.gov/cell-lines/cellminercdb/rcc4_cvcl_0498.html' target='_blank'>details</a>"
"1361","rch-acv","haematopoietic_and_lymphoid_tissue: acute_lymphoblastic_B_cell_leukaemia;leukemia","Blood","Leukemia (LEUK)","Acute Lymphoid Leukemia (ALL)","","","RCH-ACV","ccle;gdscDec15;gdsc1;gdsc2","RCH-ACV","CVCL_1851","rch-acv","leukemia","acute lymphoid leukemia","","Blood","<a href='https://discovery.nci.nih.gov/cell-lines/cellminercdb/rch-acv_cvcl_1851.html' target='_blank'>details</a>"
"1362","rcm-1","large_intestine: adenocarcinoma;COREAD;Colorectal;large_intestine","Bowel","Colorectal Adenocarcinoma (COADREAD);Colorectal Adenocarcinoma","","","","RCM-1;RCM1","ccle;gdscDec15;prism;gdsc1;gdsc2","RCM-1","CVCL_1648","rcm-1","colorectal adenocarcinoma","","","Bowel","<a href='https://discovery.nci.nih.gov/cell-lines/cellminercdb/rcm-1_cvcl_1648.html' target='_blank'>details</a>"
"1363","rd","soft_tissue: embryonal;Soft Tissue;soft_tissue;Embryonal rhabdomyosarcoma","Soft_Tissue","Rhabdomyosarcoma (RMS);Rhabdomyosarcoma;rhabdomyosarcoma","Embryonal;embryonal","","","RD","ccle;gdscDec15;prism;achilles;mdaMills;gdsc1;gdsc2;ancats","RD","CVCL_1649","rd","rhabdomyosarcoma","embryonal","","Soft_Tissue","<a href='https://discovery.nci.nih.gov/cell-lines/cellminercdb/rd_cvcl_1649.html' target='_blank'>details</a>"
"1364","rd-es","bone: Ewings_sarcoma-peripheral_primitive_neuroectodermal_tumour;bone;Ewing sarcoma","Bone","Ewing Sarcoma (ES);Ewing_sarcoma","","","","RD-ES;RDES","ccle;gdscDec15;achilles;mdaMills;ancats","RD-ES","CVCL_2169","rd-es","ewing sarcoma","","","Bone","<a href='https://discovery.nci.nih.gov/cell-lines/cellminercdb/rd-es_cvcl_2169.html' target='_blank'>details</a>"
"1365","rec-1","haematopoietic_and_lymphoid_tissue: mantle_cell_lymphoma","Lymph","Non-Hodgkin's Lymphoma (NHL)","B-Cell Lymphoma (BCL)","Mantle Cell Lymphoma (MCL)","","REC-1;REC1","ccle;mdaMills","REC-1","CVCL_1884","rec-1","non-hodgkin's lymphoma","b-cell lymphoma","mantle cell lymphoma","Lymph","<a href='https://discovery.nci.nih.gov/cell-lines/cellminercdb/rec-1_cvcl_1884.html' target='_blank'>details</a>"
"1366","reh","haematopoietic_and_lymphoid_tissue: acute_lymphoblastic_B_cell_leukaemia;haematopoietic_and_lymphoid_tissue;leukemia","Blood","Leukemia (LEUK);ALL","Acute Lymphoid Leukemia (ALL);b_cell","","","Reh;REH","ccle;gdscDec15;achilles;mdaMills;gdsc1;gdsc2","Reh","CVCL_1650","reh","leukemia;all","acute lymphoid leukemia;b cell","","Blood","<a href='https://discovery.nci.nih.gov/cell-lines/cellminercdb/reh_cvcl_1650.html' target='_blank'>details</a>"
"1367","rerf-gc-1b","stomach: carcinoma;STAD;digestive_system","Esophagus_Stomach","","","","","RERF-GC-1B","ccle;gdscDec15;gdsc1;gdsc2","RERF-GC-1B","CVCL_3152","rerf-gc-1b","","","","Esophagus_Stomach","<a href='https://discovery.nci.nih.gov/cell-lines/cellminercdb/rerf-gc-1b_cvcl_3152.html' target='_blank'>details</a>"
"1368","rerf-lc-a1","lung: squamous_cell_carcinoma;Lung;pleural_effusion","Lung","Non-Small Cell Lung Cancer (NSCLC);NSCLC","Lung Squamous Cell Carcinoma (LUSC);NSCLC Squamous;NSCLC_squamous","","","RERF-LC-AI;RERFLCAI","ccle;prism;achilles","RERF-LC-A1","CVCL_4402","rerf-lc-a1","non-small cell lung cancer;nsclc","lung squamous cell carcinoma;nsclc squamous","","Lung","<a href='https://discovery.nci.nih.gov/cell-lines/cellminercdb/rerf-lc-a1_cvcl_4402.html' target='_blank'>details</a>"
"1369","rerf-lc-ad1","lung: adenocarcinoma;Lung;lung","Lung","Non-Small Cell Lung Cancer (NSCLC);NSCLC","Lung Adenocarcinoma (LUAD);NSCLC Adenocarcinoma;NSCLC_adenocarcinoma","","","RERF-LC-Ad1;RERFLCAD1","ccle;prism;achilles","RERF-LC-Ad1","CVCL_1651","rerf-lc-ad1","non-small cell lung cancer;nsclc","lung adenocarcinoma;nsclc adenocarcinoma","","Lung","<a href='https://discovery.nci.nih.gov/cell-lines/cellminercdb/rerf-lc-ad1_cvcl_1651.html' target='_blank'>details</a>"
"1370","rerf-lc-ad2","lung: adenocarcinoma;Lung;lung","Lung","Non-Small Cell Lung Cancer (NSCLC);NSCLC","Lung Adenocarcinoma (LUAD);NSCLC Adenocarcinoma;NSCLC_adenocarcinoma","","","RERF-LC-Ad2;RERFLCAD2","ccle;prism;achilles","RERF-LC-Ad2","CVCL_1652","rerf-lc-ad2","non-small cell lung cancer;nsclc","lung adenocarcinoma;nsclc adenocarcinoma","","Lung","<a href='https://discovery.nci.nih.gov/cell-lines/cellminercdb/rerf-lc-ad2_cvcl_1652.html' target='_blank'>details</a>"
"1371","rerf-lc-kj","lung: non_small_cell_carcinoma;LUAD;Lung;lung_NSCLC","Lung","Non-Small Cell Lung Cancer (NSCLC);NSCLC","NSCLC Adenocarcinoma","","","RERF-LC-KJ;RERFLCKJ","ccle;gdscDec15;prism;gdsc1;gdsc2","RERF-LC-KJ","CVCL_1654","rerf-lc-kj","non-small cell lung cancer;nsclc","nsclc adenocarcinoma","","Lung","<a href='https://discovery.nci.nih.gov/cell-lines/cellminercdb/rerf-lc-kj_cvcl_1654.html' target='_blank'>details</a>"
"1372","rerf-lc-ms","lung: non_small_cell_carcinoma;LUAD;Lung;lung_NSCLC","Lung","Non-Small Cell Lung Cancer (NSCLC);NSCLC","Lung Adenocarcinoma (LUAD);NSCLC Adenocarcinoma","","","RERF-LC-MS;RERFLCMS","ccle;gdscDec15;prism;gdsc1;gdsc2","RERF-LC-MS","CVCL_1655","rerf-lc-ms","non-small cell lung cancer;nsclc","lung adenocarcinoma;nsclc adenocarcinoma","","Lung","<a href='https://discovery.nci.nih.gov/cell-lines/cellminercdb/rerf-lc-ms_cvcl_1655.html' target='_blank'>details</a>"
"1373","rerf-lc-sq1","lung: squamous_cell_carcinoma;LUSC;lung_NSCLC","Lung","Non-Small Cell Lung Cancer (NSCLC)","Lung Squamous Cell Carcinoma (LUSC)","","","RERF-LC-Sq1","ccle;gdscDec15;gdsc1;gdsc2","RERF-LC-Sq1","CVCL_1656","rerf-lc-sq1","non-small cell lung cancer","lung squamous cell carcinoma","","Lung","<a href='https://discovery.nci.nih.gov/cell-lines/cellminercdb/rerf-lc-sq1_cvcl_1656.html' target='_blank'>details</a>"
"1374","res262","central_nervous_system","Brain_CNS","medulloblastoma","","","","R262","achilles","Res262","CVCL_VU83","res262","medulloblastoma","","","Brain_CNS","<a href='https://discovery.nci.nih.gov/cell-lines/cellminercdb/res262_cvcl_vu83.html' target='_blank'>details</a>"
"1375","rf-48","STAD;digestive_system","Esophagus_Stomach","","","","","RF-48","gdscDec15;gdsc1;gdsc2","RF-48","CVCL_1657","rf-48","","","","Esophagus_Stomach","<a href='https://discovery.nci.nih.gov/cell-lines/cellminercdb/rf-48_cvcl_1657.html' target='_blank'>details</a>"
"1376","rh1","soft_tissue","Soft_Tissue","Rhabdomyosarcoma (RMS)","","","","RH-1","gdscDec15;gdsc1;gdsc2","Rh1","CVCL_1658","rh1","rhabdomyosarcoma","","","Soft_Tissue","<a href='https://discovery.nci.nih.gov/cell-lines/cellminercdb/rh1_cvcl_1658.html' target='_blank'>details</a>"
"1377","rh18","soft_tissue: alveolar;soft_tissue","Soft_Tissue","Rhabdomyosarcoma (RMS);rhabdomyosarcoma","embryonal","","","RH-18;RH18DM","ccle;gdscDec15;achilles;gdsc1;gdsc2","Rh18","CVCL_1659","rh18","rhabdomyosarcoma","embryonal","","Soft_Tissue","<a href='https://discovery.nci.nih.gov/cell-lines/cellminercdb/rh18_cvcl_1659.html' target='_blank'>details</a>"
"1378","rh28","lymph_node;sarcoma","Soft_Tissue","rhabdomyosarcoma;sarcoma","alveolar","","","RH28","achilles;mdaMills","Rh28","CVCL_8752","rh28","rhabdomyosarcoma;sarcoma","alveolar","","Soft_Tissue","<a href='https://discovery.nci.nih.gov/cell-lines/cellminercdb/rh28_cvcl_8752.html' target='_blank'>details</a>"
"1379","rh30","soft_tissue: alveolar;Soft Tissue;bone_marrow;Alveolar rhabdomyosarcoma","Soft_Tissue","sarcoma;Rhabdomyosarcoma;rhabdomyosarcoma","Alveolar;alveolar","","","RH-30;RH30;Rh30","ccle;prism;achilles;ancats","Rh30","CVCL_0041","rh30","sarcoma;rhabdomyosarcoma","alveolar","","Soft_Tissue","<a href='https://discovery.nci.nih.gov/cell-lines/cellminercdb/rh30_cvcl_0041.html' target='_blank'>details</a>"
"1380","rh36","sarcoma;Embryonal rhabdomyosarcoma","Soft_Tissue","Rhabdomyosarcoma (RMS)","","","","BIRCH;Rh36","mdaMills;ancats","Rh36","CVCL_M599","rh36","rhabdomyosarcoma","","","Soft_Tissue","<a href='https://discovery.nci.nih.gov/cell-lines/cellminercdb/rh36_cvcl_m599.html' target='_blank'>details</a>"
"1381","rh4","liver","Soft_Tissue","rhabdomyosarcoma","alveolar","","","RH4","achilles","Rh4","CVCL_5916","rh4","rhabdomyosarcoma","alveolar","","Soft_Tissue","<a href='https://discovery.nci.nih.gov/cell-lines/cellminercdb/rh4_cvcl_5916.html' target='_blank'>details</a>"
"1382","rh41","soft_tissue: alveolar;soft_tissue;Alveolar rhabdomyosarcoma","Soft_Tissue","sarcoma","","","","RH-41;Rh41","ccle;gdscDec15;gdsc1;gdsc2;ancats","Rh41","CVCL_2176","rh41","sarcoma","","","Soft_Tissue","<a href='https://discovery.nci.nih.gov/cell-lines/cellminercdb/rh41_cvcl_2176.html' target='_blank'>details</a>"
"1383","rhjt","soft_tissue","Soft_Tissue","rhabdomyosarcoma","alveolar","","","RHJT","achilles","RhJT","CVCL_VU81","rhjt","rhabdomyosarcoma","alveolar","","Soft_Tissue","<a href='https://discovery.nci.nih.gov/cell-lines/cellminercdb/rhjt_cvcl_vu81.html' target='_blank'>details</a>"
"1384","ri-1","haematopoietic_and_lymphoid_tissue: B_cell_lymphoma_unspecified;Diffuse large B-cell lymphoma activated B-cell type","Lymph","Non-Hodgkin's Lymphoma (NHL)","B-Cell Lymphoma (BCL)","","","RI-1;RI1;Ri-1","ccle;mdaMills;ancats","Ri-1","CVCL_1885","ri-1","non-hodgkin's lymphoma","b-cell lymphoma","","Lymph","<a href='https://discovery.nci.nih.gov/cell-lines/cellminercdb/ri-1_cvcl_1885.html' target='_blank'>details</a>"
"1385","rkn","soft_tissue: leiomyosarcoma;Soft Tissue;ovary;urogenital_system","Soft_Tissue;Ovary","Leiomyosarcoma (LMS);sarcoma;Leiomyosarcoma;leiomyosarcoma","","","","RKN","ccle;gdscDec15;prism;achilles;gdsc1;gdsc2","RKN","CVCL_3156","rkn","leiomyosarcoma;sarcoma","","","Soft_Tissue;Ovary","<a href='https://discovery.nci.nih.gov/cell-lines/cellminercdb/rkn_cvcl_3156.html' target='_blank'>details</a>"
"1386","rko","large_intestine: adenocarcinoma;Colorectal;Colon;large_intestine;Colon carcinoma","Bowel","Colorectal Adenocarcinoma (COADREAD);Colorectal Adenocarcinoma;colorectal_adenocarcinoma","","MSI","","RKO","ccle;gdscDec15;prism;achilles;gdsc1;gdsc2;ancats","RKO","CVCL_0504","rko","colorectal adenocarcinoma","","msi","Bowel","<a href='https://discovery.nci.nih.gov/cell-lines/cellminercdb/rko_cvcl_0504.html' target='_blank'>details</a>"
"1387","rl","haematopoietic_and_lymphoid_tissue: B_cell_lymphoma_unspecified;lymphoma","Lymph","Non-Hodgkin's Lymphoma (NHL)","B-Cell Lymphoma (BCL)","","","RL","ccle;gdscDec15;mdaMills;gdsc1;gdsc2","RL","CVCL_1660","rl","non-hodgkin's lymphoma","b-cell lymphoma","","Lymph","<a href='https://discovery.nci.nih.gov/cell-lines/cellminercdb/rl_cvcl_1660.html' target='_blank'>details</a>"
"1388","rl95-2","endometrium: mixed_adenosquamous_carcinoma;OTHER;Uterus;endometrium;urogenital_system","Uterus","Endometrial Carcinoma (UCEC);Endometrial Adenosquamous;endometrial_adenosquamous","","","","RL95-2;RL952","ccle;gdscDec15;prism;achilles;mdaMills;gdsc1;gdsc2","RL95-2","CVCL_0505","rl95-2","endometrial carcinoma;endometrial adenosquamous","","","Uterus","<a href='https://discovery.nci.nih.gov/cell-lines/cellminercdb/rl95-2_cvcl_0505.html' target='_blank'>details</a>"
"1389","rmg-i","ovary: clear_cell_carcinoma;OTHER;Ovary;ovary;urogenital_system","Ovary","Ovarian Epithelial Tumor (OVT);Ovary Adenocarcinoma","Clear Cell Ovarian Cancer (CCOV);Clear Cell","","","RMG-I;RMGI;RMG1","ccle;gdscDec15;prism;mdaMills;gdsc1;gdsc2","RMG-I","CVCL_1662","rmg-i","ovarian epithelial tumor;ovary adenocarcinoma","clear cell ovarian cancer;clear cell","","Ovary","<a href='https://discovery.nci.nih.gov/cell-lines/cellminercdb/rmg-i_cvcl_1662.html' target='_blank'>details</a>"
"1390","rms559","Embryonal rhabdomyosarcoma","Soft_Tissue","Rhabdomyosarcoma (RMS)","","","","RMS559","ancats","RMS559","CVCL_S640","rms559","rhabdomyosarcoma","","","Soft_Tissue","<a href='https://discovery.nci.nih.gov/cell-lines/cellminercdb/rms559_cvcl_s640.html' target='_blank'>details</a>"
"1391","rmug-s","ovary: adenocarcinoma;Ovary;ovary","Ovary","Ovarian Epithelial Tumor (OVT);Ovary Adenocarcinoma;ovary_adenocarcinoma","Mucinous;mucinous","","","RMUG-S;RMUGS","ccle;prism;achilles;mdaMills","RMUG-S","CVCL_3158","rmug-s","ovarian epithelial tumor;ovary adenocarcinoma","mucinous","","Ovary","<a href='https://discovery.nci.nih.gov/cell-lines/cellminercdb/rmug-s_cvcl_3158.html' target='_blank'>details</a>"
"1392","ros-50","leukemia","Blood","","","","","ROS-50","gdscDec15;gdsc1;gdsc2","ROS-50","CVCL_1887","ros-50","","","","Blood","<a href='https://discovery.nci.nih.gov/cell-lines/cellminercdb/ros-50_cvcl_1887.html' target='_blank'>details</a>"
"1393","rpmi-2650","OTHER","Head_Neck","","","","","RPMI-2650","gdscDec15","RPMI-2650","CVCL_1664","rpmi-2650","","","","Head_Neck","<a href='https://discovery.nci.nih.gov/cell-lines/cellminercdb/rpmi-2650_cvcl_1664.html' target='_blank'>details</a>"
"1394","rpmi-6666","Lymph;lymphoma","Lymph","Hodgkin's Lymphoma (HL)","","","","RPMI-6666","ccle;gdscDec15;gdsc1;gdsc2","RPMI-6666","CVCL_1665","rpmi-6666","hodgkin's lymphoma","","","Lymph","<a href='https://discovery.nci.nih.gov/cell-lines/cellminercdb/rpmi-6666_cvcl_1665.html' target='_blank'>details</a>"
"1395","rpmi-7951","skin: malignant_melanoma;lymph_node;skin","Skin","Melanoma (MEL);melanoma","","","","RPMI-7951;RPMI7951","ccle;gdscDec15;achilles;gdsc1;gdsc2","RPMI-7951","CVCL_1666","rpmi-7951","melanoma","","","Skin","<a href='https://discovery.nci.nih.gov/cell-lines/cellminercdb/rpmi-7951_cvcl_1666.html' target='_blank'>details</a>"
"1396","rpmi-8226","leukemia;haematopoietic_and_lymphoid_tissue: plasma_cell_myeloma;haematopoietic_and_lymphoid_tissue;myeloma;Plasma cell myeloma","Blood","Multiple Myeloma (MM);multiple_myeloma","plasmacytoma","","","LE:RPMI-8226;RPMI 8226;RPMI-8226;RPMI8226","nci60;ccle;gdscDec15;achilles;mdaMills;gdsc1;gdsc2;ancats","RPMI-8226","CVCL_0014","rpmi-8226","multiple myeloma","plasmacytoma","","Blood","<a href='https://discovery.nci.nih.gov/cell-lines/cellminercdb/rpmi-8226_cvcl_0014.html' target='_blank'>details</a>"
"1397","rpmi-8402","haematopoietic_and_lymphoid_tissue: acute_lymphoblastic_T_cell_leukaemia;leukemia","Blood","Leukemia (LEUK)","Acute Lymphoid Leukemia (ALL)","","","RPMI-8402","ccle;gdscDec15;gdsc1;gdsc2","RPMI-8402","CVCL_1667","rpmi-8402","leukemia","acute lymphoid leukemia","","Blood","<a href='https://discovery.nci.nih.gov/cell-lines/cellminercdb/rpmi-8402_cvcl_1667.html' target='_blank'>details</a>"
"1398","rpmi-8866","leukemia","Blood","Leukemia (LEUK)","Chronic Myelogenous Leukemia (CML)","","","RPMI-8866","gdscDec15;gdsc1;gdsc2","RPMI-8866","CVCL_1668","rpmi-8866","leukemia","chronic myelogenous leukemia","","Blood","<a href='https://discovery.nci.nih.gov/cell-lines/cellminercdb/rpmi-8866_cvcl_1668.html' target='_blank'>details</a>"
"1399","rs-5","pleura: mesothelioma","Mesothelium","Mesothelioma (MESO)","","","","RS-5","ccle","RS-5","CVCL_2182","rs-5","mesothelioma","","","Mesothelium","<a href='https://discovery.nci.nih.gov/cell-lines/cellminercdb/rs-5_cvcl_2182.html' target='_blank'>details</a>"
"1400","rs411","haematopoietic_and_lymphoid_tissue: acute_lymphoblastic_B_cell_leukaemia;leukemia","Blood","Leukemia (LEUK)","Acute Lymphoid Leukemia (ALL)","","","RS4;11;RS4-11","ccle;gdscDec15;gdsc1;gdsc2","RS4;11","CVCL_0093","rs411","leukemia","acute lymphoid leukemia","","Blood","<a href='https://discovery.nci.nih.gov/cell-lines/cellminercdb/rs411_cvcl_0093.html' target='_blank'>details</a>"
"1401","rt-112","urinary_tract: transitional_cell_carcinoma;BLCA;Urinary Tract;urinary_tract;urogenital_system","Bladder_Urinary_Tract","Bladder Urothelial Carcinoma (BLCA);Bladder Carcinoma;bladder_carcinoma","Bladder Transitional Cell;bladder_transitional_cell","","","RT-112;RT112","ccle;gdscDec15;prism;achilles;gdsc1;gdsc2","RT-112","CVCL_1670","rt-112","bladder urothelial carcinoma;bladder carcinoma","bladder transitional cell","","Bladder_Urinary_Tract","<a href='https://discovery.nci.nih.gov/cell-lines/cellminercdb/rt-112_cvcl_1670.html' target='_blank'>details</a>"
"1402","rt-4","urinary_tract: transitional_cell_carcinoma;BLCA;Urinary Tract;urogenital_system;Bladder carcinoma","Bladder_Urinary_Tract","Bladder Urothelial Carcinoma (BLCA);Bladder Carcinoma","Bladder Transitional Cell","","","RT4;RT-4","ccle;gdscDec15;prism;gdsc1;gdsc2;ancats","RT-4","CVCL_0036","rt-4","bladder urothelial carcinoma;bladder carcinoma","bladder transitional cell","","Bladder_Urinary_Tract","<a href='https://discovery.nci.nih.gov/cell-lines/cellminercdb/rt-4_cvcl_0036.html' target='_blank'>details</a>"
"1403","rt11284","urinary_tract: carcinoma;urinary_tract","Bladder_Urinary_Tract","bladder_carcinoma","","","","RT112/84;RT11284","ccle;achilles","RT112/84","CVCL_2714","rt11284","bladder carcinoma","","","Bladder_Urinary_Tract","<a href='https://discovery.nci.nih.gov/cell-lines/cellminercdb/rt11284_cvcl_2714.html' target='_blank'>details</a>"
"1404","rvh-421","skin: malignant_melanoma;SKCM;Skin;central_nervous_system;skin","Skin","Melanoma (MEL);Melanoma;melanoma","","","","RVH-421;RVH421","ccle;gdscDec15;prism;achilles;gdsc1;gdsc2","RVH-421","CVCL_1672","rvh-421","melanoma","","","Skin","<a href='https://discovery.nci.nih.gov/cell-lines/cellminercdb/rvh-421_cvcl_1672.html' target='_blank'>details</a>"
"1405","rxf-393l","renal;KIRC;kidney","Kidney","Renal Cell Carcinoma (RCC)","","","","RE:RXF 393;RXF393","nci60;gdscDec15;mdaMills;gdsc1;gdsc2","RXF 393L","CVCL_1673","rxf-393l","renal cell carcinoma","","","Kidney","<a href='https://discovery.nci.nih.gov/cell-lines/cellminercdb/rxf-393l_cvcl_1673.html' target='_blank'>details</a>"
"1406","s-117","soft_tissue: sarcoma;Soft Tissue;soft_tissue","Soft_Tissue","Thyroid Sarcoma;thyroid_sarcoma","","","","S-117;S117","ccle;gdscDec15;prism;achilles","S-117","CVCL_1674","s-117","thyroid sarcoma","","","Soft_Tissue","<a href='https://discovery.nci.nih.gov/cell-lines/cellminercdb/s-117_cvcl_1674.html' target='_blank'>details</a>"
"1407","sachi","Plasma cell myeloma","Blood","","","","","SACHI","ancats","SACHI","CVCL_M501","sachi","","","","Blood","<a href='https://discovery.nci.nih.gov/cell-lines/cellminercdb/sachi_cvcl_m501.html' target='_blank'>details</a>"
"1408","sale","lung: immortalized_epithelial","Lung","","","","","SALE","ccle","SALE","CVCL_WS60","sale","","","","Lung","<a href='https://discovery.nci.nih.gov/cell-lines/cellminercdb/sale_cvcl_ws60.html' target='_blank'>details</a>"
"1409","saos-2","bone: osteosarcoma;bone;Osteosarcoma","Bone","Osteosarcoma (OS);osteosarcoma","","","","Saos-2;SAOS2;SaOS-2","ccle;gdscDec15;achilles;gdsc1;gdsc2;ancats","SaOS-2","CVCL_0548","saos-2","osteosarcoma","","","Bone","<a href='https://discovery.nci.nih.gov/cell-lines/cellminercdb/saos-2_cvcl_0548.html' target='_blank'>details</a>"
"1410","sarc9371","","Bone","Osteosarcoma (OS)","","","","Sarc9371","gdscDec15","Sarc9371","CVCL_5G89","sarc9371","osteosarcoma","","","Bone","<a href='https://discovery.nci.nih.gov/cell-lines/cellminercdb/sarc9371_cvcl_5g89.html' target='_blank'>details</a>"
"1411","sas","HNSC;aero_dig_tract","Head_Neck","","","","","SAS","gdscDec15;gdsc1;gdsc2","SAS","CVCL_1675","sas","","","","Head_Neck","<a href='https://discovery.nci.nih.gov/cell-lines/cellminercdb/sas_cvcl_1675.html' target='_blank'>details</a>"
"1412","sat","aero_dig_tract","Head_Neck","","","","","SAT","gdscDec15;gdsc1;gdsc2","SAT","CVCL_3160","sat","","","","Head_Neck","<a href='https://discovery.nci.nih.gov/cell-lines/cellminercdb/sat_cvcl_3160.html' target='_blank'>details</a>"
"1413","sbc-1","NOT_TCGA;lung_SCLC","Lung","Small Cell Lung Cancer (SCLC)","","","","SBC-1","gdscDec15;gdsc1;gdsc2","SBC-1","CVCL_1676","sbc-1","small cell lung cancer","","","Lung","<a href='https://discovery.nci.nih.gov/cell-lines/cellminercdb/sbc-1_cvcl_1676.html' target='_blank'>details</a>"
"1414","sbc-3","NOT_TCGA;lung_SCLC","Lung","","","","","SBC-3","gdscDec15;gdsc1;gdsc2","SBC-3","CVCL_1678","sbc-3","","","","Lung","<a href='https://discovery.nci.nih.gov/cell-lines/cellminercdb/sbc-3_cvcl_1678.html' target='_blank'>details</a>"
"1415","sbc-5","lung: small_cell_carcinoma;NOT_TCGA;Lung;lung_SCLC","Lung","Small Cell Lung Cancer (SCLC);SCLC","","","","SBC-5;SBC5","ccle;gdscDec15;prism;gdsc1;gdsc2","SBC-5","CVCL_1679","sbc-5","small cell lung cancer;sclc","","","Lung","<a href='https://discovery.nci.nih.gov/cell-lines/cellminercdb/sbc-5_cvcl_1679.html' target='_blank'>details</a>"
"1416","sbcl2","skin","Skin","","","","","SBCL2","mdaMills","SBcl2","CVCL_D732","sbcl2","","","","Skin","<a href='https://discovery.nci.nih.gov/cell-lines/cellminercdb/sbcl2_cvcl_d732.html' target='_blank'>details</a>"
"1417","sc-1","lymphoma","Blood","","","","","Sci-1;SC-1","gdscDec15;gdsc1","Sc-1","CVCL_1888","sc-1","","","","Blood","<a href='https://discovery.nci.nih.gov/cell-lines/cellminercdb/sc-1_cvcl_1888.html' target='_blank'>details</a>"
"1418","scaber","urinary_tract: transitional_cell_carcinoma;BLCA;Urinary Tract;urinary_tract","Bladder_Urinary_Tract","Bladder Urothelial Carcinoma (BLCA);Bladder Carcinoma;bladder_carcinoma","Bladder Squamous;bladder_squamous","","","SCaBER;SCABER","ccle;gdscDec15;prism;achilles","SCaBER","CVCL_3599","scaber","bladder urothelial carcinoma;bladder carcinoma","bladder squamous","","Bladder_Urinary_Tract","<a href='https://discovery.nci.nih.gov/cell-lines/cellminercdb/scaber_cvcl_3599.html' target='_blank'>details</a>"
"1419","scc-15","upper_aerodigestive_tract: squamous_cell_carcinoma;HNSC;aero_dig_tract","Head_Neck","","","","","SCC-15;SCC15","ccle;gdscDec15;mdaMills;gdsc1;gdsc2","SCC-15","CVCL_1681","scc-15","","","","Head_Neck","<a href='https://discovery.nci.nih.gov/cell-lines/cellminercdb/scc-15_cvcl_1681.html' target='_blank'>details</a>"
"1420","scc-25","upper_aerodigestive_tract: squamous_cell_carcinoma;HNSC;Head_Neck;upper_aerodigestive_tract;aero_dig_tract","Head_Neck","Head_Neck Squamous;upper_aerodigestive_squamous","","","","SCC-25;SCC25","ccle;gdscDec15;prism;achilles;mdaMills;gdsc1;gdsc2","SCC-25","CVCL_1682","scc-25","head neck squamous;upper aerodigestive squamous","","","Head_Neck","<a href='https://discovery.nci.nih.gov/cell-lines/cellminercdb/scc-25_cvcl_1682.html' target='_blank'>details</a>"
"1421","scc-3","blood;lymphoma","Lymph","Non-Hodgkin's Lymphoma (NHL)","B-Cell Lymphoma (BCL)","","","SCC-3;SCC3","gdscDec15;mdaMills;gdsc1;gdsc2","SCC-3","CVCL_1683","scc-3","non-hodgkin's lymphoma","b-cell lymphoma","","Lymph","<a href='https://discovery.nci.nih.gov/cell-lines/cellminercdb/scc-3_cvcl_1683.html' target='_blank'>details</a>"
"1422","scc-4","upper_aerodigestive_tract: squamous_cell_carcinoma;HNSC;upper_aerodigestive_tract;aero_dig_tract","Head_Neck","upper_aerodigestive_squamous","oral","","","SCC-4;SCC4","ccle;gdscDec15;achilles;gdsc1;gdsc2","SCC-4","CVCL_1684","scc-4","upper aerodigestive squamous","oral","","Head_Neck","<a href='https://discovery.nci.nih.gov/cell-lines/cellminercdb/scc-4_cvcl_1684.html' target='_blank'>details</a>"
"1423","scc-61","head and neck","Head_Neck","","","","","SCC61","mdaMills","SCC-61","CVCL_7118","scc-61","","","","Head_Neck","<a href='https://discovery.nci.nih.gov/cell-lines/cellminercdb/scc-61_cvcl_7118.html' target='_blank'>details</a>"
"1424","scc-9","upper_aerodigestive_tract: squamous_cell_carcinoma;HNSC;aero_dig_tract","Head_Neck","","","","","SCC-9","ccle;gdscDec15;gdsc1;gdsc2","SCC-9","CVCL_1685","scc-9","","","","Head_Neck","<a href='https://discovery.nci.nih.gov/cell-lines/cellminercdb/scc-9_cvcl_1685.html' target='_blank'>details</a>"
"1425","sccoht-1","ovary","Ovary","SCCOHT","","","","SCCOHT1","achilles","SCCOHT-1","CVCL_VU69","sccoht-1","sccoht","","","Ovary","<a href='https://discovery.nci.nih.gov/cell-lines/cellminercdb/sccoht-1_cvcl_vu69.html' target='_blank'>details</a>"
"1426","sch","OTHER;digestive_system","Esophagus_Stomach","","","","","SCH","gdscDec15;gdsc1;gdsc2","SCH","CVCL_1687","sch","","","","Esophagus_Stomach","<a href='https://discovery.nci.nih.gov/cell-lines/cellminercdb/sch_cvcl_1687.html' target='_blank'>details</a>"
"1427","sclc-21h","lung: small_cell_carcinoma;NOT_TCGA","Lung","Small Cell Lung Cancer (SCLC)","","","","SCLC-21H","ccle;gdscDec15","SCLC-21H","CVCL_0024","sclc-21h","small cell lung cancer","","","Lung","<a href='https://discovery.nci.nih.gov/cell-lines/cellminercdb/sclc-21h_cvcl_0024.html' target='_blank'>details</a>"
"1428","scmc-rm2","bone_marrow","Soft_Tissue","rhabdomyosarcoma","","","","SCMCRM2","achilles","SCMC-RM2","CVCL_A667","scmc-rm2","rhabdomyosarcoma","","","Soft_Tissue","<a href='https://discovery.nci.nih.gov/cell-lines/cellminercdb/scmc-rm2_cvcl_a667.html' target='_blank'>details</a>"
"1429","scs214","soft_tissue","Soft_Tissue","synovial_sarcoma","","","","SCS214","achilles","SCS214","CVCL_WU91","scs214","synovial sarcoma","","","Soft_Tissue","<a href='https://discovery.nci.nih.gov/cell-lines/cellminercdb/scs214_cvcl_wu91.html' target='_blank'>details</a>"
"1430","seki","skin","Skin","melanoma","","","","SEKI","achilles","SEKI","CVCL_3162","seki","melanoma","","","Skin","<a href='https://discovery.nci.nih.gov/cell-lines/cellminercdb/seki_cvcl_3162.html' target='_blank'>details</a>"
"1431","sem","haematopoietic_and_lymphoid_tissue: acute_lymphoblastic_B_cell_leukaemia;haematopoietic_and_lymphoid_tissue","Blood","Leukemia (LEUK);ALL","Acute Lymphoid Leukemia (ALL);b_cell","","","SEM","ccle;achilles","SEM","CVCL_0095","sem","leukemia;all","acute lymphoid leukemia;b cell","","Blood","<a href='https://discovery.nci.nih.gov/cell-lines/cellminercdb/sem_cvcl_0095.html' target='_blank'>details</a>"
"1432","semk2","haematopoietic_and_lymphoid_tissue","Blood","ALL","b_cell","","","SEMK2","achilles","SEMK2","CVCL_S906","semk2","all","b cell","","Blood","<a href='https://discovery.nci.nih.gov/cell-lines/cellminercdb/semk2_cvcl_s906.html' target='_blank'>details</a>"
"1433","set-2","haematopoietic_and_lymphoid_tissue: essential_thrombocythaemia","Blood","Myeloproliferative Neoplasm (MPN);Leukemia (LEUK)","Essential Thrombocythaemia (ETC)","","","Set-2;Set2","ccle;gdscDec15","SET-2","CVCL_2187","set-2","myeloproliferative neoplasm;leukemia","essential thrombocythaemia","","Blood","<a href='https://discovery.nci.nih.gov/cell-lines/cellminercdb/set-2_cvcl_2187.html' target='_blank'>details</a>"
"1434","sez-4","Mycosis fungoides and Sezary syndrome","Lymph","","","","","Sez-4","ancats","Sez-4","CVCL_8330","sez-4","","","","Lymph","<a href='https://discovery.nci.nih.gov/cell-lines/cellminercdb/sez-4_cvcl_8330.html' target='_blank'>details</a>"
"1435","sf126","central_nervous_system: astrocytoma;GBM;Central Nervous System;nervous_system","Brain_CNS","Diffuse Glioma (DIFG);Glioma","Astrocytoma (ASTR);Astrocytoma","","","SF126","ccle;gdscDec15;prism;gdsc1;gdsc2","SF126","CVCL_1688","sf126","diffuse glioma;glioma","astrocytoma","","Brain_CNS","<a href='https://discovery.nci.nih.gov/cell-lines/cellminercdb/sf126_cvcl_1688.html' target='_blank'>details</a>"
"1436","sf172","central_nervous_system: astrocytoma_Grade_IV;central_nervous_system","Brain_CNS","Diffuse Glioma (DIFG);glioma","Astrocytoma (ASTR);glioblastoma","","","SF-172;SF172","ccle;achilles","SF172","CVCL_V613","sf172","diffuse glioma;glioma","astrocytoma;glioblastoma","","Brain_CNS","<a href='https://discovery.nci.nih.gov/cell-lines/cellminercdb/sf172_cvcl_v613.html' target='_blank'>details</a>"
"1437","sf268","central nervous system;Brain_CNS;GBM;central_nervous_system;nervous_system","Brain_CNS","glioma","","","","CNS:SF-268;SF268","nci60;ccle;gdscDec15;achilles;mdaMills;gdsc1;gdsc2","SF268","CVCL_1689","sf268","glioma","","","Brain_CNS","<a href='https://discovery.nci.nih.gov/cell-lines/cellminercdb/sf268_cvcl_1689.html' target='_blank'>details</a>"
"1438","sf295","central nervous system;central_nervous_system: astrocytoma_Grade_IV;GBM;Central Nervous System;central_nervous_system;nervous_system","Brain_CNS","Diffuse Glioma (DIFG);Glioma;glioma","Astrocytoma (ASTR);Glioblastoma;glioblastoma","","","CNS:SF-295;SF-295;SF295","nci60;ccle;gdscDec15;prism;achilles;mdaMills;gdsc1;gdsc2","SF295","CVCL_1690","sf295","diffuse glioma;glioma","astrocytoma;glioblastoma","","Brain_CNS","<a href='https://discovery.nci.nih.gov/cell-lines/cellminercdb/sf295_cvcl_1690.html' target='_blank'>details</a>"
"1439","sf539","central nervous system;Brain_CNS;OTHER;Central Nervous System;central_nervous_system;nervous_system","Brain_CNS","Glioma;glioma","","","","CNS:SF-539;SF539","nci60;ccle;gdscDec15;prism;achilles;mdaMills;gdsc1;gdsc2","SF539","CVCL_1691","sf539","glioma","","","Brain_CNS","<a href='https://discovery.nci.nih.gov/cell-lines/cellminercdb/sf539_cvcl_1691.html' target='_blank'>details</a>"
"1440","sf767","central_nervous_system: astrocytoma_Grade_III;stomach","Brain_CNS","Diffuse Glioma (DIFG);glioma","Astrocytoma (ASTR);astrocytoma","","","SF767","ccle;achilles","SF767","CVCL_6950","sf767","diffuse glioma;glioma","astrocytoma","","Brain_CNS","<a href='https://discovery.nci.nih.gov/cell-lines/cellminercdb/sf767_cvcl_6950.html' target='_blank'>details</a>"
"1441","sg231","biliary_tract","Biliary_Tract","cholangiocarcinoma","intrahepatic","","","SG231","achilles","SG231","CVCL_0519","sg231","cholangiocarcinoma","intrahepatic","","Biliary_Tract","<a href='https://discovery.nci.nih.gov/cell-lines/cellminercdb/sg231_cvcl_0519.html' target='_blank'>details</a>"
"1442","sh-10-tc","stomach: carcinoma;Gastric;stomach","Esophagus_Stomach","Gastric Adenocarcinoma;gastric_adenocarcinoma","Mucinous;mucinous","","","SH-10-TC;SH10TC","ccle;prism;achilles","SH-10-TC","CVCL_5167","sh-10-tc","gastric adenocarcinoma","mucinous","","Esophagus_Stomach","<a href='https://discovery.nci.nih.gov/cell-lines/cellminercdb/sh-10-tc_cvcl_5167.html' target='_blank'>details</a>"
"1443","sh-4","skin: malignant_melanoma;SKCM;Skin;skin","Skin","Melanoma (MEL);Melanoma","","","","SH-4;SH4","ccle;gdscDec15;prism;gdsc1;gdsc2","SH-4","CVCL_1692","sh-4","melanoma","","","Skin","<a href='https://discovery.nci.nih.gov/cell-lines/cellminercdb/sh-4_cvcl_1692.html' target='_blank'>details</a>"
"1444","sh-ep","Neuroblastoma","Brain_CNS","","","","","SH-EP","ancats","SH-EP","CVCL_0524","sh-ep","","","","Brain_CNS","<a href='https://discovery.nci.nih.gov/cell-lines/cellminercdb/sh-ep_cvcl_0524.html' target='_blank'>details</a>"
"1445","sh-sy5y","autonomic_ganglia: neuroblastoma;Neuroblastoma","Brain_CNS","Embryonal Tumor (EMBT)","Neuroblastoma (NBL)","","","SH-SY5Y","ccle;ancats","SH-SY5Y","CVCL_0019","sh-sy5y","embryonal tumor","neuroblastoma","","Brain_CNS","<a href='https://discovery.nci.nih.gov/cell-lines/cellminercdb/sh-sy5y_cvcl_0019.html' target='_blank'>details</a>"
"1446","shi-1","bone_marrow","Blood","AML","","","","SHI1","achilles","SHI-1","CVCL_2191","shi-1","aml","","","Blood","<a href='https://discovery.nci.nih.gov/cell-lines/cellminercdb/shi-1_cvcl_2191.html' target='_blank'>details</a>"
"1447","shp-77","lung: small_cell_carcinoma;NOT_TCGA;Small Cell Lung Cancer;lung;lung_SCLC","Lung","Small Cell Lung Cancer (SCLC);SCLC","","","","SHP-77;SHP77","ccle;gdscDec15;nciSclc;achilles;mdaMills;gdsc1;gdsc2","SHP-77","CVCL_1693","shp-77","small cell lung cancer;sclc","","","Lung","<a href='https://discovery.nci.nih.gov/cell-lines/cellminercdb/shp-77_cvcl_1693.html' target='_blank'>details</a>"
"1448","sig-m5","haematopoietic_and_lymphoid_tissue: acute_myeloid_leukaemia;leukemia","Blood","Leukemia (LEUK)","Acute Myeloid Leukemia (AML)","","","SIG-M5","ccle;gdscDec15;gdsc1;gdsc2","SIG-M5","CVCL_1694","sig-m5","leukemia","acute myeloid leukemia","","Blood","<a href='https://discovery.nci.nih.gov/cell-lines/cellminercdb/sig-m5_cvcl_1694.html' target='_blank'>details</a>"
"1449","siha","Cervix;CESC;cervix;urogenital_system","Cervix","cervical_carcinoma","","","","SiHa;SIHA","ccle;gdscDec15;achilles;gdsc1;gdsc2","SiHa","CVCL_0032","siha","cervical carcinoma","","","Cervix","<a href='https://discovery.nci.nih.gov/cell-lines/cellminercdb/siha_cvcl_0032.html' target='_blank'>details</a>"
"1450","sima","autonomic_ganglia: neuroblastoma;Peripheral Nervous System;autonomic_ganglia;neuroblastoma","Brain_CNS;Peripheral_Nervous_System","Embryonal Tumor (EMBT);Neuroblastoma;neuroblastoma","Neuroblastoma (NBL);","","","SIMA","ccle;gdscDec15;prism;achilles;gdsc1;gdsc2","SiMa","CVCL_1695","sima","embryonal tumor;neuroblastoma","neuroblastoma;","","Brain_CNS;Peripheral_Nervous_System","<a href='https://discovery.nci.nih.gov/cell-lines/cellminercdb/sima_cvcl_1695.html' target='_blank'>details</a>"
"1451","siso","CESC;cervix;urogenital_system","Cervix","cervical_adenocarcinoma","","","","SISO","gdscDec15;achilles;gdsc1;gdsc2","SiSo","CVCL_2193","siso","cervical adenocarcinoma","","","Cervix","<a href='https://discovery.nci.nih.gov/cell-lines/cellminercdb/siso_cvcl_2193.html' target='_blank'>details</a>"
"1452","sjnb-10","neuroblastoma","Brain_CNS","Embryonal Tumor (EMBT)","Neuroblastoma (NBL)","","","NB10","gdscDec15;gdsc1;gdsc2","SJNB-10","CVCL_1441","sjnb-10","embryonal tumor","neuroblastoma","","Brain_CNS","<a href='https://discovery.nci.nih.gov/cell-lines/cellminercdb/sjnb-10_cvcl_1441.html' target='_blank'>details</a>"
"1453","sjnb-12","neuroblastoma","Brain_CNS","Embryonal Tumor (EMBT)","Neuroblastoma (NBL)","","","NB12","gdscDec15;gdsc1;gdsc2","SJNB-12","CVCL_1442","sjnb-12","embryonal tumor","neuroblastoma","","Brain_CNS","<a href='https://discovery.nci.nih.gov/cell-lines/cellminercdb/sjnb-12_cvcl_1442.html' target='_blank'>details</a>"
"1454","sjnb-13","neuroblastoma","Brain_CNS","Embryonal Tumor (EMBT)","Neuroblastoma (NBL)","","","NB13","gdscDec15;gdsc1;gdsc2","SJNB-13","CVCL_1443","sjnb-13","embryonal tumor","neuroblastoma","","Brain_CNS","<a href='https://discovery.nci.nih.gov/cell-lines/cellminercdb/sjnb-13_cvcl_1443.html' target='_blank'>details</a>"
"1455","sjnb-14","neuroblastoma","Brain_CNS","Embryonal Tumor (EMBT)","Neuroblastoma (NBL)","","","NB14","gdscDec15;gdsc1;gdsc2","SJNB-14","CVCL_1444","sjnb-14","embryonal tumor","neuroblastoma","","Brain_CNS","<a href='https://discovery.nci.nih.gov/cell-lines/cellminercdb/sjnb-14_cvcl_1444.html' target='_blank'>details</a>"
"1456","sjnb-17","neuroblastoma","Brain_CNS","Embryonal Tumor (EMBT)","Neuroblastoma (NBL)","","","NB17","gdscDec15;gdsc1;gdsc2","SJNB-17","CVCL_1445","sjnb-17","embryonal tumor","neuroblastoma","","Brain_CNS","<a href='https://discovery.nci.nih.gov/cell-lines/cellminercdb/sjnb-17_cvcl_1445.html' target='_blank'>details</a>"
"1457","sjnb-5","neuroblastoma","Brain_CNS","Embryonal Tumor (EMBT)","Neuroblastoma (NBL)","","","NB5","gdscDec15;gdsc1;gdsc2","SJNB-5","CVCL_8822","sjnb-5","embryonal tumor","neuroblastoma","","Brain_CNS","<a href='https://discovery.nci.nih.gov/cell-lines/cellminercdb/sjnb-5_cvcl_8822.html' target='_blank'>details</a>"
"1458","sjnb-6","neuroblastoma","Brain_CNS","Embryonal Tumor (EMBT)","Neuroblastoma (NBL)","","","NB6","gdscDec15;gdsc1;gdsc2","SJNB-6","CVCL_8823","sjnb-6","embryonal tumor","neuroblastoma","","Brain_CNS","<a href='https://discovery.nci.nih.gov/cell-lines/cellminercdb/sjnb-6_cvcl_8823.html' target='_blank'>details</a>"
"1459","sjnb-7","neuroblastoma","Brain_CNS","Embryonal Tumor (EMBT)","Neuroblastoma (NBL)","","","NB7","gdscDec15;gdsc1;gdsc2","SJNB-7","CVCL_8824","sjnb-7","embryonal tumor","neuroblastoma","","Brain_CNS","<a href='https://discovery.nci.nih.gov/cell-lines/cellminercdb/sjnb-7_cvcl_8824.html' target='_blank'>details</a>"
"1460","sjsa-1","bone: osteosarcoma;Bone;bone","Bone;Other","Osteosarcoma (OS);sarcoma;Osteosarcoma;osteosarcoma","","","","SJSA-1;SJSA1","ccle;gdscDec15;prism;achilles;mdaMills;gdsc1;gdsc2","SJSA-1","CVCL_1697","sjsa-1","osteosarcoma;sarcoma","","","Bone","<a href='https://discovery.nci.nih.gov/cell-lines/cellminercdb/sjsa-1_cvcl_1697.html' target='_blank'>details</a>"
"1461","sk-br-3","breast: carcinoma;pleural_effusion","Breast","Breast Carcinoma (BRCA);breast_carcinoma","ERneg_HER2pos","","","SK-BR-3;SKBR3","ccle;achilles;mdaMills","SK-BR-3","CVCL_0033","sk-br-3","breast carcinoma","erneg her2pos","","Breast","<a href='https://discovery.nci.nih.gov/cell-lines/cellminercdb/sk-br-3_cvcl_0033.html' target='_blank'>details</a>"
"1462","sk-co-1","large_intestine: adenocarcinoma;large_intestine","Bowel","Colorectal Adenocarcinoma (COADREAD)","","","","SK-CO-1","ccle;gdscDec15;gdsc1;gdsc2","SK-CO-1","CVCL_0626","sk-co-1","colorectal adenocarcinoma","","","Bowel","<a href='https://discovery.nci.nih.gov/cell-lines/cellminercdb/sk-co-1_cvcl_0626.html' target='_blank'>details</a>"
"1463","sk-es-1","bone: Ewings_sarcoma-peripheral_primitive_neuroectodermal_tumour;Bone;bone","Bone","Ewing Sarcoma (ES);Ewing Sarcoma;Ewing_sarcoma","","EWS_FLI","","SK-ES-1;SKES1","ccle;gdscDec15;prism;achilles;mdaMills;gdsc1;gdsc2","SK-ES-1","CVCL_0627","sk-es-1","ewing sarcoma","","ews fli","Bone","<a href='https://discovery.nci.nih.gov/cell-lines/cellminercdb/sk-es-1_cvcl_0627.html' target='_blank'>details</a>"
"1464","sk-gt-2","stomach;digestive_system","Esophagus_Stomach","gastric_adenocarcinoma","","","","SK-GT-2;SKGT2","gdscDec15;achilles;gdsc1;gdsc2","SK-GT-2","CVCL_2194","sk-gt-2","gastric adenocarcinoma","","","Esophagus_Stomach","<a href='https://discovery.nci.nih.gov/cell-lines/cellminercdb/sk-gt-2_cvcl_2194.html' target='_blank'>details</a>"
"1465","sk-gt-4","oesophagus;aero_dig_tract","Esophagus_Stomach","esophagus_adenocarcinoma","","","","SK-GT-4;SKGT4","gdscDec15;achilles;gdsc1;gdsc2","SK-GT-4","CVCL_2195","sk-gt-4","esophagus adenocarcinoma","","","Esophagus_Stomach","<a href='https://discovery.nci.nih.gov/cell-lines/cellminercdb/sk-gt-4_cvcl_2195.html' target='_blank'>details</a>"
"1466","sk-hep-1","liver: adenocarcinoma;Liver;ascites;digestive_system","Liver","Hepatocellular Carcinoma (HCC);Hepatocellular Carcinoma;hepatocellular_carcinoma","","","","SK-HEP-1;SKHEP1","ccle;gdscDec15;prism;achilles;mdaMills;gdsc1;gdsc2","SK-HEP-1","CVCL_0525","sk-hep-1","hepatocellular carcinoma","","","Liver","<a href='https://discovery.nci.nih.gov/cell-lines/cellminercdb/sk-hep-1_cvcl_0525.html' target='_blank'>details</a>"
"1467","sk-lms-1","soft_tissue: sarcoma;soft_tissue","Soft_Tissue","sarcoma","","","","SK-LMS-1;SKLMS1","ccle;gdscDec15;mdaMills;gdsc1;gdsc2","SK-LMS-1","CVCL_0628","sk-lms-1","sarcoma","","","Soft_Tissue","<a href='https://discovery.nci.nih.gov/cell-lines/cellminercdb/sk-lms-1_cvcl_0628.html' target='_blank'>details</a>"
"1468","sk-lu-1","lung: adenocarcinoma;LUAD;Lung;lung_NSCLC","Lung","Non-Small Cell Lung Cancer (NSCLC);NSCLC","Lung Adenocarcinoma (LUAD);NSCLC Adenocarcinoma","","","SK-LU-1;SKLU1","ccle;gdscDec15;prism;mdaMills;gdsc1;gdsc2","SK-LU-1","CVCL_0629","sk-lu-1","non-small cell lung cancer;nsclc","lung adenocarcinoma;nsclc adenocarcinoma","","Lung","<a href='https://discovery.nci.nih.gov/cell-lines/cellminercdb/sk-lu-1_cvcl_0629.html' target='_blank'>details</a>"
"1469","sk-mel-1","skin: malignant_melanoma;skin","Skin","Melanoma (MEL)","","","","SK-MEL-1;SKMEL1","ccle;gdscDec15;mdaMills;gdsc1;gdsc2","SK-MEL-1","CVCL_0068","sk-mel-1","melanoma","","","Skin","<a href='https://discovery.nci.nih.gov/cell-lines/cellminercdb/sk-mel-1_cvcl_0068.html' target='_blank'>details</a>"
"1470","sk-mel-173","skin","Skin","","","","","SKMEL173","mdaMills","SK-MEL-173","CVCL_6090","sk-mel-173","","","","Skin","<a href='https://discovery.nci.nih.gov/cell-lines/cellminercdb/sk-mel-173_cvcl_6090.html' target='_blank'>details</a>"
"1471","sk-mel-19","skin","Skin","melanoma","","","","SKMEL19","achilles","SK-MEL-19","CVCL_6025","sk-mel-19","melanoma","","","Skin","<a href='https://discovery.nci.nih.gov/cell-lines/cellminercdb/sk-mel-19_cvcl_6025.html' target='_blank'>details</a>"
"1472","sk-mel-2","melanoma;skin: malignant_melanoma;Skin;skin","Skin","Melanoma (MEL);Melanoma;melanoma","","","","ME:SK-MEL-2;SK-MEL-2;SKMEL2","nci60;ccle;gdscDec15;prism;achilles;mdaMills;gdsc1;gdsc2","SK-MEL-2","CVCL_0069","sk-mel-2","melanoma","","","Skin","<a href='https://discovery.nci.nih.gov/cell-lines/cellminercdb/sk-mel-2_cvcl_0069.html' target='_blank'>details</a>"
"1473","sk-mel-24","skin: malignant_melanoma;SKCM;Skin;lymph_node;skin","Skin","Melanoma (MEL);Melanoma;melanoma","","","","SK-MEL-24;SKMEL24","ccle;gdscDec15;prism;achilles;mdaMills;gdsc1;gdsc2","SK-MEL-24","CVCL_0599","sk-mel-24","melanoma","","","Skin","<a href='https://discovery.nci.nih.gov/cell-lines/cellminercdb/sk-mel-24_cvcl_0599.html' target='_blank'>details</a>"
"1474","sk-mel-28","melanoma;skin: malignant_melanoma;SKCM;skin","Skin","Melanoma (MEL)","","","","ME:SK-MEL-28;SK-MEL-28;SKMEL28","nci60;ccle;gdscDec15;mdaMills;gdsc1;gdsc2","SK-MEL-28","CVCL_0526","sk-mel-28","melanoma","","","Skin","<a href='https://discovery.nci.nih.gov/cell-lines/cellminercdb/sk-mel-28_cvcl_0526.html' target='_blank'>details</a>"
"1475","sk-mel-3","skin: malignant_melanoma;SKCM;Skin;skin","Skin","Melanoma (MEL);Melanoma","","","","SK-MEL-3;SKMEL3","ccle;gdscDec15;prism;mdaMills;gdsc1;gdsc2","SK-MEL-3","CVCL_0550","sk-mel-3","melanoma","","","Skin","<a href='https://discovery.nci.nih.gov/cell-lines/cellminercdb/sk-mel-3_cvcl_0550.html' target='_blank'>details</a>"
"1476","sk-mel-30","skin: malignant_melanoma;SKCM;Skin;skin","Skin","Melanoma (MEL);Melanoma;melanoma","","","","SK-MEL-30;SKMEL30","ccle;gdscDec15;prism;achilles;gdsc1;gdsc2","SK-MEL-30","CVCL_0039","sk-mel-30","melanoma","","","Skin","<a href='https://discovery.nci.nih.gov/cell-lines/cellminercdb/sk-mel-30_cvcl_0039.html' target='_blank'>details</a>"
"1477","sk-mel-31","skin: malignant_melanoma;skin","Skin","Melanoma (MEL)","","","","SK-MEL-31;SKMEL31","ccle;gdscDec15;mdaMills;gdsc1;gdsc2","SK-MEL-31","CVCL_0600","sk-mel-31","melanoma","","","Skin","<a href='https://discovery.nci.nih.gov/cell-lines/cellminercdb/sk-mel-31_cvcl_0600.html' target='_blank'>details</a>"
"1478","sk-mel-5","melanoma;skin: malignant_melanoma;SKCM;Skin;skin","Skin","Melanoma (MEL);Melanoma","","","","ME:SK-MEL-5;SK-MEL-5;SKMEL5","nci60;ccle;gdscDec15;prism;mdaMills;gdsc1;gdsc2","SK-MEL-5","CVCL_0527","sk-mel-5","melanoma","","","Skin","<a href='https://discovery.nci.nih.gov/cell-lines/cellminercdb/sk-mel-5_cvcl_0527.html' target='_blank'>details</a>"
"1479","sk-mes-1","lung: squamous_cell_carcinoma;LUSC;Lung;pleural_effusion;lung_NSCLC","Lung","Non-Small Cell Lung Cancer (NSCLC);NSCLC","Lung Squamous Cell Carcinoma (LUSC);NSCLC Squamous;NSCLC_squamous","","","SK-MES-1;SKMES1","ccle;gdscDec15;prism;achilles;mdaMills;gdsc1;gdsc2","SK-MES-1","CVCL_0630","sk-mes-1","non-small cell lung cancer;nsclc","lung squamous cell carcinoma;nsclc squamous","","Lung","<a href='https://discovery.nci.nih.gov/cell-lines/cellminercdb/sk-mes-1_cvcl_0630.html' target='_blank'>details</a>"
"1480","sk-mg-1","GBM;nervous_system","Brain_CNS","","","","","SK-MG-1","gdscDec15;gdsc1;gdsc2","SK-MG-1","CVCL_1698","sk-mg-1","","","","Brain_CNS","<a href='https://discovery.nci.nih.gov/cell-lines/cellminercdb/sk-mg-1_cvcl_1698.html' target='_blank'>details</a>"
"1481","sk-mm-1","Plasma cell myeloma","Blood","","","","","SK-MM-1","ancats","SK-MM-1","CVCL_A478","sk-mm-1","","","","Blood","<a href='https://discovery.nci.nih.gov/cell-lines/cellminercdb/sk-mm-1_cvcl_a478.html' target='_blank'>details</a>"
"1482","sk-mm-2","haematopoietic_and_lymphoid_tissue: plasma_cell_myeloma;haematopoietic_and_lymphoid_tissue;myeloma","Blood","Multiple Myeloma (MM);multiple_myeloma","","","","SK-MM-2;SKMM2","ccle;gdscDec15;achilles;mdaMills;gdsc1;gdsc2","SK-MM-2","CVCL_1699","sk-mm-2","multiple myeloma","","","Blood","<a href='https://discovery.nci.nih.gov/cell-lines/cellminercdb/sk-mm-2_cvcl_1699.html' target='_blank'>details</a>"
"1483","sk-n-as","autonomic_ganglia: neuroblastoma;Peripheral Nervous System;bone_marrow;neuroblastoma;Neuroblastoma","Brain_CNS;Peripheral_Nervous_System","Embryonal Tumor (EMBT);Neuroblastoma;neuroblastoma","Neuroblastoma (NBL);","","","SK-N-AS;SKNAS","ccle;gdscDec15;prism;achilles;gdsc1;gdsc2;ancats","SK-N-AS","CVCL_1700","sk-n-as","embryonal tumor;neuroblastoma","neuroblastoma;","","Brain_CNS;Peripheral_Nervous_System","<a href='https://discovery.nci.nih.gov/cell-lines/cellminercdb/sk-n-as_cvcl_1700.html' target='_blank'>details</a>"
"1484","sk-n-be2","autonomic_ganglia: neuroblastoma;Peripheral Nervous System;bone_marrow","Brain_CNS;Peripheral_Nervous_System","Embryonal Tumor (EMBT);Neuroblastoma;neuroblastoma","Neuroblastoma (NBL);","MYCN Amp","","SK-N-BE(2);SKNBE2","ccle;prism;achilles","SK-N-BE(2)","CVCL_0528","sk-n-be2","embryonal tumor;neuroblastoma","neuroblastoma;","mycn amp","Brain_CNS;Peripheral_Nervous_System","<a href='https://discovery.nci.nih.gov/cell-lines/cellminercdb/sk-n-be2_cvcl_0528.html' target='_blank'>details</a>"
"1485","sk-n-be2-m17","OTHER;neuroblastoma","Brain_CNS","","","","","BE2-M17","gdscDec15;gdsc1;gdsc2","SK-N-BE(2)-M17","CVCL_0167","sk-n-be2-m17","","","","Brain_CNS","<a href='https://discovery.nci.nih.gov/cell-lines/cellminercdb/sk-n-be2-m17_cvcl_0167.html' target='_blank'>details</a>"
"1486","sk-n-dz","autonomic_ganglia: neuroblastoma;bone_marrow;neuroblastoma","Brain_CNS;Peripheral_Nervous_System","Embryonal Tumor (EMBT);neuroblastoma","Neuroblastoma (NBL)","","","SK-N-DZ;SKNDZ","ccle;gdscDec15;achilles;gdsc1;gdsc2","SK-N-DZ","CVCL_1701","sk-n-dz","embryonal tumor;neuroblastoma","neuroblastoma","","Brain_CNS;Peripheral_Nervous_System","<a href='https://discovery.nci.nih.gov/cell-lines/cellminercdb/sk-n-dz_cvcl_1701.html' target='_blank'>details</a>"
"1487","sk-n-fi","autonomic_ganglia: neuroblastoma;bone_marrow;neuroblastoma","Brain_CNS;Peripheral_Nervous_System","Embryonal Tumor (EMBT);neuroblastoma","Neuroblastoma (NBL)","","","SK-N-FI;SKNFI","ccle;gdscDec15;achilles;gdsc1;gdsc2","SK-N-FI","CVCL_1702","sk-n-fi","embryonal tumor;neuroblastoma","neuroblastoma","","Brain_CNS;Peripheral_Nervous_System","<a href='https://discovery.nci.nih.gov/cell-lines/cellminercdb/sk-n-fi_cvcl_1702.html' target='_blank'>details</a>"
"1488","sk-n-mc","bone: Ewings_sarcoma-peripheral_primitive_neuroectodermal_tumour;bone","Bone","Ewing Sarcoma (ES);Ewing_sarcoma","","","","SK-N-MC;SKNMC","ccle;achilles","SK-N-MC","CVCL_0530","sk-n-mc","ewing sarcoma","","","Bone","<a href='https://discovery.nci.nih.gov/cell-lines/cellminercdb/sk-n-mc_cvcl_0530.html' target='_blank'>details</a>"
"1489","sk-n-mc-ixc","neuroblastoma","Brain_CNS","Embryonal Tumor (EMBT)","Neuroblastoma (NBL)","","","MC-IXC","gdscDec15;gdsc1;gdsc2","SK-N-MC-IXC","CVCL_1398","sk-n-mc-ixc","embryonal tumor","neuroblastoma","","Brain_CNS","<a href='https://discovery.nci.nih.gov/cell-lines/cellminercdb/sk-n-mc-ixc_cvcl_1398.html' target='_blank'>details</a>"
"1490","sk-n-sh","autonomic_ganglia: neuroblastoma;OTHER;neuroblastoma","Brain_CNS","Embryonal Tumor (EMBT)","Neuroblastoma (NBL)","","","SK-N-SH","ccle;gdscDec15;gdsc1;gdsc2","SK-N-SH","CVCL_0531","sk-n-sh","embryonal tumor","neuroblastoma","","Brain_CNS","<a href='https://discovery.nci.nih.gov/cell-lines/cellminercdb/sk-n-sh_cvcl_0531.html' target='_blank'>details</a>"
"1491","sk-nep-1","Bone;OTHER;pleural_effusion","Bone;Kidney","Ewing_sarcoma","","","","SKNEP1;SK-NEP-1","ccle;gdscDec15;achilles;mdaMills","SK-NEP-1","CVCL_0631","sk-nep-1","ewing sarcoma","","","Bone;Kidney","<a href='https://discovery.nci.nih.gov/cell-lines/cellminercdb/sk-nep-1_cvcl_0631.html' target='_blank'>details</a>"
"1492","sk-ov-3","ovarian;ovary: adenocarcinoma;OV;Ovary;ascites;urogenital_system;Ovarian serous cystadenocarcinoma","Ovary","Ovarian Epithelial Tumor (OVT);Ovary Adenocarcinoma;ovary_adenocarcinoma","Endometrioid;endometrioid","","","OV:SK-OV-3;SK-OV-3;SKOV3","nci60;ccle;gdscDec15;prism;achilles;mdaMills;gdsc1;gdsc2;ancats","SK-OV-3","CVCL_0532","sk-ov-3","ovarian epithelial tumor;ovary adenocarcinoma","endometrioid","","Ovary","<a href='https://discovery.nci.nih.gov/cell-lines/cellminercdb/sk-ov-3_cvcl_0532.html' target='_blank'>details</a>"
"1493","sk-pn-dw","Bone;Embryonal;bone","Bone","Ewing_sarcoma","","","","SKPNDW;SK-PN-DW","ccle;gdscDec15;achilles;gdsc1;gdsc2","SK-PN-DW","CVCL_1703","sk-pn-dw","ewing sarcoma","","","Bone","<a href='https://discovery.nci.nih.gov/cell-lines/cellminercdb/sk-pn-dw_cvcl_1703.html' target='_blank'>details</a>"
"1494","sk-pn-li","","Other","","","","","SKPNETLI","mdaMills","SK-PN-LI","CVCL_A748","sk-pn-li","","","","Other","<a href='https://discovery.nci.nih.gov/cell-lines/cellminercdb/sk-pn-li_cvcl_a748.html' target='_blank'>details</a>"
"1495","sk-rc-20","kidney: renal_cell_carcinoma;kidney","Kidney","Renal Cell Carcinoma (RCC);renal_cell_carcinoma","","","","SK-RC-20;SKRC20","ccle;achilles","SK-RC-20","CVCL_V605","sk-rc-20","renal cell carcinoma","","","Kidney","<a href='https://discovery.nci.nih.gov/cell-lines/cellminercdb/sk-rc-20_cvcl_v605.html' target='_blank'>details</a>"
"1496","sk-rc-31","kidney: renal_cell_carcinoma","Kidney","Renal Cell Carcinoma (RCC)","","","","SK-RC 31","ccle","SK-RC-31","CVCL_6186","sk-rc-31","renal cell carcinoma","","","Kidney","<a href='https://discovery.nci.nih.gov/cell-lines/cellminercdb/sk-rc-31_cvcl_6186.html' target='_blank'>details</a>"
"1497","sk-ut-1","soft_tissue: leiomyosarcoma;Soft Tissue;endometrium;soft_tissue","Soft_Tissue","Leiomyosarcoma (LMS);Leiomyosarcoma;leiomyosarcoma","","","","SK-UT-1;SKUT1","ccle;gdscDec15;prism;achilles;gdsc1;gdsc2","SK-UT-1","CVCL_0533","sk-ut-1","leiomyosarcoma","","","Soft_Tissue","<a href='https://discovery.nci.nih.gov/cell-lines/cellminercdb/sk-ut-1_cvcl_0533.html' target='_blank'>details</a>"
"1498","sk-ut-1b","uterus","Uterus","sarcoma","","","","SKUT1B","mdaMills","SK-UT-1B","CVCL_2250","sk-ut-1b","sarcoma","","","Uterus","<a href='https://discovery.nci.nih.gov/cell-lines/cellminercdb/sk-ut-1b_cvcl_2250.html' target='_blank'>details</a>"
"1499","sk-ut-2","uterus","Uterus","","","","","SKUT2","mdaMills","SK-UT-2","CVCL_IW37","sk-ut-2","","","","Uterus","<a href='https://discovery.nci.nih.gov/cell-lines/cellminercdb/sk-ut-2_cvcl_iw37.html' target='_blank'>details</a>"
"1500","skg-i","endometrium","Uterus","endometrial_squamous","","","","SKGI","achilles","SKG-I","CVCL_2793","skg-i","endometrial squamous","","","Uterus","<a href='https://discovery.nci.nih.gov/cell-lines/cellminercdb/skg-i_cvcl_2793.html' target='_blank'>details</a>"
"1501","skg-ii","endometrium","Uterus","endometrial_squamous","","","","SKGII","achilles","SKG-II","CVCL_2794","skg-ii","endometrial squamous","","","Uterus","<a href='https://discovery.nci.nih.gov/cell-lines/cellminercdb/skg-ii_cvcl_2794.html' target='_blank'>details</a>"
"1502","skg-iiia","CESC;urogenital_system","Cervix","","","","","SKG-IIIa","gdscDec15;gdsc1;gdsc2","SKG-IIIa","CVCL_1704","skg-iiia","","","","Cervix","<a href='https://discovery.nci.nih.gov/cell-lines/cellminercdb/skg-iiia_cvcl_1704.html' target='_blank'>details</a>"
"1503","skm-1","haematopoietic_and_lymphoid_tissue: acute_myeloid_leukaemia;leukemia","Blood;Other","Leukemia (LEUK)","Acute Myeloid Leukemia (AML)","","","SKM-1","ccle;gdscDec15;gdsc1;gdsc2","SKM-1","CVCL_0098","skm-1","leukemia","acute myeloid leukemia","","Blood","<a href='https://discovery.nci.nih.gov/cell-lines/cellminercdb/skm-1_cvcl_0098.html' target='_blank'>details</a>"
"1504","skn","endometrium;urogenital_system","Uterus","endometrial_squamous","","","","SKN","gdscDec15;achilles;gdsc1;gdsc2","SKN","CVCL_3167","skn","endometrial squamous","","","Uterus","<a href='https://discovery.nci.nih.gov/cell-lines/cellminercdb/skn_cvcl_3167.html' target='_blank'>details</a>"
"1505","skn-3","HNSC;aero_dig_tract","Head_Neck","","","","","SKN-3","gdscDec15;gdsc1;gdsc2","SKN-3","CVCL_3168","skn-3","","","","Head_Neck","<a href='https://discovery.nci.nih.gov/cell-lines/cellminercdb/skn-3_cvcl_3168.html' target='_blank'>details</a>"
"1506","skno-1","Lymph","Lymph","","","","","SKNO1","ccle","SKNO-1","CVCL_2196","skno-1","","","","Lymph","<a href='https://discovery.nci.nih.gov/cell-lines/cellminercdb/skno-1_cvcl_2196.html' target='_blank'>details</a>"
"1507","slr20","kidney: renal_cell_carcinoma;kidney","Kidney","Renal Cell Carcinoma (RCC);renal_cell_carcinoma","","","","SLR 20;SLR20","ccle;achilles","SLR20","CVCL_V606","slr20","renal cell carcinoma","","","Kidney","<a href='https://discovery.nci.nih.gov/cell-lines/cellminercdb/slr20_cvcl_v606.html' target='_blank'>details</a>"
"1508","slr21","kidney: renal_cell_carcinoma","Kidney","Renal Cell Carcinoma (RCC)","","","","SLR 21","ccle","SLR21","CVCL_V607","slr21","renal cell carcinoma","","","Kidney","<a href='https://discovery.nci.nih.gov/cell-lines/cellminercdb/slr21_cvcl_v607.html' target='_blank'>details</a>"
"1509","slr23","kidney: renal_cell_carcinoma;kidney","Kidney","Renal Cell Carcinoma (RCC);renal_cell_carcinoma","","","","SLR 23;SLR23","ccle;achilles","SLR23","CVCL_V609","slr23","renal cell carcinoma","","","Kidney","<a href='https://discovery.nci.nih.gov/cell-lines/cellminercdb/slr23_cvcl_v609.html' target='_blank'>details</a>"
"1510","slr24","kidney: renal_cell_carcinoma;kidney","Kidney","Renal Cell Carcinoma (RCC);renal_cell_carcinoma","","","","SLR 24;SLR24","ccle;achilles","SLR24","CVCL_V610","slr24","renal cell carcinoma","","","Kidney","<a href='https://discovery.nci.nih.gov/cell-lines/cellminercdb/slr24_cvcl_v610.html' target='_blank'>details</a>"
"1511","slr25","kidney: renal_cell_carcinoma","Kidney","Renal Cell Carcinoma (RCC)","","","","SLR 25","ccle","SLR25","CVCL_V611","slr25","renal cell carcinoma","","","Kidney","<a href='https://discovery.nci.nih.gov/cell-lines/cellminercdb/slr25_cvcl_v611.html' target='_blank'>details</a>"
"1512","slr26","kidney: renal_cell_carcinoma;kidney","Kidney","Renal Cell Carcinoma (RCC);renal_cell_carcinoma","","","","SLR 26;SLR26","ccle;achilles","SLR26","CVCL_V612","slr26","renal cell carcinoma","","","Kidney","<a href='https://discovery.nci.nih.gov/cell-lines/cellminercdb/slr26_cvcl_v612.html' target='_blank'>details</a>"
"1513","sms-ctr","soft_tissue;sarcoma","Soft_Tissue","rhabdomyosarcoma;sarcoma","embryonal","","","SMSCTR","achilles;mdaMills","SMS-CTR","CVCL_A770","sms-ctr","rhabdomyosarcoma;sarcoma","embryonal","","Soft_Tissue","<a href='https://discovery.nci.nih.gov/cell-lines/cellminercdb/sms-ctr_cvcl_a770.html' target='_blank'>details</a>"
"1514","smz-1","ascites","Lymph","lymphoma_unspecified","","","","SMZ1","achilles","SMZ-1","CVCL_RL84","smz-1","lymphoma unspecified","","","Lymph","<a href='https://discovery.nci.nih.gov/cell-lines/cellminercdb/smz-1_cvcl_rl84.html' target='_blank'>details</a>"
"1515","sn12c","renal;KIRC;kidney","Kidney","Renal Cell Carcinoma (RCC)","","","","RE:SN12C;SN12C","nci60;gdscDec15;mdaMills;gdsc1;gdsc2","SN12C","CVCL_1705","sn12c","renal cell carcinoma","","","Kidney","<a href='https://discovery.nci.nih.gov/cell-lines/cellminercdb/sn12c_cvcl_1705.html' target='_blank'>details</a>"
"1516","snb-19","central nervous system;central_nervous_system: astrocytoma_Grade_IV","Brain_CNS","Diffuse Glioma (DIFG)","Astrocytoma (ASTR)","","","CNS:SNB-19;SNB-19","nci60;ccle","SNB-19","CVCL_0535","snb-19","diffuse glioma","astrocytoma","","Brain_CNS","<a href='https://discovery.nci.nih.gov/cell-lines/cellminercdb/snb-19_cvcl_0535.html' target='_blank'>details</a>"
"1517","snb-75","central nervous system;Brain_CNS;GBM;Central Nervous System;central_nervous_system;nervous_system","Brain_CNS","Glioma;glioma","","","","CNS:SNB-75;SNB75","nci60;ccle;gdscDec15;prism;achilles;mdaMills;gdsc1;gdsc2","SNB-75","CVCL_1706","snb-75","glioma","","","Brain_CNS","<a href='https://discovery.nci.nih.gov/cell-lines/cellminercdb/snb-75_cvcl_1706.html' target='_blank'>details</a>"
"1518","sng-ii","uterus","Uterus","","","","","SNGII","mdaMills","SNG-II","CVCL_3170","sng-ii","","","","Uterus","<a href='https://discovery.nci.nih.gov/cell-lines/cellminercdb/sng-ii_cvcl_3170.html' target='_blank'>details</a>"
"1519","sng-m","endometrium: adenocarcinoma;UCEC;Uterus;lymph_node;urogenital_system","Uterus","Endometrial Carcinoma (UCEC);Endometrial Adenocarcinoma;endometrial_adenocarcinoma","","","","SNG-M;SNGM","ccle;gdscDec15;prism;achilles;mdaMills;gdsc1;gdsc2","SNG-M","CVCL_1707","sng-m","endometrial carcinoma;endometrial adenocarcinoma","","","Uterus","<a href='https://discovery.nci.nih.gov/cell-lines/cellminercdb/sng-m_cvcl_1707.html' target='_blank'>details</a>"
"1520","snu-1","stomach: undifferentiated_adenocarcinoma;STAD;stomach;digestive_system","Esophagus_Stomach","Esophagogastric Adenocarcinoma (EGC);gastric_adenocarcinoma","Stomach Adenocarcinoma (STAD)","","","SNU-1;NCI-SNU-1;SNU1","ccle;gdscDec15;achilles;mdaMills;gdsc1;gdsc2","SNU-1","CVCL_0099","snu-1","esophagogastric adenocarcinoma;gastric adenocarcinoma","stomach adenocarcinoma","","Esophagus_Stomach","<a href='https://discovery.nci.nih.gov/cell-lines/cellminercdb/snu-1_cvcl_0099.html' target='_blank'>details</a>"
"1521","snu-1033","large_intestine: carcinoma;large_intestine","Bowel","colorectal_adenocarcinoma","","","","SNU-1033;SNU1033","ccle;achilles","SNU-1033","CVCL_5002","snu-1033","colorectal adenocarcinoma","","","Bowel","<a href='https://discovery.nci.nih.gov/cell-lines/cellminercdb/snu-1033_cvcl_5002.html' target='_blank'>details</a>"
"1522","snu-1040","large_intestine: carcinoma;large_intestine","Bowel","","","","","SNU-1040","ccle;gdscDec15;gdsc1;gdsc2","SNU-1040","CVCL_5003","snu-1040","","","","Bowel","<a href='https://discovery.nci.nih.gov/cell-lines/cellminercdb/snu-1040_cvcl_5003.html' target='_blank'>details</a>"
"1523","snu-1041","upper_aerodigestive_tract: carcinoma;Head_Neck;upper_aerodigestive_tract","Head_Neck","Head_Neck Squamous;upper_aerodigestive_squamous","Hypopharyngeal;hypopharyngeal","","","SNU-1041;SNU1041","ccle;prism;achilles","SNU-1041","CVCL_L085","snu-1041","head neck squamous;upper aerodigestive squamous","hypopharyngeal","","Head_Neck","<a href='https://discovery.nci.nih.gov/cell-lines/cellminercdb/snu-1041_cvcl_l085.html' target='_blank'>details</a>"
"1524","snu-1066","upper_aerodigestive_tract: squamous_cell_carcinoma;Head_Neck;upper_aerodigestive_tract","Head_Neck","Head_Neck Squamous;upper_aerodigestive_squamous","","","","SNU-1066;SNU1066","ccle;prism;achilles","SNU-1066","CVCL_5005","snu-1066","head neck squamous;upper aerodigestive squamous","","","Head_Neck","<a href='https://discovery.nci.nih.gov/cell-lines/cellminercdb/snu-1066_cvcl_5005.html' target='_blank'>details</a>"
"1525","snu-1076","upper_aerodigestive_tract: squamous_cell_carcinoma;Head_Neck;upper_aerodigestive_tract","Head_Neck","Head_Neck Squamous;upper_aerodigestive_squamous","Laryngeal;laryngeal","","","SNU-1076;SNU1076","ccle;prism;achilles","SNU-1076","CVCL_5006","snu-1076","head neck squamous;upper aerodigestive squamous","laryngeal","","Head_Neck","<a href='https://discovery.nci.nih.gov/cell-lines/cellminercdb/snu-1076_cvcl_5006.html' target='_blank'>details</a>"
"1526","snu-1077","endometrium: carcinosarcoma-malignant_mesodermal_mixed_tumour;Uterus;endometrium","Uterus","Endometrial carcinoma;Mullerian Carcinoma;mullerian_carcinoma","Uterine Carcinosarcoma / Uterine Malignant Mixed Mullerian Tumor (UCS);","","","SNU-1077;SNU1077","ccle;prism;achilles","SNU-1077","CVCL_5007","snu-1077","endometrial carcinoma;mullerian carcinoma","uterine carcinosarcoma / uterine malignant mixed mullerian tumor;","","Uterus","<a href='https://discovery.nci.nih.gov/cell-lines/cellminercdb/snu-1077_cvcl_5007.html' target='_blank'>details</a>"
"1527","snu-1079","biliary_tract: carcinoma;Bile Duct;biliary_tract","Biliary_Tract","Cholangiocarcinoma;cholangiocarcinoma","Intrahepatic;intrahepatic","","","SNU-1079;SNU1079","ccle;prism;achilles","SNU-1079","CVCL_5008","snu-1079","cholangiocarcinoma","intrahepatic","","Biliary_Tract","<a href='https://discovery.nci.nih.gov/cell-lines/cellminercdb/snu-1079_cvcl_5008.html' target='_blank'>details</a>"
"1528","snu-1105","central_nervous_system: astrocytoma_Grade_IV;Central Nervous System;central_nervous_system","Brain_CNS","Diffuse Glioma (DIFG);Glioma;glioma","Astrocytoma (ASTR);Glioblastoma;glioblastoma","","","SNU-1105;SNU1105","ccle;prism;achilles","SNU-1105","CVCL_5010","snu-1105","diffuse glioma;glioma","astrocytoma;glioblastoma","","Brain_CNS","<a href='https://discovery.nci.nih.gov/cell-lines/cellminercdb/snu-1105_cvcl_5010.html' target='_blank'>details</a>"
"1529","snu-119","ovary: adenocarcinoma","Ovary","Ovarian Epithelial Tumor (OVT)","","","","SNU-119","ccle","SNU-119","CVCL_5014","snu-119","ovarian epithelial tumor","","","Ovary","<a href='https://discovery.nci.nih.gov/cell-lines/cellminercdb/snu-119_cvcl_5014.html' target='_blank'>details</a>"
"1530","snu-1196","biliary_tract: carcinoma;Bile Duct;biliary_tract;Hilar cholangiocarcinoma","Biliary_Tract","Cholangiocarcinoma;cholangiocarcinoma","Extrahepatic;extrahepatic","","","SNU-1196;SNU1196","ccle;prism;achilles;ancats","SNU-1196","CVCL_5015","snu-1196","cholangiocarcinoma","extrahepatic","","Biliary_Tract","<a href='https://discovery.nci.nih.gov/cell-lines/cellminercdb/snu-1196_cvcl_5015.html' target='_blank'>details</a>"
"1531","snu-1197","large_intestine: carcinoma","Bowel","","","","","SNU-1197","ccle","SNU-1197","CVCL_5016","snu-1197","","","","Bowel","<a href='https://discovery.nci.nih.gov/cell-lines/cellminercdb/snu-1197_cvcl_5016.html' target='_blank'>details</a>"
"1532","snu-1214","upper_aerodigestive_tract: squamous_cell_carcinoma;Head_Neck","Head_Neck","Head_Neck Squamous","Laryngeal","","","SNU-1214;SNU1214","ccle;prism","SNU-1214","CVCL_5017","snu-1214","head neck squamous","laryngeal","","Head_Neck","<a href='https://discovery.nci.nih.gov/cell-lines/cellminercdb/snu-1214_cvcl_5017.html' target='_blank'>details</a>"
"1533","snu-1272","kidney: clear_cell_renal_cell_carcinoma","Kidney","Renal Cell Carcinoma (RCC)","Renal Clear Cell Carcinoma (CCRCC)","","","SNU-1272","ccle","SNU-1272","CVCL_8788","snu-1272","renal cell carcinoma","renal clear cell carcinoma","","Kidney","<a href='https://discovery.nci.nih.gov/cell-lines/cellminercdb/snu-1272_cvcl_8788.html' target='_blank'>details</a>"
"1534","snu-1544","large_intestine","Bowel","colorectal_adenocarcinoma","","","","SNU1544","achilles","SNU-1544","CVCL_5027","snu-1544","colorectal adenocarcinoma","","","Bowel","<a href='https://discovery.nci.nih.gov/cell-lines/cellminercdb/snu-1544_cvcl_5027.html' target='_blank'>details</a>"
"1535","snu-16","stomach: undifferentiated_adenocarcinoma;STAD;ascites;digestive_system","Esophagus_Stomach","Esophagogastric Adenocarcinoma (EGC);gastric_adenocarcinoma","Stomach Adenocarcinoma (STAD)","","","SNU-16;NCI-SNU-16;SNU16","ccle;gdscDec15;achilles;mdaMills;gdsc1;gdsc2","SNU-16","CVCL_0076","snu-16","esophagogastric adenocarcinoma;gastric adenocarcinoma","stomach adenocarcinoma","","Esophagus_Stomach","<a href='https://discovery.nci.nih.gov/cell-lines/cellminercdb/snu-16_cvcl_0076.html' target='_blank'>details</a>"
"1536","snu-175","large_intestine: carcinoma;large_intestine","Bowel","","","","","SNU-175","ccle;gdscDec15;gdsc1;gdsc2","SNU-175","CVCL_5031","snu-175","","","","Bowel","<a href='https://discovery.nci.nih.gov/cell-lines/cellminercdb/snu-175_cvcl_5031.html' target='_blank'>details</a>"
"1537","snu-182","liver: hepatocellular_carcinoma;liver","Liver","Hepatocellular Carcinoma (HCC);hepatocellular_carcinoma","","","","SNU-182;SNU182","ccle;gdscDec15;achilles","SNU-182","CVCL_0090","snu-182","hepatocellular carcinoma","","","Liver","<a href='https://discovery.nci.nih.gov/cell-lines/cellminercdb/snu-182_cvcl_0090.html' target='_blank'>details</a>"
"1538","snu-201","central_nervous_system: astrocytoma_Grade_IV;central_nervous_system","Brain_CNS","Diffuse Glioma (DIFG);glioma","Astrocytoma (ASTR);glioblastoma","","","SNU-201;SNU201","ccle;achilles","SNU-201","CVCL_5033","snu-201","diffuse glioma;glioma","astrocytoma;glioblastoma","","Brain_CNS","<a href='https://discovery.nci.nih.gov/cell-lines/cellminercdb/snu-201_cvcl_5033.html' target='_blank'>details</a>"
"1539","snu-213","pancreas: carcinoma;Pancreas;pancreas","Pancreas","Exocrine;exocrine","Exocrine Adenocarcinoma;exocrine_adenocarcinoma","","","SNU-213;SNU213","ccle;prism;achilles","SNU-213","CVCL_5034","snu-213","exocrine","exocrine adenocarcinoma","","Pancreas","<a href='https://discovery.nci.nih.gov/cell-lines/cellminercdb/snu-213_cvcl_5034.html' target='_blank'>details</a>"
"1540","snu-216","stomach: carcinoma;lymph_node","Esophagus_Stomach","gastric_adenocarcinoma","tubular","","","SNU-216;SNU216","ccle;achilles","SNU-216","CVCL_3946","snu-216","gastric adenocarcinoma","tubular","","Esophagus_Stomach","<a href='https://discovery.nci.nih.gov/cell-lines/cellminercdb/snu-216_cvcl_3946.html' target='_blank'>details</a>"
"1541","snu-245","biliary_tract: carcinoma;Bile Duct","Biliary_Tract","Cholangiocarcinoma","Extrahepatic","","","SNU-245;SNU245","ccle;prism","SNU-245","CVCL_5038","snu-245","cholangiocarcinoma","extrahepatic","","Biliary_Tract","<a href='https://discovery.nci.nih.gov/cell-lines/cellminercdb/snu-245_cvcl_5038.html' target='_blank'>details</a>"
"1542","snu-283","large_intestine: carcinoma;large_intestine","Bowel","Colorectal Adenocarcinoma;Colorectal Adenocarcinoma","","","","SNU-283","ccle;gdscDec15;gdsc2","SNU-283","CVCL_5044","snu-283","colorectal adenocarcinoma;colorectal adenocarcinoma","","","Bowel","<a href='https://discovery.nci.nih.gov/cell-lines/cellminercdb/snu-283_cvcl_5044.html' target='_blank'>details</a>"
"1543","snu-308","biliary_tract: carcinoma;Bile Duct;biliary_tract","Biliary_Tract","Gallbladder Adenocarcinoma;gallbladder_adenocarcinoma","","","","SNU-308;SNU308","ccle;prism;achilles","SNU-308","CVCL_5048","snu-308","gallbladder adenocarcinoma","","","Biliary_Tract","<a href='https://discovery.nci.nih.gov/cell-lines/cellminercdb/snu-308_cvcl_5048.html' target='_blank'>details</a>"
"1544","snu-324","pancreas: carcinoma","Pancreas","","","","","SNU-324","ccle","SNU-324","CVCL_5051","snu-324","","","","Pancreas","<a href='https://discovery.nci.nih.gov/cell-lines/cellminercdb/snu-324_cvcl_5051.html' target='_blank'>details</a>"
"1545","snu-349","kidney: clear_cell_renal_cell_carcinoma;kidney","Kidney","Renal Cell Carcinoma (RCC);renal_cell_carcinoma","Renal Clear Cell Carcinoma (CCRCC);clear_cell","","","SNU-349;SNU349","ccle;achilles","SNU-349","CVCL_5054","snu-349","renal cell carcinoma","renal clear cell carcinoma;clear cell","","Kidney","<a href='https://discovery.nci.nih.gov/cell-lines/cellminercdb/snu-349_cvcl_5054.html' target='_blank'>details</a>"
"1546","snu-387","liver: hepatocellular_carcinoma;liver;digestive_system","Liver","Hepatocellular Carcinoma (HCC);hepatocellular_carcinoma","","","","SNU-387;SNU387","ccle;gdscDec15;achilles;mdaMills;gdsc1;gdsc2","SNU-387","CVCL_0250","snu-387","hepatocellular carcinoma","","","Liver","<a href='https://discovery.nci.nih.gov/cell-lines/cellminercdb/snu-387_cvcl_0250.html' target='_blank'>details</a>"
"1547","snu-398","liver: hepatocellular_carcinoma;Liver;liver;digestive_system","Liver","Hepatocellular Carcinoma (HCC);Hepatocellular Carcinoma;hepatocellular_carcinoma","","","","SNU-398;SNU398","ccle;gdscDec15;prism;achilles;mdaMills;gdsc1;gdsc2","SNU-398","CVCL_0077","snu-398","hepatocellular carcinoma","","","Liver","<a href='https://discovery.nci.nih.gov/cell-lines/cellminercdb/snu-398_cvcl_0077.html' target='_blank'>details</a>"
"1548","snu-407","large_intestine: carcinoma;Colorectal;large_intestine","Bowel","Colorectal Adenocarcinoma","","MSI","","SNU-407;SNU407","ccle;gdscDec15;prism;gdsc1;gdsc2","SNU-407","CVCL_5058","snu-407","colorectal adenocarcinoma","","msi","Bowel","<a href='https://discovery.nci.nih.gov/cell-lines/cellminercdb/snu-407_cvcl_5058.html' target='_blank'>details</a>"
"1549","snu-410","pancreas: carcinoma;Pancreas;liver","Pancreas","Exocrine;exocrine","Exocrine Adenocarcinoma;exocrine_adenocarcinoma","","","SNU-410;SNU410","ccle;prism;achilles","SNU-410","CVCL_5059","snu-410","exocrine","exocrine adenocarcinoma","","Pancreas","<a href='https://discovery.nci.nih.gov/cell-lines/cellminercdb/snu-410_cvcl_5059.html' target='_blank'>details</a>"
"1550","snu-423","liver: hepatocellular_carcinoma;Liver;liver;digestive_system","Liver","Hepatocellular Carcinoma (HCC);Hepatocellular Carcinoma;hepatocellular_carcinoma","","","","SNU-423;SNU423","ccle;gdscDec15;prism;achilles;mdaMills;gdsc1;gdsc2","SNU-423","CVCL_0366","snu-423","hepatocellular carcinoma","","","Liver","<a href='https://discovery.nci.nih.gov/cell-lines/cellminercdb/snu-423_cvcl_0366.html' target='_blank'>details</a>"
"1551","snu-449","liver: hepatocellular_carcinoma;Liver;liver;digestive_system","Liver","Hepatocellular Carcinoma (HCC);Hepatocellular Carcinoma;hepatocellular_carcinoma","","","","SNU-449;SNU449","ccle;gdscDec15;prism;achilles;mdaMills;gdsc1;gdsc2","SNU-449","CVCL_0454","snu-449","hepatocellular carcinoma","","","Liver","<a href='https://discovery.nci.nih.gov/cell-lines/cellminercdb/snu-449_cvcl_0454.html' target='_blank'>details</a>"
"1552","snu-46","upper_aerodigestive_tract: squamous_cell_carcinoma;Head_Neck;upper_aerodigestive_tract","Head_Neck","Head_Neck Squamous;upper_aerodigestive_squamous","Laryngeal;laryngeal","","","SNU-46;SNU46","ccle;prism;achilles","SNU-46","CVCL_5063","snu-46","head neck squamous;upper aerodigestive squamous","laryngeal","","Head_Neck","<a href='https://discovery.nci.nih.gov/cell-lines/cellminercdb/snu-46_cvcl_5063.html' target='_blank'>details</a>"
"1553","snu-466","central_nervous_system: astrocytoma_Grade_IV;Central Nervous System","Brain_CNS","Diffuse Glioma (DIFG);Glioma","Astrocytoma (ASTR);Glioblastoma","","","SNU-466;SNU466","ccle;prism","SNU-466","CVCL_5064","snu-466","diffuse glioma;glioma","astrocytoma;glioblastoma","","Brain_CNS","<a href='https://discovery.nci.nih.gov/cell-lines/cellminercdb/snu-466_cvcl_5064.html' target='_blank'>details</a>"
"1554","snu-475","liver: hepatocellular_carcinoma;liver;digestive_system","Liver","Hepatocellular Carcinoma (HCC);hepatocellular_carcinoma","","","","SNU-475;SNU475","ccle;gdscDec15;achilles;mdaMills;gdsc1","SNU-475","CVCL_0497","snu-475","hepatocellular carcinoma","","","Liver","<a href='https://discovery.nci.nih.gov/cell-lines/cellminercdb/snu-475_cvcl_0497.html' target='_blank'>details</a>"
"1555","snu-478","biliary_tract: carcinoma;biliary_tract","Biliary_Tract","cholangiocarcinoma","extrahepatic","","","SNU-478;SNU478","ccle;achilles","SNU-478","CVCL_5065","snu-478","cholangiocarcinoma","extrahepatic","","Biliary_Tract","<a href='https://discovery.nci.nih.gov/cell-lines/cellminercdb/snu-478_cvcl_5065.html' target='_blank'>details</a>"
"1556","snu-489","central_nervous_system: astrocytoma_Grade_IV","Brain_CNS","Diffuse Glioma (DIFG)","Astrocytoma (ASTR)","","","SNU-489","ccle","SNU-489","CVCL_5069","snu-489","diffuse glioma","astrocytoma","","Brain_CNS","<a href='https://discovery.nci.nih.gov/cell-lines/cellminercdb/snu-489_cvcl_5069.html' target='_blank'>details</a>"
"1557","snu-5","stomach: undifferentiated_adenocarcinoma;STAD;digestive_system","Esophagus_Stomach","Esophagogastric Adenocarcinoma (EGC)","Stomach Adenocarcinoma (STAD)","","","SNU-5;NCI-SNU-5;SNU5","ccle;gdscDec15;mdaMills;gdsc1;gdsc2","SNU-5","CVCL_0078","snu-5","esophagogastric adenocarcinoma","stomach adenocarcinoma","","Esophagus_Stomach","<a href='https://discovery.nci.nih.gov/cell-lines/cellminercdb/snu-5_cvcl_0078.html' target='_blank'>details</a>"
"1558","snu-503","large_intestine: carcinoma;abdomen","Bowel","colorectal_adenocarcinoma","","","","SNU-503;SNU503","ccle;achilles","SNU-503","CVCL_5071","snu-503","colorectal adenocarcinoma","","","Bowel","<a href='https://discovery.nci.nih.gov/cell-lines/cellminercdb/snu-503_cvcl_5071.html' target='_blank'>details</a>"
"1559","snu-520","stomach: carcinoma","Esophagus_Stomach","","","","","SNU-520","ccle","SNU-520","CVCL_5072","snu-520","","","","Esophagus_Stomach","<a href='https://discovery.nci.nih.gov/cell-lines/cellminercdb/snu-520_cvcl_5072.html' target='_blank'>details</a>"
"1560","snu-601","stomach: carcinoma;Gastric;ascites","Esophagus_Stomach","Gastric Adenocarcinoma;gastric_adenocarcinoma","Signet Ring Cell;signet_ring_cell","","","SNU-601;SNU601","ccle;prism;achilles","SNU-601","CVCL_0101","snu-601","gastric adenocarcinoma","signet ring cell","","Esophagus_Stomach","<a href='https://discovery.nci.nih.gov/cell-lines/cellminercdb/snu-601_cvcl_0101.html' target='_blank'>details</a>"
"1561","snu-61","large_intestine: carcinoma;Colorectal;large_intestine","Bowel","Colorectal Adenocarcinoma","","","","SNU-61;SNU61","ccle;gdscDec15;prism;gdsc1;gdsc2","SNU-61","CVCL_5078","snu-61","colorectal adenocarcinoma","","","Bowel","<a href='https://discovery.nci.nih.gov/cell-lines/cellminercdb/snu-61_cvcl_5078.html' target='_blank'>details</a>"
"1562","snu-620","stomach: carcinoma","Esophagus_Stomach","","","","","SNU-620","ccle","SNU-620","CVCL_5079","snu-620","","","","Esophagus_Stomach","<a href='https://discovery.nci.nih.gov/cell-lines/cellminercdb/snu-620_cvcl_5079.html' target='_blank'>details</a>"
"1563","snu-626","central_nervous_system: astrocytoma_Grade_IV;central_nervous_system","Brain_CNS","Diffuse Glioma (DIFG);glioma","Astrocytoma (ASTR);glioblastoma","","","SNU-626;SNU626","ccle;achilles","SNU-626","CVCL_5080","snu-626","diffuse glioma;glioma","astrocytoma;glioblastoma","","Brain_CNS","<a href='https://discovery.nci.nih.gov/cell-lines/cellminercdb/snu-626_cvcl_5080.html' target='_blank'>details</a>"
"1564","snu-638","ascites","Esophagus_Stomach","gastric_adenocarcinoma","","","","SNU638","achilles","SNU-638","CVCL_0102","snu-638","gastric adenocarcinoma","","","Esophagus_Stomach","<a href='https://discovery.nci.nih.gov/cell-lines/cellminercdb/snu-638_cvcl_0102.html' target='_blank'>details</a>"
"1565","snu-668","stomach: signet_ring_adenocarcinoma;Gastric;ascites","Esophagus_Stomach","Esophagogastric Adenocarcinoma (EGC);Gastric Adenocarcinoma;gastric_adenocarcinoma","Stomach Adenocarcinoma (STAD);Diffuse Gastric;diffuse_gastric","","","SNU-668;SNU668","ccle;prism;achilles","SNU-668","CVCL_5081","snu-668","esophagogastric adenocarcinoma;gastric adenocarcinoma","stomach adenocarcinoma;diffuse gastric","","Esophagus_Stomach","<a href='https://discovery.nci.nih.gov/cell-lines/cellminercdb/snu-668_cvcl_5081.html' target='_blank'>details</a>"
"1566","snu-685","endometrium: carcinosarcoma-malignant_mesodermal_mixed_tumour;Uterus;endometrium","Uterus","Endometrial carcinoma;MMMT","Uterine Carcinosarcoma / Uterine Malignant Mixed Mullerian Tumor (UCS);","","","SNU-685;SNU685","ccle;prism;achilles","SNU-685","CVCL_5083","snu-685","endometrial carcinoma;mmmt","uterine carcinosarcoma / uterine malignant mixed mullerian tumor;","","Uterus","<a href='https://discovery.nci.nih.gov/cell-lines/cellminercdb/snu-685_cvcl_5083.html' target='_blank'>details</a>"
"1567","snu-719","stomach: carcinoma;Gastric;stomach","Esophagus_Stomach","Gastric Adenocarcinoma;gastric_adenocarcinoma","Tubular;tubular","","","SNU-719;SNU719","ccle;prism;achilles","SNU-719","CVCL_5086","snu-719","gastric adenocarcinoma","tubular","","Esophagus_Stomach","<a href='https://discovery.nci.nih.gov/cell-lines/cellminercdb/snu-719_cvcl_5086.html' target='_blank'>details</a>"
"1568","snu-738","central_nervous_system: oligodendroglioma;central_nervous_system","Brain_CNS","Diffuse Glioma (DIFG);glioma","Oligodendroglioma (ODG);oligodendroglioma","","","SNU-738;SNU738","ccle;achilles","SNU-738","CVCL_5087","snu-738","diffuse glioma;glioma","oligodendroglioma","","Brain_CNS","<a href='https://discovery.nci.nih.gov/cell-lines/cellminercdb/snu-738_cvcl_5087.html' target='_blank'>details</a>"
"1569","snu-761","liver: hepatocellular_carcinoma;Liver;liver","Liver","Hepatocellular Carcinoma (HCC);Hepatocellular Carcinoma;hepatocellular_carcinoma","","","","SNU-761;SNU761","ccle;prism;achilles","SNU-761","CVCL_5089","snu-761","hepatocellular carcinoma","","","Liver","<a href='https://discovery.nci.nih.gov/cell-lines/cellminercdb/snu-761_cvcl_5089.html' target='_blank'>details</a>"
"1570","snu-8","ovary: adenocarcinoma;ascites","Ovary","Ovarian Epithelial Tumor (OVT);ovary_adenocarcinoma","high_grade_serous","","","SNU-8;SNU8","ccle;achilles","SNU-8","CVCL_5096","snu-8","ovarian epithelial tumor;ovary adenocarcinoma","high grade serous","","Ovary","<a href='https://discovery.nci.nih.gov/cell-lines/cellminercdb/snu-8_cvcl_5096.html' target='_blank'>details</a>"
"1571","snu-81","large_intestine: carcinoma;Colorectal;large_intestine","Bowel","Colorectal Adenocarcinoma","","","","SNU-81;SNU81","ccle;gdscDec15;prism;gdsc1;gdsc2","SNU-81","CVCL_5098","snu-81","colorectal adenocarcinoma","","","Bowel","<a href='https://discovery.nci.nih.gov/cell-lines/cellminercdb/snu-81_cvcl_5098.html' target='_blank'>details</a>"
"1572","snu-840","ovary: Brenner_tumour;Ovary;ovary","Ovary","Ovarian Epithelial Tumor (OVT);Brenner Tumor;brenner_tumor","Brenner Tumor (BTOV);","","","SNU-840;SNU840","ccle;prism;achilles","SNU-840","CVCL_5100","snu-840","ovarian epithelial tumor;brenner tumor","brenner tumor;","","Ovary","<a href='https://discovery.nci.nih.gov/cell-lines/cellminercdb/snu-840_cvcl_5100.html' target='_blank'>details</a>"
"1573","snu-869","biliary_tract: carcinoma;Bile Duct;biliary_tract","Biliary_Tract","Cholangiocarcinoma;cholangiocarcinoma","Extrahepatic;extrahepatic","","","SNU-869;SNU869","ccle;prism;achilles","SNU-869","CVCL_5101","snu-869","cholangiocarcinoma","extrahepatic","","Biliary_Tract","<a href='https://discovery.nci.nih.gov/cell-lines/cellminercdb/snu-869_cvcl_5101.html' target='_blank'>details</a>"
"1574","snu-878","liver: hepatocellular_carcinoma","Liver","Hepatocellular Carcinoma (HCC)","","","","SNU-878","ccle","SNU-878","CVCL_5102","snu-878","hepatocellular carcinoma","","","Liver","<a href='https://discovery.nci.nih.gov/cell-lines/cellminercdb/snu-878_cvcl_5102.html' target='_blank'>details</a>"
"1575","snu-886","liver: hepatocellular_carcinoma;Liver;liver","Liver","Hepatocellular Carcinoma (HCC);Hepatocellular Carcinoma;hepatocellular_carcinoma","","","","SNU-886;SNU886","ccle;prism;achilles","SNU-886","CVCL_5103","snu-886","hepatocellular carcinoma","","","Liver","<a href='https://discovery.nci.nih.gov/cell-lines/cellminercdb/snu-886_cvcl_5103.html' target='_blank'>details</a>"
"1576","snu-899","upper_aerodigestive_tract: squamous_cell_carcinoma","Head_Neck","","","","","SNU-899","ccle","SNU-899","CVCL_5105","snu-899","","","","Head_Neck","<a href='https://discovery.nci.nih.gov/cell-lines/cellminercdb/snu-899_cvcl_5105.html' target='_blank'>details</a>"
"1577","snu-c1","large_intestine: adenocarcinoma;large_intestine","Bowel","Colorectal Adenocarcinoma (COADREAD)","","","","SNU-C1;SNUC1","ccle;gdscDec15;mdaMills;gdsc1;gdsc2","SNU-C1","CVCL_1708","snu-c1","colorectal adenocarcinoma","","","Bowel","<a href='https://discovery.nci.nih.gov/cell-lines/cellminercdb/snu-c1_cvcl_1708.html' target='_blank'>details</a>"
"1578","snu-c2a","large_intestine: adenocarcinoma;Colorectal","Bowel","Colorectal Adenocarcinoma (COADREAD);Colorectal Adenocarcinoma","","MSI","","SNU-C2A;SNUC2A","ccle;prism","SNU-C2A","CVCL_1709","snu-c2a","colorectal adenocarcinoma","","msi","Bowel","<a href='https://discovery.nci.nih.gov/cell-lines/cellminercdb/snu-c2a_cvcl_1709.html' target='_blank'>details</a>"
"1579","snu-c2b","colon;large_intestine","Bowel","","","","","SNU-C2B;SNUC2B","gdscDec15;mdaMills;gdsc1;gdsc2","SNU-C2B","CVCL_1710","snu-c2b","","","","Bowel","<a href='https://discovery.nci.nih.gov/cell-lines/cellminercdb/snu-c2b_cvcl_1710.html' target='_blank'>details</a>"
"1580","snu-c4","large_intestine: adenocarcinoma;Colorectal;large_intestine","Bowel","Colorectal Adenocarcinoma (COADREAD);Colorectal Adenocarcinoma;colorectal_adenocarcinoma","","MSI","","SNU-C4;SNUC4","ccle;prism;achilles","SNU-C4","CVCL_5111","snu-c4","colorectal adenocarcinoma","","msi","Bowel","<a href='https://discovery.nci.nih.gov/cell-lines/cellminercdb/snu-c4_cvcl_5111.html' target='_blank'>details</a>"
"1581","snu-c5","large_intestine: adenocarcinoma;Colorectal;large_intestine","Bowel","Colorectal Adenocarcinoma (COADREAD);Colorectal Adenocarcinoma","","","","SNU-C5;SNUC5","ccle;gdscDec15;prism;gdsc1;gdsc2","SNU-C5","CVCL_5112","snu-c5","colorectal adenocarcinoma","","","Bowel","<a href='https://discovery.nci.nih.gov/cell-lines/cellminercdb/snu-c5_cvcl_5112.html' target='_blank'>details</a>"
"1582","spac-1-l","uterus","Uterus","","","","","SPAC1L","mdaMills","SPAC-1-L","CVCL_IW47","spac-1-l","","","","Uterus","<a href='https://discovery.nci.nih.gov/cell-lines/cellminercdb/spac-1-l_cvcl_iw47.html' target='_blank'>details</a>"
"1583","sq-1","lung: squamous_cell_carcinoma;Lung","Lung","Non-Small Cell Lung Cancer (NSCLC);NSCLC","Lung Squamous Cell Carcinoma (LUSC);NSCLC Squamous","","","Sq-1;SQ1","ccle;prism","Sq-1","CVCL_4900","sq-1","non-small cell lung cancer;nsclc","lung squamous cell carcinoma;nsclc squamous","","Lung","<a href='https://discovery.nci.nih.gov/cell-lines/cellminercdb/sq-1_cvcl_4900.html' target='_blank'>details</a>"
"1584","sqccy1","head and neck","Head_Neck","","","","","SQCCY1","mdaMills","SqCC/Y1","CVCL_0551","sqccy1","","","","Head_Neck","<a href='https://discovery.nci.nih.gov/cell-lines/cellminercdb/sqccy1_cvcl_0551.html' target='_blank'>details</a>"
"1585","sr","leukemia;blood;lymphoma","Blood;Lymph","","","","","LE:SR;SR","nci60;gdscDec15;mdaMills;gdsc1;gdsc2","SR","CVCL_1711","sr","","","","Blood;Lymph","<a href='https://discovery.nci.nih.gov/cell-lines/cellminercdb/sr_cvcl_1711.html' target='_blank'>details</a>"
"1586","ssp-25","biliary_tract","Biliary_Tract","cholangiocarcinoma","intrahepatic","","","SSP25","achilles","SSP-25","CVCL_4902","ssp-25","cholangiocarcinoma","intrahepatic","","Biliary_Tract","<a href='https://discovery.nci.nih.gov/cell-lines/cellminercdb/ssp-25_cvcl_4902.html' target='_blank'>details</a>"
"1587","st486","haematopoietic_and_lymphoid_tissue: Burkitt_lymphoma;lymphoma","Lymph","Non-Hodgkin's Lymphoma (NHL)","B-Cell Lymphoma (BCL)","Burkitt Lymphoma (BL)","","ST486","ccle;gdscDec15;gdsc1;gdsc2","ST486","CVCL_1712","st486","non-hodgkin's lymphoma","b-cell lymphoma","burkitt lymphoma","Lymph","<a href='https://discovery.nci.nih.gov/cell-lines/cellminercdb/st486_cvcl_1712.html' target='_blank'>details</a>"
"1588","stm91-01","Soft_Tissue","Soft_Tissue","","","","","STM9101","ccle","STM91-01","CVCL_8000","stm91-01","","","","Soft_Tissue","<a href='https://discovery.nci.nih.gov/cell-lines/cellminercdb/stm91-01_cvcl_8000.html' target='_blank'>details</a>"
"1589","sts-0421","soft_tissue","Soft_Tissue","","","","","STS-0421","gdscDec15;gdsc1;gdsc2","STS-0421","CVCL_X508","sts-0421","","","","Soft_Tissue","<a href='https://discovery.nci.nih.gov/cell-lines/cellminercdb/sts-0421_cvcl_x508.html' target='_blank'>details</a>"
"1590","su-dhl-1","haematopoietic_and_lymphoid_tissue: anaplastic_large_cell_lymphoma;lymphoma;Anaplastic large cell lymphoma, ALK-positive","Lymph","Non-Hodgkin's Lymphoma (NHL)","T-Cell and Natural Killer Lymphoma (TNKL)","Anaplastic Large Cell Lymphoma (ALCL)","","SU-DHL-1","ccle;gdscDec15;gdsc1;gdsc2;ancats","SU-DHL-1","CVCL_0538","su-dhl-1","non-hodgkin's lymphoma","t-cell and natural killer lymphoma","anaplastic large cell lymphoma","Lymph","<a href='https://discovery.nci.nih.gov/cell-lines/cellminercdb/su-dhl-1_cvcl_0538.html' target='_blank'>details</a>"
"1591","su-dhl-10","haematopoietic_and_lymphoid_tissue: diffuse_large_B_cell_lymphoma;pleural_effusion;lymphoma","Lymph;Blood","Non-Hodgkin's Lymphoma (NHL);non_hodgkin_lymphoma","B-Cell Lymphoma (BCL);DLBCL","Diffuse Large B-Cell Lymphoma (DLBCL)","","SU-DHL-10;SUDHL10","ccle;gdscDec15;achilles;mdaMills;gdsc1;gdsc2","SU-DHL-10","CVCL_1889","su-dhl-10","non-hodgkin's lymphoma;non hodgkin lymphoma","b-cell lymphoma;dlbcl","diffuse large b-cell lymphoma","Lymph;Blood","<a href='https://discovery.nci.nih.gov/cell-lines/cellminercdb/su-dhl-10_cvcl_1889.html' target='_blank'>details</a>"
"1592","su-dhl-16","blood;lymphoma","Blood","","","","","SU-DHL-16;SUDHL16","gdscDec15;mdaMills;gdsc1;gdsc2","SU-DHL-16","CVCL_1890","su-dhl-16","","","","Blood","<a href='https://discovery.nci.nih.gov/cell-lines/cellminercdb/su-dhl-16_cvcl_1890.html' target='_blank'>details</a>"
"1593","su-dhl-2","Diffuse large B-cell lymphoma activated B-cell type","Lymph","","","","","SU-DHL-2","ancats","SU-DHL-2","CVCL_9550","su-dhl-2","","","","Lymph","<a href='https://discovery.nci.nih.gov/cell-lines/cellminercdb/su-dhl-2_cvcl_9550.html' target='_blank'>details</a>"
"1594","su-dhl-4","haematopoietic_and_lymphoid_tissue: diffuse_large_B_cell_lymphoma;pleural_effusion;lymphoma;Diffuse large B-cell lymphoma germinal center B-cell type","Lymph;Blood","Non-Hodgkin's Lymphoma (NHL);non_hodgkin_lymphoma","B-Cell Lymphoma (BCL);DLBCL","Diffuse Large B-Cell Lymphoma (DLBCL)","","SU-DHL-4;SUDHL4","ccle;gdscDec15;achilles;mdaMills;gdsc1;gdsc2;ancats","SU-DHL-4","CVCL_0539","su-dhl-4","non-hodgkin's lymphoma;non hodgkin lymphoma","b-cell lymphoma;dlbcl","diffuse large b-cell lymphoma","Lymph;Blood","<a href='https://discovery.nci.nih.gov/cell-lines/cellminercdb/su-dhl-4_cvcl_0539.html' target='_blank'>details</a>"
"1595","su-dhl-5","haematopoietic_and_lymphoid_tissue: diffuse_large_B_cell_lymphoma;lymphoma;Diffuse large B-cell lymphoma germinal center B-cell type","Lymph;Blood","Non-Hodgkin's Lymphoma (NHL)","B-Cell Lymphoma (BCL)","Diffuse Large B-Cell Lymphoma (DLBCL)","","SU-DHL-5;SUDHL5","ccle;gdscDec15;mdaMills;gdsc1;gdsc2;ancats","SU-DHL-5","CVCL_1735","su-dhl-5","non-hodgkin's lymphoma","b-cell lymphoma","diffuse large b-cell lymphoma","Lymph;Blood","<a href='https://discovery.nci.nih.gov/cell-lines/cellminercdb/su-dhl-5_cvcl_1735.html' target='_blank'>details</a>"
"1596","su-dhl-6","haematopoietic_and_lymphoid_tissue: diffuse_large_B_cell_lymphoma;lymphoma;Diffuse large B-cell lymphoma germinal center B-cell type","Lymph;Blood","Non-Hodgkin's Lymphoma (NHL)","B-Cell Lymphoma (BCL)","Diffuse Large B-Cell Lymphoma (DLBCL)","","SU-DHL-6;SUDHL6","ccle;gdscDec15;mdaMills;gdsc1;gdsc2;ancats","SU-DHL-6","CVCL_2206","su-dhl-6","non-hodgkin's lymphoma","b-cell lymphoma","diffuse large b-cell lymphoma","Lymph;Blood","<a href='https://discovery.nci.nih.gov/cell-lines/cellminercdb/su-dhl-6_cvcl_2206.html' target='_blank'>details</a>"
"1597","su-dhl-8","haematopoietic_and_lymphoid_tissue: diffuse_large_B_cell_lymphoma;lymphoma","Lymph;Blood","Non-Hodgkin's Lymphoma (NHL)","B-Cell Lymphoma (BCL)","Diffuse Large B-Cell Lymphoma (DLBCL)","","SU-DHL-8;SUDHL8","ccle;gdscDec15;mdaMills;gdsc1;gdsc2","SU-DHL-8","CVCL_2207","su-dhl-8","non-hodgkin's lymphoma","b-cell lymphoma","diffuse large b-cell lymphoma","Lymph;Blood","<a href='https://discovery.nci.nih.gov/cell-lines/cellminercdb/su-dhl-8_cvcl_2207.html' target='_blank'>details</a>"
"1598","su-dhl-9","Diffuse large B-cell lymphoma germinal center B-cell type","Lymph","","","","","SU-DHL-9","ancats","SU-DHL-9","CVCL_4379","su-dhl-9","","","","Lymph","<a href='https://discovery.nci.nih.gov/cell-lines/cellminercdb/su-dhl-9_cvcl_4379.html' target='_blank'>details</a>"
"1599","su-dipg-iv","Diffuse intrinsic pontine glioma","Brain_CNS","","","","","SU-DIPG-IV","ancats","SU-DIPG-IV","CVCL_IT39","su-dipg-iv","","","","Brain_CNS","<a href='https://discovery.nci.nih.gov/cell-lines/cellminercdb/su-dipg-iv_cvcl_it39.html' target='_blank'>details</a>"
"1600","su-dipg-vi","Diffuse intrinsic pontine glioma","Brain_CNS","","","","","SU-DIPG-VI","ancats","SU-DIPG-VI","CVCL_IT40","su-dipg-vi","","","","Brain_CNS","<a href='https://discovery.nci.nih.gov/cell-lines/cellminercdb/su-dipg-vi_cvcl_it40.html' target='_blank'>details</a>"
"1601","su-dipg-xiii","Diffuse intrinsic pontine glioma","Brain_CNS","","","","","SU-DIPG-XIII","ancats","SU-DIPG-XIII","CVCL_IT41","su-dipg-xiii","","","","Brain_CNS","<a href='https://discovery.nci.nih.gov/cell-lines/cellminercdb/su-dipg-xiii_cvcl_it41.html' target='_blank'>details</a>"
"1602","su.86.86","pancreas: ductal_carcinoma;PAAD;liver;pancreas","Pancreas","Pancreatic Adenocarcinoma (PAAD);exocrine","exocrine_adenocarcinoma","","","SU.86.86;SU8686","ccle;gdscDec15;achilles;gdsc1;gdsc2","SU.86.86","CVCL_3881","su.86.86","pancreatic adenocarcinoma;exocrine","exocrine adenocarcinoma","","Pancreas","<a href='https://discovery.nci.nih.gov/cell-lines/cellminercdb/su.86.86_cvcl_3881.html' target='_blank'>details</a>"
"1603","suit-2","pancreas: ductal_carcinoma;PAAD;Pancreas;liver;pancreas","Pancreas","Pancreatic Adenocarcinoma (PAAD);Exocrine;exocrine","Exocrine Adenocarcinoma;exocrine_adenocarcinoma","","","SUIT-2;SUIT2","ccle;gdscDec15;prism;achilles;gdsc1;gdsc2","SUIT-2","CVCL_3172","suit-2","pancreatic adenocarcinoma;exocrine","exocrine adenocarcinoma","","Pancreas","<a href='https://discovery.nci.nih.gov/cell-lines/cellminercdb/suit-2_cvcl_3172.html' target='_blank'>details</a>"
"1604","sum149pt","breast","Breast","breast_ductal_carcinoma","ERneg_HER2neg","","","SUM149PT","achilles","SUM149PT","CVCL_3422","sum149pt","breast ductal carcinoma","erneg her2neg","","Breast","<a href='https://discovery.nci.nih.gov/cell-lines/cellminercdb/sum149pt_cvcl_3422.html' target='_blank'>details</a>"
"1605","sum159pt","breast","Breast","breast_carcinoma","ERneg_HER2neg","","","SUM159PT","achilles","SUM159PT","CVCL_5423","sum159pt","breast carcinoma","erneg her2neg","","Breast","<a href='https://discovery.nci.nih.gov/cell-lines/cellminercdb/sum159pt_cvcl_5423.html' target='_blank'>details</a>"
"1606","sum190pt","breast","Breast","","","","","SUM190","mdaMills","SUM190PT","CVCL_3423","sum190pt","","","","Breast","<a href='https://discovery.nci.nih.gov/cell-lines/cellminercdb/sum190pt_cvcl_3423.html' target='_blank'>details</a>"
"1607","sum225cwn","breast","Breast","","","","","SUM225","mdaMills","SUM225CWN","CVCL_5593","sum225cwn","","","","Breast","<a href='https://discovery.nci.nih.gov/cell-lines/cellminercdb/sum225cwn_cvcl_5593.html' target='_blank'>details</a>"
"1608","sum229pe","pleural_effusion","Breast","breast_carcinoma","ERneg_HER2neg","","","SUM229PE","achilles","SUM229PE","CVCL_5594","sum229pe","breast carcinoma","erneg her2neg","","Breast","<a href='https://discovery.nci.nih.gov/cell-lines/cellminercdb/sum229pe_cvcl_5594.html' target='_blank'>details</a>"
"1609","sum52pe","pleural_effusion","Breast","breast_carcinoma","ERpos_HER2pos","","","SUM52PE","achilles","SUM52PE","CVCL_3425","sum52pe","breast carcinoma","erpos her2pos","","Breast","<a href='https://discovery.nci.nih.gov/cell-lines/cellminercdb/sum52pe_cvcl_3425.html' target='_blank'>details</a>"
"1610","sup-b15","haematopoietic_and_lymphoid_tissue: acute_lymphoblastic_B_cell_leukaemia;leukemia","Blood","Leukemia (LEUK)","Acute Lymphoid Leukemia (ALL)","","","SUP-B15","ccle;gdscDec15;gdsc1;gdsc2","SUP-B15","CVCL_0103","sup-b15","leukemia","acute lymphoid leukemia","","Blood","<a href='https://discovery.nci.nih.gov/cell-lines/cellminercdb/sup-b15_cvcl_0103.html' target='_blank'>details</a>"
"1611","sup-b8","leukemia","Blood","Leukemia (LEUK)","","","","SUP-B8","gdscDec15;gdsc1;gdsc2","SUP-B8","CVCL_1713","sup-b8","leukemia","","","Blood","<a href='https://discovery.nci.nih.gov/cell-lines/cellminercdb/sup-b8_cvcl_1713.html' target='_blank'>details</a>"
"1612","sup-hd1","haematopoietic_and_lymphoid_tissue: Hodgkin_lymphoma;lymphoma","Lymph;Blood","Hodgkin's Lymphoma (HL)","","","","SUP-HD1","ccle;gdscDec15;gdsc1;gdsc2","SUP-HD1","CVCL_2208","sup-hd1","hodgkin's lymphoma","","","Lymph;Blood","<a href='https://discovery.nci.nih.gov/cell-lines/cellminercdb/sup-hd1_cvcl_2208.html' target='_blank'>details</a>"
"1613","sup-m2","haematopoietic_and_lymphoid_tissue: anaplastic_large_cell_lymphoma;central_nervous_system;lymphoma","Lymph;Blood","Non-Hodgkin's Lymphoma (NHL);non_hodgkin_lymphoma","T-Cell and Natural Killer Lymphoma (TNKL);t_cell_ALCL","Anaplastic Large Cell Lymphoma (ALCL)","","SUP-M2;SUPM2","ccle;gdscDec15;achilles;mdaMills;gdsc1;gdsc2","SUP-M2","CVCL_2209","sup-m2","non-hodgkin's lymphoma;non hodgkin lymphoma","t-cell and natural killer lymphoma;t cell alcl","anaplastic large cell lymphoma","Lymph;Blood","<a href='https://discovery.nci.nih.gov/cell-lines/cellminercdb/sup-m2_cvcl_2209.html' target='_blank'>details</a>"
"1614","sup-t1","haematopoietic_and_lymphoid_tissue: acute_lymphoblastic_T_cell_leukaemia;pleural_effusion;leukemia","Blood","Leukemia (LEUK);ALL","Acute Lymphoid Leukemia (ALL);t_cell","","","SUP-T1;SUPT1","ccle;gdscDec15;achilles;gdsc1;gdsc2","SUP-T1","CVCL_1714","sup-t1","leukemia;all","acute lymphoid leukemia;t cell","","Blood","<a href='https://discovery.nci.nih.gov/cell-lines/cellminercdb/sup-t1_cvcl_1714.html' target='_blank'>details</a>"
"1615","sup-t11","haematopoietic_and_lymphoid_tissue: peripheral_T_cell_lymphoma_unspecified","Lymph","Non-Hodgkin's Lymphoma (NHL)","T-Cell and Natural Killer Lymphoma (TNKL)","Peripheral T-Cell Lymphoma (PTCL)","","SUP-T11","ccle","SUP-T11","CVCL_2210","sup-t11","non-hodgkin's lymphoma","t-cell and natural killer lymphoma","peripheral t-cell lymphoma","Lymph","<a href='https://discovery.nci.nih.gov/cell-lines/cellminercdb/sup-t11_cvcl_2210.html' target='_blank'>details</a>"
"1616","sw1088","central_nervous_system: glioma;GBM;Central Nervous System;central_nervous_system;nervous_system","Brain_CNS","Glioma;glioma","Astrocytoma;astrocytoma","","","SW 1088;SW1088","ccle;gdscDec15;prism;achilles;gdsc1;gdsc2","SW1088","CVCL_1715","sw1088","glioma","astrocytoma","","Brain_CNS","<a href='https://discovery.nci.nih.gov/cell-lines/cellminercdb/sw1088_cvcl_1715.html' target='_blank'>details</a>"
"1617","sw1116","large_intestine: adenocarcinoma;large_intestine;Colon adenocarcinoma","Bowel","Colorectal Adenocarcinoma (COADREAD)","","","","SW1116","ccle;gdscDec15;gdsc1;gdsc2;ancats","SW1116","CVCL_0544","sw1116","colorectal adenocarcinoma","","","Bowel","<a href='https://discovery.nci.nih.gov/cell-lines/cellminercdb/sw1116_cvcl_0544.html' target='_blank'>details</a>"
"1618","sw1271","lung: small_cell_carcinoma;NOT_TCGA;Small Cell Lung Cancer;Lung;lung;lung_SCLC","Lung","Small Cell Lung Cancer (SCLC);SCLC","","","","SW 1271;SW1271","ccle;gdscDec15;nciSclc;prism;achilles;gdsc1;gdsc2","SW1271","CVCL_1716","sw1271","small cell lung cancer;sclc","","","Lung","<a href='https://discovery.nci.nih.gov/cell-lines/cellminercdb/sw1271_cvcl_1716.html' target='_blank'>details</a>"
"1619","sw13","kidney","Other","","","","","SW13","gdscDec15;gdsc1;gdsc2","SW13","CVCL_0542","sw13","","","","Other","<a href='https://discovery.nci.nih.gov/cell-lines/cellminercdb/sw13_cvcl_0542.html' target='_blank'>details</a>"
"1620","sw1353","bone: chondrosarcoma;Bone","Bone","Chondrosarcoma (CHS);Chondrosarcoma","","","","SW 1353;SW1353","ccle;prism;mdaMills","SW1353","CVCL_0543","sw1353","chondrosarcoma","","","Bone","<a href='https://discovery.nci.nih.gov/cell-lines/cellminercdb/sw1353_cvcl_0543.html' target='_blank'>details</a>"
"1621","sw1417","large_intestine: adenocarcinoma;large_intestine","Bowel","Colorectal Adenocarcinoma (COADREAD)","","","","SW1417","ccle;gdscDec15;mdaMills;gdsc1;gdsc2","SW1417","CVCL_1717","sw1417","colorectal adenocarcinoma","","","Bowel","<a href='https://discovery.nci.nih.gov/cell-lines/cellminercdb/sw1417_cvcl_1717.html' target='_blank'>details</a>"
"1622","sw1463","large_intestine: adenocarcinoma;COREAD;large_intestine","Bowel","Colorectal Adenocarcinoma (COADREAD);colorectal_adenocarcinoma","","","","SW1463","ccle;gdscDec15;achilles;gdsc1;gdsc2","SW1463","CVCL_1718","sw1463","colorectal adenocarcinoma","","","Bowel","<a href='https://discovery.nci.nih.gov/cell-lines/cellminercdb/sw1463_cvcl_1718.html' target='_blank'>details</a>"
"1623","sw156","kidney","Kidney","","","","","SW156","gdscDec15;mdaMills;gdsc1;gdsc2","SW156","CVCL_1719","sw156","","","","Kidney","<a href='https://discovery.nci.nih.gov/cell-lines/cellminercdb/sw156_cvcl_1719.html' target='_blank'>details</a>"
"1624","sw1573","lung: squamous_cell_carcinoma;LUAD;Lung;lung;lung_NSCLC","Lung","Non-Small Cell Lung Cancer (NSCLC);NSCLC","Lung Squamous Cell Carcinoma (LUSC);Lung Adenocarcinoma (LUAD);NSCLC Adenocarcinoma;NSCLC_adenocarcinoma","","","SW 1573;SW1573","ccle;gdscDec15;prism;achilles;mdaMills;gdsc1;gdsc2","SW1573","CVCL_1720","sw1573","non-small cell lung cancer;nsclc","lung squamous cell carcinoma;lung adenocarcinoma;nsclc adenocarcinoma","","Lung","<a href='https://discovery.nci.nih.gov/cell-lines/cellminercdb/sw1573_cvcl_1720.html' target='_blank'>details</a>"
"1625","sw1710","urinary_tract: transitional_cell_carcinoma;BLCA;Urinary Tract;urogenital_system","Bladder_Urinary_Tract","Bladder Urothelial Carcinoma (BLCA);Bladder Carcinoma","Bladder Transitional Cell","","","SW-1710;SW1710","ccle;gdscDec15;prism;gdsc1;gdsc2","SW1710","CVCL_1721","sw1710","bladder urothelial carcinoma;bladder carcinoma","bladder transitional cell","","Bladder_Urinary_Tract","<a href='https://discovery.nci.nih.gov/cell-lines/cellminercdb/sw1710_cvcl_1721.html' target='_blank'>details</a>"
"1626","sw1783","central_nervous_system: astrocytoma_Grade_III;OTHER;nervous_system","Brain_CNS","Diffuse Glioma (DIFG)","Astrocytoma (ASTR)","","","SW 1783;SW1783","ccle;gdscDec15;gdsc1;gdsc2","SW1783","CVCL_1722","sw1783","diffuse glioma","astrocytoma","","Brain_CNS","<a href='https://discovery.nci.nih.gov/cell-lines/cellminercdb/sw1783_cvcl_1722.html' target='_blank'>details</a>"
"1627","sw1990","pancreas: ductal_carcinoma;PAAD;Pancreas;pancreas","Pancreas","Pancreatic Adenocarcinoma (PAAD);Exocrine","Exocrine Adenocarcinoma","","","SW 1990;SW1990","ccle;gdscDec15;prism;mdaMills;gdsc1;gdsc2","SW1990","CVCL_1723","sw1990","pancreatic adenocarcinoma;exocrine","exocrine adenocarcinoma","","Pancreas","<a href='https://discovery.nci.nih.gov/cell-lines/cellminercdb/sw1990_cvcl_1723.html' target='_blank'>details</a>"
"1628","sw403","large_intestine: adenocarcinoma;Colon","Bowel","Colorectal Adenocarcinoma (COADREAD);colorectal_adenocarcinoma","","","","SW403","ccle;gdscDec15;achilles","SW403","CVCL_0545","sw403","colorectal adenocarcinoma","","","Bowel","<a href='https://discovery.nci.nih.gov/cell-lines/cellminercdb/sw403_cvcl_0545.html' target='_blank'>details</a>"
"1629","sw48","large_intestine: adenocarcinoma;Colorectal;Colon;large_intestine;Colon adenocarcinoma","Bowel","Colorectal Adenocarcinoma (COADREAD);Colorectal Adenocarcinoma;colorectal_adenocarcinoma","","MSI","","SW48","ccle;gdscDec15;prism;achilles;mdaMills;gdsc1;gdsc2;ancats","SW48","CVCL_1724","sw48","colorectal adenocarcinoma","","msi","Bowel","<a href='https://discovery.nci.nih.gov/cell-lines/cellminercdb/sw48_cvcl_1724.html' target='_blank'>details</a>"
"1630","sw480","large_intestine: adenocarcinoma;Colorectal","Bowel","Colorectal Adenocarcinoma (COADREAD);Colorectal Adenocarcinoma","","","","SW480","ccle;prism;mdaMills","SW480","CVCL_0546","sw480","colorectal adenocarcinoma","","","Bowel","<a href='https://discovery.nci.nih.gov/cell-lines/cellminercdb/sw480_cvcl_0546.html' target='_blank'>details</a>"
"1631","sw579","thyroid: anaplastic_carcinoma;Thyroid;thyroid","Thyroid","Anaplastic Thyroid Cancer (THAP);Thyroid Squamous;thyroid_squamous","","","","SW579","ccle;prism;achilles","SW579","CVCL_3603","sw579","anaplastic thyroid cancer;thyroid squamous","","","Thyroid","<a href='https://discovery.nci.nih.gov/cell-lines/cellminercdb/sw579_cvcl_3603.html' target='_blank'>details</a>"
"1632","sw620","colon;large_intestine: adenocarcinoma;Colorectal;lymph_node;large_intestine;Colon adenocarcinoma","Bowel","Colorectal Adenocarcinoma (COADREAD);Colorectal Adenocarcinoma;colorectal_adenocarcinoma","","","","CO:SW-620;SW620","nci60;ccle;gdscDec15;prism;achilles;mdaMills;gdsc1;gdsc2;ancats","SW620","CVCL_0547","sw620","colorectal adenocarcinoma","","","Bowel","<a href='https://discovery.nci.nih.gov/cell-lines/cellminercdb/sw620_cvcl_0547.html' target='_blank'>details</a>"
"1633","sw626","OV;urogenital_system","Ovary","","","","","SW626","gdscDec15;mdaMills;gdsc1;gdsc2","SW626","CVCL_1725","sw626","","","","Ovary","<a href='https://discovery.nci.nih.gov/cell-lines/cellminercdb/sw626_cvcl_1725.html' target='_blank'>details</a>"
"1634","sw684","soft_tissue","Soft_Tissue","sarcoma","","","","SW684","gdscDec15;gdsc1;gdsc2","SW684","CVCL_1726","sw684","sarcoma","","","Soft_Tissue","<a href='https://discovery.nci.nih.gov/cell-lines/cellminercdb/sw684_cvcl_1726.html' target='_blank'>details</a>"
"1635","sw756","CESC;cervix;urogenital_system","Cervix","cervical_squamous","","","","SW756","gdscDec15;achilles;gdsc1;gdsc2","SW756","CVCL_1727","sw756","cervical squamous","","","Cervix","<a href='https://discovery.nci.nih.gov/cell-lines/cellminercdb/sw756_cvcl_1727.html' target='_blank'>details</a>"
"1636","sw780","urinary_tract: transitional_cell_carcinoma;BLCA;Urinary Tract;urogenital_system","Bladder_Urinary_Tract","Bladder Urothelial Carcinoma (BLCA);Bladder Carcinoma","Bladder Transitional Cell","","","SW 780;SW780","ccle;gdscDec15;prism;gdsc1;gdsc2","SW780","CVCL_1728","sw780","bladder urothelial carcinoma;bladder carcinoma","bladder transitional cell","","Bladder_Urinary_Tract","<a href='https://discovery.nci.nih.gov/cell-lines/cellminercdb/sw780_cvcl_1728.html' target='_blank'>details</a>"
"1637","sw837","large_intestine: adenocarcinoma;Colorectal;large_intestine","Bowel","Colorectal Adenocarcinoma (COADREAD);Colorectal Adenocarcinoma;colorectal_adenocarcinoma","","","","SW837","ccle;gdscDec15;prism;achilles;mdaMills;gdsc1;gdsc2","SW837","CVCL_1729","sw837","colorectal adenocarcinoma","","","Bowel","<a href='https://discovery.nci.nih.gov/cell-lines/cellminercdb/sw837_cvcl_1729.html' target='_blank'>details</a>"
"1638","sw872","sarcoma;soft_tissue","Soft_Tissue","","","","","SW872","gdscDec15;mdaMills;gdsc1;gdsc2","SW872","CVCL_1730","sw872","","","","Soft_Tissue","<a href='https://discovery.nci.nih.gov/cell-lines/cellminercdb/sw872_cvcl_1730.html' target='_blank'>details</a>"
"1639","sw900","lung: squamous_cell_carcinoma;LUSC;Lung","Lung","Non-Small Cell Lung Cancer (NSCLC);NSCLC","Lung Squamous Cell Carcinoma (LUSC);NSCLC Squamous","","","SW 900;SW900","ccle;gdscDec15;prism","SW900","CVCL_1731","sw900","non-small cell lung cancer;nsclc","lung squamous cell carcinoma;nsclc squamous","","Lung","<a href='https://discovery.nci.nih.gov/cell-lines/cellminercdb/sw900_cvcl_1731.html' target='_blank'>details</a>"
"1640","sw948","large_intestine: adenocarcinoma;Colorectal;Colon;large_intestine","Bowel","Colorectal Adenocarcinoma (COADREAD);Colorectal Adenocarcinoma;colorectal_adenocarcinoma","","","","SW948","ccle;gdscDec15;prism;achilles;gdsc1;gdsc2","SW948","CVCL_0632","sw948","colorectal adenocarcinoma","","","Bowel","<a href='https://discovery.nci.nih.gov/cell-lines/cellminercdb/sw948_cvcl_0632.html' target='_blank'>details</a>"
"1641","sw954","urogenital_system","Vulva","","","","","SW954","gdscDec15;gdsc1;gdsc2","SW954","CVCL_1732","sw954","","","","Vulva","<a href='https://discovery.nci.nih.gov/cell-lines/cellminercdb/sw954_cvcl_1732.html' target='_blank'>details</a>"
"1642","sw962","urogenital_system","Vulva","","","","","SW962","gdscDec15;gdsc1;gdsc2","SW962","CVCL_1733","sw962","","","","Vulva","<a href='https://discovery.nci.nih.gov/cell-lines/cellminercdb/sw962_cvcl_1733.html' target='_blank'>details</a>"
"1643","sw982","soft_tissue;sarcoma","Soft_Tissue","sarcoma;synovial_sarcoma","","","","SW982","gdscDec15;achilles;mdaMills;gdsc1;gdsc2","SW982","CVCL_1734","sw982","sarcoma;synovial sarcoma","","","Soft_Tissue","<a href='https://discovery.nci.nih.gov/cell-lines/cellminercdb/sw982_cvcl_1734.html' target='_blank'>details</a>"
"1644","syo-1","soft_tissue","Soft_Tissue","synovial_sarcoma","","","","SYO1","achilles","SYO-1","CVCL_7146","syo-1","synovial sarcoma","","","Soft_Tissue","<a href='https://discovery.nci.nih.gov/cell-lines/cellminercdb/syo-1_cvcl_7146.html' target='_blank'>details</a>"
"1645","t-47d","breast;breast: ductal_carcinoma;Breast","Breast","Breast Carcinoma (BRCA);Breast Ductal Carcinoma","Breast Invasive Ductal Carcinoma (IDC);ERpos HER2neg","Luminal","","BR:T-47D;T-47D;T47D","nci60;ccle;gdscDec15;prism;mdaMills;gdsc1;gdsc2","T-47D","CVCL_0553","t-47d","breast carcinoma;breast ductal carcinoma","breast invasive ductal carcinoma;erpos her2neg","luminal","Breast","<a href='https://discovery.nci.nih.gov/cell-lines/cellminercdb/t-47d_cvcl_0553.html' target='_blank'>details</a>"
"1646","t.t","oesophagus: squamous_cell_carcinoma;Esophagus;aero_dig_tract","Esophagus_Stomach","Esophageal Squamous Cell Carcinoma (ESCC);Esophagus Squamous","","","","T.T;T-T;TDOTT","ccle;gdscDec15;prism;gdsc1;gdsc2","T.T","CVCL_3174","t.t","esophageal squamous cell carcinoma;esophagus squamous","","","Esophagus_Stomach","<a href='https://discovery.nci.nih.gov/cell-lines/cellminercdb/t.t_cvcl_3174.html' target='_blank'>details</a>"
"1647","t1-73","bone: osteosarcoma","Bone","Osteosarcoma (OS)","","","","T1-73;TI-73","ccle;gdscDec15","T1-73","CVCL_3605","t1-73","osteosarcoma","","","Bone","<a href='https://discovery.nci.nih.gov/cell-lines/cellminercdb/t1-73_cvcl_3605.html' target='_blank'>details</a>"
"1648","t24","urinary_tract: transitional_cell_carcinoma;BLCA;Urinary Tract;urinary_tract;urogenital_system;Bladder carcinoma","Bladder_Urinary_Tract","Bladder Urothelial Carcinoma (BLCA);Bladder Carcinoma;bladder_carcinoma","","","","T24;T-24","ccle;gdscDec15;prism;achilles;mdaMills;gdsc1;gdsc2;ancats","T24","CVCL_0554","t24","bladder urothelial carcinoma;bladder carcinoma","","","Bladder_Urinary_Tract","<a href='https://discovery.nci.nih.gov/cell-lines/cellminercdb/t24_cvcl_0554.html' target='_blank'>details</a>"
"1649","t24t","Bladder carcinoma","Bladder_Urinary_Tract","","","","","T24T","ancats","T24T","CVCL_M892","t24t","","","","Bladder_Urinary_Tract","<a href='https://discovery.nci.nih.gov/cell-lines/cellminercdb/t24t_cvcl_m892.html' target='_blank'>details</a>"
"1650","t24t-fl3","Bladder carcinoma","Bladder_Urinary_Tract","","","","","T24T FL3","ancats","T24T FL3","CVCL_M897","t24t-fl3","","","","Bladder_Urinary_Tract","<a href='https://discovery.nci.nih.gov/cell-lines/cellminercdb/t24t-fl3_cvcl_m897.html' target='_blank'>details</a>"
"1651","t3m-10","lung: large_cell_carcinoma;Lung","Lung","Non-Small Cell Lung Cancer (NSCLC);NSCLC","NSCLC Large Cell","","","T3M-10;T3M10","ccle;prism","T3M-10","CVCL_8067","t3m-10","non-small cell lung cancer;nsclc","nsclc large cell","","Lung","<a href='https://discovery.nci.nih.gov/cell-lines/cellminercdb/t3m-10_cvcl_8067.html' target='_blank'>details</a>"
"1652","t3m-4","pancreas: ductal_carcinoma;lymph_node","Pancreas","Pancreatic Adenocarcinoma (PAAD);exocrine","exocrine_adenocarcinoma","","","T3M-4;T3M4","ccle;achilles","T3M-4","CVCL_4056","t3m-4","pancreatic adenocarcinoma;exocrine","exocrine adenocarcinoma","","Pancreas","<a href='https://discovery.nci.nih.gov/cell-lines/cellminercdb/t3m-4_cvcl_4056.html' target='_blank'>details</a>"
"1653","t84","large_intestine: adenocarcinoma;lung;large_intestine","Bowel","Colorectal Adenocarcinoma (COADREAD);colorectal_adenocarcinoma","","","","T84","ccle;gdscDec15;achilles;gdsc1;gdsc2","T84","CVCL_0555","t84","colorectal adenocarcinoma","","","Bowel","<a href='https://discovery.nci.nih.gov/cell-lines/cellminercdb/t84_cvcl_0555.html' target='_blank'>details</a>"
"1654","t98g","central_nervous_system: astrocytoma_Grade_IV;GBM;Central Nervous System;central_nervous_system;nervous_system","Brain_CNS","Diffuse Glioma (DIFG);Glioma;glioma","Astrocytoma (ASTR);Glioblastoma;glioblastoma","","","T98G","ccle;gdscDec15;prism;achilles;gdsc1;gdsc2","T98G","CVCL_0556","t98g","diffuse glioma;glioma","astrocytoma;glioblastoma","","Brain_CNS","<a href='https://discovery.nci.nih.gov/cell-lines/cellminercdb/t98g_cvcl_0556.html' target='_blank'>details</a>"
"1655","takigawa","STAD","Esophagus_Stomach","Esophagogastric Adenocarcinoma (EGC)","Stomach Adenocarcinoma (STAD)","","","Takigawa","gdscDec15","Takigawa","CVCL_3176","takigawa","esophagogastric adenocarcinoma","stomach adenocarcinoma","","Esophagus_Stomach","<a href='https://discovery.nci.nih.gov/cell-lines/cellminercdb/takigawa_cvcl_3176.html' target='_blank'>details</a>"
"1656","tall-1","haematopoietic_and_lymphoid_tissue: acute_lymphoblastic_T_cell_leukaemia;leukemia","Blood","Leukemia (LEUK)","Acute Lymphoid Leukemia (ALL)","T-Cell Acute Lymphoid Leukemia (TALL)","","TALL-1","ccle;gdscDec15;gdsc2","TALL-1","CVCL_1736","tall-1","leukemia","acute lymphoid leukemia","t-cell acute lymphoid leukemia","Blood","<a href='https://discovery.nci.nih.gov/cell-lines/cellminercdb/tall-1_cvcl_1736.html' target='_blank'>details</a>"
"1657","tanoue","blood","Blood","","","","","TANOUE","mdaMills","Tanoue","CVCL_1852","tanoue","","","","Blood","<a href='https://discovery.nci.nih.gov/cell-lines/cellminercdb/tanoue_cvcl_1852.html' target='_blank'>details</a>"
"1658","task1","","Other","Unknown (UNK)","","","","TASK1","gdscDec15","TASK1","CVCL_3177","task1","unknown","","","Other","<a href='https://discovery.nci.nih.gov/cell-lines/cellminercdb/task1_cvcl_3177.html' target='_blank'>details</a>"
"1659","tc-138","bone","Bone","Ewing_sarcoma","","","","TC138","achilles","TC-138","CVCL_4Z30","tc-138","ewing sarcoma","","","Bone","<a href='https://discovery.nci.nih.gov/cell-lines/cellminercdb/tc-138_cvcl_4z30.html' target='_blank'>details</a>"
"1660","tc-205","bone","Bone","Ewing_sarcoma","","","","TC205","achilles","TC-205","CVCL_4Z31","tc-205","ewing sarcoma","","","Bone","<a href='https://discovery.nci.nih.gov/cell-lines/cellminercdb/tc-205_cvcl_4z31.html' target='_blank'>details</a>"
"1661","tc-248","sarcoma","Soft_Tissue","","","","","TC248","mdaMills","TC-248","CVCL_4Z35","tc-248","","","","Soft_Tissue","<a href='https://discovery.nci.nih.gov/cell-lines/cellminercdb/tc-248_cvcl_4z35.html' target='_blank'>details</a>"
"1662","tc-32","bone: Ewings_sarcoma-peripheral_primitive_neuroectodermal_tumour;bone;Primitive neuroectodermal tumor","Bone","Ewing Sarcoma (ES);Ewing_sarcoma","","","","TC-32;TC32","ccle;achilles;mdaMills;ancats","TC-32","CVCL_7151","tc-32","ewing sarcoma","","","Bone","<a href='https://discovery.nci.nih.gov/cell-lines/cellminercdb/tc-32_cvcl_7151.html' target='_blank'>details</a>"
"1663","tc-71","bone: Ewings_sarcoma-peripheral_primitive_neuroectodermal_tumour;bone;Ewing sarcoma","Bone","Ewing Sarcoma (ES);Ewing_sarcoma","","","","TC-71;TC71","ccle;gdscDec15;achilles;mdaMills;gdsc1;gdsc2;ancats","TC-71","CVCL_2213","tc-71","ewing sarcoma","","","Bone","<a href='https://discovery.nci.nih.gov/cell-lines/cellminercdb/tc-71_cvcl_2213.html' target='_blank'>details</a>"
"1664","tc-yik","OTHER;urogenital_system","Cervix","","","","","TC-YIK","gdscDec15;gdsc1;gdsc2","TC-YIK","CVCL_1737","tc-yik","","","","Cervix","<a href='https://discovery.nci.nih.gov/cell-lines/cellminercdb/tc-yik_cvcl_1737.html' target='_blank'>details</a>"
"1665","tc587","sarcoma","Soft_Tissue","","","","","TC587","mdaMills","TC587","CVCL_ZV62","tc587","","","","Soft_Tissue","<a href='https://discovery.nci.nih.gov/cell-lines/cellminercdb/tc587_cvcl_zv62.html' target='_blank'>details</a>"
"1666","tcc-pan2","pancreas: carcinoma;Pancreas;ascites","Pancreas","Exocrine;exocrine","Exocrine Adenocarcinoma;exocrine_adenocarcinoma","","","TCC-PAN2;TCCPAN2","ccle;prism;achilles","TCC-Pan2","CVCL_3178","tcc-pan2","exocrine","exocrine adenocarcinoma","","Pancreas","<a href='https://discovery.nci.nih.gov/cell-lines/cellminercdb/tcc-pan2_cvcl_3178.html' target='_blank'>details</a>"
"1667","tccsup","urinary_tract: transitional_cell_carcinoma;BLCA;Urinary Tract;urinary_tract;urogenital_system","Bladder_Urinary_Tract","Bladder Urothelial Carcinoma (BLCA);Bladder Carcinoma;bladder_carcinoma","Bladder Transitional Cell;bladder_transitional_cell","","","TCCSUP","ccle;gdscDec15;prism;achilles;mdaMills;gdsc1;gdsc2","TCCSUP","CVCL_1738","tccsup","bladder urothelial carcinoma;bladder carcinoma","bladder transitional cell","","Bladder_Urinary_Tract","<a href='https://discovery.nci.nih.gov/cell-lines/cellminercdb/tccsup_cvcl_1738.html' target='_blank'>details</a>"
"1668","te-1","oesophagus: squamous_cell_carcinoma;Esophagus;oesophagus;aero_dig_tract","Esophagus_Stomach","Esophageal Squamous Cell Carcinoma (ESCC);Esophagus Squamous;esophagus_squamous","","","","TE-1;TE1","ccle;gdscDec15;prism;achilles;gdsc1;gdsc2","TE-1","CVCL_1759","te-1","esophageal squamous cell carcinoma;esophagus squamous","","","Esophagus_Stomach","<a href='https://discovery.nci.nih.gov/cell-lines/cellminercdb/te-1_cvcl_1759.html' target='_blank'>details</a>"
"1669","te-10","oesophagus: squamous_cell_carcinoma;Esophagus;oesophagus;aero_dig_tract","Esophagus_Stomach","Esophageal Squamous Cell Carcinoma (ESCC);Esophagus Squamous;esophagus_squamous","","","","TE-10;TE10","ccle;gdscDec15;prism;achilles;gdsc1;gdsc2","TE-10","CVCL_1760","te-10","esophageal squamous cell carcinoma;esophagus squamous","","","Esophagus_Stomach","<a href='https://discovery.nci.nih.gov/cell-lines/cellminercdb/te-10_cvcl_1760.html' target='_blank'>details</a>"
"1670","te-11","oesophagus: squamous_cell_carcinoma;Esophagus;oesophagus;aero_dig_tract","Esophagus_Stomach","Esophageal Squamous Cell Carcinoma (ESCC);Esophagus Squamous;esophagus_squamous","","","","TE-11;TE11","ccle;gdscDec15;prism;achilles;gdsc1;gdsc2","TE-11","CVCL_1761","te-11","esophageal squamous cell carcinoma;esophagus squamous","","","Esophagus_Stomach","<a href='https://discovery.nci.nih.gov/cell-lines/cellminercdb/te-11_cvcl_1761.html' target='_blank'>details</a>"
"1671","te-12","aero_dig_tract","Esophagus_Stomach","","","","","TE-12","gdscDec15;gdsc1;gdsc2","TE-12","CVCL_1762","te-12","","","","Esophagus_Stomach","<a href='https://discovery.nci.nih.gov/cell-lines/cellminercdb/te-12_cvcl_1762.html' target='_blank'>details</a>"
"1672","te-125.t","soft_tissue: rhabdomyosarcoma","Soft_Tissue","Rhabdomyosarcoma (RMS)","","","","TE 125.T","ccle","TE 125.T","CVCL_1740","te-125.t","rhabdomyosarcoma","","","Soft_Tissue","<a href='https://discovery.nci.nih.gov/cell-lines/cellminercdb/te-125.t_cvcl_1740.html' target='_blank'>details</a>"
"1673","te-14","oesophagus: squamous_cell_carcinoma;Esophagus","Esophagus_Stomach","Esophageal Squamous Cell Carcinoma (ESCC);Esophagus Squamous","","","","TE-14;TE14","ccle;prism","TE-14","CVCL_3336","te-14","esophageal squamous cell carcinoma;esophagus squamous","","","Esophagus_Stomach","<a href='https://discovery.nci.nih.gov/cell-lines/cellminercdb/te-14_cvcl_3336.html' target='_blank'>details</a>"
"1674","te-15","oesophagus: squamous_cell_carcinoma;aero_dig_tract","Esophagus_Stomach","Esophageal Squamous Cell Carcinoma (ESCC)","","","","TE-15","ccle;gdscDec15;gdsc1;gdsc2","TE-15","CVCL_1763","te-15","esophageal squamous cell carcinoma","","","Esophagus_Stomach","<a href='https://discovery.nci.nih.gov/cell-lines/cellminercdb/te-15_cvcl_1763.html' target='_blank'>details</a>"
"1675","te-159.t","soft_tissue: rhabdomyosarcoma","Soft_Tissue","Rhabdomyosarcoma (RMS)","","","","TE 159.T","ccle","TE 159.T","CVCL_1743","te-159.t","rhabdomyosarcoma","","","Soft_Tissue","<a href='https://discovery.nci.nih.gov/cell-lines/cellminercdb/te-159.t_cvcl_1743.html' target='_blank'>details</a>"
"1676","te-4","oesophagus: squamous_cell_carcinoma;Esophagus;lymph_node;aero_dig_tract","Esophagus_Stomach","Esophageal Squamous Cell Carcinoma (ESCC);Esophagus Squamous;esophagus_squamous","","","","TE-4;TE4","ccle;gdscDec15;prism;achilles;gdsc1;gdsc2","TE-4","CVCL_3337","te-4","esophageal squamous cell carcinoma;esophagus squamous","","","Esophagus_Stomach","<a href='https://discovery.nci.nih.gov/cell-lines/cellminercdb/te-4_cvcl_3337.html' target='_blank'>details</a>"
"1677","te-441.t","soft_tissue: rhabdomyosarcoma;soft_tissue","Soft_Tissue","Rhabdomyosarcoma (RMS)","","","","TE 441.T;TE-441-T","ccle;gdscDec15;gdsc1;gdsc2","TE 441.T","CVCL_1754","te-441.t","rhabdomyosarcoma","","","Soft_Tissue","<a href='https://discovery.nci.nih.gov/cell-lines/cellminercdb/te-441.t_cvcl_1754.html' target='_blank'>details</a>"
"1678","te-5","oesophagus: squamous_cell_carcinoma;Esophagus;oesophagus;aero_dig_tract","Esophagus_Stomach","Esophageal Squamous Cell Carcinoma (ESCC);Esophagus Squamous;esophagus_squamous","","","","TE-5;TE5","ccle;gdscDec15;prism;achilles;gdsc1;gdsc2","TE-5","CVCL_1764","te-5","esophageal squamous cell carcinoma;esophagus squamous","","","Esophagus_Stomach","<a href='https://discovery.nci.nih.gov/cell-lines/cellminercdb/te-5_cvcl_1764.html' target='_blank'>details</a>"
"1679","te-6","oesophagus: squamous_cell_carcinoma;Esophagus;oesophagus;aero_dig_tract","Esophagus_Stomach","Esophageal Squamous Cell Carcinoma (ESCC);Esophagus Squamous;esophagus_squamous","","","","TE-6;TE6","ccle;gdscDec15;prism;achilles;gdsc1;gdsc2","TE-6","CVCL_1765","te-6","esophageal squamous cell carcinoma;esophagus squamous","","","Esophagus_Stomach","<a href='https://discovery.nci.nih.gov/cell-lines/cellminercdb/te-6_cvcl_1765.html' target='_blank'>details</a>"
"1680","te-617.t","soft_tissue: rhabdomyosarcoma","Soft_Tissue","Rhabdomyosarcoma (RMS)","","","","TE 617.T","ccle","TE 617.T","CVCL_1755","te-617.t","rhabdomyosarcoma","","","Soft_Tissue","<a href='https://discovery.nci.nih.gov/cell-lines/cellminercdb/te-617.t_cvcl_1755.html' target='_blank'>details</a>"
"1681","te-8","oesophagus: squamous_cell_carcinoma;Esophagus;oesophagus;aero_dig_tract","Esophagus_Stomach","Esophageal Squamous Cell Carcinoma (ESCC);Esophagus Squamous;esophagus_squamous","","","","TE-8;TE8","ccle;gdscDec15;prism;achilles;gdsc1;gdsc2","TE-8","CVCL_1766","te-8","esophageal squamous cell carcinoma;esophagus squamous","","","Esophagus_Stomach","<a href='https://discovery.nci.nih.gov/cell-lines/cellminercdb/te-8_cvcl_1766.html' target='_blank'>details</a>"
"1682","te-9","oesophagus: squamous_cell_carcinoma;Esophagus;pleural_effusion;aero_dig_tract","Esophagus_Stomach","Esophageal Squamous Cell Carcinoma (ESCC);Esophagus Squamous;esophagus_squamous","","","","TE-9;TE9","ccle;gdscDec15;prism;achilles;gdsc1;gdsc2","TE-9","CVCL_1767","te-9","esophageal squamous cell carcinoma;esophagus squamous","","","Esophagus_Stomach","<a href='https://discovery.nci.nih.gov/cell-lines/cellminercdb/te-9_cvcl_1767.html' target='_blank'>details</a>"
"1683","ten","endometrium: clear_cell_carcinoma;Uterus;endometrium","Uterus","Endometrial Carcinoma (UCEC);Clear Cell Carcinoma;clear_cell_carcinoma","Uterine Clear Cell Carcinoma (UCC);","","","TEN","ccle;prism;achilles","TEN","CVCL_E063","ten","endometrial carcinoma;clear cell carcinoma","uterine clear cell carcinoma;","","Uterus","<a href='https://discovery.nci.nih.gov/cell-lines/cellminercdb/ten_cvcl_e063.html' target='_blank'>details</a>"
"1684","tera-1","","Testis","Non-Seminomatous Germ Cell Tumor (NSGCT)","Embryonal Carcinoma (EMBCA)","","","Tera-1","gdscDec15","Tera-1","CVCL_2776","tera-1","non-seminomatous germ cell tumor","embryonal carcinoma","","Testis","<a href='https://discovery.nci.nih.gov/cell-lines/cellminercdb/tera-1_cvcl_2776.html' target='_blank'>details</a>"
"1685","tf-1","haematopoietic_and_lymphoid_tissue: acute_myeloid_leukaemia;bone_marrow","Blood","Leukemia (LEUK);AML","Acute Myeloid Leukemia (AML)","","","TF-1;TF1","ccle;gdscDec15;achilles","TF-1","CVCL_0559","tf-1","leukemia;aml","acute myeloid leukemia","","Blood","<a href='https://discovery.nci.nih.gov/cell-lines/cellminercdb/tf-1_cvcl_0559.html' target='_blank'>details</a>"
"1686","tfk-1","biliary_tract","Biliary_Tract","cholangiocarcinoma","extrahepatic","","","TFK1","achilles","TFK-1","CVCL_2214","tfk-1","cholangiocarcinoma","extrahepatic","","Biliary_Tract","<a href='https://discovery.nci.nih.gov/cell-lines/cellminercdb/tfk-1_cvcl_2214.html' target='_blank'>details</a>"
"1687","tgbc11tkb","stomach: carcinoma;STAD;digestive_system","Esophagus_Stomach","","","","","TGBC11TKB","ccle;gdscDec15;gdsc1;gdsc2","TGBC11TKB","CVCL_1768","tgbc11tkb","","","","Esophagus_Stomach","<a href='https://discovery.nci.nih.gov/cell-lines/cellminercdb/tgbc11tkb_cvcl_1768.html' target='_blank'>details</a>"
"1688","tgbc1tkb","digestive_system","Biliary_Tract","","","","","TGBC1TKB","gdscDec15;gdsc1;gdsc2","TGBC1TKB","CVCL_1769","tgbc1tkb","","","","Biliary_Tract","<a href='https://discovery.nci.nih.gov/cell-lines/cellminercdb/tgbc1tkb_cvcl_1769.html' target='_blank'>details</a>"
"1689","tgbc24tkb","digestive_system","Biliary_Tract","","","","","TGBC24TKB","gdscDec15;gdsc1;gdsc2","TGBC24TKB","CVCL_1770","tgbc24tkb","","","","Biliary_Tract","<a href='https://discovery.nci.nih.gov/cell-lines/cellminercdb/tgbc24tkb_cvcl_1770.html' target='_blank'>details</a>"
"1690","tgw","neuroblastoma","Brain_CNS","Embryonal Tumor (EMBT)","Neuroblastoma (NBL)","","","TGW","gdscDec15;gdsc1;gdsc2","TGW","CVCL_1771","tgw","embryonal tumor","neuroblastoma","","Brain_CNS","<a href='https://discovery.nci.nih.gov/cell-lines/cellminercdb/tgw_cvcl_1771.html' target='_blank'>details</a>"
"1691","thomas","Burkitt lymphoma","Lymph","","","","","Thomas","ancats","Thomas","CVCL_UB96","thomas","","","","Lymph","<a href='https://discovery.nci.nih.gov/cell-lines/cellminercdb/thomas_cvcl_ub96.html' target='_blank'>details</a>"
"1692","thp-1","haematopoietic_and_lymphoid_tissue: acute_myeloid_leukaemia;LAML;haematopoietic_and_lymphoid_tissue;leukemia","Blood","Leukemia (LEUK);AML","Acute Myeloid Leukemia (AML);M5","","","THP-1;THP1","ccle;gdscDec15;achilles;mdaMills;gdsc1;gdsc2","THP-1","CVCL_0006","thp-1","leukemia;aml","acute myeloid leukemia;m5","","Blood","<a href='https://discovery.nci.nih.gov/cell-lines/cellminercdb/thp-1_cvcl_0006.html' target='_blank'>details</a>"
"1693","tig-3-td","lung: immortalized_embryonic_fibroblast","Lung","","","","","TIG-3 TD","ccle","TIG-3 TD","CVCL_V617","tig-3-td","","","","Lung","<a href='https://discovery.nci.nih.gov/cell-lines/cellminercdb/tig-3-td_cvcl_v617.html' target='_blank'>details</a>"
"1694","tk-10","renal;KIRC;kidney","Kidney","Renal Cell Carcinoma (RCC)","","","","RE:TK-10;TK10","nci60;ccle;gdscDec15;mdaMills;gdsc1;gdsc2","TK-10","CVCL_1773","tk-10","renal cell carcinoma","","","Kidney","<a href='https://discovery.nci.nih.gov/cell-lines/cellminercdb/tk-10_cvcl_1773.html' target='_blank'>details</a>"
"1695","tlbr-1","Anaplastic large cell lymphoma, ALK-negative","Lymph","","","","","TLBR-1","ancats","TLBR-1","CVCL_L177","tlbr-1","","","","Lymph","<a href='https://discovery.nci.nih.gov/cell-lines/cellminercdb/tlbr-1_cvcl_l177.html' target='_blank'>details</a>"
"1696","tm-31","central_nervous_system: astrocytoma;Central Nervous System;central_nervous_system","Brain_CNS","Diffuse Glioma (DIFG);Glioma;glioma","Astrocytoma (ASTR);","","","TM-31;TM31","ccle;prism;achilles","TM-31","CVCL_6735","tm-31","diffuse glioma;glioma","astrocytoma;","","Brain_CNS","<a href='https://discovery.nci.nih.gov/cell-lines/cellminercdb/tm-31_cvcl_6735.html' target='_blank'>details</a>"
"1697","tm87-16","Soft_Tissue;Soft Tissue","Soft_Tissue","Malignant Rhabdoid Tumor","","","","TM87","ccle;prism","Tm87-16","CVCL_8001","tm87-16","malignant rhabdoid tumor","","","Soft_Tissue","<a href='https://discovery.nci.nih.gov/cell-lines/cellminercdb/tm87-16_cvcl_8001.html' target='_blank'>details</a>"
"1698","tmd8","Diffuse large B-cell lymphoma activated B-cell type","Lymph","","","","","TMD8","ancats","TMD8","CVCL_A442","tmd8","","","","Lymph","<a href='https://discovery.nci.nih.gov/cell-lines/cellminercdb/tmd8_cvcl_a442.html' target='_blank'>details</a>"
"1699","tmk-1","STAD;digestive_system","Esophagus_Stomach","Esophagogastric Adenocarcinoma (EGC)","Stomach Adenocarcinoma (STAD)","","","TMK-1","gdscDec15;gdsc1;gdsc2","TMK-1","CVCL_4384","tmk-1","esophagogastric adenocarcinoma","stomach adenocarcinoma","","Esophagus_Stomach","<a href='https://discovery.nci.nih.gov/cell-lines/cellminercdb/tmk-1_cvcl_4384.html' target='_blank'>details</a>"
"1700","to-175.t","haematopoietic_and_lymphoid_tissue: Hodgkin_lymphoma","Lymph","Hodgkin's Lymphoma (HL)","","","","TO 175.T","ccle","TO 175.T","CVCL_3806","to-175.t","hodgkin's lymphoma","","","Lymph","<a href='https://discovery.nci.nih.gov/cell-lines/cellminercdb/to-175.t_cvcl_3806.html' target='_blank'>details</a>"
"1701","to14","abdomen","Ovary","ovary_adenocarcinoma","","","","TO14","achilles","TO14","CVCL_2734","to14","ovary adenocarcinoma","","","Ovary","<a href='https://discovery.nci.nih.gov/cell-lines/cellminercdb/to14_cvcl_2734.html' target='_blank'>details</a>"
"1702","toledo","haematopoietic_and_lymphoid_tissue: diffuse_large_B_cell_lymphoma","Lymph","Non-Hodgkin's Lymphoma (NHL)","B-Cell Lymphoma (BCL)","Diffuse Large B-Cell Lymphoma (DLBCL)","","Toledo;TOLEDO","ccle;gdscDec15;mdaMills","Toledo","CVCL_3611","toledo","non-hodgkin's lymphoma","b-cell lymphoma","diffuse large b-cell lymphoma","Lymph","<a href='https://discovery.nci.nih.gov/cell-lines/cellminercdb/toledo_cvcl_3611.html' target='_blank'>details</a>"
"1703","tov-112d","ovary: endometrioid_carcinoma;OV;Ovary;ovary;urogenital_system","Ovary","Ovarian Epithelial Tumor (OVT);Ovary Adenocarcinoma;ovary_adenocarcinoma","Endometrioid Ovarian Cancer (EOV);Endometrioid;endometrioid","","","TOV-112D;TOV112D","ccle;gdscDec15;prism;achilles;mdaMills;gdsc1;gdsc2","TOV-112D","CVCL_3612","tov-112d","ovarian epithelial tumor;ovary adenocarcinoma","endometrioid ovarian cancer;endometrioid","","Ovary","<a href='https://discovery.nci.nih.gov/cell-lines/cellminercdb/tov-112d_cvcl_3612.html' target='_blank'>details</a>"
"1704","tov-21g","ovary: clear_cell_carcinoma;OV;Ovary;ovary;urogenital_system","Ovary","Ovarian Epithelial Tumor (OVT);Ovary Adenocarcinoma;ovary_adenocarcinoma","Clear Cell Ovarian Cancer (CCOV);Clear Cell;clear_cell","","","TOV-21G;TOV21G","ccle;gdscDec15;prism;achilles;mdaMills;gdsc1;gdsc2","TOV-21G","CVCL_3613","tov-21g","ovarian epithelial tumor;ovary adenocarcinoma","clear cell ovarian cancer;clear cell","","Ovary","<a href='https://discovery.nci.nih.gov/cell-lines/cellminercdb/tov-21g_cvcl_3613.html' target='_blank'>details</a>"
"1705","tr146","head and neck","Head_Neck","","","","","TR146","mdaMills","TR146","CVCL_2736","tr146","","","","Head_Neck","<a href='https://discovery.nci.nih.gov/cell-lines/cellminercdb/tr146_cvcl_2736.html' target='_blank'>details</a>"
"1706","tt","thyroid: medullary_carcinoma;THCA;Thyroid;thyroid","Thyroid","Medullary Thyroid Cancer (THME);Thyroid Squamous","","","","TT","ccle;gdscDec15;prism;gdsc1;gdsc2","TT","CVCL_1774","tt","medullary thyroid cancer;thyroid squamous","","","Thyroid","<a href='https://discovery.nci.nih.gov/cell-lines/cellminercdb/tt_cvcl_1774.html' target='_blank'>details</a>"
"1707","tt2609-c02","thyroid: follicular_carcinoma;THCA;Thyroid;thyroid","Thyroid","Follicular Thyroid Cancer (THFO);Thyroid Carcinoma","Follicular","","","TT2609-C02;TT2609C02","ccle;gdscDec15;prism;gdsc1;gdsc2","TT2609-C02","CVCL_2218","tt2609-c02","follicular thyroid cancer;thyroid carcinoma","follicular","","Thyroid","<a href='https://discovery.nci.nih.gov/cell-lines/cellminercdb/tt2609-c02_cvcl_2218.html' target='_blank'>details</a>"
"1708","ttc-1240","Soft_Tissue","Soft_Tissue","","","","","TTC1240","ccle","TTC-1240","CVCL_8002","ttc-1240","","","","Soft_Tissue","<a href='https://discovery.nci.nih.gov/cell-lines/cellminercdb/ttc-1240_cvcl_8002.html' target='_blank'>details</a>"
"1709","ttc-442","soft_tissue;sarcoma","Soft_Tissue","rhabdomyosarcoma;sarcoma","embryonal","","","TTC442","achilles;mdaMills","TTC-442","CVCL_B255","ttc-442","rhabdomyosarcoma;sarcoma","embryonal","","Soft_Tissue","<a href='https://discovery.nci.nih.gov/cell-lines/cellminercdb/ttc-442_cvcl_b255.html' target='_blank'>details</a>"
"1710","ttc-466","bone","Bone","","","","","TTC466","mdaMills","TTC-466","CVCL_A444","ttc-466","","","","Bone","<a href='https://discovery.nci.nih.gov/cell-lines/cellminercdb/ttc-466_cvcl_a444.html' target='_blank'>details</a>"
"1711","ttc-475","sarcoma","Soft_Tissue","","","","","TTC475","mdaMills","TTC-475","CVCL_IW46","ttc-475","","","","Soft_Tissue","<a href='https://discovery.nci.nih.gov/cell-lines/cellminercdb/ttc-475_cvcl_iw46.html' target='_blank'>details</a>"
"1712","ttc-547","sarcoma","Soft_Tissue","","","","","TTC547","mdaMills","TTC-547","CVCL_7152","ttc-547","","","","Soft_Tissue","<a href='https://discovery.nci.nih.gov/cell-lines/cellminercdb/ttc-547_cvcl_7152.html' target='_blank'>details</a>"
"1713","ttc-549","Soft_Tissue;soft_tissue","Soft_Tissue","malignant_rhabdoid_tumor","","","","TTC549","ccle;achilles","TTC-549","CVCL_8005","ttc-549","malignant rhabdoid tumor","","","Soft_Tissue","<a href='https://discovery.nci.nih.gov/cell-lines/cellminercdb/ttc-549_cvcl_8005.html' target='_blank'>details</a>"
"1714","ttc-642","Soft_Tissue;soft_tissue","Soft_Tissue","malignant_rhabdoid_tumor","","","","TTC642","ccle;achilles","TTC-642","CVCL_8006","ttc-642","malignant rhabdoid tumor","","","Soft_Tissue","<a href='https://discovery.nci.nih.gov/cell-lines/cellminercdb/ttc-642_cvcl_8006.html' target='_blank'>details</a>"
"1715","ttc-709","Soft_Tissue","Soft_Tissue","","","","","TTC709","ccle","TTC-709","CVCL_8007","ttc-709","","","","Soft_Tissue","<a href='https://discovery.nci.nih.gov/cell-lines/cellminercdb/ttc-709_cvcl_8007.html' target='_blank'>details</a>"
"1716","tu-oc-1","ovary","Ovary","","","","","TUOC1","mdaMills","TU-OC-1","CVCL_L700","tu-oc-1","","","","Ovary","<a href='https://discovery.nci.nih.gov/cell-lines/cellminercdb/tu-oc-1_cvcl_l700.html' target='_blank'>details</a>"
"1717","tuhr10tkb","kidney: carcinoma;kidney","Kidney","Renal Cell Carcinoma (RCC);renal_cell_carcinoma","","","","TUHR10TKB","ccle;achilles","TUHR10TKB","CVCL_5952","tuhr10tkb","renal cell carcinoma","","","Kidney","<a href='https://discovery.nci.nih.gov/cell-lines/cellminercdb/tuhr10tkb_cvcl_5952.html' target='_blank'>details</a>"
"1718","tuhr14tkb","kidney: carcinoma;kidney","Kidney","Renal Cell Carcinoma (RCC);renal_cell_carcinoma","","","","TUHR14TKB","ccle;achilles","TUHR14TKB","CVCL_5953","tuhr14tkb","renal cell carcinoma","","","Kidney","<a href='https://discovery.nci.nih.gov/cell-lines/cellminercdb/tuhr14tkb_cvcl_5953.html' target='_blank'>details</a>"
"1719","tuhr4tkb","kidney: carcinoma;Kidney;kidney","Kidney","Renal Cell Carcinoma (RCC);Renal Cell Carcinoma;renal_cell_carcinoma","","","","TUHR4TKB","ccle;prism;achilles","TUHR4TKB","CVCL_5957","tuhr4tkb","renal cell carcinoma","","","Kidney","<a href='https://discovery.nci.nih.gov/cell-lines/cellminercdb/tuhr4tkb_cvcl_5957.html' target='_blank'>details</a>"
"1720","tur","lymphoma","Lymph","Non-Hodgkin's Lymphoma (NHL)","B-Cell Lymphoma (BCL)","","","TUR","gdscDec15;gdsc1;gdsc2","TUR","CVCL_1775","tur","non-hodgkin's lymphoma","b-cell lymphoma","","Lymph","<a href='https://discovery.nci.nih.gov/cell-lines/cellminercdb/tur_cvcl_1775.html' target='_blank'>details</a>"
"1721","tyk-nu","ovary: undifferentiated_carcinoma;CANNOT_CLASSIFY;urogenital_system","Ovary","Ovarian Epithelial Tumor (OVT)","","","","TYK-nu;TYKNU","ccle;gdscDec15;mdaMills;gdsc1;gdsc2","TYK-nu","CVCL_1776","tyk-nu","ovarian epithelial tumor","","","Ovary","<a href='https://discovery.nci.nih.gov/cell-lines/cellminercdb/tyk-nu_cvcl_1776.html' target='_blank'>details</a>"
"1722","u-118mg","central_nervous_system: astrocytoma;GBM;Central Nervous System;central_nervous_system;nervous_system","Brain_CNS","Diffuse Glioma (DIFG);Glioma;glioma","Astrocytoma (ASTR);Astrocytoma;astrocytoma","","","U-118 MG;U-118-MG;U118MG","ccle;gdscDec15;prism;achilles;gdsc1;gdsc2","U-118MG","CVCL_0633","u-118mg","diffuse glioma;glioma","astrocytoma","","Brain_CNS","<a href='https://discovery.nci.nih.gov/cell-lines/cellminercdb/u-118mg_cvcl_0633.html' target='_blank'>details</a>"
"1723","u-138mg","central_nervous_system: astrocytoma","Brain_CNS","Diffuse Glioma (DIFG)","Astrocytoma (ASTR)","","","U-138 MG","ccle","U-138MG","CVCL_0020","u-138mg","diffuse glioma","astrocytoma","","Brain_CNS","<a href='https://discovery.nci.nih.gov/cell-lines/cellminercdb/u-138mg_cvcl_0020.html' target='_blank'>details</a>"
"1724","u-178mg","central_nervous_system: astrocytoma_Grade_IV","Brain_CNS","Diffuse Glioma (DIFG)","Astrocytoma (ASTR)","","","U-178","ccle","U-178MG","CVCL_A758","u-178mg","diffuse glioma","astrocytoma","","Brain_CNS","<a href='https://discovery.nci.nih.gov/cell-lines/cellminercdb/u-178mg_cvcl_a758.html' target='_blank'>details</a>"
"1725","u-251mg","central nervous system;central_nervous_system: astrocytoma;GBM;Central Nervous System;central_nervous_system;nervous_system","Brain_CNS","Diffuse Glioma (DIFG);Glioma;glioma","Astrocytoma (ASTR);Astrocytoma;astrocytoma","","","CNS:U251;U-251 MG;U251;U251MG","nci60;ccle;gdscDec15;prism;achilles;mdaMills;gdsc1;gdsc2","U-251MG","CVCL_0021","u-251mg","diffuse glioma;glioma","astrocytoma","","Brain_CNS","<a href='https://discovery.nci.nih.gov/cell-lines/cellminercdb/u-251mg_cvcl_0021.html' target='_blank'>details</a>"
"1726","u-2904","pleural_effusion","Lymph","lymphoma_unspecified","b_cell","","","U2904","achilles","U-2904","CVCL_X504","u-2904","lymphoma unspecified","b cell","","Lymph","<a href='https://discovery.nci.nih.gov/cell-lines/cellminercdb/u-2904_cvcl_x504.html' target='_blank'>details</a>"
"1727","u-2932","blood","Blood","","","","","U2932","mdaMills","U-2932","CVCL_1896","u-2932","","","","Blood","<a href='https://discovery.nci.nih.gov/cell-lines/cellminercdb/u-2932_cvcl_1896.html' target='_blank'>details</a>"
"1728","u-2940","blood","Blood","","","","","U2940","mdaMills","U-2940","CVCL_1897","u-2940","","","","Blood","<a href='https://discovery.nci.nih.gov/cell-lines/cellminercdb/u-2940_cvcl_1897.html' target='_blank'>details</a>"
"1729","u-343mga","central_nervous_system: astrocytoma_Grade_IV;central_nervous_system","Brain_CNS","Diffuse Glioma (DIFG);glioma","Astrocytoma (ASTR);glioblastoma","","","U343","ccle;achilles","U-343MGa","CVCL_4773","u-343mga","diffuse glioma;glioma","astrocytoma;glioblastoma","","Brain_CNS","<a href='https://discovery.nci.nih.gov/cell-lines/cellminercdb/u-343mga_cvcl_4773.html' target='_blank'>details</a>"
"1730","u-698-m","blood;leukemia","Blood","Leukemia (LEUK)","","","","U-698-M;U698M","gdscDec15;mdaMills;gdsc1;gdsc2","U-698-M","CVCL_0017","u-698-m","leukemia","","","Blood","<a href='https://discovery.nci.nih.gov/cell-lines/cellminercdb/u-698-m_cvcl_0017.html' target='_blank'>details</a>"
"1731","u-87mg-atcc","central_nervous_system: astrocytoma;GBM;central_nervous_system;nervous_system;Glioblastoma","Brain_CNS","Diffuse Glioma (DIFG);glioma","Astrocytoma (ASTR);astrocytoma","","","U-87 MG;U-87-MG;U87MG;U-87MG ATCC","ccle;gdscDec15;achilles;gdsc1;gdsc2;ancats","U-87MG ATCC","CVCL_0022","u-87mg-atcc","diffuse glioma;glioma","astrocytoma","","Brain_CNS","<a href='https://discovery.nci.nih.gov/cell-lines/cellminercdb/u-87mg-atcc_cvcl_0022.html' target='_blank'>details</a>"
"1732","u-937","haematopoietic_and_lymphoid_tissue: diffuse_large_B_cell_lymphoma;pleural_effusion","Lymph;Blood","Non-Hodgkin's Lymphoma (NHL);AML","B-Cell Lymphoma (BCL)","Diffuse Large B-Cell Lymphoma (DLBCL)","","U-937;U937","ccle;achilles","U-937","CVCL_0007","u-937","non-hodgkin's lymphoma;aml","b-cell lymphoma","diffuse large b-cell lymphoma","Lymph;Blood","<a href='https://discovery.nci.nih.gov/cell-lines/cellminercdb/u-937_cvcl_0007.html' target='_blank'>details</a>"
"1733","u-blc1","urinary_tract: transitional_cell_carcinoma;Urinary Tract","Bladder_Urinary_Tract","Bladder Urothelial Carcinoma (BLCA);Bladder Carcinoma","Bladder Transitional Cell","","","U-BLC1;UBLC1","ccle;prism","U-BLC1","CVCL_2738","u-blc1","bladder urothelial carcinoma;bladder carcinoma","bladder transitional cell","","Bladder_Urinary_Tract","<a href='https://discovery.nci.nih.gov/cell-lines/cellminercdb/u-blc1_cvcl_2738.html' target='_blank'>details</a>"
"1734","u-ch1","","Bone","Chordoma (CHDM)","","","","U-CH1","gdscDec15","U-CH1","CVCL_4988","u-ch1","chordoma","","","Bone","<a href='https://discovery.nci.nih.gov/cell-lines/cellminercdb/u-ch1_cvcl_4988.html' target='_blank'>details</a>"
"1735","u-ch2","bone","Bone","Chordoma ;chordoma;Chordoma","chordoma_sacral","","","U-CH2;UCH2","gdscDec15;achilles;gdsc2","U-CH2","CVCL_4989","u-ch2","chordoma ;chordoma","chordoma sacral","","Bone","<a href='https://discovery.nci.nih.gov/cell-lines/cellminercdb/u-ch2_cvcl_4989.html' target='_blank'>details</a>"
"1736","u-ho1","pleural_effusion","Lymph","hodgkin_lymphoma","","","","UHO1","achilles","U-HO1","CVCL_2220","u-ho1","hodgkin lymphoma","","","Lymph","<a href='https://discovery.nci.nih.gov/cell-lines/cellminercdb/u-ho1_cvcl_2220.html' target='_blank'>details</a>"
"1737","u266b1","haematopoietic_and_lymphoid_tissue: plasma_cell_myeloma;myeloma;Plasma cell myeloma","Blood","Multiple Myeloma (MM)","","","","U266B1;U-266","ccle;gdscDec15;mdaMills;gdsc1;gdsc2;ancats","U266B1","CVCL_0566","u266b1","multiple myeloma","","","Blood","<a href='https://discovery.nci.nih.gov/cell-lines/cellminercdb/u266b1_cvcl_0566.html' target='_blank'>details</a>"
"1738","u2os","bone: osteosarcoma;Bone;bone","Bone","Osteosarcoma (OS);Osteosarcoma;osteosarcoma","","","","U-2 OS;U-2-OS;U2OS","ccle;gdscDec15;prism;achilles;mdaMills;gdsc1;gdsc2","U2OS","CVCL_0042","u2os","osteosarcoma","","","Bone","<a href='https://discovery.nci.nih.gov/cell-lines/cellminercdb/u2os_cvcl_0042.html' target='_blank'>details</a>"
"1739","uacc-257","melanoma;skin: malignant_melanoma;SKCM;Skin;skin","Skin","Melanoma (MEL);Melanoma;melanoma","","","","ME:UACC-257;UACC-257;UACC257","nci60;ccle;gdscDec15;prism;achilles;mdaMills;gdsc1;gdsc2","UACC-257","CVCL_1779","uacc-257","melanoma","","","Skin","<a href='https://discovery.nci.nih.gov/cell-lines/cellminercdb/uacc-257_cvcl_1779.html' target='_blank'>details</a>"
"1740","uacc-62","melanoma;skin: malignant_melanoma;SKCM;Skin;skin","Skin","Melanoma (MEL);Melanoma;melanoma","","","","ME:UACC-62;UACC-62;UACC62","nci60;ccle;gdscDec15;prism;achilles;mdaMills;gdsc1;gdsc2","UACC-62","CVCL_1780","uacc-62","melanoma","","","Skin","<a href='https://discovery.nci.nih.gov/cell-lines/cellminercdb/uacc-62_cvcl_1780.html' target='_blank'>details</a>"
"1741","uacc-732","breast","Breast","","","","","UACC732","mdaMills","UACC-732","CVCL_4050","uacc-732","","","","Breast","<a href='https://discovery.nci.nih.gov/cell-lines/cellminercdb/uacc-732_cvcl_4050.html' target='_blank'>details</a>"
"1742","uacc-812","breast: ductal_carcinoma;breast","Breast","Breast Carcinoma (BRCA)","Breast Invasive Ductal Carcinoma (IDC)","","","UACC-812;UACC812","ccle;gdscDec15;mdaMills;gdsc1;gdsc2","UACC-812","CVCL_1781","uacc-812","breast carcinoma","breast invasive ductal carcinoma","","Breast","<a href='https://discovery.nci.nih.gov/cell-lines/cellminercdb/uacc-812_cvcl_1781.html' target='_blank'>details</a>"
"1743","uacc-893","breast: ductal_carcinoma;BRCA;breast","Breast","Breast Carcinoma (BRCA)","Breast Invasive Ductal Carcinoma (IDC)","","","UACC-893;UACC893","ccle;gdscDec15;mdaMills;gdsc1;gdsc2","UACC-893","CVCL_1782","uacc-893","breast carcinoma","breast invasive ductal carcinoma","","Breast","<a href='https://discovery.nci.nih.gov/cell-lines/cellminercdb/uacc-893_cvcl_1782.html' target='_blank'>details</a>"
"1744","ud-scc-2","","Head_Neck","Head and Neck Squamous Cell Carcinoma (HNSC)","","","","UDSCC2","gdscDec15","UD-SCC-2","CVCL_E325","ud-scc-2","head and neck squamous cell carcinoma","","","Head_Neck","<a href='https://discovery.nci.nih.gov/cell-lines/cellminercdb/ud-scc-2_cvcl_e325.html' target='_blank'>details</a>"
"1745","uiso-mcc-1","","Skin","Merkel Cell Carcinoma (MCC)","","","","UISO-MCC-1","gdscDec15","UISO-MCC-1","CVCL_E996","uiso-mcc-1","merkel cell carcinoma","","","Skin","<a href='https://discovery.nci.nih.gov/cell-lines/cellminercdb/uiso-mcc-1_cvcl_e996.html' target='_blank'>details</a>"
"1746","um-chor1","bone","Bone","chordoma","","","","UMCHOR1","achilles","UM-Chor1","CVCL_1D68","um-chor1","chordoma","","","Bone","<a href='https://discovery.nci.nih.gov/cell-lines/cellminercdb/um-chor1_cvcl_1d68.html' target='_blank'>details</a>"
"1747","um-rc-2","kidney: clear_cell_renal_cell_carcinoma","Kidney","Renal Cell Carcinoma (RCC)","Renal Clear Cell Carcinoma (CCRCC)","","","UMRC2","ccle","UM-RC-2","CVCL_2739","um-rc-2","renal cell carcinoma","renal clear cell carcinoma","","Kidney","<a href='https://discovery.nci.nih.gov/cell-lines/cellminercdb/um-rc-2_cvcl_2739.html' target='_blank'>details</a>"
"1748","um-rc-6","kidney: renal_cell_carcinoma","Kidney","Renal Cell Carcinoma (RCC)","","","","UMRC6","ccle","UM-RC-6","CVCL_2741","um-rc-6","renal cell carcinoma","","","Kidney","<a href='https://discovery.nci.nih.gov/cell-lines/cellminercdb/um-rc-6_cvcl_2741.html' target='_blank'>details</a>"
"1749","um-scc-1","head and neck","Head_Neck","","","","","UMSCC1","mdaMills","UM-SCC-1","CVCL_7707","um-scc-1","","","","Head_Neck","<a href='https://discovery.nci.nih.gov/cell-lines/cellminercdb/um-scc-1_cvcl_7707.html' target='_blank'>details</a>"
"1750","um-scc-10a","head and neck","Head_Neck","","","","","UMSCC10A","mdaMills","UM-SCC-10A","CVCL_7713","um-scc-10a","","","","Head_Neck","<a href='https://discovery.nci.nih.gov/cell-lines/cellminercdb/um-scc-10a_cvcl_7713.html' target='_blank'>details</a>"
"1751","um-scc-11b","head and neck","Head_Neck","","","","","UMSCC11B","mdaMills","UM-SCC-11B","CVCL_7716","um-scc-11b","","","","Head_Neck","<a href='https://discovery.nci.nih.gov/cell-lines/cellminercdb/um-scc-11b_cvcl_7716.html' target='_blank'>details</a>"
"1752","um-scc-12","head and neck","Head_Neck","","","","","UMSCC12","mdaMills","UM-SCC-12","CVCL_7717","um-scc-12","","","","Head_Neck","<a href='https://discovery.nci.nih.gov/cell-lines/cellminercdb/um-scc-12_cvcl_7717.html' target='_blank'>details</a>"
"1753","um-scc-14b","head and neck","Head_Neck","","","","","UMSCC14B","mdaMills","UM-SCC-14B","CVCL_7720","um-scc-14b","","","","Head_Neck","<a href='https://discovery.nci.nih.gov/cell-lines/cellminercdb/um-scc-14b_cvcl_7720.html' target='_blank'>details</a>"
"1754","um-scc-17a","head and neck","Head_Neck","","","","","UMSCC17A","mdaMills","UM-SCC-17A","CVCL_7724","um-scc-17a","","","","Head_Neck","<a href='https://discovery.nci.nih.gov/cell-lines/cellminercdb/um-scc-17a_cvcl_7724.html' target='_blank'>details</a>"
"1755","um-scc-17b","Laryngeal squamous cell carcinoma","Head_Neck","","","","","UM-SCC-17B","ancats","UM-SCC-17B","CVCL_7725","um-scc-17b","","","","Head_Neck","<a href='https://discovery.nci.nih.gov/cell-lines/cellminercdb/um-scc-17b_cvcl_7725.html' target='_blank'>details</a>"
"1756","um-scc-19","head and neck","Head_Neck","","","","","UMSCC19","mdaMills","UM-SCC-19","CVCL_7727","um-scc-19","","","","Head_Neck","<a href='https://discovery.nci.nih.gov/cell-lines/cellminercdb/um-scc-19_cvcl_7727.html' target='_blank'>details</a>"
"1757","um-scc-22a","head and neck","Head_Neck","","","","","UMSCC22A","mdaMills","UM-SCC-22A","CVCL_7731","um-scc-22a","","","","Head_Neck","<a href='https://discovery.nci.nih.gov/cell-lines/cellminercdb/um-scc-22a_cvcl_7731.html' target='_blank'>details</a>"
"1758","um-scc-38","head and neck","Head_Neck","","","","","UMSCC38","mdaMills","UM-SCC-38","CVCL_7749","um-scc-38","","","","Head_Neck","<a href='https://discovery.nci.nih.gov/cell-lines/cellminercdb/um-scc-38_cvcl_7749.html' target='_blank'>details</a>"
"1759","um-scc-4","head and neck","Head_Neck","","","","","UMSCC4","mdaMills","UM-SCC-4","CVCL_7751","um-scc-4","","","","Head_Neck","<a href='https://discovery.nci.nih.gov/cell-lines/cellminercdb/um-scc-4_cvcl_7751.html' target='_blank'>details</a>"
"1760","um-scc-47","head and neck;Tongue squamous cell carcinoma","Head_Neck","","","","","UMSCC47;UM-SCC-47","mdaMills;ancats","UM-SCC-47","CVCL_7759","um-scc-47","","","","Head_Neck","<a href='https://discovery.nci.nih.gov/cell-lines/cellminercdb/um-scc-47_cvcl_7759.html' target='_blank'>details</a>"
"1761","um-scc-5","head and neck","Head_Neck","","","","","UMSCC5","mdaMills","UM-SCC-5","CVCL_7762","um-scc-5","","","","Head_Neck","<a href='https://discovery.nci.nih.gov/cell-lines/cellminercdb/um-scc-5_cvcl_7762.html' target='_blank'>details</a>"
"1762","um-scc-6","head and neck","Head_Neck","","","","","UMSCC6","mdaMills","UM-SCC-6","CVCL_7773","um-scc-6","","","","Head_Neck","<a href='https://discovery.nci.nih.gov/cell-lines/cellminercdb/um-scc-6_cvcl_7773.html' target='_blank'>details</a>"
"1763","um-scc-7","head and neck","Head_Neck","","","","","UMSCC7","mdaMills","UM-SCC-7","CVCL_7776","um-scc-7","","","","Head_Neck","<a href='https://discovery.nci.nih.gov/cell-lines/cellminercdb/um-scc-7_cvcl_7776.html' target='_blank'>details</a>"
"1764","um-scc-74a","head and neck","Head_Neck","","","","","UMSCC74A","mdaMills","UM-SCC-74A","CVCL_7779","um-scc-74a","","","","Head_Neck","<a href='https://discovery.nci.nih.gov/cell-lines/cellminercdb/um-scc-74a_cvcl_7779.html' target='_blank'>details</a>"
"1765","um-scc-8","head and neck","Head_Neck","","","","","UMSCC8","mdaMills","UM-SCC-8","CVCL_7781","um-scc-8","","","","Head_Neck","<a href='https://discovery.nci.nih.gov/cell-lines/cellminercdb/um-scc-8_cvcl_7781.html' target='_blank'>details</a>"
"1766","um-scc-81a","head and neck","Head_Neck","","","","","UMSCC81A","mdaMills","UM-SCC-81A","CVCL_7783","um-scc-81a","","","","Head_Neck","<a href='https://discovery.nci.nih.gov/cell-lines/cellminercdb/um-scc-81a_cvcl_7783.html' target='_blank'>details</a>"
"1767","um-uc-1","urinary_tract: transitional_cell_carcinoma;Urinary Tract;lymph_node","Bladder_Urinary_Tract","Bladder Urothelial Carcinoma (BLCA);Bladder Carcinoma;bladder_carcinoma","Bladder Transitional Cell;bladder_transitional_cell","","","UM-UC-1;UMUC1","ccle;prism;achilles","UM-UC-1","CVCL_2743","um-uc-1","bladder urothelial carcinoma;bladder carcinoma","bladder transitional cell","","Bladder_Urinary_Tract","<a href='https://discovery.nci.nih.gov/cell-lines/cellminercdb/um-uc-1_cvcl_2743.html' target='_blank'>details</a>"
"1768","um-uc-10","urinary_tract","Bladder_Urinary_Tract","bladder_carcinoma","bladder_transitional_cell","","","UMUC10","achilles","UM-UC-10","CVCL_2744","um-uc-10","bladder carcinoma","bladder transitional cell","","Bladder_Urinary_Tract","<a href='https://discovery.nci.nih.gov/cell-lines/cellminercdb/um-uc-10_cvcl_2744.html' target='_blank'>details</a>"
"1769","um-uc-11","urinary_tract","Bladder_Urinary_Tract","bladder_carcinoma","bladder_transitional_cell","","","UMUC11","achilles","UM-UC-11","CVCL_2745","um-uc-11","bladder carcinoma","bladder transitional cell","","Bladder_Urinary_Tract","<a href='https://discovery.nci.nih.gov/cell-lines/cellminercdb/um-uc-11_cvcl_2745.html' target='_blank'>details</a>"
"1770","um-uc-12","bladder","Bladder_Urinary_Tract","","","","","UMUC12","mdaMills","UM-UC-12","CVCL_S992","um-uc-12","","","","Bladder_Urinary_Tract","<a href='https://discovery.nci.nih.gov/cell-lines/cellminercdb/um-uc-12_cvcl_s992.html' target='_blank'>details</a>"
"1771","um-uc-13","lymph_node;bladder","Bladder_Urinary_Tract","bladder_carcinoma","bladder_transitional_cell","","","UMUC13","achilles;mdaMills","UM-UC-13","CVCL_2746","um-uc-13","bladder carcinoma","bladder transitional cell","","Bladder_Urinary_Tract","<a href='https://discovery.nci.nih.gov/cell-lines/cellminercdb/um-uc-13_cvcl_2746.html' target='_blank'>details</a>"
"1772","um-uc-14","urinary_tract","Bladder_Urinary_Tract","bladder_carcinoma","bladder_transitional_cell","","","UMUC14","achilles","UM-UC-14","CVCL_2747","um-uc-14","bladder carcinoma","bladder transitional cell","","Bladder_Urinary_Tract","<a href='https://discovery.nci.nih.gov/cell-lines/cellminercdb/um-uc-14_cvcl_2747.html' target='_blank'>details</a>"
"1773","um-uc-15","bladder","Bladder_Urinary_Tract","","","","","UMUC15","mdaMills","UM-UC-15","CVCL_R742","um-uc-15","","","","Bladder_Urinary_Tract","<a href='https://discovery.nci.nih.gov/cell-lines/cellminercdb/um-uc-15_cvcl_r742.html' target='_blank'>details</a>"
"1774","um-uc-16","urinary_tract","Bladder_Urinary_Tract","bladder_carcinoma","bladder_transitional_cell","","","UMUC16","achilles","UM-UC-16","CVCL_2748","um-uc-16","bladder carcinoma","bladder transitional cell","","Bladder_Urinary_Tract","<a href='https://discovery.nci.nih.gov/cell-lines/cellminercdb/um-uc-16_cvcl_2748.html' target='_blank'>details</a>"
"1775","um-uc-17","bladder","Bladder_Urinary_Tract","","","","","UMUC17","mdaMills","UM-UC-17","CVCL_R743","um-uc-17","","","","Bladder_Urinary_Tract","<a href='https://discovery.nci.nih.gov/cell-lines/cellminercdb/um-uc-17_cvcl_r743.html' target='_blank'>details</a>"
"1776","um-uc-3","urinary_tract: transitional_cell_carcinoma;BLCA;urinary_tract;urogenital_system;Bladder carcinoma","Bladder_Urinary_Tract","Bladder Urothelial Carcinoma (BLCA);bladder_carcinoma","bladder_transitional_cell","","","UM-UC-3;UMUC3","ccle;gdscDec15;achilles;gdsc1;gdsc2;ancats","UM-UC-3","CVCL_1783","um-uc-3","bladder urothelial carcinoma;bladder carcinoma","bladder transitional cell","","Bladder_Urinary_Tract","<a href='https://discovery.nci.nih.gov/cell-lines/cellminercdb/um-uc-3_cvcl_1783.html' target='_blank'>details</a>"
"1777","um-uc-3-lul-2","Bladder carcinoma","Bladder_Urinary_Tract","","","","","UM-UC-3-LuL-2","ancats","UM-UC-3-LuL-2","CVCL_VL58","um-uc-3-lul-2","","","","Bladder_Urinary_Tract","<a href='https://discovery.nci.nih.gov/cell-lines/cellminercdb/um-uc-3-lul-2_cvcl_vl58.html' target='_blank'>details</a>"
"1778","um-uc-5","urinary_tract","Bladder_Urinary_Tract","bladder_carcinoma","bladder_squamous","","","UMUC5","achilles","UM-UC-5","CVCL_2750","um-uc-5","bladder carcinoma","bladder squamous","","Bladder_Urinary_Tract","<a href='https://discovery.nci.nih.gov/cell-lines/cellminercdb/um-uc-5_cvcl_2750.html' target='_blank'>details</a>"
"1779","um-uc-6","urinary_tract","Bladder_Urinary_Tract","bladder_carcinoma","bladder_transitional_cell","","","UMUC6","achilles","UM-UC-6","CVCL_2751","um-uc-6","bladder carcinoma","bladder transitional cell","","Bladder_Urinary_Tract","<a href='https://discovery.nci.nih.gov/cell-lines/cellminercdb/um-uc-6_cvcl_2751.html' target='_blank'>details</a>"
"1780","um-uc-7","urinary_tract","Bladder_Urinary_Tract","bladder_carcinoma","bladder_transitional_cell","","","UMUC7","achilles","UM-UC-7","CVCL_2752","um-uc-7","bladder carcinoma","bladder transitional cell","","Bladder_Urinary_Tract","<a href='https://discovery.nci.nih.gov/cell-lines/cellminercdb/um-uc-7_cvcl_2752.html' target='_blank'>details</a>"
"1781","um-uc-9","urinary_tract;bladder","Bladder_Urinary_Tract","bladder_carcinoma","bladder_transitional_cell","","","UMUC9","achilles;mdaMills","UM-UC-9","CVCL_2753","um-uc-9","bladder carcinoma","bladder transitional cell","","Bladder_Urinary_Tract","<a href='https://discovery.nci.nih.gov/cell-lines/cellminercdb/um-uc-9_cvcl_2753.html' target='_blank'>details</a>"
"1782","umc-11","NOT_TCGA;lung_NSCLC","Lung","Non-Small Cell Lung Cancer (NSCLC)","Lung Carcinoid (LUCA)","","","UMC-11","gdscDec15;gdsc1;gdsc2","UMC-11","CVCL_1784","umc-11","non-small cell lung cancer","lung carcinoid","","Lung","<a href='https://discovery.nci.nih.gov/cell-lines/cellminercdb/umc-11_cvcl_1784.html' target='_blank'>details</a>"
"1783","uo-31","renal;Kidney;KIRC;kidney","Kidney","Renal Cell Carcinoma (RCC);Renal Cell Carcinoma","","","","RE:UO-31;UO31;U031","nci60;ccle;gdscDec15;prism;mdaMills;gdsc1;gdsc2","UO-31","CVCL_1911","uo-31","renal cell carcinoma","","","Kidney","<a href='https://discovery.nci.nih.gov/cell-lines/cellminercdb/uo-31_cvcl_1911.html' target='_blank'>details</a>"
"1784","uok101","kidney: clear_cell_renal_cell_carcinoma;kidney","Kidney","Renal Cell Carcinoma (RCC);renal_cell_carcinoma","Renal Clear Cell Carcinoma (CCRCC)","","","UOK101","ccle;achilles","UOK101","CVCL_B076","uok101","renal cell carcinoma","renal clear cell carcinoma","","Kidney","<a href='https://discovery.nci.nih.gov/cell-lines/cellminercdb/uok101_cvcl_b076.html' target='_blank'>details</a>"
"1785","uok102","Clear cell renal cell carcinoma","Kidney","","","","","UOK102","ancats","UOK102","CVCL_B080","uok102","","","","Kidney","<a href='https://discovery.nci.nih.gov/cell-lines/cellminercdb/uok102_cvcl_b080.html' target='_blank'>details</a>"
"1786","uok109","Renal cell carcinoma associated with Xp11.2 translocations/TFE3 gene fusions","Kidney","","","","","UOK109","ancats","UOK109","CVCL_B087","uok109","","","","Kidney","<a href='https://discovery.nci.nih.gov/cell-lines/cellminercdb/uok109_cvcl_b087.html' target='_blank'>details</a>"
"1787","uok120","Papillary renal cell carcinoma","Kidney","","","","","UOK120","ancats","UOK120","CVCL_B099","uok120","","","","Kidney","<a href='https://discovery.nci.nih.gov/cell-lines/cellminercdb/uok120_cvcl_b099.html' target='_blank'>details</a>"
"1788","uok121","Renal cell carcinoma","Kidney","","","","","UOK121","ancats","UOK121","CVCL_B100","uok121","","","","Kidney","<a href='https://discovery.nci.nih.gov/cell-lines/cellminercdb/uok121_cvcl_b100.html' target='_blank'>details</a>"
"1789","uok122","Clear cell renal cell carcinoma","Kidney","","","","","UOK122","ancats","UOK122","CVCL_B102","uok122","","","","Kidney","<a href='https://discovery.nci.nih.gov/cell-lines/cellminercdb/uok122_cvcl_b102.html' target='_blank'>details</a>"
"1790","uok124","Papillary renal cell carcinoma","Kidney","","","","","UOK124","ancats","UOK124","CVCL_B105","uok124","","","","Kidney","<a href='https://discovery.nci.nih.gov/cell-lines/cellminercdb/uok124_cvcl_b105.html' target='_blank'>details</a>"
"1791","uok130","Renal cell carcinoma","Kidney","","","","","UOK130","ancats","UOK130","CVCL_B112","uok130","","","","Kidney","<a href='https://discovery.nci.nih.gov/cell-lines/cellminercdb/uok130_cvcl_b112.html' target='_blank'>details</a>"
"1792","uok139","Renal cell carcinoma","Kidney","","","","","UOK139","ancats","UOK139","CVCL_B118","uok139","","","","Kidney","<a href='https://discovery.nci.nih.gov/cell-lines/cellminercdb/uok139_cvcl_b118.html' target='_blank'>details</a>"
"1793","uok145","Renal cell carcinoma associated with Xp11.2 translocations/TFE3 gene fusions","Kidney","","","","","UOK145","ancats","UOK145","CVCL_B122","uok145","","","","Kidney","<a href='https://discovery.nci.nih.gov/cell-lines/cellminercdb/uok145_cvcl_b122.html' target='_blank'>details</a>"
"1794","uok146","Papillary renal cell carcinoma","Kidney","","","","","UOK146","ancats","UOK146","CVCL_B123","uok146","","","","Kidney","<a href='https://discovery.nci.nih.gov/cell-lines/cellminercdb/uok146_cvcl_b123.html' target='_blank'>details</a>"
"1795","uok161","Renal cell carcinoma","Kidney","","","","","UOK161","ancats","UOK161","CVCL_B128","uok161","","","","Kidney","<a href='https://discovery.nci.nih.gov/cell-lines/cellminercdb/uok161_cvcl_b128.html' target='_blank'>details</a>"
"1796","uok257","Birt-Hogg-Dube syndrome","Kidney","","","","","UOK257","ancats","UOK257","CVCL_S717","uok257","","","","Kidney","<a href='https://discovery.nci.nih.gov/cell-lines/cellminercdb/uok257_cvcl_s717.html' target='_blank'>details</a>"
"1797","uok262","Hereditary leiomyomatosis and renal cell cancer","Kidney","","","","","UOK262","ancats","UOK262","CVCL_1D72","uok262","","","","Kidney","<a href='https://discovery.nci.nih.gov/cell-lines/cellminercdb/uok262_cvcl_1d72.html' target='_blank'>details</a>"
"1798","upci-scc-003","head and neck","Head_Neck","","","","","UPCISCC003","mdaMills","UPCI-SCC-003","CVCL_C025","upci-scc-003","","","","Head_Neck","<a href='https://discovery.nci.nih.gov/cell-lines/cellminercdb/upci-scc-003_cvcl_c025.html' target='_blank'>details</a>"
"1799","upci-scc-016","head and neck","Head_Neck","","","","","UPCISCC016","mdaMills","UPCI-SCC-016","CVCL_C027","upci-scc-016","","","","Head_Neck","<a href='https://discovery.nci.nih.gov/cell-lines/cellminercdb/upci-scc-016_cvcl_c027.html' target='_blank'>details</a>"
"1800","upci-scc-090","aero_dig_tract","Head_Neck","","","","","SCC90","gdscDec15;gdsc1;gdsc2","UPCI-SCC-090","CVCL_1899","upci-scc-090","","","","Head_Neck","<a href='https://discovery.nci.nih.gov/cell-lines/cellminercdb/upci-scc-090_cvcl_1899.html' target='_blank'>details</a>"
"1801","upci-scc-125","head and neck","Head_Neck","","","","","UPCISCC125","mdaMills","UPCI-SCC-125","CVCL_C054","upci-scc-125","","","","Head_Neck","<a href='https://discovery.nci.nih.gov/cell-lines/cellminercdb/upci-scc-125_cvcl_c054.html' target='_blank'>details</a>"
"1802","upci-scc-152","upper_aerodigestive_tract","Head_Neck","upper_aerodigestive_squamous","oral","","","UPCISCC152","achilles","UPCI-SCC-152","CVCL_C058","upci-scc-152","upper aerodigestive squamous","oral","","Head_Neck","<a href='https://discovery.nci.nih.gov/cell-lines/cellminercdb/upci-scc-152_cvcl_c058.html' target='_blank'>details</a>"
"1803","upci-scc-153","head and neck","Head_Neck","","","","","UPCISCC153","mdaMills","UPCI-SCC-153","CVCL_C059","upci-scc-153","","","","Head_Neck","<a href='https://discovery.nci.nih.gov/cell-lines/cellminercdb/upci-scc-153_cvcl_c059.html' target='_blank'>details</a>"
"1804","upci-scc-154","head and neck","Head_Neck","","","","","UPCISCC154","mdaMills","UPCI-SCC-154","CVCL_2230","upci-scc-154","","","","Head_Neck","<a href='https://discovery.nci.nih.gov/cell-lines/cellminercdb/upci-scc-154_cvcl_2230.html' target='_blank'>details</a>"
"1805","upn251","ovary","Ovary","","","","","UPN251","mdaMills","UPN251","CVCL_DG78","upn251","","","","Ovary","<a href='https://discovery.nci.nih.gov/cell-lines/cellminercdb/upn251_cvcl_dg78.html' target='_blank'>details</a>"
"1806","uspc-ark-2","uterus","Uterus","","","","","ARK2","mdaMills","USPC-ARK-2","CVCL_IV73","uspc-ark-2","","","","Uterus","<a href='https://discovery.nci.nih.gov/cell-lines/cellminercdb/uspc-ark-2_cvcl_iv73.html' target='_blank'>details</a>"
"1807","ut-7","haematopoietic_and_lymphoid_tissue: acute_myeloid_leukaemia","Blood","Leukemia (LEUK)","Acute Myeloid Leukemia (AML)","","","UT-7","ccle","UT-7","CVCL_2233","ut-7","leukemia","acute myeloid leukemia","","Blood","<a href='https://discovery.nci.nih.gov/cell-lines/cellminercdb/ut-7_cvcl_2233.html' target='_blank'>details</a>"
"1808","uw228","central_nervous_system","Brain_CNS","medulloblastoma","","","","UW228","achilles","UW228","CVCL_8585","uw228","medulloblastoma","","","Brain_CNS","<a href='https://discovery.nci.nih.gov/cell-lines/cellminercdb/uw228_cvcl_8585.html' target='_blank'>details</a>"
"1809","uwb1.289","OV;ovary;urogenital_system","Ovary","ovary_adenocarcinoma","serous","","","UWB1.289;UWB1289","gdscDec15;achilles;gdsc1;gdsc2","UWB1.289","CVCL_B079","uwb1.289","ovary adenocarcinoma","serous","","Ovary","<a href='https://discovery.nci.nih.gov/cell-lines/cellminercdb/uwb1.289_cvcl_b079.html' target='_blank'>details</a>"
"1810","va-es-bj","bone;soft_tissue","Soft_Tissue","sarcoma","","","","VA-ES-BJ;VAESBJ","gdscDec15;mdaMills;gdsc1;gdsc2","VA-ES-BJ","CVCL_1785","va-es-bj","sarcoma","","","Soft_Tissue","<a href='https://discovery.nci.nih.gov/cell-lines/cellminercdb/va-es-bj_cvcl_1785.html' target='_blank'>details</a>"
"1811","val","blood;lymphoma","Blood","","","","","VAL","gdscDec15;mdaMills;gdsc1;gdsc2","VAL","CVCL_1819","val","","","","Blood","<a href='https://discovery.nci.nih.gov/cell-lines/cellminercdb/val_cvcl_1819.html' target='_blank'>details</a>"
"1812","vcap","prostate: adenocarcinoma;PRAD;bone;urogenital_system","Prostate","prostate_adenocarcinoma","","","","VCaP;VCAP","ccle;gdscDec15;achilles;gdsc1;gdsc2","VCaP","CVCL_2235","vcap","prostate adenocarcinoma","","","Prostate","<a href='https://discovery.nci.nih.gov/cell-lines/cellminercdb/vcap_cvcl_2235.html' target='_blank'>details</a>"
"1813","vl51","lymphoma","Blood","","","","","SLVL","gdscDec15;gdsc1;gdsc2","VL51","CVCL_3169","vl51","","","","Blood","<a href='https://discovery.nci.nih.gov/cell-lines/cellminercdb/vl51_cvcl_3169.html' target='_blank'>details</a>"
"1814","vm-cub-1","urinary_tract: transitional_cell_carcinoma;BLCA;Urinary Tract;urinary_tract","Bladder_Urinary_Tract","Bladder Urothelial Carcinoma (BLCA);Bladder Carcinoma;bladder_carcinoma","Bladder Transitional Cell;bladder_transitional_cell","","","VM-CUB1;VM-CUB-1;VMCUB1","ccle;gdscDec15;prism;achilles","VM-CUB-1","CVCL_1786","vm-cub-1","bladder urothelial carcinoma;bladder carcinoma","bladder transitional cell","","Bladder_Urinary_Tract","<a href='https://discovery.nci.nih.gov/cell-lines/cellminercdb/vm-cub-1_cvcl_1786.html' target='_blank'>details</a>"
"1815","vmrc-lcd","lung: adenocarcinoma;LUAD;lung_NSCLC","Lung","Non-Small Cell Lung Cancer (NSCLC)","Lung Adenocarcinoma (LUAD)","","","VMRC-LCD","ccle;gdscDec15;gdsc1;gdsc2","VMRC-LCD","CVCL_1787","vmrc-lcd","non-small cell lung cancer","lung adenocarcinoma","","Lung","<a href='https://discovery.nci.nih.gov/cell-lines/cellminercdb/vmrc-lcd_cvcl_1787.html' target='_blank'>details</a>"
"1816","vmrc-lcp","lung: squamous_cell_carcinoma","Lung","Non-Small Cell Lung Cancer (NSCLC)","Lung Squamous Cell Carcinoma (LUSC)","","","VMRC-LCP","ccle","VMRC-LCP","CVCL_1788","vmrc-lcp","non-small cell lung cancer","lung squamous cell carcinoma","","Lung","<a href='https://discovery.nci.nih.gov/cell-lines/cellminercdb/vmrc-lcp_cvcl_1788.html' target='_blank'>details</a>"
"1817","vmrc-melg","SKCM;skin","Skin","Melanoma (MEL)","","","","VMRC-MELG","gdscDec15;gdsc1;gdsc2","VMRC-MELG","CVCL_1789","vmrc-melg","melanoma","","","Skin","<a href='https://discovery.nci.nih.gov/cell-lines/cellminercdb/vmrc-melg_cvcl_1789.html' target='_blank'>details</a>"
"1818","vmrc-rcw","kidney: carcinoma;Kidney;kidney","Kidney","Renal Cell Carcinoma (RCC);Renal Cell Carcinoma;renal_cell_carcinoma","","","","VMRC-RCW;VMRCRCW","ccle;gdscDec15;prism;achilles;gdsc1;gdsc2","VMRC-RCW","CVCL_1790","vmrc-rcw","renal cell carcinoma","","","Kidney","<a href='https://discovery.nci.nih.gov/cell-lines/cellminercdb/vmrc-rcw_cvcl_1790.html' target='_blank'>details</a>"
"1819","vmrc-rcz","kidney: renal_cell_carcinoma;KIRC;Kidney;kidney","Kidney","Renal Cell Carcinoma (RCC);Renal Cell Carcinoma","","","","VMRC-RCZ;VMRCRCZ","ccle;gdscDec15;prism;gdsc1;gdsc2","VMRC-RCZ","CVCL_1791","vmrc-rcz","renal cell carcinoma","","","Kidney","<a href='https://discovery.nci.nih.gov/cell-lines/cellminercdb/vmrc-rcz_cvcl_1791.html' target='_blank'>details</a>"
"1820","wi-38","Fibroblast","Other","","","","","WI-38","nciSclc","WI-38","CVCL_0579","wi-38","","","","Other","<a href='https://discovery.nci.nih.gov/cell-lines/cellminercdb/wi-38_cvcl_0579.html' target='_blank'>details</a>"
"1821","wil2-ns","lymphoma","Blood","","","","","WIL2-NS","gdscDec15;gdsc1;gdsc2","WIL2 NS","CVCL_2761","wil2-ns","","","","Blood","<a href='https://discovery.nci.nih.gov/cell-lines/cellminercdb/wil2-ns_cvcl_2761.html' target='_blank'>details</a>"
"1822","wittier","Gallbladder carcinoma","Biliary_Tract","","","","","Wittier","ancats","Wittier","CVCL_M734","wittier","","","","Biliary_Tract","<a href='https://discovery.nci.nih.gov/cell-lines/cellminercdb/wittier_cvcl_m734.html' target='_blank'>details</a>"
"1823","wm115","skin: malignant_melanoma;SKCM;skin","Skin","Melanoma (MEL);melanoma","","","","WM-115;WM115","ccle;gdscDec15;achilles;mdaMills;gdsc1;gdsc2","WM115","CVCL_0040","wm115","melanoma","","","Skin","<a href='https://discovery.nci.nih.gov/cell-lines/cellminercdb/wm115_cvcl_0040.html' target='_blank'>details</a>"
"1824","wm1158","SKCM","Skin","Melanoma (MEL)","","","","WM1158","gdscDec15","WM1158","CVCL_6785","wm1158","melanoma","","","Skin","<a href='https://discovery.nci.nih.gov/cell-lines/cellminercdb/wm1158_cvcl_6785.html' target='_blank'>details</a>"
"1825","wm1366","skin","Skin","","","","","WM1366","mdaMills","WM1366","CVCL_6789","wm1366","","","","Skin","<a href='https://discovery.nci.nih.gov/cell-lines/cellminercdb/wm1366_cvcl_6789.html' target='_blank'>details</a>"
"1826","wm1552c","SKCM;skin","Skin","","","","","WM1552C","gdscDec15;gdsc1;gdsc2","WM1552C","CVCL_6472","wm1552c","","","","Skin","<a href='https://discovery.nci.nih.gov/cell-lines/cellminercdb/wm1552c_cvcl_6472.html' target='_blank'>details</a>"
"1827","wm1799","skin: malignant_melanoma;Skin;skin","Skin","Melanoma (MEL);Melanoma;melanoma","","","","WM1799","ccle;prism;achilles","WM1799","CVCL_A341","wm1799","melanoma","","","Skin","<a href='https://discovery.nci.nih.gov/cell-lines/cellminercdb/wm1799_cvcl_a341.html' target='_blank'>details</a>"
"1828","wm239a","SKCM","Skin","Melanoma (MEL)","","","","WM239A","gdscDec15","WM239A","CVCL_6795","wm239a","melanoma","","","Skin","<a href='https://discovery.nci.nih.gov/cell-lines/cellminercdb/wm239a_cvcl_6795.html' target='_blank'>details</a>"
"1829","wm266-4","skin: malignant_melanoma;Skin;skin","Skin","Melanoma (MEL);Melanoma;melanoma","","","","WM-266-4;WM2664","ccle;prism;achilles","WM266-4","CVCL_2765","wm266-4","melanoma","","","Skin","<a href='https://discovery.nci.nih.gov/cell-lines/cellminercdb/wm266-4_cvcl_2765.html' target='_blank'>details</a>"
"1830","wm278","SKCM;skin","Skin","","","","","WM278","gdscDec15;gdsc1;gdsc2","WM278","CVCL_6473","wm278","","","","Skin","<a href='https://discovery.nci.nih.gov/cell-lines/cellminercdb/wm278_cvcl_6473.html' target='_blank'>details</a>"
"1831","wm35","SKCM;skin","Skin","","","","","WM35","gdscDec15;gdsc1;gdsc2","WM35","CVCL_0580","wm35","","","","Skin","<a href='https://discovery.nci.nih.gov/cell-lines/cellminercdb/wm35_cvcl_0580.html' target='_blank'>details</a>"
"1832","wm3629","skin","Skin","","","","","WC00117A","mdaMills","WM3629","CVCL_C275","wm3629","","","","Skin","<a href='https://discovery.nci.nih.gov/cell-lines/cellminercdb/wm3629_cvcl_c275.html' target='_blank'>details</a>"
"1833","wm3670","skin","Skin","","","","","WC00119A","mdaMills","WM3670","CVCL_6799","wm3670","","","","Skin","<a href='https://discovery.nci.nih.gov/cell-lines/cellminercdb/wm3670_cvcl_6799.html' target='_blank'>details</a>"
"1834","wm793","skin: malignant_melanoma;SKCM;Skin;skin","Skin","Melanoma (MEL);Melanoma;melanoma","","","","WM-793;WM793B;WM793","ccle;gdscDec15;prism;achilles;gdsc1;gdsc2","WM793","CVCL_8787","wm793","melanoma","","","Skin","<a href='https://discovery.nci.nih.gov/cell-lines/cellminercdb/wm793_cvcl_8787.html' target='_blank'>details</a>"
"1835","wm88","skin: malignant_melanoma;Skin;skin","Skin","Melanoma (MEL);Melanoma;melanoma","","","","WM-88;WM88","ccle;prism;achilles","WM88","CVCL_6805","wm88","melanoma","","","Skin","<a href='https://discovery.nci.nih.gov/cell-lines/cellminercdb/wm88_cvcl_6805.html' target='_blank'>details</a>"
"1836","wm902b","SKCM","Skin","Melanoma (MEL)","","","","WM902B","gdscDec15","WM902B","CVCL_6807","wm902b","melanoma","","","Skin","<a href='https://discovery.nci.nih.gov/cell-lines/cellminercdb/wm902b_cvcl_6807.html' target='_blank'>details</a>"
"1837","wm983b","skin: malignant_melanoma;Skin;lymph_node","Skin","Melanoma (MEL);Melanoma;melanoma","","","","WM-983B;WM983B","ccle;prism;achilles","WM983B","CVCL_6809","wm983b","melanoma","","","Skin","<a href='https://discovery.nci.nih.gov/cell-lines/cellminercdb/wm983b_cvcl_6809.html' target='_blank'>details</a>"
"1838","wro","THCA;thyroid","Thyroid","","","","","RO82-W-1","gdscDec15;gdsc1;gdsc2","WRO","CVCL_0582","wro","","","","Thyroid","<a href='https://discovery.nci.nih.gov/cell-lines/cellminercdb/wro_cvcl_0582.html' target='_blank'>details</a>"
"1839","wsu-dlcl2","haematopoietic_and_lymphoid_tissue: diffuse_large_B_cell_lymphoma;lymphoma;Diffuse large B-cell lymphoma germinal center B-cell type","Lymph;Blood","Non-Hodgkin's Lymphoma (NHL)","B-Cell Lymphoma (BCL)","Diffuse Large B-Cell Lymphoma (DLBCL)","","WSU-DLCL2;WSUDLCL2","ccle;gdscDec15;mdaMills;gdsc1;gdsc2;ancats","WSU-DLCL2","CVCL_1902","wsu-dlcl2","non-hodgkin's lymphoma","b-cell lymphoma","diffuse large b-cell lymphoma","Lymph;Blood","<a href='https://discovery.nci.nih.gov/cell-lines/cellminercdb/wsu-dlcl2_cvcl_1902.html' target='_blank'>details</a>"
"1840","wsu-fsccl","blood","Blood","","","","","WSUFSCCL","mdaMills","WSU-FSCCL","CVCL_1903","wsu-fsccl","","","","Blood","<a href='https://discovery.nci.nih.gov/cell-lines/cellminercdb/wsu-fsccl_cvcl_1903.html' target='_blank'>details</a>"
"1841","wsu-hn30","head and neck","Head_Neck","","","","","HN30","mdaMills","WSU-HN30","CVCL_5525","wsu-hn30","","","","Head_Neck","<a href='https://discovery.nci.nih.gov/cell-lines/cellminercdb/wsu-hn30_cvcl_5525.html' target='_blank'>details</a>"
"1842","wsu-hn31","head and neck","Head_Neck","","","","","HN31","mdaMills","WSU-HN31","CVCL_5526","wsu-hn31","","","","Head_Neck","<a href='https://discovery.nci.nih.gov/cell-lines/cellminercdb/wsu-hn31_cvcl_5526.html' target='_blank'>details</a>"
"1843","wsu-nhl","blood;lymphoma","Lymph","","","","","WSU-NHL;WSUNHL","gdscDec15;mdaMills;gdsc1;gdsc2","WSU-NHL","CVCL_1793","wsu-nhl","","","","Lymph","<a href='https://discovery.nci.nih.gov/cell-lines/cellminercdb/wsu-nhl_cvcl_1793.html' target='_blank'>details</a>"
"1844","wt-9-7","kidney","Kidney","","","","","WT97","mdaMills","WT 9-7","CVCL_K231","wt-9-7","","","","Kidney","<a href='https://discovery.nci.nih.gov/cell-lines/cellminercdb/wt-9-7_cvcl_k231.html' target='_blank'>details</a>"
"1845","wt2-ips","skin: malignant_melanoma;skin","Skin","Melanoma (MEL);melanoma","amelanotic","","","C32","ccle;gdscDec15;achilles;gdsc1;gdsc2","WT2-iPS","CVCL_ZA06","wt2-ips","melanoma","amelanotic","","Skin","<a href='https://discovery.nci.nih.gov/cell-lines/cellminercdb/wt2-ips_cvcl_za06.html' target='_blank'>details</a>"
"1846","xg-1","Plasma cell myeloma","Blood","","","","","XG-1","ancats","XG-1","CVCL_4797","xg-1","","","","Blood","<a href='https://discovery.nci.nih.gov/cell-lines/cellminercdb/xg-1_cvcl_4797.html' target='_blank'>details</a>"
"1847","xg-6","Plasma cell myeloma","Blood","","","","","XG-6","ancats","XG-6","CVCL_A771","xg-6","","","","Blood","<a href='https://discovery.nci.nih.gov/cell-lines/cellminercdb/xg-6_cvcl_a771.html' target='_blank'>details</a>"
"1848","y-79","eye","Eye","retinoblastoma","","","","Y79","achilles","Y-79","CVCL_1893","y-79","retinoblastoma","","","Eye","<a href='https://discovery.nci.nih.gov/cell-lines/cellminercdb/y-79_cvcl_1893.html' target='_blank'>details</a>"
"1849","yamato-ss","soft_tissue","Soft_Tissue","synovial_sarcoma","","","","YAMATO","achilles","Yamato-SS","CVCL_6C44","yamato-ss","synovial sarcoma","","","Soft_Tissue","<a href='https://discovery.nci.nih.gov/cell-lines/cellminercdb/yamato-ss_cvcl_6c44.html' target='_blank'>details</a>"
"1850","yapc","pancreas: carcinoma;PAAD;Pancreas;ascites;pancreas","Pancreas","Exocrine;exocrine","Exocrine Adenocarcinoma;exocrine_adenocarcinoma","","","YAPC","ccle;gdscDec15;prism;achilles;gdsc1;gdsc2","YAPC","CVCL_1794","yapc","exocrine","exocrine adenocarcinoma","","Pancreas","<a href='https://discovery.nci.nih.gov/cell-lines/cellminercdb/yapc_cvcl_1794.html' target='_blank'>details</a>"
"1851","yd-10b","upper_aerodigestive_tract: squamous_cell_carcinoma;Head_Neck","Head_Neck","Head_Neck Squamous","Tongue","","","YD-10B;YD10B","ccle;prism","YD-10B","CVCL_8929","yd-10b","head neck squamous","tongue","","Head_Neck","<a href='https://discovery.nci.nih.gov/cell-lines/cellminercdb/yd-10b_cvcl_8929.html' target='_blank'>details</a>"
"1852","yd-15","salivary_gland: mucoepidermoid_carcinoma;Head_Neck;salivary_gland","Head_Neck","Salivary Carcinoma (SACA);Head_Neck Squamous;upper_aerodigestive_squamous","Mucoepidermoid Carcinoma (MUCC);Tongue;tongue","","","YD-15;YD15","ccle;prism;achilles","YD-15","CVCL_8930","yd-15","salivary carcinoma;head neck squamous;upper aerodigestive squamous","mucoepidermoid carcinoma;tongue","","Head_Neck","<a href='https://discovery.nci.nih.gov/cell-lines/cellminercdb/yd-15_cvcl_8930.html' target='_blank'>details</a>"
"1853","yd-38","upper_aerodigestive_tract: squamous_cell_carcinoma;Head_Neck;upper_aerodigestive_tract","Head_Neck","Head_Neck Squamous;upper_aerodigestive_squamous","","","","YD-38;YD38","ccle;prism;achilles","YD-38","CVCL_L083","yd-38","head neck squamous;upper aerodigestive squamous","","","Head_Neck","<a href='https://discovery.nci.nih.gov/cell-lines/cellminercdb/yd-38_cvcl_l083.html' target='_blank'>details</a>"
"1854","yd-8","upper_aerodigestive_tract: squamous_cell_carcinoma;Head_Neck;upper_aerodigestive_tract","Head_Neck","Head_Neck Squamous;upper_aerodigestive_squamous","Tongue;tongue","","","YD-8;YD8","ccle;prism;achilles","YD-8","CVCL_L079","yd-8","head neck squamous;upper aerodigestive squamous","tongue","","Head_Neck","<a href='https://discovery.nci.nih.gov/cell-lines/cellminercdb/yd-8_cvcl_l079.html' target='_blank'>details</a>"
"1855","yh-13","central_nervous_system: astrocytoma_Grade_IV;GBM;Central Nervous System;central_nervous_system;nervous_system","Brain_CNS","Diffuse Glioma (DIFG);Glioma;glioma","Astrocytoma (ASTR);Glioblastoma;glioblastoma","","","YH-13;YH13","ccle;gdscDec15;prism;achilles;gdsc1;gdsc2","YH-13","CVCL_1795","yh-13","diffuse glioma;glioma","astrocytoma;glioblastoma","","Brain_CNS","<a href='https://discovery.nci.nih.gov/cell-lines/cellminercdb/yh-13_cvcl_1795.html' target='_blank'>details</a>"
"1856","ykg-1","central_nervous_system: astrocytoma_Grade_IV;GBM;Central Nervous System;central_nervous_system;nervous_system","Brain_CNS","Diffuse Glioma (DIFG);Glioma;glioma","Astrocytoma (ASTR);Glioblastoma;glioblastoma","","","YKG1;YKG-1","ccle;gdscDec15;prism;achilles;gdsc1;gdsc2","YKG-1","CVCL_1796","ykg-1","diffuse glioma;glioma","astrocytoma;glioblastoma","","Brain_CNS","<a href='https://discovery.nci.nih.gov/cell-lines/cellminercdb/ykg-1_cvcl_1796.html' target='_blank'>details</a>"
"1857","ymb-1","breast: carcinoma","Breast","Breast Carcinoma (BRCA)","","","","YMB-1","ccle","YMB-1","CVCL_2814","ymb-1","breast carcinoma","","","Breast","<a href='https://discovery.nci.nih.gov/cell-lines/cellminercdb/ymb-1_cvcl_2814.html' target='_blank'>details</a>"
"1858","ymb-1-e","BRCA;breast","Breast","Invasive Breast Carcinoma (BRCA)","","","","YMB-1-E","gdscDec15;gdsc1;gdsc2","YMB-1-E","CVCL_2815","ymb-1-e","invasive breast carcinoma","","","Breast","<a href='https://discovery.nci.nih.gov/cell-lines/cellminercdb/ymb-1-e_cvcl_2815.html' target='_blank'>details</a>"
"1859","ysccc","ascites","Biliary_Tract","cholangiocarcinoma","intrahepatic","","","YSCCC","achilles","YSCCC","CVCL_3629","ysccc","cholangiocarcinoma","intrahepatic","","Biliary_Tract","<a href='https://discovery.nci.nih.gov/cell-lines/cellminercdb/ysccc_cvcl_3629.html' target='_blank'>details</a>"
"1860","yt","lymphoma","Blood","","","","","YT","gdscDec15;gdsc1;gdsc2","YT","CVCL_1797","yt","","","","Blood","<a href='https://discovery.nci.nih.gov/cell-lines/cellminercdb/yt_cvcl_1797.html' target='_blank'>details</a>"
"1861","zr-75-1","breast: ductal_carcinoma;Breast;ascites","Breast","Breast Carcinoma (BRCA);Breast Ductal Carcinoma;breast_ductal_carcinoma","Breast Invasive Ductal Carcinoma (IDC);ERpos HER2neg;ERpos_HER2neg","Luminal","","ZR-75-1;ZR751","ccle;prism;achilles;mdaMills","ZR-75-1","CVCL_0588","zr-75-1","breast carcinoma;breast ductal carcinoma","breast invasive ductal carcinoma;erpos her2neg","luminal","Breast","<a href='https://discovery.nci.nih.gov/cell-lines/cellminercdb/zr-75-1_cvcl_0588.html' target='_blank'>details</a>"
"1862","zr-75-30","breast: ductal_carcinoma;breast","Breast","Breast Carcinoma (BRCA)","Breast Invasive Ductal Carcinoma (IDC)","","","ZR-75-30;ZR7530","ccle;gdscDec15;mdaMills;gdsc1;gdsc2","ZR-75-30","CVCL_1661","zr-75-30","breast carcinoma","breast invasive ductal carcinoma","","Breast","<a href='https://discovery.nci.nih.gov/cell-lines/cellminercdb/zr-75-30_cvcl_1661.html' target='_blank'>details</a>"
"1863","zr75t","breast","Breast","","","","","ZR75T","mdaMills","ZR75T","CVCL_IW49","zr75t","","","","Breast","<a href='https://discovery.nci.nih.gov/cell-lines/cellminercdb/zr75t_cvcl_iw49.html' target='_blank'>details</a>"
