"","name","synonyms","moa","clinical_status","number_of_matching_data_sources","html_file_name","link"
"1","Sonidegib","[SONIDEGIB, CT-LDE225, SONIDEGIB PHOSPATE, NVP-LDE-225 (DIPHOSPHATE SALT), A-1126, , NVD-LDE225 (DIPHOSPHATE SALT), CT-LDE225, CS-1175, LDE225 ..., NVD-LDE225 (DIPHOSPHATE SALT), CS-1175, LDE225 DIPHOSPHATE, LDE-225, LDE-225, DIPHOSPHONATE SALT, D3582, N-[6-[(2R,6S)-2,6-DIMETHYL-4-MORPHLINYL]-3-PYRIDINYL]-2-..., CT-LDE-225 (DIPHOSPHATE SALT), 761386, 761385]","SMO|Hg-Smo","FDA approved",6,"Sonidegib_cellminercdb.html","<a href='https://discovery.nci.nih.gov/drugs/cellminercdb/Sonidegib_cellminercdb.html' target='_blank'>details</a>"
"2","(+)-JQ1","[(+)-JQ-1, (+)-JQ1, 1268524-70-4, JQ1, JQ1 COMPOUND, UNII-1MRH0IMX0W, 760183, 764043, JQ1-(+)]","BRD","Clinical trial",9,"(+)-JQ1_cellminercdb.html","<a href='https://discovery.nci.nih.gov/drugs/cellminercdb/(+)-JQ1_cellminercdb.html' target='_blank'>details</a>"
"3","LL-Z1640-2","[(5Z)-7-OXOZEAENOL, 5Z-7-OXOZEAENOL, CHEBI:67559, CHEMBL1077979, LL-Z1640-2]",NA,NA,2,"LL-Z1640-2_cellminercdb.html","<a href='https://discovery.nci.nih.gov/drugs/cellminercdb/LL-Z1640-2_cellminercdb.html' target='_blank'>details</a>"
"5","Tanespimycin","[17-AAG, 17-ALLYLAMINOGELDANAMYCIN, NSC-330507, TANESPIMYCIN, 330507]","HSP90","Clinical trial",11,"Tanespimycin_cellminercdb.html","<a href='https://discovery.nci.nih.gov/drugs/cellminercdb/Tanespimycin_cellminercdb.html' target='_blank'>details</a>"
"6","Alvespimycin","[17-DMAG, ALVESPIMYCIN, CHEBI:65324, KOS-1022, UNII-001L2FE0M3, 707545, ALVESPIMYCIN HYDROCHLORIDE]","HSP90","Clinical trial",6,"Alvespimycin_cellminercdb.html","<a href='https://discovery.nci.nih.gov/drugs/cellminercdb/Alvespimycin_cellminercdb.html' target='_blank'>details</a>"
"7","Fludarabine","[146-78-1, 2-FAR, 2-FAS, 2-FLUOROADENOSINE, ADENOSINE, 2-FLUORO-]","Ds|AM|Dr|STAT1","FDA approved",2,"Fludarabine_cellminercdb.html","<a href='https://discovery.nci.nih.gov/drugs/cellminercdb/Fludarabine_cellminercdb.html' target='_blank'>details</a>"
"8","Triapine","[236392-56-6, 3-AP, 3-APCT, C7H9N5S, PAN 811, TRIAPINE, 663249, 759096]","Dr|CC","Clinical trial",6,"Triapine_cellminercdb.html","<a href='https://discovery.nci.nih.gov/drugs/cellminercdb/Triapine_cellminercdb.html' target='_blank'>details</a>"
"9","3-Bromopyruvate (acid)","[3-BROMOPYRUVATE (ACID), 3-BROMOPYRUVIC ACID, 62343, BROMOPYRUVATE, 3-BROMOPYRUVATE]","Mito|HK2","Clinical trial",4,"3-Bromopyruvate_(acid)_cellminercdb.html","<a href='https://discovery.nci.nih.gov/drugs/cellminercdb/3-Bromopyruvate_(acid)_cellminercdb.html' target='_blank'>details</a>"
"10","Fluorouracil","[5-FLUOROURACIL, 5-FU, 51-21-8, FLUOROPLEX, FLUOROURACIL, 19893, 757036]","Ds|Rs|TYMS","FDA approved",11,"Fluorouracil_cellminercdb.html","<a href='https://discovery.nci.nih.gov/drugs/cellminercdb/Fluorouracil_cellminercdb.html' target='_blank'>details</a>"
"11","6-Mercaptopurine","[50-44-2, 6-MERCAPTOPURINE, MERCAPTOPURINE, MERCAPURIN, PURINETHOL, 755, 759614]","Ds|PPAT","FDA approved",7,"6-Mercaptopurine_cellminercdb.html","<a href='https://discovery.nci.nih.gov/drugs/cellminercdb/6-Mercaptopurine_cellminercdb.html' target='_blank'>details</a>"
"12","6-Thioguanine","[154-42-7, 2-AMINO-6-MERCAPTOPURINE, 6-THIOGUANINE, THIOGUANINE, TIOGUANINE, 752, 757348]","Ds|IMPDH2|IMPDH","FDA approved",7,"6-Thioguanine_cellminercdb.html","<a href='https://discovery.nci.nih.gov/drugs/cellminercdb/6-Thioguanine_cellminercdb.html' target='_blank'>details</a>"
"13","7-Ethyl-10-hydroxycamptothecin","[7-ETHYL-10-HYDROXYCAMPTOTHECIN, 86639-52-3, SN 38 LACTONE, SN-38, 673596, NCGC00167831-02]","TOP1","FDA approved",8,"7-Ethyl-10-hydroxycamptothecin_cellminercdb.html","<a href='https://discovery.nci.nih.gov/drugs/cellminercdb/7-Ethyl-10-hydroxycamptothecin_cellminercdb.html' target='_blank'>details</a>"
"14","7-Hydroxystaurosporine","[1OKZ, 7-HYDROXYSTAUROSPORINE, UCN 01, UCN-01, UCN01, 638850, 638646]","PK:STK,CDK1,CDK2,CDK4,CDK6","Clinical trial",4,"7-Hydroxystaurosporine_cellminercdb.html","<a href='https://discovery.nci.nih.gov/drugs/cellminercdb/7-Hydroxystaurosporine_cellminercdb.html' target='_blank'>details</a>"
"16","8-Chloro-adenosine","[34408-14-5, 8-CHLORO-ADENOSINE, 8-CHLOROADENOSINE, ADENOSINE, 8-CHLORO-, AK481203, UNII-PA05MFH3I7, 354258, 8-CL-ADO]","AM","Clinical trial",3,"8-Chloro-adenosine_cellminercdb.html","<a href='https://discovery.nci.nih.gov/drugs/cellminercdb/8-Chloro-adenosine_cellminercdb.html' target='_blank'>details</a>"
"17","A 443654","[552325-16-3, A 443654, A-443654]",NA,NA,4,"A_443654_cellminercdb.html","<a href='https://discovery.nci.nih.gov/drugs/cellminercdb/A_443654_cellminercdb.html' target='_blank'>details</a>"
"18","A-770041","[869748-10-7, A-770041, CHEMBL197603, U9855G2ZPR, UNII-U9855G2ZPR]",NA,NA,4,"A-770041_cellminercdb.html","<a href='https://discovery.nci.nih.gov/drugs/cellminercdb/A-770041_cellminercdb.html' target='_blank'>details</a>"
"19","Masitinib","[790299-79-5, AB-1010, AB1010, MASATINIB, MASITINIB, 755400]","PK:YK,PDGFR,FGFR,KIT,FGFR3","FDA approved",9,"Masitinib_cellminercdb.html","<a href='https://discovery.nci.nih.gov/drugs/cellminercdb/Masitinib_cellminercdb.html' target='_blank'>details</a>"
"20","Abiraterone","[154229-19-3, ABIRATERONE, CB 7598, 749227, 749226, ABIRATERONE-ACETATE]","Ho|CYP17A1","FDA approved",8,"Abiraterone_cellminercdb.html","<a href='https://discovery.nci.nih.gov/drugs/cellminercdb/Abiraterone_cellminercdb.html' target='_blank'>details</a>"
"21","ABT-199","[1257044-40-8, ABT-199, ABT199, VENCLEXTA, VENETOCLAX, CS-1155, A-1231, 4-[4-[[2-(4-CHLOROPHENYL)-4,4-DIMETHYLCYCLOHEX-1-EN-1-YL..., GDC-0199, GDC-0199,  RG-7601, RG-7601, 766270, VENOTOCLAX]","BCL2","FDA approved",9,"ABT-199_cellminercdb.html","<a href='https://discovery.nci.nih.gov/drugs/cellminercdb/ABT-199_cellminercdb.html' target='_blank'>details</a>"
"22","Navitoclax","[923564-51-6, ABT 263, ABT-263, ABT263, NAVITOCLAX, 759659]","Apo|BCL2","Clinical trial",10,"Navitoclax_cellminercdb.html","<a href='https://discovery.nci.nih.gov/drugs/cellminercdb/Navitoclax_cellminercdb.html' target='_blank'>details</a>"
"23","ABT-348","[1227939-82-3, ABT-348, ILORASERTIB, ILORASERTIB [USAN], UNII-6L5D03D975, 765889]","PK:AURK,VEGFR","Clinical trial",3,"ABT-348_cellminercdb.html","<a href='https://discovery.nci.nih.gov/drugs/cellminercdb/ABT-348_cellminercdb.html' target='_blank'>details</a>"
"24","ABT-737","[852808-04-9, ABT 737, ABT-737, ABT737, UNII-Z5NFR173NV, BENZAMIDE, 4-[4-[(4'-CHLORO[1,1'-BIPHENYL]-2-YL)METHYL]-..., 758873]","Apo|BCL2","Clinical trial",8,"ABT-737_cellminercdb.html","<a href='https://discovery.nci.nih.gov/drugs/cellminercdb/ABT-737_cellminercdb.html' target='_blank'>details</a>"
"25","Linifanib","[796967-16-3, ABT 869, ABT-869, LINIFANIB, 764237]","PK:YK,CSF1R,PDGFR,VEGFR,FLT3,KDR","Clinical trial",8,"Linifanib_cellminercdb.html","<a href='https://discovery.nci.nih.gov/drugs/cellminercdb/Linifanib_cellminercdb.html' target='_blank'>details</a>"
"26","Veliparib","[912444-00-9, ABT 888, ABT-888, ABT888, VELIPARIB, 752840]","PARP|PARP1|PARP2","Clinical trial",9,"Veliparib_cellminercdb.html","<a href='https://discovery.nci.nih.gov/drugs/cellminercdb/Veliparib_cellminercdb.html' target='_blank'>details</a>"
"27","Quizartinib","[950769-58-1, AC-220, AC220, QUIZARTINIB, QUIZARTINIB (AC220), 756647]","PK:YK,PDGFR,FLT,KIT,FLT3","FDA approved",9,"Quizartinib_cellminercdb.html","<a href='https://discovery.nci.nih.gov/drugs/cellminercdb/Quizartinib_cellminercdb.html' target='_blank'>details</a>"
"28","Acetalax","[ACETALAX, ACETOPHENOLISATIN, BROCATINE, CONTAX, OXYPHENISATIN ACETATE, 59687, 117186]","NonCan:Cath","FDA approved",3,"Acetalax_cellminercdb.html","<a href='https://discovery.nci.nih.gov/drugs/cellminercdb/Acetalax_cellminercdb.html' target='_blank'>details</a>"
"29","Acrichine","[ACRICHINE, ACRINAMINE, ACRIQUINE, ATABRINE, MEPACRINE, QUINACRINE, 14229, QUINACRINE DIHYDROCHLORIDE]","Db|AP","FDA approved",6,"Acrichine_cellminercdb.html","<a href='https://discovery.nci.nih.gov/drugs/cellminercdb/Acrichine_cellminercdb.html' target='_blank'>details</a>"
"30","Actinomycin D","[ACTINOMYCIN C1, ACTINOMYCIN D, COSMEGEN, DACTINOMYCIN, MERACTINOMYCIN, 3053, 755841]","Db","FDA approved",7,"Actinomycin_D_cellminercdb.html","<a href='https://discovery.nci.nih.gov/drugs/cellminercdb/Actinomycin_D_cellminercdb.html' target='_blank'>details</a>"
"31","rocilinostat","[1316214-52-4, ACY-1215, RICOLINOSTAT, ROCILINOSTAT, 205808, 767952]","HDAC","Clinical trial",7,"rocilinostat_cellminercdb.html","<a href='https://discovery.nci.nih.gov/drugs/cellminercdb/rocilinostat_cellminercdb.html' target='_blank'>details</a>"
"32","ADW-742","[475488-23-4, 475489-15-7, ADW-742, ADW742, NVP-ADW742, CHEMBL399021, NVP-ADW742, GSK-552602-A, S1088, 767746]","PK:IGF1R,KIT","Clinical trial",6,"ADW-742_cellminercdb.html","<a href='https://discovery.nci.nih.gov/drugs/cellminercdb/ADW-742_cellminercdb.html' target='_blank'>details</a>"
"33","Sotrastaurin","[425637-18-9, AEB-071, AEB071, SOTRASTAURIN, UNII-7I279E1NZ8, 766819]","PK:PRKCA","Clinical trial",5,"Sotrastaurin_cellminercdb.html","<a href='https://discovery.nci.nih.gov/drugs/cellminercdb/Sotrastaurin_cellminercdb.html' target='_blank'>details</a>"
"34","AEE-788","[497839-62-0, AEE 788, AEE-788, AEE788, GNF-PF-5343, A-1105, 6-[4-(4-ETHYLPIPERAZIN-1-YLMETHYL)PHENYL]-N-[1(R)-PHENYL..., NVP-AEE-788, 765949]","PK:EGFR,ERBB2,VEGF,VEGFR","Clinical trial",6,"AEE-788_cellminercdb.html","<a href='https://discovery.nci.nih.gov/drugs/cellminercdb/AEE-788_cellminercdb.html' target='_blank'>details</a>"
"35","AEG-40730","[AEG-40730, 754359]","Apo|IAP","Clinical trial",3,"AEG-40730_cellminercdb.html","<a href='https://discovery.nci.nih.gov/drugs/cellminercdb/AEG-40730_cellminercdb.html' target='_blank'>details</a>"
"36","AEW-541","[475488-34-7, 475489-16-8, AEW-541, AEW541, NVP-AEW541, 767006]","PK:YK,IGF1R","Clinical trial",7,"AEW-541_cellminercdb.html","<a href='https://discovery.nci.nih.gov/drugs/cellminercdb/AEW-541_cellminercdb.html' target='_blank'>details</a>"
"37","Afatinib","[439081-18-2, 850140-72-6, AFATINIB, BIBW 2992, TOVOK, 750691, AFATINIB DIMALEATE]","PK:YK,EGFR","FDA approved",9,"Afatinib_cellminercdb.html","<a href='https://discovery.nci.nih.gov/drugs/cellminercdb/Afatinib_cellminercdb.html' target='_blank'>details</a>"
"38","AFP464","[468719-52-0, 468719-53-1, AC1L9IUY, AFP 464, AFP-464, AFP464, NSC710464, UNII-73JNH95XPX, 710464]","Db|DDI","Clinical trial",3,"AFP464_cellminercdb.html","<a href='https://discovery.nci.nih.gov/drugs/cellminercdb/AFP464_cellminercdb.html' target='_blank'>details</a>"
"39","Rucaparib","[459868-92-9, AG-014699, PF-01367338, RUCAPARIB (PHOSPHATE), RUCAPARIB PHOSPHATE, RUCAPARIB, 756644]","PARP|PARP1","FDA approved",7,"Rucaparib_cellminercdb.html","<a href='https://discovery.nci.nih.gov/drugs/cellminercdb/Rucaparib_cellminercdb.html' target='_blank'>details</a>"
"40","Pelitrexol","[446022-33-9, AG 2037, AG-2037, PELITREXOL, UNII-DHT6E8M4KP, 767745]","GARTF","Clinical trial",3,"Pelitrexol_cellminercdb.html","<a href='https://discovery.nci.nih.gov/drugs/cellminercdb/Pelitrexol_cellminercdb.html' target='_blank'>details</a>"
"42","AICAR","[AICAR, ACADESINE]",NA,NA,3,"AICAR_cellminercdb.html","<a href='https://discovery.nci.nih.gov/drugs/cellminercdb/AICAR_cellminercdb.html' target='_blank'>details</a>"
"43","AKT INHIBITOR VIII","[AKT INHIBITOR VIII]",NA,NA,4,"AKT_INHIBITOR_VIII_cellminercdb.html","<a href='https://discovery.nci.nih.gov/drugs/cellminercdb/AKT_INHIBITOR_VIII_cellminercdb.html' target='_blank'>details</a>"
"44","Alisertib","[1028486-01-2, ALISERTIB, MLN 8237, MLN-8237, MLN8237, CS-0106, S1133, SODIUM 4-{[9-CHLORO-7-(2-FLUORO-6-METHOXYPHENYL)-5H-PYRI..., 759677]","PK:STK,AURK","Clinical trial",9,"Alisertib_cellminercdb.html","<a href='https://discovery.nci.nih.gov/drugs/cellminercdb/Alisertib_cellminercdb.html' target='_blank'>details</a>"
"45","Allopurinol","[315-30-0, ALLOPURINOL, LOPURIN, ZYLOPRIM, 1390]","AM|XDH","FDA approved",5,"Allopurinol_cellminercdb.html","<a href='https://discovery.nci.nih.gov/drugs/cellminercdb/Allopurinol_cellminercdb.html' target='_blank'>details</a>"
"46","Altretamine","[645-05-6, ALTRETAMINE, HEXALEN, HEXAMETHYLMELAMINE, HEXASTAT]","Db|AlkAg","FDA approved",5,"Altretamine_cellminercdb.html","<a href='https://discovery.nci.nih.gov/drugs/cellminercdb/Altretamine_cellminercdb.html' target='_blank'>details</a>"
"47","Alvocidib","[146426-40-6, ALVOCIDIB, FLAVO, FLAVOPIRIDOL, FLAVOPIRIDOL HYDROCHLORIDE, 649890]","CCNT1|PK:STK,CDK,CDK1,CDK2,CDK4,CDK6,CDK7,CDK8,CDK9","Clinical trial",8,"Alvocidib_cellminercdb.html","<a href='https://discovery.nci.nih.gov/drugs/cellminercdb/Alvocidib_cellminercdb.html' target='_blank'>details</a>"
"48","Staurosporine","[(+)-STAUROSPORINE, AM-2282, ANTIBIOTIC 230, ANTIBIOTIC AM 2282, STAUROSPORIN, STAUROSPORINE, 618487, 755774]","PK:PRKCA,SRC,Multikinase","Clinical trial",5,"Staurosporine_cellminercdb.html","<a href='https://discovery.nci.nih.gov/drugs/cellminercdb/Staurosporine_cellminercdb.html' target='_blank'>details</a>"
"49","Picoplatin","[AMD 473, AMD-473, JM-473, PICOPLATIN, ZD0473, 758490]","A7|CC|AlkAg|IDNARep","Clinical trial",4,"Picoplatin_cellminercdb.html","<a href='https://discovery.nci.nih.gov/drugs/cellminercdb/Picoplatin_cellminercdb.html' target='_blank'>details</a>"
"50","AMG-208","[1002304-34-8, AMG 208, AMG-208, UNII-Y2SR66P7VM, 766288]","PK:MET","Clinical trial",4,"AMG-208_cellminercdb.html","<a href='https://discovery.nci.nih.gov/drugs/cellminercdb/AMG-208_cellminercdb.html' target='_blank'>details</a>"
"51","AMG-458","[913376-83-7, AMG 458, AMG-458, AMG458, UNII-4535RW5Y3A, AMG-458 (C-MET), 1-(2-HYDROXY-2-METHYLPROPYL)-N-(5-(7-METHOXYQUINOLIN-4-Y..., 1 1H-PYRAZOLE-4-CARBOXAMIDE, 2,3-DIHYDRO-1-(2-HYDROXY-2-..., 754346]","PK:YK,MET","Clinical trial",6,"AMG-458_cellminercdb.html","<a href='https://discovery.nci.nih.gov/drugs/cellminercdb/AMG-458_cellminercdb.html' target='_blank'>details</a>"
"52","Motesanib","[453562-69-1, AMG 706, AMG-706, MOTESANIB, UNII-U1JK633AYI, 760843, MOTESANIB DIPHOSPHATE]","PK:YK,PDGFR,KIT,VEGFR,KDR,RET","Clinical trial",9,"Motesanib_cellminercdb.html","<a href='https://discovery.nci.nih.gov/drugs/cellminercdb/Motesanib_cellminercdb.html' target='_blank'>details</a>"
"53","AMG-900","[AMG-900, AMG900, N-[4-[[3-(2-AMINO-4-PYRIMIDINYL)-2-PYRIDINYL]OXY]PHENYL]..., 761069]","PK:STK,AURK","Clinical trial",6,"AMG-900_cellminercdb.html","<a href='https://discovery.nci.nih.gov/drugs/cellminercdb/AMG-900_cellminercdb.html' target='_blank'>details</a>"
"54","Amifostine","[20537-88-6, AMIFOSTINE, ETHIOFOS, ETHYOL, GAMMAPHOS]","RP","FDA approved",2,"Amifostine_cellminercdb.html","<a href='https://discovery.nci.nih.gov/drugs/cellminercdb/Amifostine_cellminercdb.html' target='_blank'>details</a>"
"55","Aminoflavone","[165179-35-1, 2EXS38428U, AMINOFLAVONE, NSC-686288, UNII-2EXS38428U, 686288]","Db|DDI","Clinical trial",3,"Aminoflavone_cellminercdb.html","<a href='https://discovery.nci.nih.gov/drugs/cellminercdb/Aminoflavone_cellminercdb.html' target='_blank'>details</a>"
"56","Aminolevulinic acid","[AMINOLEVULINIC ACID, 18509]","AM","FDA approved",2,"Aminolevulinic_acid_cellminercdb.html","<a href='https://discovery.nci.nih.gov/drugs/cellminercdb/Aminolevulinic_acid_cellminercdb.html' target='_blank'>details</a>"
"57","Amonafide","[5-AMINOMITONAFIDE, 69408-81-7, AMONAFIDE, BENZISOQUINOLINEDIONE, CGX-571, NAFIDIMIDE, 308847, AMONAFIDE, AMONAFIDE, QUINAMED, AS1413, S1367, AS-1413, BIDA, M-FA-142, AMONAFIDE/QUINAMED, NAFIDIMIDE, BENZISOQUINOLINEDIONE, 1H-BENZ[DE]ISOQUINOLINE-1,3(2H)-DIONE, 5-AMINO-2-[2-(DIM..., 758251,  308847]","TOP2","Clinical trial",6,"Amonafide_cellminercdb.html","<a href='https://discovery.nci.nih.gov/drugs/cellminercdb/Amonafide_cellminercdb.html' target='_blank'>details</a>"
"58","anafranil","[17321-77-6, ANAFRANIL, CLOMIPRAMINE HCL, CLOMIPRAMINE HYDROCHLORIDE]",NA,"FDA approved",3,"anafranil_cellminercdb.html","<a href='https://discovery.nci.nih.gov/drugs/cellminercdb/anafranil_cellminercdb.html' target='_blank'>details</a>"
"59","S-49076","[ANALOG OF S-49076, 765672]","PK:MET,AXL,FGFR,MERTK","Clinical trial",3,"S-49076_cellminercdb.html","<a href='https://discovery.nci.nih.gov/drugs/cellminercdb/S-49076_cellminercdb.html' target='_blank'>details</a>"
"60","Anastrozole","[120511-73-1, ANASTRAZOLE, ANASTROZOL, ANASTROZOLE, ARIMIDEX]","Ho|CYP19A1","FDA approved",5,"Anastrozole_cellminercdb.html","<a href='https://discovery.nci.nih.gov/drugs/cellminercdb/Anastrozole_cellminercdb.html' target='_blank'>details</a>"
"61","Ponatinib","[943319-70-8, AP 24534, AP-24534, AP24534, ICLUSIG, PONATINIB, 758487]","BCR-ABL|PK:YK","FDA approved",8,"Ponatinib_cellminercdb.html","<a href='https://discovery.nci.nih.gov/drugs/cellminercdb/Ponatinib_cellminercdb.html' target='_blank'>details</a>"
"63","AR 42","[935881-37-1, AR 42, AR-42, OSU-HDAC42]",NA,NA,5,"AR_42_cellminercdb.html","<a href='https://discovery.nci.nih.gov/drugs/cellminercdb/AR_42_cellminercdb.html' target='_blank'>details</a>"
"64","Nelarabine","[24356-66-9, ARA-A, ARABINOSIDE, UNII-FA2DM6879K, VIDARABINE, VIDARABINE MONOHYDRATE]","Ds","FDA approved",3,"Nelarabine_cellminercdb.html","<a href='https://discovery.nci.nih.gov/drugs/cellminercdb/Nelarabine_cellminercdb.html' target='_blank'>details</a>"
"66","ARN-509","[956104-40-8, ARN 509, ARN-509, ARN509, UNII-4T36H88UA7, APALUTAMIDE, 771649]","AR","FDA approved",3,"ARN-509_cellminercdb.html","<a href='https://discovery.nci.nih.gov/drugs/cellminercdb/ARN-509_cellminercdb.html' target='_blank'>details</a>"
"67","Tivantinib","[905854-02-6, ARQ 197, ARQ-197, ARQ197, TIVANTINIB, A-1109, (-)-3(R)-(5,6-DIHYDRO-4H-PYRROLO[3,2,1-IJ]QUINOLIN-1-YL)..., 758242]","PK:YK,MET","Clinical trial",7,"Tivantinib_cellminercdb.html","<a href='https://discovery.nci.nih.gov/drugs/cellminercdb/Tivantinib_cellminercdb.html' target='_blank'>details</a>"
"68","ARQ-621","[ARQ-621, N-(3-AMINO-PROPYL)-3-CHLORO-2-FLUORO-N-[(R)-1-(7-CHLORO-..., 771644]","CDH16|KIF11","Clinical trial",5,"ARQ-621_cellminercdb.html","<a href='https://discovery.nci.nih.gov/drugs/cellminercdb/ARQ-621_cellminercdb.html' target='_blank'>details</a>"
"69","ARQ-680","[ARQ-680, 764765]","PK:BRAF","Clinical trial",3,"ARQ-680_cellminercdb.html","<a href='https://discovery.nci.nih.gov/drugs/cellminercdb/ARQ-680_cellminercdb.html' target='_blank'>details</a>"
"70","ARRY-162","[606143-89-9, ARRY-162, ARRY-438162, BINIMETINIB, MEK-162, MEK162, CT-A162, 764042]","PK:STK,MAP2K,MAP2K1,MAP2K2","FDA approved",6,"ARRY-162_cellminercdb.html","<a href='https://discovery.nci.nih.gov/drugs/cellminercdb/ARRY-162_cellminercdb.html' target='_blank'>details</a>"
"71","ARRY-380","[937265-83-3, ARRY-380, ARRY-380 (ANALOG ), ARRY380, UNII-H32S1659ED, TUCATINIB, N6-(4,4-DIMETHYL-4,5-DIHYDRO-OXAZOL-2-YL)-N4[3-METHYL-4-..., WA024-00, 764581]","PK:ERBB2","FDA approved",6,"ARRY-380_cellminercdb.html","<a href='https://discovery.nci.nih.gov/drugs/cellminercdb/ARRY-380_cellminercdb.html' target='_blank'>details</a>"
"72","ARRY-520 Isomer A","[ARRY-520 (ISOMER A), ARRY-520 (ISOMER B), FILANESIB HYDROCHLORIDE, FILANESIB, ARRY-520, 772254, 772255]","CDH16","Clinical trial",5,"ARRY-520_Isomer_A_cellminercdb.html","<a href='https://discovery.nci.nih.gov/drugs/cellminercdb/ARRY-520_Isomer_A_cellminercdb.html' target='_blank'>details</a>"
"73","Arsenic trioxide","[ARSENIC TRIOXIDE, 706363, 92859, 759274]","Apo","FDA approved",3,"Arsenic_trioxide_cellminercdb.html","<a href='https://discovery.nci.nih.gov/drugs/cellminercdb/Arsenic_trioxide_cellminercdb.html' target='_blank'>details</a>"
"74","Pimasertib","[1236699-92-5, AS-703026, AS703026, PIMASERTIB, UNII-6ON9RK82AL, 4-PYRIDINECARBOXAMIDE, N-[(2S)-2,3-DIHYDROXYPROPYL]-3-[(..., A-1005, MSC-1936369, MSC1936369B, S1475, 755763]","PK:STK,YK,MAP2K,MAP2K1,MAP2K2","Clinical trial",6,"Pimasertib_cellminercdb.html","<a href='https://discovery.nci.nih.gov/drugs/cellminercdb/Pimasertib_cellminercdb.html' target='_blank'>details</a>"
"76","AS601245","[345987-15-7, AS601245, CHEMBL406703, SCHEMBL186278]",NA,NA,2,"AS601245_cellminercdb.html","<a href='https://discovery.nci.nih.gov/drugs/cellminercdb/AS601245_cellminercdb.html' target='_blank'>details</a>"
"77","AS605240","[648450-29-7, AS 605240, AS-605240, AS605240, PI 3-KGAMMA INHIBITOR, 5-QUINOXALIN-6-YLMETHYLENE-THIAZOLIDINE-2,4-DIONE]",NA,NA,4,"AS605240_cellminercdb.html","<a href='https://discovery.nci.nih.gov/drugs/cellminercdb/AS605240_cellminercdb.html' target='_blank'>details</a>"
"79","ASP-3026","[ASP-3026, ASP-3026 TRIHYDROCHLORIDE, N-[2-METHOXY-4-(4-METHYLPIPERAZIN-1-YL)PIPERIDIN-1-YL]PH..., , ASP-3026 TRIHYDROCHLORIDE, N-[2-METHOXY-4-(4-METHYLPIPER..., 765865]","PK:ALK","Clinical trial",5,"ASP-3026_cellminercdb.html","<a href='https://discovery.nci.nih.gov/drugs/cellminercdb/ASP-3026_cellminercdb.html' target='_blank'>details</a>"
"80","Tivozanib","[475108-18-0, ASP-4130, AV 951, AV-951, KRN-951, TIVOZANIB, 758007]","PK:YK,MET,PDGFR,FGFR,KIT,VEGFR,FLT3,KDR","FDA approved",9,"Tivozanib_cellminercdb.html","<a href='https://discovery.nci.nih.gov/drugs/cellminercdb/Tivozanib_cellminercdb.html' target='_blank'>details</a>"
"81","Linsitinib","[867160-71-2, ASP-7487, LINSITINIB, OSI 906, OSI-906, OSI906, 756652]","PK:YK,IGF1R","Clinical trial",10,"Linsitinib_cellminercdb.html","<a href='https://discovery.nci.nih.gov/drugs/cellminercdb/Linsitinib_cellminercdb.html' target='_blank'>details</a>"
"83","Astex FGF inhibitor","[ASTEX FGF INHIBITOR, 754361]","PK:YK,FGFR","Clinical trial",3,"Astex_FGF_inhibitor_cellminercdb.html","<a href='https://discovery.nci.nih.gov/drugs/cellminercdb/Astex_FGF_inhibitor_cellminercdb.html' target='_blank'>details</a>"
"84","(R)-(-)-Gossypol acetic acid","[AT-101,  BL-193, (-)-GOSSYPOL, (+)-GOSSYPOL, 303-45-7, GOSSYPOL, POGOSIN]","Apo|BCL2","Clinical trial",5,"(R)-(-)-Gossypol_acetic_acid_cellminercdb.html","<a href='https://discovery.nci.nih.gov/drugs/cellminercdb/(R)-(-)-Gossypol_acetic_acid_cellminercdb.html' target='_blank'>details</a>"
"85","799337","[AT-13148, NA, AT-13148, (S)-2-AMINO-1-(4-CHLOROPHENYL)-1-[4-(1H-PYRAZOL-4-YL)-PH..., TCRS-191, 799337, 771650, AT13148]",NA,NA,6,"799337_cellminercdb.html","<a href='https://discovery.nci.nih.gov/drugs/cellminercdb/799337_cellminercdb.html' target='_blank'>details</a>"
"86","AT-13387","[912999-49-6, AT-13387, AT13387, ONALESPIB, UNII-Q7Y33N57ZZ, 749712, ONALESPIB LACTATE, API0007159, A-1247, (2,4-DIHYDROXY-5-ISOPROPYLPHENYL)-[5-(4-METHYLPIPERAZIN-..., AT13387, AT13387AU, AT013387, 763579]","HSP90","Clinical trial",7,"AT-13387_cellminercdb.html","<a href='https://discovery.nci.nih.gov/drugs/cellminercdb/AT-13387_cellminercdb.html' target='_blank'>details</a>"
"87","SM-406","[1071992-99-8, AT 406, AT-406, AT406, SM 406, SM-406, S2754, 764757]","IAP","Clinical trial",5,"SM-406_cellminercdb.html","<a href='https://discovery.nci.nih.gov/drugs/cellminercdb/SM-406_cellminercdb.html' target='_blank'>details</a>"
"88","AT-7519","[844442-38-2, AT 7519, AT-7519, AT7519, UNII-X1BF92PW9T, 773394]","RNA polymerase I|PK:CDK,CDK1,CDK2,CDK4,CDK6","Clinical trial",8,"AT-7519_cellminercdb.html","<a href='https://discovery.nci.nih.gov/drugs/cellminercdb/AT-7519_cellminercdb.html' target='_blank'>details</a>"
"89","AT-9283","[896466-04-9, AT-9283, AT9283, C19H23N7O2, UNII-XAV9KYN9WL, UREA, N-CYCLOPROPYL-N'-[3-[6-(4-MORPHOLINYLMETHYL)-1H-BE..., S1134, 760144]","PK:STK,AURK","Clinical trial",6,"AT-9283_cellminercdb.html","<a href='https://discovery.nci.nih.gov/drugs/cellminercdb/AT-9283_cellminercdb.html' target='_blank'>details</a>"
"90","Isotretinoin","[302-79-4, ATRA, RETINOIC ACID, TRANS-RETINOIC ACID, TRETINOIN, VITAMIN A ACID, 13-CIS-RETINOIC ACID, ACCUTANE, CLARAVIS, ISOTRETINOIN, ROACCUTANE, 122758]","Ho|RXR|Differentiator","FDA approved",10,"Isotretinoin_cellminercdb.html","<a href='https://discovery.nci.nih.gov/drugs/cellminercdb/Isotretinoin_cellminercdb.html' target='_blank'>details</a>"
"91","Luminespib","[747412-49-3, AUY-922, AUY922, LUMINESPIB, NVP-AUY922, UNII-C6V1DAR5EB, VER-52296, 755762]","HSP90","Clinical trial",8,"Luminespib_cellminercdb.html","<a href='https://discovery.nci.nih.gov/drugs/cellminercdb/Luminespib_cellminercdb.html' target='_blank'>details</a>"
"92","VX-944","[297730-17-7, AVN 944, AVN-944, AVN944, UNII-I3NPL1V48Q, VX-944, CT-AVN944, 767601]","IMPDH2|IMPDH1|IMPDH","Clinical trial",6,"VX-944_cellminercdb.html","<a href='https://discovery.nci.nih.gov/drugs/cellminercdb/VX-944_cellminercdb.html' target='_blank'>details</a>"
"93","Axitinib","[319460-85-0, AG 013736, AG-013736, AXITINIB, INLYTA, 757441]","PK:YK,PDGFR,VEGFR","FDA approved",11,"Axitinib_cellminercdb.html","<a href='https://discovery.nci.nih.gov/drugs/cellminercdb/Axitinib_cellminercdb.html' target='_blank'>details</a>"
"94","AZ-628","[878739-06-1, AZ 628, AZ-628, AZ628, UNII-560S6B5D79, A-9011, , A-9011, AZ-628, AZ 628, AZ628, 782007]","PK:BRAF","Clinical trial",6,"AZ-628_cellminercdb.html","<a href='https://discovery.nci.nih.gov/drugs/cellminercdb/AZ-628_cellminercdb.html' target='_blank'>details</a>"
"95","Azacitidine","[320-67-2, 5-AZACYTIDINE, AZACITIDINE, LADAKAMYCIN, VIDAZA, 102816, 758186, 5-AZACITIDINE]","DNMT","FDA approved",9,"Azacitidine_cellminercdb.html","<a href='https://discovery.nci.nih.gov/drugs/cellminercdb/Azacitidine_cellminercdb.html' target='_blank'>details</a>"
"96","Saracatinib","[379231-04-6, AZD-0530, AZD0530, NCHEMBIO866-COMP19, SARACATINIB, 758872]","PK:YK,FYN,LYN,FGFR,SRC,BLK,LCK,YES1","Clinical trial",10,"Saracatinib_cellminercdb.html","<a href='https://discovery.nci.nih.gov/drugs/cellminercdb/Saracatinib_cellminercdb.html' target='_blank'>details</a>"
"97","AZD-1480","[935666-88-9, AZD-1480, AZD1480, UNII-KL2Z2TLF01, S2162, 756648]","PK:YK,JAK,JAK1,JAK2","Clinical trial",8,"AZD-1480_cellminercdb.html","<a href='https://discovery.nci.nih.gov/drugs/cellminercdb/AZD-1480_cellminercdb.html' target='_blank'>details</a>"
"98","Cediranib","[288383-20-0, AZD 2171, AZD-2171, AZD2171, CEDIRANIB, RECENTIN, CEDIRANIB MALEATE, S1017, 755606]","PK:YK,VEGF,VEGFR,KDR","FDA approved",8,"Cediranib_cellminercdb.html","<a href='https://discovery.nci.nih.gov/drugs/cellminercdb/Cediranib_cellminercdb.html' target='_blank'>details</a>"
"99","AZD-2461","[1174043-16-3, AZD 2461, AZD-2461, AZD2461, 773230]","PARP1|PARP2","Clinical trial",6,"AZD-2461_cellminercdb.html","<a href='https://discovery.nci.nih.gov/drugs/cellminercdb/AZD-2461_cellminercdb.html' target='_blank'>details</a>"
"100","AZD-2858","[486424-20-8, AZD 2858, AZD-2858, AZD2858, CHEMBL2177161, 774901]","Wnt|PK:GSK3A","Clinical trial",4,"AZD-2858_cellminercdb.html","<a href='https://discovery.nci.nih.gov/drugs/cellminercdb/AZD-2858_cellminercdb.html' target='_blank'>details</a>"
"101","AZD-3514","[1240299-33-5, AZD-3514, AZD3514, CHEMBL2346976, , 1-[4-[2-(4-[1-[3-(TRIFLUOROMETHYL)-7,8-DIHYDRO[1,2,4]TR..., A-1232, 1-[4-[2-(4-[1-[3-(TRIFLUOROMETHYL)-7,8-DIHYDRO[1,2,4]TRI..., 765776]","AR","Clinical trial",6,"AZD-3514_cellminercdb.html","<a href='https://discovery.nci.nih.gov/drugs/cellminercdb/AZD-3514_cellminercdb.html' target='_blank'>details</a>"
"102","AZD-4547","[AZD-4547, AZD4547, INB0001243, , AZD-4547, INB0001243, 764239]","PK:YK,FGFR,FGFR1,FGFR2,FGFR3","Clinical trial",9,"AZD-4547_cellminercdb.html","<a href='https://discovery.nci.nih.gov/drugs/cellminercdb/AZD-4547_cellminercdb.html' target='_blank'>details</a>"
"103","AZD-5363","[1143532-39-1, AZD 5363, AZD-5363, AZD5363, UNII-WFR23M21IE, A-1183, 4-AMINO-N-[(1S)-1-(4-CHLOROPHENYL)-3-HYDROXYPROPYL]-1-(7..., , 4-AMINO-N-[(1S)-1-(4-CHLOROPHENYL)-3-HYDROXYPROPYL]-1-(..., 764039, CAPIVASERTIB]","PK:STK,AKT,AKT1,AKT2,AKT3","Clinical trial",8,"AZD-5363_cellminercdb.html","<a href='https://discovery.nci.nih.gov/drugs/cellminercdb/AZD-5363_cellminercdb.html' target='_blank'>details</a>"
"104","Selumetinib","[606143-52-6, ARRY-142886, AZD 6244, AZD-6244, AZD6244, SELUMETINIB, 741078]","PK:STK,YK,MAP2K,MAP2K1,MAP2K2","FDA approved",11,"Selumetinib_cellminercdb.html","<a href='https://discovery.nci.nih.gov/drugs/cellminercdb/Selumetinib_cellminercdb.html' target='_blank'>details</a>"
"105","AZD-7762","[860352-01-8, AZD 7762, AZD-7762, AZD7762, 757148]","PK:STK,CHEK,CHEK1,CHEK2","Clinical trial",10,"AZD-7762_cellminercdb.html","<a href='https://discovery.nci.nih.gov/drugs/cellminercdb/AZD-7762_cellminercdb.html' target='_blank'>details</a>"
"106","AZD-8055","[1009298-09-2, AZD 8055, AZD-8055, AZD8055, 758871]","PK:STK,MTOR","Clinical trial",10,"AZD-8055_cellminercdb.html","<a href='https://discovery.nci.nih.gov/drugs/cellminercdb/AZD-8055_cellminercdb.html' target='_blank'>details</a>"
"107","ARRY-704","[869357-68-6, ARRY-424704, ARRY-704, AZD-8330, AZD8330, A-1245, 772563]","PK:MAP2K,MAP2K1,MAP2K2","Clinical trial",6,"ARRY-704_cellminercdb.html","<a href='https://discovery.nci.nih.gov/drugs/cellminercdb/ARRY-704_cellminercdb.html' target='_blank'>details</a>"
"108","Sapitinib","[848942-61-0, AZD-8931, AZD8931, AZD8931 (SAPITINIB), SAPITINIB, 1-PIPERIDINEACETAMIDE, 4-[[4-[(3-CHLORO-2-FLUOROPHENYL)A..., 758005]","PK:YK,EGFR,ERBB2","Clinical trial",7,"Sapitinib_cellminercdb.html","<a href='https://discovery.nci.nih.gov/drugs/cellminercdb/Sapitinib_cellminercdb.html' target='_blank'>details</a>"
"109",NA,"[AZD-6482, NA, 799349, AZD6482]",NA,NA,8,"NA_cellminercdb.html","<a href='https://discovery.nci.nih.gov/drugs/cellminercdb/NA_cellminercdb.html' target='_blank'>details</a>"
"110","BAL-101553","[5PT0QP06X5, BAL-101553, LISAVANBULIN, LISAVANBULIN [INN], SCHEMBL1160313, UNII-5PT0QP06X5, 764608]","Tu-frag","Clinical trial",3,"BAL-101553_cellminercdb.html","<a href='https://discovery.nci.nih.gov/drugs/cellminercdb/BAL-101553_cellminercdb.html' target='_blank'>details</a>"
"111","BAL-27862","[4O2A, BAL-27862, CHEMBL3422109, LSFOZQQVTWFMNS-UHFFFAOYSA-N, SCHEMBL1160317, 762598]","TUBB|Tu-frag","Clinical trial",2,"BAL-27862_cellminercdb.html","<a href='https://discovery.nci.nih.gov/drugs/cellminercdb/BAL-27862_cellminercdb.html' target='_blank'>details</a>"
"112","BAM7","[331244-89-4, BAM7, CHEMBL3417395, BAM-7, 768536]","BCL2","Clinical trial",5,"BAM7_cellminercdb.html","<a href='https://discovery.nci.nih.gov/drugs/cellminercdb/BAM7_cellminercdb.html' target='_blank'>details</a>"
"113","Bardoxolone Methyl","[BARDOXOLONE METHYL, CDDO-ME, 713200, BARDOXOLONE-METHYL]",NA,NA,5,"Bardoxolone_Methyl_cellminercdb.html","<a href='https://discovery.nci.nih.gov/drugs/cellminercdb/Bardoxolone_Methyl_cellminercdb.html' target='_blank'>details</a>"
"115","BAY 61-3606","[BAY 61-3606, 766992, BAY61-3606, BAY-61-3606]","PK:SYK","Clinical trial",7,"BAY_61-3606_cellminercdb.html","<a href='https://discovery.nci.nih.gov/drugs/cellminercdb/BAY_61-3606_cellminercdb.html' target='_blank'>details</a>"
"116","Copanlisib","[COPANLISIB, BAY-80-6946, ALIQOPA, SRS18, 809693]","PK:PIK3","FDA approved",4,"Copanlisib_cellminercdb.html","<a href='https://discovery.nci.nih.gov/drugs/cellminercdb/Copanlisib_cellminercdb.html' target='_blank'>details</a>"
"118","Belinostat","[414864-00-9, BELINOSTAT, BELINOSTAT (PXD101), PXD-101, PXD101, 726630, 758774]","HDAC","FDA approved",9,"Belinostat_cellminercdb.html","<a href='https://discovery.nci.nih.gov/drugs/cellminercdb/Belinostat_cellminercdb.html' target='_blank'>details</a>"
"119","benzaldehyde (BEN)","[618-39-3, BEN, BENZAMIDINE, BENZENECARBOXIMIDAMIDE, BENZIMIDAMIDE, PHENYLAMIDINE, 281612]","A7","Clinical trial",2,"benzaldehyde_(BEN)_cellminercdb.html","<a href='https://discovery.nci.nih.gov/drugs/cellminercdb/benzaldehyde_(BEN)_cellminercdb.html' target='_blank'>details</a>"
"120","Bendamustine","[16506-27-7, BENDAMUSTINA [SPANISH], BENDAMUSTINE, BENDAMUSTINUM [LATIN], BENDEKA, 138783]","A2|A6|AlkAg","FDA approved",8,"Bendamustine_cellminercdb.html","<a href='https://discovery.nci.nih.gov/drugs/cellminercdb/Bendamustine_cellminercdb.html' target='_blank'>details</a>"
"122","TARGRETIN","[153559-49-0, BEXAROTENE, TARGRETIN, TARGRETYN, TARGREXIN]",NA,NA,6,"TARGRETIN_cellminercdb.html","<a href='https://discovery.nci.nih.gov/drugs/cellminercdb/TARGRETIN_cellminercdb.html' target='_blank'>details</a>"
"123","Dactolisib","[DACTOLISIB, NA, 800085, NVP-BEZ235, 751249]",NA,NA,10,"Dactolisib_cellminercdb.html","<a href='https://discovery.nci.nih.gov/drugs/cellminercdb/Dactolisib_cellminercdb.html' target='_blank'>details</a>"
"124","NVP-BGJ398","[872511-34-7, BGJ 398, BGJ-398, BGJ398, NVP-BGJ398, CT-BGJ398, 3-(2,6-DICHLORO-3,5-DIMETHOXYPHENYL)-1-(6-(4-(4-ETHYLPIP..., INFRIGATINIB, 764487, INFIGRATINIB]","PK:FGFR,FGFR1,FGFR2,FGFR3,FGFR4","FDA approved",5,"NVP-BGJ398_cellminercdb.html","<a href='https://discovery.nci.nih.gov/drugs/cellminercdb/NVP-BGJ398_cellminercdb.html' target='_blank'>details</a>"
"125","BGT-226","[1245537-68-1, BGT-226, BGT226, NVP-BGT226, UNII-4YG62LG876, 773095]","PK:PIK3","Clinical trial",4,"BGT-226_cellminercdb.html","<a href='https://discovery.nci.nih.gov/drugs/cellminercdb/BGT-226_cellminercdb.html' target='_blank'>details</a>"
"126","BI-2536","[755038-02-9, BI 2536, BI-2536, BI2536, UNII-4LJG22T9C6, 755983]","PK:STK,PLK1","Clinical trial",9,"BI-2536_cellminercdb.html","<a href='https://discovery.nci.nih.gov/drugs/cellminercdb/BI-2536_cellminercdb.html' target='_blank'>details</a>"
"127","Volasertib","[755038-65-4, BI 6727, BI-6727, UNII-6EM57086EA, VOLASERTIB, KIN0000713, 757149]","PK:STK,PLK1","Clinical trial",6,"Volasertib_cellminercdb.html","<a href='https://discovery.nci.nih.gov/drugs/cellminercdb/Volasertib_cellminercdb.html' target='_blank'>details</a>"
"129","Intedanib","[BIBF 1120, BIBF-1120, INTEDANIB, NINTEDANIB, VARGATEF, 756659]","PK:YK,PDGFR,FGFR,VEGFR,FLT3","FDA approved",8,"Intedanib_cellminercdb.html","<a href='https://discovery.nci.nih.gov/drugs/cellminercdb/Intedanib_cellminercdb.html' target='_blank'>details</a>"
"130","CASODEX","[90357-06-5, BICALUTAMIDE, CASODEX, COSUDEX, ICI 176334, (S)-BICALUTAMIDE]",NA,NA,6,"CASODEX_cellminercdb.html","<a href='https://discovery.nci.nih.gov/drugs/cellminercdb/CASODEX_cellminercdb.html' target='_blank'>details</a>"
"131","BIM-46187","[892546-37-1, AOB6169, BIM-46187, PH-064, SCHEMBL1414707, 760842]","Apo|GTPase|CASP","Clinical trial",2,"BIM-46187_cellminercdb.html","<a href='https://discovery.nci.nih.gov/drugs/cellminercdb/BIM-46187_cellminercdb.html' target='_blank'>details</a>"
"132","BIRB 0796","[BIRB 0796, DORAMAPIMOD]",NA,NA,5,"BIRB_0796_cellminercdb.html","<a href='https://discovery.nci.nih.gov/drugs/cellminercdb/BIRB_0796_cellminercdb.html' target='_blank'>details</a>"
"133","Birinapant","[1260251-31-7, BIRINAPANT, BIRINAPANT (TL32711), TL-32711, UNII-6O4Z07B57R, , TL32711, 866314, BIRINAPANT , TL32711, BIRINAPANT (USAN), 866314, 767128]","IAP","Clinical trial",7,"Birinapant_cellminercdb.html","<a href='https://discovery.nci.nih.gov/drugs/cellminercdb/Birinapant_cellminercdb.html' target='_blank'>details</a>"
"134","BIX02189","[1094614-85-3, BIX 02189, BIX-02189, BIX02189]",NA,NA,4,"BIX02189_cellminercdb.html","<a href='https://discovery.nci.nih.gov/drugs/cellminercdb/BIX02189_cellminercdb.html' target='_blank'>details</a>"
"135","Buparlisib","[944396-07-0, BKM-120, BUPARLISIB, NVP-BKM-120, NVP-BKM120, 754353]","PK:PIK3","Clinical trial",7,"Buparlisib_cellminercdb.html","<a href='https://discovery.nci.nih.gov/drugs/cellminercdb/Buparlisib_cellminercdb.html' target='_blank'>details</a>"
"136","Bleomycin","[BLEOMICIN, BLEOMICINA, BLEOMYCIN, BLEOMYCINE, BLEOMYCINS, BLEOMYCINUM, 125066, 758612, BLEOMYCIN SULFATE, BLEOMYCIN (50 UM), BLEOMYCIN A2, BLEOMYCIN (10 UM)]","Db","FDA approved",10,"Bleomycin_cellminercdb.html","<a href='https://discovery.nci.nih.gov/drugs/cellminercdb/Bleomycin_cellminercdb.html' target='_blank'>details</a>"
"137","BLZ-945","[953769-46-5, BLZ 945, BLZ-945, BLZ945, UNII-7W3V82OQ0P, 758006]","PK:CSF1R","Clinical trial",4,"BLZ-945_cellminercdb.html","<a href='https://discovery.nci.nih.gov/drugs/cellminercdb/BLZ-945_cellminercdb.html' target='_blank'>details</a>"
"138","BML-277","[516480-79-8, BML-277, CHEMBL179583, CHK2 INHIBITOR II, CHK2 INHIBITOR II HYDRATE, 339253, SC-200700, C3742, 741899]","PK:CHEK,CHEK2","Clinical trial",5,"BML-277_cellminercdb.html","<a href='https://discovery.nci.nih.gov/drugs/cellminercdb/BML-277_cellminercdb.html' target='_blank'>details</a>"
"139","BMN-673 enantiomer","[1207456-01-6, BMN 673, BMN-673, TALAZOPARIB, UNII-9QHX048FRV, 765396, 727125, BMN-673 (RACEMATE), LT-00673, BMN-673 (RACEMIC), 767125]","PARP1","Clinical trial",9,"BMN-673_enantiomer_cellminercdb.html","<a href='https://discovery.nci.nih.gov/drugs/cellminercdb/BMN-673_enantiomer_cellminercdb.html' target='_blank'>details</a>"
"140","Indenoisoquinoline derivative","[LMP744, LMP-744, MJ-III-65, INDENOISOQUINOLINE, 706744]","TOP1",NA,5,"Indenoisoquinoline_derivative_cellminercdb.html","<a href='https://discovery.nci.nih.gov/drugs/cellminercdb/Indenoisoquinoline_derivative_cellminercdb.html' target='_blank'>details</a>"
"141","BMS-299897","[290315-45-6, BMS 299897, BMS-299897, C24H21CLF3NO4S, 762672]","PSM|APH1|Gamma secretase","Clinical trial",4,"BMS-299897_cellminercdb.html","<a href='https://discovery.nci.nih.gov/drugs/cellminercdb/BMS-299897_cellminercdb.html' target='_blank'>details</a>"
"142","BMS 345541","[547757-23-3, BMS 345541, BMS-345541, CHEMBL471496, UNII-BXU277OCN5]",NA,NA,6,"BMS_345541_cellminercdb.html","<a href='https://discovery.nci.nih.gov/drugs/cellminercdb/BMS_345541_cellminercdb.html' target='_blank'>details</a>"
"143","BMS-387032","[345627-80-7, BMS 387032, BMS-387032, SNS 032, SNS-032, S1145, 767048]","PK:CDK,CDK2,CDK7,CDK9","Clinical trial",7,"BMS-387032_cellminercdb.html","<a href='https://discovery.nci.nih.gov/drugs/cellminercdb/BMS-387032_cellminercdb.html' target='_blank'>details</a>"
"144","BMS-509744","[439575-02-7, BMS-509744, CHEMBL209148, SCHEMBL14460651]",NA,NA,4,"BMS-509744_cellminercdb.html","<a href='https://discovery.nci.nih.gov/drugs/cellminercdb/BMS-509744_cellminercdb.html' target='_blank'>details</a>"
"145","BMS-536924","[468740-43-4, BMS 536924, BMS-536924, BMS536924, UNII-40E3AZG1MX, 761760]","PK:YK,IGF1R","Clinical trial",8,"BMS-536924_cellminercdb.html","<a href='https://discovery.nci.nih.gov/drugs/cellminercdb/BMS-536924_cellminercdb.html' target='_blank'>details</a>"
"146","BMS-599626","[BMS-599626, CT-BMS59, AC-480 (FREE BASE), AC 480, N-[4-[1-(3-FLUOROBENZYL)-1H-INDAZOL-5-YLAMINO]-5-METHYLP..., AC-480, 764135]","PK:YK,EGFR,ERBB2","Clinical trial",6,"BMS-599626_cellminercdb.html","<a href='https://discovery.nci.nih.gov/drugs/cellminercdb/BMS-599626_cellminercdb.html' target='_blank'>details</a>"
"147","BMS-690514","[859853-30-8, BMS 690514, BMS-690514, UNII-VKU5X213Q7, KIN0000846, 760765]","PK:YK,EGFR,ERBB2,VEGFR","Clinical trial",6,"BMS-690514_cellminercdb.html","<a href='https://discovery.nci.nih.gov/drugs/cellminercdb/BMS-690514_cellminercdb.html' target='_blank'>details</a>"
"148","Avagacestat","[1146699-66-2, AVAGACESTAT, BMS 708163, BMS-708163, UNII-TQ44WWY45Q, 761217]","PSM|APH1|Gamma secretase","Clinical trial",8,"Avagacestat_cellminercdb.html","<a href='https://discovery.nci.nih.gov/drugs/cellminercdb/Avagacestat_cellminercdb.html' target='_blank'>details</a>"
"149","BMS-754807","[1001350-96-4, BMS 754807, BMS-754807, BMS754807, UNII-W9E3353E8J, 758243]","PK:YK,IGF1R","Clinical trial",9,"BMS-754807_cellminercdb.html","<a href='https://discovery.nci.nih.gov/drugs/cellminercdb/BMS-754807_cellminercdb.html' target='_blank'>details</a>"
"150","BMS-777607","[BMS-777607, BMS 777607, , BMS 777607, S1561, S1561, ASLAN-002, 764090]","PK:MET,RON","Clinical trial",5,"BMS-777607_cellminercdb.html","<a href='https://discovery.nci.nih.gov/drugs/cellminercdb/BMS-777607_cellminercdb.html' target='_blank'>details</a>"
"151","BMS-911543","[1271022-90-2, BMS 911543, BMS-911543, BMS911543, UNII-7N03P021J8, CT-BMS911, 766821]","PK:JAK,JAK1,JAK2,JAK3","Clinical trial",4,"BMS-911543_cellminercdb.html","<a href='https://discovery.nci.nih.gov/drugs/cellminercdb/BMS-911543_cellminercdb.html' target='_blank'>details</a>"
"152","BN-2629","[BN-2629, 694501, SJG-136, SJG136]","Db","Clinical trial",3,"BN-2629_cellminercdb.html","<a href='https://discovery.nci.nih.gov/drugs/cellminercdb/BN-2629_cellminercdb.html' target='_blank'>details</a>"
"153","Bortezomib","[179324-69-7, BORTEZOMIB, PS 341, PS-341, VELCADE, BORTEZAMIDE, 681239, 756655]","PSM","FDA approved",10,"Bortezomib_cellminercdb.html","<a href='https://discovery.nci.nih.gov/drugs/cellminercdb/Bortezomib_cellminercdb.html' target='_blank'>details</a>"
"154","Bosutinib","[380843-75-4, BOSUTINIB, SKI 606, SKI-606, SKI606, 765694, BOSUTINIB ISOMER, 755389]","STAT|BCR-ABL|STAT5A/B|PK:YK,LYN,SRC,HCK","FDA approved",10,"Bosutinib_cellminercdb.html","<a href='https://discovery.nci.nih.gov/drugs/cellminercdb/Bosutinib_cellminercdb.html' target='_blank'>details</a>"
"155","BP-1-102","[BP-1-102, 4-[N-(4-CYCLOHEXYLBENZYL)-2-(2,3,4,5,6-PENTAFLUORO-N-MET..., 764037]","STAT|IL6|STAT3","Clinical trial",5,"BP-1-102_cellminercdb.html","<a href='https://discovery.nci.nih.gov/drugs/cellminercdb/BP-1-102_cellminercdb.html' target='_blank'>details</a>"
"156","BPR1J-097","[1327167-19-0, AOB1332, BPR1J-097, CHEMBL1807392, SCHEMBL12077294, 767897]","PK:FLT,FLT3","Clinical trial",3,"BPR1J-097_cellminercdb.html","<a href='https://discovery.nci.nih.gov/drugs/cellminercdb/BPR1J-097_cellminercdb.html' target='_blank'>details</a>"
"157","Bryostatin 1","[BRYOSTATIN 1, 339555]",NA,NA,3,"Bryostatin_1_cellminercdb.html","<a href='https://discovery.nci.nih.gov/drugs/cellminercdb/Bryostatin_1_cellminercdb.html' target='_blank'>details</a>"
"158","Iniparib","[160003-66-7, 4-IODO-3-NITROBENZAMIDE, BSI-201, INIPARIB, INIPARIB (BSI-201), 752493]","PARP|PARP1|PARP2","Clinical trial",5,"Iniparib_cellminercdb.html","<a href='https://discovery.nci.nih.gov/drugs/cellminercdb/Iniparib_cellminercdb.html' target='_blank'>details</a>"
"159","Busulfan","[55-98-1, BUSULFAN, BUSULPHAN, LEUCOSULFAN, MYLERAN, 750]","A7|AlkAg","FDA approved",5,"Busulfan_cellminercdb.html","<a href='https://discovery.nci.nih.gov/drugs/cellminercdb/Busulfan_cellminercdb.html' target='_blank'>details</a>"
"160","Buthionine sulphoximine","[BUTHIONINE SULPHOXIMINE, 326231, DL-BUTHIONINE-[S,R]-SULFOXIMINE, BUTHIONINE SULFOXIMINE, BUTHIONINE-SULFOXIMINE]","AM","Clinical trial",4,"Buthionine_sulphoximine_cellminercdb.html","<a href='https://discovery.nci.nih.gov/drugs/cellminercdb/Buthionine_sulphoximine_cellminercdb.html' target='_blank'>details</a>"
"161","BX795","[702675-74-9, BX 795, BX-795, BX795]",NA,NA,5,"BX795_cellminercdb.html","<a href='https://discovery.nci.nih.gov/drugs/cellminercdb/BX795_cellminercdb.html' target='_blank'>details</a>"
"162","BX-912","[702674-56-4, BX 912, BX-912, BX912, 758485]","PK:STK,PDK1","Clinical trial",8,"BX-912_cellminercdb.html","<a href='https://discovery.nci.nih.gov/drugs/cellminercdb/BX-912_cellminercdb.html' target='_blank'>details</a>"
"163","CUDC-305","[BY-PRODUCT OF CUDC-305, 1061318-81-7, CHEMBL2419346, CUDC-305, DEBIO 0932, DEBIO-0932, 2-(6-(DIMETHYLAMINO)BENOZ[D][1,3]DIOXOL-5-YL-THIO)-1-(2-..., 761194]","HSP90","Clinical trial",5,"CUDC-305_cellminercdb.html","<a href='https://discovery.nci.nih.gov/drugs/cellminercdb/CUDC-305_cellminercdb.html' target='_blank'>details</a>"
"164","BYL-719","[1217486-61-7, ALPELISIB, BYL-719, BYL719, UNII-08W5N2C97Q, , (S)-N1-(4-METHYL-5-(2-(1,1,1-TRIFLUORO-2-METHYLPROPAN-2..., A-1214, (S)-N1-(4-METHYL-5-(2-(1,1,1-TRIFLUORO-2-METHYLPROPAN-2-..., 765974]","PK:PIK3","FDA approved",8,"BYL-719_cellminercdb.html","<a href='https://discovery.nci.nih.gov/drugs/cellminercdb/BYL-719_cellminercdb.html' target='_blank'>details</a>"
"165","C-75","[218137-86-1, C-75, C75, 764756]","FAS|FASN","Clinical trial",5,"C-75_cellminercdb.html","<a href='https://discovery.nci.nih.gov/drugs/cellminercdb/C-75_cellminercdb.html' target='_blank'>details</a>"
"166","Cabazitaxel","[183133-96-2, CABAZITAXEL, CABAZITAXELUM, JEVTANA, TAXOID XRP6258, 761432]","TUBB|Tu-stab","FDA approved",5,"Cabazitaxel_cellminercdb.html","<a href='https://discovery.nci.nih.gov/drugs/cellminercdb/Cabazitaxel_cellminercdb.html' target='_blank'>details</a>"
"167","Cabozantinib","[849217-68-1, CABOZANTINIB, COMETRIQ, XL-184, XL184, 761068, 757436, CABOZANTINIB S-MALATE]","PK:YK,MET,AXL,KIT,VEGFR,FLT3,RET","FDA approved",9,"Cabozantinib_cellminercdb.html","<a href='https://discovery.nci.nih.gov/drugs/cellminercdb/Cabozantinib_cellminercdb.html' target='_blank'>details</a>"
"168","Idelalisib","[870281-82-6, CAL 101, CAL-101, IDELALISIB, ZYDELIG, 759224]","PK:PIK3","FDA approved",9,"Idelalisib_cellminercdb.html","<a href='https://discovery.nci.nih.gov/drugs/cellminercdb/Idelalisib_cellminercdb.html' target='_blank'>details</a>"
"170","Camptothecin","[(+)-CAMPTOTHECINE, (S)-(+)-CAMPTOTHECIN, 7689-03-4, CAMPTOTHECIN, CAMPTOTHECINE, 94600, 100880, NCGC00016994-20]","TOP1","FDA approved",6,"Camptothecin_cellminercdb.html","<a href='https://discovery.nci.nih.gov/drugs/cellminercdb/Camptothecin_cellminercdb.html' target='_blank'>details</a>"
"171",NA,"[CANERTINIB, NA, 801011]",NA,NA,5,"NA_cellminercdb.html","<a href='https://discovery.nci.nih.gov/drugs/cellminercdb/NA_cellminercdb.html' target='_blank'>details</a>"
"172","Capecitabine","[154361-50-9, CAPECITABINE, CAPECITIBINE, CAPIIBINE, XELODA]","Ds|TYMS","FDA approved",5,"Capecitabine_cellminercdb.html","<a href='https://discovery.nci.nih.gov/drugs/cellminercdb/Capecitabine_cellminercdb.html' target='_blank'>details</a>"
"173","Carboplatin","[41575-94-4, CARBOPLATIN, CARBOPLATINUM, CBDCA, PARAPLATIN, 241240]","A7|AlkAg","FDA approved",6,"Carboplatin_cellminercdb.html","<a href='https://discovery.nci.nih.gov/drugs/cellminercdb/Carboplatin_cellminercdb.html' target='_blank'>details</a>"
"174","Carfilzomib","[868540-17-4, CARFILZOMIB, CARFILZOMIB (PR-171), KYPROLIS, PR-171, 758252]","PSM","FDA approved",6,"Carfilzomib_cellminercdb.html","<a href='https://discovery.nci.nih.gov/drugs/cellminercdb/Carfilzomib_cellminercdb.html' target='_blank'>details</a>"
"175","Carmustine","[154-93-8, BCNU, CARMUSTIN, CARMUSTINE, 409962]","A7|AlkAg","FDA approved",8,"Carmustine_cellminercdb.html","<a href='https://discovery.nci.nih.gov/drugs/cellminercdb/Carmustine_cellminercdb.html' target='_blank'>details</a>"
"176","ISOX","[1045792-66-2, CAY10603, CHEMBL511749, HDAC6 INHIBITOR, ISOX]",NA,NA,4,"ISOX_cellminercdb.html","<a href='https://discovery.nci.nih.gov/drugs/cellminercdb/ISOX_cellminercdb.html' target='_blank'>details</a>"
"177","CB-64D","[CB 64D, CB-64D, CB64D, CHEMBL2008486, 754350]","Sig2Rec","Clinical trial",3,"CB-64D_cellminercdb.html","<a href='https://discovery.nci.nih.gov/drugs/cellminercdb/CB-64D_cellminercdb.html' target='_blank'>details</a>"
"178","CCT-128930","[885499-61-6, CCT 128930, CCT-128930, CCT128930, CHEMBL263664, 4-PIPERIDINAMINE, 4-[(4-CHLOROPHENYL)METHYL]-1-(7H-PYRRO..., PR-1-0083, 761387]","PK:STK,AKT,AKT1,AKT2,AKT3","Clinical trial",6,"CCT-128930_cellminercdb.html","<a href='https://discovery.nci.nih.gov/drugs/cellminercdb/CCT-128930_cellminercdb.html' target='_blank'>details</a>"
"179","CCT007093","[176957-55-4, CCT007093, MFCD00121546, T0517-2697]",NA,NA,3,"CCT007093_cellminercdb.html","<a href='https://discovery.nci.nih.gov/drugs/cellminercdb/CCT007093_cellminercdb.html' target='_blank'>details</a>"
"180","CCT018159","[CCT018159, CHEBI:41656, CHEMBL399530, ST50039568, UNII-55H1ZOI1NL, CCT-018159]",NA,NA,5,"CCT018159_cellminercdb.html","<a href='https://discovery.nci.nih.gov/drugs/cellminercdb/CCT018159_cellminercdb.html' target='_blank'>details</a>"
"181","Celecoxib","[169590-42-5, CELEBRA, CELEBREX, CELECOXIB, ONSENAL, 719627]","AM|PTGS2|COX2|NonCan:NSAID","FDA approved",6,"Celecoxib_cellminercdb.html","<a href='https://discovery.nci.nih.gov/drugs/cellminercdb/Celecoxib_cellminercdb.html' target='_blank'>details</a>"
"182","delanzomib","[847499-27-8, CEP-18770, DELANZOMIB, DELANZOMIB [USAN], UNII-6IF28942WO, DELANZOMIB (USAN), CEP 18770, DELANZOMIB , CEP18770, C3599, BORONIC ACID, B-[(1R)-1-[[(2S,3R)-3-HYDROXY-1-OXO-[[(6-P..., CT-18770, CT-47098, NP-47098, 764334]","PSM","Clinical trial",6,"delanzomib_cellminercdb.html","<a href='https://discovery.nci.nih.gov/drugs/cellminercdb/delanzomib_cellminercdb.html' target='_blank'>details</a>"
"183","Lestaurtinib","[111358-88-4, CEP 701, CEP-701, KT-5555, LESTAURTINIB, 772196]","PK:YK,FLT,NTRK,FLT3,JAK2","Clinical trial",9,"Lestaurtinib_cellminercdb.html","<a href='https://discovery.nci.nih.gov/drugs/cellminercdb/Lestaurtinib_cellminercdb.html' target='_blank'>details</a>"
"184","CEP-9722","[CEP-9722, 768593]","PARP1","Clinical trial",3,"CEP-9722_cellminercdb.html","<a href='https://discovery.nci.nih.gov/drugs/cellminercdb/CEP-9722_cellminercdb.html' target='_blank'>details</a>"
"186","SR16157","[BDBM189357, CETUXIMAB, CHEMBL1270635, DIMETHYLAMINOPARTHENOLIDE, GAMMA-SECRETASE INHIBITOR I, HYDROBROMIDE, LS-190470, MI-219, NA, SR16157, Z-LLNLE-CHO, 732011, 734325, 754360]","Ho","Clinical trial",5,"SR16157_cellminercdb.html","<a href='https://discovery.nci.nih.gov/drugs/cellminercdb/SR16157_cellminercdb.html' target='_blank'>details</a>"
"187","CGP-082996","[CGP-082996, CHEMBL1242367, MOLPORT-028-912-818, SCHEMBL14040726, SCHEMBL14334441, SCHEMBL14334442, CDK4/6 INHIBITOR IV]",NA,NA,4,"CGP-082996_cellminercdb.html","<a href='https://discovery.nci.nih.gov/drugs/cellminercdb/CGP-082996_cellminercdb.html' target='_blank'>details</a>"
"188","CGP60474","[164658-13-3, CGP 60474, CGP-60474, CGP60474, UNII-16IP6G5MLC]",NA,NA,4,"CGP60474_cellminercdb.html","<a href='https://discovery.nci.nih.gov/drugs/cellminercdb/CGP60474_cellminercdb.html' target='_blank'>details</a>"
"189","Vatalanib","[212142-18-2, CGP 79787D, CGP-79787D, PTK 787, PTK-787, VATALANIB SUCCINATE, VATALANIB, 772499]","CYP19A1|PK:YK,PDGFR,KIT,VEGFR,KDR","Clinical trial",6,"Vatalanib_cellminercdb.html","<a href='https://discovery.nci.nih.gov/drugs/cellminercdb/Vatalanib_cellminercdb.html' target='_blank'>details</a>"
"190","CH5132799","[CH-5132799, , CH-5132799, PA-799, NA, 762382, 800984, CH5132799]",NA,NA,6,"CH5132799_cellminercdb.html","<a href='https://discovery.nci.nih.gov/drugs/cellminercdb/CH5132799_cellminercdb.html' target='_blank'>details</a>"
"191","Apitolisib","[1032754-93-0, APITOLISIB, GDC-0980, GDC0980, UNII-1C854K1MIJ, 764091]","PK:PIK3,MTOR","Clinical trial",7,"Apitolisib_cellminercdb.html","<a href='https://discovery.nci.nih.gov/drugs/cellminercdb/Apitolisib_cellminercdb.html' target='_blank'>details</a>"
"192","Chelerythrine","[34316-15-9, CHELERYTHRINE, CHELERYTHRINE HYDROXIDE, EINECS 251-930-0, TODDALIN, 122455-85-0, MP-0922, 36405, CHELERYTHRINE CHLORIDE]","BCL2|PK:PRKCA,STK","Clinical trial",5,"Chelerythrine_cellminercdb.html","<a href='https://discovery.nci.nih.gov/drugs/cellminercdb/Chelerythrine_cellminercdb.html' target='_blank'>details</a>"
"193","Dovitinib","[405169-16-6, CHIR 258, CHIR-258, DOVITINIB, TKI258, UNII-I35H55G906, 759661]","PK:YK,MET,PDGFR,EGFR,FGFR,KIT,VEGFR,FGFR1,FGFR3,FLT3","Clinical trial",7,"Dovitinib_cellminercdb.html","<a href='https://discovery.nci.nih.gov/drugs/cellminercdb/Dovitinib_cellminercdb.html' target='_blank'>details</a>"
"194","CT 99021","[252917-06-9, CHIR 99021, CHIR-99021, CHIR99021, CT 99021, CT-99021]",NA,NA,6,"CT_99021_cellminercdb.html","<a href='https://discovery.nci.nih.gov/drugs/cellminercdb/CT_99021_cellminercdb.html' target='_blank'>details</a>"
"195","Chlorambucil","[305-03-3, AMBOCHLORIN, CHLORAMBUCIL, CHLOROAMBUCIL, LEUKERAN, 3088]","A7|AlkAg","FDA approved",8,"Chlorambucil_cellminercdb.html","<a href='https://discovery.nci.nih.gov/drugs/cellminercdb/Chlorambucil_cellminercdb.html' target='_blank'>details</a>"
"197","PD 184352","[212631-79-3, CI-1040, PD 184352, PD-184352, PD184352, 765695]","PK:MAP2K","Clinical trial",8,"PD_184352_cellminercdb.html","<a href='https://discovery.nci.nih.gov/drugs/cellminercdb/PD_184352_cellminercdb.html' target='_blank'>details</a>"
"198","LOPROX","[29342-05-0, CICLOPIROX, CICLOPIROXUM, LOPROX, PENLAC]",NA,NA,4,"LOPROX_cellminercdb.html","<a href='https://discovery.nci.nih.gov/drugs/cellminercdb/LOPROX_cellminercdb.html' target='_blank'>details</a>"
"199","CICLOSPORIN","[CICLOSPORIN, CYCLOSPORIN, CYCLOSPORIN A, CYCLOSPORINE, CYCLOSPORINE A, CYCLOSPORIN-A]",NA,NA,4,"CICLOSPORIN_cellminercdb.html","<a href='https://discovery.nci.nih.gov/drugs/cellminercdb/CICLOSPORIN_cellminercdb.html' target='_blank'>details</a>"
"200","CIMETAG","[51481-61-9, CIMETAG, CIMETIDINE, EURECEPTOR, TAGAMET]",NA,NA,2,"CIMETAG_cellminercdb.html","<a href='https://discovery.nci.nih.gov/drugs/cellminercdb/CIMETAG_cellminercdb.html' target='_blank'>details</a>"
"201","ciprofloxacin hydrochloride","[85721-33-1, CIPROBAY, CIPROFLOXACIN, CIPROFLOXACINE, CIPROXAN]",NA,NA,3,"ciprofloxacin_hydrochloride_cellminercdb.html","<a href='https://discovery.nci.nih.gov/drugs/cellminercdb/ciprofloxacin_hydrochloride_cellminercdb.html' target='_blank'>details</a>"
"202","Cisplatin","[CISPLATIN, 119875, CIS-DICHLORODIAMINE PLATINUM]","A7|AlkAg","FDA approved",9,"Cisplatin_cellminercdb.html","<a href='https://discovery.nci.nih.gov/drugs/cellminercdb/Cisplatin_cellminercdb.html' target='_blank'>details</a>"
"203","Cladribine","[2-CHLORO-2'-DEOXYADENOSINE, 2-CHLORODEOXYADENOSINE, 4291-63-8, CLADRIBINE, LEUSTATIN, 105014]","Ds|ADA","FDA approved",7,"Cladribine_cellminercdb.html","<a href='https://discovery.nci.nih.gov/drugs/cellminercdb/Cladribine_cellminercdb.html' target='_blank'>details</a>"
"204","Clofarabine","[123318-82-1, CLOFARABINE, CLOFAREX, CLOLAR, EVOLTRA, 606869, 759857]","Ds","FDA approved",8,"Clofarabine_cellminercdb.html","<a href='https://discovery.nci.nih.gov/drugs/cellminercdb/Clofarabine_cellminercdb.html' target='_blank'>details</a>"
"205","CMK","[CMK]",NA,NA,2,"CMK_cellminercdb.html","<a href='https://discovery.nci.nih.gov/drugs/cellminercdb/CMK_cellminercdb.html' target='_blank'>details</a>"
"206","B-7100","[CNF-2024, B-7100, BIIB021, FREE BASE, CNF2024, BIIB-021, CF-1983 MESYLATE, BIIB021, 773265]","HSP90","Clinical trial",6,"B-7100_cellminercdb.html","<a href='https://discovery.nci.nih.gov/drugs/cellminercdb/B-7100_cellminercdb.html' target='_blank'>details</a>"
"208","CMT-3","[CMT-3, COL-3, INCYCLINIDE, METASTAT, UNII-21G64WZQ4I]",NA,NA,3,"CMT-3_cellminercdb.html","<a href='https://discovery.nci.nih.gov/drugs/cellminercdb/CMT-3_cellminercdb.html' target='_blank'>details</a>"
"209","Cordycepin","[3'-DEOXYADENOSINE, 73-03-0, ADENOSINE, 3'-DEOXY-, CORDYCEPIN, CORDYCEPINE, 63984]","Ds","Clinical trial",3,"Cordycepin_cellminercdb.html","<a href='https://discovery.nci.nih.gov/drugs/cellminercdb/Cordycepin_cellminercdb.html' target='_blank'>details</a>"
"210","Crenolanib","[670220-88-9, ARO-002, CP-868596, CRENOLANIB, CRENOLANIB [USAN], UNII-LQF7I567TQ, 4-PIPERIDINAMINE,1-[2-[5-[(3-METHYL-3-OXETANYL)METHOXY]-..., CP 868596, 763526]","PK:YK,PDGFR,KIT,VEGFR,TEK,FLT3","Clinical trial",6,"Crenolanib_cellminercdb.html","<a href='https://discovery.nci.nih.gov/drugs/cellminercdb/Crenolanib_cellminercdb.html' target='_blank'>details</a>"
"211","CP-91149","[186392-40-5, CHEMBL319136, CP-91149, O8EV00W45A, UNII-O8EV00W45A, 761690]","PYGL","Clinical trial",4,"CP-91149_cellminercdb.html","<a href='https://discovery.nci.nih.gov/drugs/cellminercdb/CP-91149_cellminercdb.html' target='_blank'>details</a>"
"212","CP466722","[1080622-86-1, CP 466722, CP-466722, CP466722]",NA,NA,4,"CP466722_cellminercdb.html","<a href='https://discovery.nci.nih.gov/drugs/cellminercdb/CP466722_cellminercdb.html' target='_blank'>details</a>"
"213","CP-724714","[383432-38-0, CP 724714, CP-724714, CP724714, UNII-I05QZ0S4V3, CS-0262, 780042]","PK:ERBB2","Clinical trial",6,"CP-724714_cellminercdb.html","<a href='https://discovery.nci.nih.gov/drugs/cellminercdb/CP-724714_cellminercdb.html' target='_blank'>details</a>"
"214","Cpd-401","[CPD-401, 757334]","STAT|STAT3","Clinical trial",3,"Cpd-401_cellminercdb.html","<a href='https://discovery.nci.nih.gov/drugs/cellminercdb/Cpd-401_cellminercdb.html' target='_blank'>details</a>"
"215","BBOA","[95809-78-2, CPI 613, CPI-613, MLS006010202]","AEMD","Clinical trial",4,"BBOA_cellminercdb.html","<a href='https://discovery.nci.nih.gov/drugs/cellminercdb/BBOA_cellminercdb.html' target='_blank'>details</a>"
"216","Crizotinib","[(R)-CRIZOTINIB, 877399-52-5, CRIZOTINIB, PF-2341066, PF2341066, XALKORI, 756645, (S)-CRIZOTINIB, CRIZOTINIB-(S)]","PK:YK,MET,ALK","FDA approved",12,"Crizotinib_cellminercdb.html","<a href='https://discovery.nci.nih.gov/drugs/cellminercdb/Crizotinib_cellminercdb.html' target='_blank'>details</a>"
"217","Inolitazone hydrochloride","[223132-38-5, CS-7017, EFATUTAZONE HYDROCHLORIDE, INOLITAZONE (DIHYDROCHLORIDE), RS-5444, EFATUTAZONE, 764579]","PPARG","Clinical trial",4,"Inolitazone_hydrochloride_cellminercdb.html","<a href='https://discovery.nci.nih.gov/drugs/cellminercdb/Inolitazone_hydrochloride_cellminercdb.html' target='_blank'>details</a>"
"218","CT-32228","[CHEMBL36501, CT 32228, CT-32228, UNII-5TT4A4MBLR, 762419]","AGPAT2|PK:YK,VEGFR","Clinical trial",3,"CT-32228_cellminercdb.html","<a href='https://discovery.nci.nih.gov/drugs/cellminercdb/CT-32228_cellminercdb.html' target='_blank'>details</a>"
"219",NA,"[CUDC-101, NA, 800081]",NA,NA,6,"NA_cellminercdb.html","<a href='https://discovery.nci.nih.gov/drugs/cellminercdb/NA_cellminercdb.html' target='_blank'>details</a>"
"220","CUDC-907","[1339928-25-4, CUDC 907, CUDC-907, PI3K/HDAC INHIBITOR CENTN, UNII-3S9RX35S5X, 771751]","HDAC|PK:PIK3","Clinical trial",4,"CUDC-907_cellminercdb.html","<a href='https://discovery.nci.nih.gov/drugs/cellminercdb/CUDC-907_cellminercdb.html' target='_blank'>details</a>"
"221","Curcumin","[458-37-7, CURCUMIN, DIFERULOYLMETHANE, NATURAL YELLOW 3, TURMERIC YELLOW, 32982]","Apo","FDA approved",5,"Curcumin_cellminercdb.html","<a href='https://discovery.nci.nih.gov/drugs/cellminercdb/Curcumin_cellminercdb.html' target='_blank'>details</a>"
"222","Silmitasertib","[1009820-21-6, CX-4945, CX4945, SILMITASERTIB, CX-4945 (SODIUM SALT), 761193]","CK2|PK:STK","Clinical trial",7,"Silmitasertib_cellminercdb.html","<a href='https://discovery.nci.nih.gov/drugs/cellminercdb/Silmitasertib_cellminercdb.html' target='_blank'>details</a>"
"223","CX-5461","[1138549-36-6, CX 5461, CX-5461, CX5461, UNII-3R4C5YLB9I, C3633, 782164]","RNA polymerase I","Clinical trial",7,"CX-5461_cellminercdb.html","<a href='https://discovery.nci.nih.gov/drugs/cellminercdb/CX-5461_cellminercdb.html' target='_blank'>details</a>"
"225","CYC-116","[693228-63-6, CHEMBL482967, CYC-116, CYC116, KINOME_636, S1171, CS-0112, 759498]","PK:STK,AURK","Clinical trial",6,"CYC-116_cellminercdb.html","<a href='https://discovery.nci.nih.gov/drugs/cellminercdb/CYC-116_cellminercdb.html' target='_blank'>details</a>"
"226","Seliciclib","[(R)-ROSCOVITINE, 186692-46-6, CYC-202, R-ROSCOVITINE, ROSCOVITINE, SELICICLIB, 701554]","PK:STK,CDK,CDK2,CDK7,CDK9","Clinical trial",7,"Seliciclib_cellminercdb.html","<a href='https://discovery.nci.nih.gov/drugs/cellminercdb/Seliciclib_cellminercdb.html' target='_blank'>details</a>"
"227","Cyclopamine","[11-DEOXOJERVINE, 4449-51-8, CHEBI:4021, CHEMBL254129, CYCLOPAMINE, 734950]",NA,NA,5,"Cyclopamine_cellminercdb.html","<a href='https://discovery.nci.nih.gov/drugs/cellminercdb/Cyclopamine_cellminercdb.html' target='_blank'>details</a>"
"228","Cyclophosphamide","[CYCLOPHOSPHAMID, CYCLOPHOSPHAMIDE, CYCLOPHOSPHANE, NEOSAR, PROCYTOX, 26271]","A7|AlkAg","FDA approved",8,"Cyclophosphamide_cellminercdb.html","<a href='https://discovery.nci.nih.gov/drugs/cellminercdb/Cyclophosphamide_cellminercdb.html' target='_blank'>details</a>"
"229","Momelotinib","[1056634-68-4, CYT 387, CYT-387, CYT387, MOMELOTINIB, MOMELOTINIB DIHYDROCHLORIDE, CYT11387, CT-CYT387, 767598]","PK:JAK,JAK1,JAK2,JAK3","Clinical trial",7,"Momelotinib_cellminercdb.html","<a href='https://discovery.nci.nih.gov/drugs/cellminercdb/Momelotinib_cellminercdb.html' target='_blank'>details</a>"
"230","Lexibulin","[917111-44-5, CYT 997, CYT-997, CYT997, LEXIBULIN, LEXIBULIN HYDROCHLORIDE, S2195, 758488]","TUBB|Tu-frag|Tu-stab","Clinical trial",6,"Lexibulin_cellminercdb.html","<a href='https://discovery.nci.nih.gov/drugs/cellminercdb/Lexibulin_cellminercdb.html' target='_blank'>details</a>"
"231","Cytarabine","[147-94-4, ARA-C, ARABINOSYLCYTOSINE, CYTARABINE, CYTOSINE ARABINOSIDE, 63878, 287459, CYTARABINE HYDROCHLORIDE]","Ds","FDA approved",10,"Cytarabine_cellminercdb.html","<a href='https://discovery.nci.nih.gov/drugs/cellminercdb/Cytarabine_cellminercdb.html' target='_blank'>details</a>"
"232","Dabrafenib","[1195765-45-7, DABRAFENIB, GSK2118436A, TAFINLAR, UNII-QGP4HA4G1B, 764134]","PK:BRAF","FDA approved",10,"Dabrafenib_cellminercdb.html","<a href='https://discovery.nci.nih.gov/drugs/cellminercdb/Dabrafenib_cellminercdb.html' target='_blank'>details</a>"
"233","Dacarbazine","[BIOCARBAZINE, DACARBAZINE, DETICENE, DTIC, DTIC-DOME, 45388]","A7|AlkAg","FDA approved",10,"Dacarbazine_cellminercdb.html","<a href='https://discovery.nci.nih.gov/drugs/cellminercdb/Dacarbazine_cellminercdb.html' target='_blank'>details</a>"
"234","Daporinad","[658084-64-1, APO-866, DAPORINAD, FK-866, FK866, A-1303, CS-1055, AP0-866, 13287, F8557, FK 866 HYDROCHLORIDE HYDRATE, DAPORINAD HYDROCHLORIDE, FK-866 HCL, 777194]","NAMPT|PK:YK","Clinical trial",8,"Daporinad_cellminercdb.html","<a href='https://discovery.nci.nih.gov/drugs/cellminercdb/Daporinad_cellminercdb.html' target='_blank'>details</a>"
"236","Dasatinib","[302962-49-8, BMS-354825, BMS354825, DASATINIB, SPRYCEL, 732517, 759877, NCGC00181129-08]","BCR-ABL|PK:YK,PDGFR,KIT","FDA approved",11,"Dasatinib_cellminercdb.html","<a href='https://discovery.nci.nih.gov/drugs/cellminercdb/Dasatinib_cellminercdb.html' target='_blank'>details</a>"
"237","Daunorubicin","[CERUBIDINE, DAUNOMYCIN, DAUNORUBICIN, DAUNORUBICINE, RUBIDOMYCIN, 82151, 83142, 756717, DAUNORUBICIN CITRATE]","TOP2","FDA approved",7,"Daunorubicin_cellminercdb.html","<a href='https://discovery.nci.nih.gov/drugs/cellminercdb/Daunorubicin_cellminercdb.html' target='_blank'>details</a>"
"238","Decitabine","[2353-33-5, 5-AZA-2'-DEOXYCYTIDINE, 5-AZADEOXYCYTIDINE, DACOGEN, DECITABINE, 127716, 5-AZA-2 -DEOXYCYTIDINE]","AM|DNMT","FDA approved",7,"Decitabine_cellminercdb.html","<a href='https://discovery.nci.nih.gov/drugs/cellminercdb/Decitabine_cellminercdb.html' target='_blank'>details</a>"
"240","Depsipeptide","[ANTIBIOTIC FR 901228, CHROMADAX, DEPSIPEPTIDE, FK228, ROMIDEPSIN, 630176, 754143]","HDAC","FDA approved",8,"Depsipeptide_cellminercdb.html","<a href='https://discovery.nci.nih.gov/drugs/cellminercdb/Depsipeptide_cellminercdb.html' target='_blank'>details</a>"
"241","Des-fluoro-TAK-960","[DES-FLUORO-TAK-960, 762154]","PK:STK,PLK1","Clinical trial",3,"Des-fluoro-TAK-960_cellminercdb.html","<a href='https://discovery.nci.nih.gov/drugs/cellminercdb/Des-fluoro-TAK-960_cellminercdb.html' target='_blank'>details</a>"
"242","50-02-2","[50-02-2, DECADRON, DEXAMETHASONE, DEXAMETHAZONE, MAXIDEX, BETAMETHASONE]",NA,NA,4,"50-02-2_cellminercdb.html","<a href='https://discovery.nci.nih.gov/drugs/cellminercdb/50-02-2_cellminercdb.html' target='_blank'>details</a>"
"244","Dexrazoxane","[24584-09-6, CARDIOXANE, DEXRAZOXANE, ZINECARD, 169780, DEXRAZOXONE, DEXRAZOXANE HYDROCHLORIDE]","TOP2|NonCan:Cardioprotective","FDA approved",7,"Dexrazoxane_cellminercdb.html","<a href='https://discovery.nci.nih.gov/drugs/cellminercdb/Dexrazoxane_cellminercdb.html' target='_blank'>details</a>"
"245","15307-86-5","[15307-86-5, DICHLOFENAC, DICLOFENAC, DICLOFENAC ACID, DICLOFENACUM, DICLOFENAC SODIUM]",NA,NA,3,"15307-86-5_cellminercdb.html","<a href='https://discovery.nci.nih.gov/drugs/cellminercdb/15307-86-5_cellminercdb.html' target='_blank'>details</a>"
"246","Digoxin","[12BETA-HYDROXYDIGITOXIN, 20830-75-5, CARDIOGOXIN, DIGITEK, DIGOXIN, 756738, DIGITOXIN]","NonCan:CardG","FDA approved",5,"Digoxin_cellminercdb.html","<a href='https://discovery.nci.nih.gov/drugs/cellminercdb/Digoxin_cellminercdb.html' target='_blank'>details</a>"
"247","Dinaciclib","[779353-01-4, DINACICLIB, MK-7965, SCH 727965, SCH-727965, SCH727965, 1-[3-ETHYL-7[[(1-OXIDO-3-PYRIDINYL)METHYL]AMINO]PYRAZOLO..., 2-PIPERIDINEETHANOL, 1-[3-ETHYL-7-[[(1-OXIDO-3-PYRIDINYL..., 764036, 747135]","PK:STK,CDK,CDK1,CDK2,CDK5,CDK9","Clinical trial",7,"Dinaciclib_cellminercdb.html","<a href='https://discovery.nci.nih.gov/drugs/cellminercdb/Dinaciclib_cellminercdb.html' target='_blank'>details</a>"
"248","DMOG","[89464-63-1, DIMETHYLOXALLYL GLYCINE, DIMETHYLOXALOYLGLYCINE, DIMETHYLOXALYLGLYCINE, DMOG]",NA,NA,2,"DMOG_cellminercdb.html","<a href='https://discovery.nci.nih.gov/drugs/cellminercdb/DMOG_cellminercdb.html' target='_blank'>details</a>"
"249","Docetaxel","[114977-28-5, DOCETAXEL, DOCETAXEL ANHYDROUS, DOCETAXOL, TAXOTERE, 759850, 628503]","TUBB|Tu-stab","FDA approved",10,"Docetaxel_cellminercdb.html","<a href='https://discovery.nci.nih.gov/drugs/cellminercdb/Docetaxel_cellminercdb.html' target='_blank'>details</a>"
"250","Dolastatin 10","[DOLASTATIN 10, 376128, DOLASTATIN-10]","TUBB","Clinical trial",4,"Dolastatin_10_cellminercdb.html","<a href='https://discovery.nci.nih.gov/drugs/cellminercdb/Dolastatin_10_cellminercdb.html' target='_blank'>details</a>"
"251","Doxorubicin","[ADRIABLASTIN, ADRIAMYCIN, DOXIL, DOXORUBICIN, DOXORUBICINE, 123127, 759155, NCGC00024415-50, DOXORUBICIN HYDROCHLORIDE]","TOP2","FDA approved",10,"Doxorubicin_cellminercdb.html","<a href='https://discovery.nci.nih.gov/drugs/cellminercdb/Doxorubicin_cellminercdb.html' target='_blank'>details</a>"
"253","E-7820","[289483-69-8, E 7820, E-7820, E7820, UNII-TVH5K7949N, 719239, A-1283, ER-68203-00, 777573]","Ang|ITG","Clinical trial",4,"E-7820_cellminercdb.html","<a href='https://discovery.nci.nih.gov/drugs/cellminercdb/E-7820_cellminercdb.html' target='_blank'>details</a>"
"255","Teglarinad","[432037-57-5, EB-1627, GMX1777, TEGLARINAD CHLORIDE, UNII-D6V5QYX9MZ, 761189]","Apo|NAMPT","Clinical trial",2,"Teglarinad_cellminercdb.html","<a href='https://discovery.nci.nih.gov/drugs/cellminercdb/Teglarinad_cellminercdb.html' target='_blank'>details</a>"
"256","EHT 1864","[EHT 1864, EHT-1864]",NA,NA,3,"EHT_1864_cellminercdb.html","<a href='https://discovery.nci.nih.gov/drugs/cellminercdb/EHT_1864_cellminercdb.html' target='_blank'>details</a>"
"257","Pelitinib","[PELITINIB, NA, 800841]",NA,NA,6,"Pelitinib_cellminercdb.html","<a href='https://discovery.nci.nih.gov/drugs/cellminercdb/Pelitinib_cellminercdb.html' target='_blank'>details</a>"
"258","Elesclomol","[488832-69-5, ELESCLOMOL, ELESCLOMOL (STA-4783), STA-4783, UNII-6UK191M53P, 174939]","PK:ROS1","Clinical trial",7,"Elesclomol_cellminercdb.html","<a href='https://discovery.nci.nih.gov/drugs/cellminercdb/Elesclomol_cellminercdb.html' target='_blank'>details</a>"
"261","EMBELIN","[550-24-3, EMBELIC ACID, EMBELIN, EMBERINE]",NA,NA,5,"EMBELIN_cellminercdb.html","<a href='https://discovery.nci.nih.gov/drugs/cellminercdb/EMBELIN_cellminercdb.html' target='_blank'>details</a>"
"262","EMD-1204831","[1100598-32-0, EMD 1214063, EMD-1204831, EMD-1214063, TEPOTINIB, UNII-1IJV77EI07, 3-(1(3-(5-((1-METHYLPIPERIDIN-4-YL)METHOXY)PYRIMIDIN-2-Y..., A-1087, MSC-2156119, 758244, 767954]","PK:MET","Clinical trial",5,"EMD-1204831_cellminercdb.html","<a href='https://discovery.nci.nih.gov/drugs/cellminercdb/EMD-1204831_cellminercdb.html' target='_blank'>details</a>"
"263","Cilengitide","[188968-51-6, CILENGITIDE, CILENGITIDE [USAN:INN], EMD-121974, UNII-4EDF46E4GI, 200780, EMD-85189, D03497, , CILENGITIDE, 200780, EMD-121974, EMD-85189, D03497, 774651]","Ang|ITG","Clinical trial",5,"Cilengitide_cellminercdb.html","<a href='https://discovery.nci.nih.gov/drugs/cellminercdb/Cilengitide_cellminercdb.html' target='_blank'>details</a>"
"264","EMD-534085","[EMD-534085, 1-[[(2R,4AS,5R,10BS)-5-PHENYL-9-(TRIFLUOROMETHYL)-3,4,4A..., 763564]","CDH16|KIF11|Kinesin|PK:YK","Clinical trial",5,"EMD-534085_cellminercdb.html","<a href='https://discovery.nci.nih.gov/drugs/cellminercdb/EMD-534085_cellminercdb.html' target='_blank'>details</a>"
"265","enantiomer of PF-4176340","[ENANTIOMER OF PF-4176340, 768070, 768071]","PK:AKT","Clinical trial",3,"enantiomer_of_PF-4176340_cellminercdb.html","<a href='https://discovery.nci.nih.gov/drugs/cellminercdb/enantiomer_of_PF-4176340_cellminercdb.html' target='_blank'>details</a>"
"266","ENMD-2076","[934353-76-1, ENMD 2076, ENMD-2076, ENMD2076, UNII-J6U9WP10T7, ENMD-981693, S1181, ENMD-98169, 758245]","PK:STK,AURK,KDR","Clinical trial",6,"ENMD-2076_cellminercdb.html","<a href='https://discovery.nci.nih.gov/drugs/cellminercdb/ENMD-2076_cellminercdb.html' target='_blank'>details</a>"
"267","ENMD-2076 Precursor","[ENMD-2076 PRECURSOR, 759094]","PK:STK,AURK","Clinical trial",3,"ENMD-2076_Precursor_cellminercdb.html","<a href='https://discovery.nci.nih.gov/drugs/cellminercdb/ENMD-2076_Precursor_cellminercdb.html' target='_blank'>details</a>"
"268","Entinostat","[209783-80-2, ENTINOSTAT, MS 275, MS-275, SNDX-275, 706995, 756642]","HDAC","Clinical trial",10,"Entinostat_cellminercdb.html","<a href='https://discovery.nci.nih.gov/drugs/cellminercdb/Entinostat_cellminercdb.html' target='_blank'>details</a>"
"269","Enzalutamide","[915087-33-1, ENZALUTAMIDE, MDV 3100, MDV-3100, MDV3100, 755605]","Ho|AR","FDA approved",6,"Enzalutamide_cellminercdb.html","<a href='https://discovery.nci.nih.gov/drugs/cellminercdb/Enzalutamide_cellminercdb.html' target='_blank'>details</a>"
"270","Varbulin","[917369-31-4, AZIXA, EP-90745, MPC-6827, UNII-33380QZ0QW, VERUBULIN HYDROCHLORIDE]","TUBB|Tu-frag","Clinical trial",4,"Varbulin_cellminercdb.html","<a href='https://discovery.nci.nih.gov/drugs/cellminercdb/Varbulin_cellminercdb.html' target='_blank'>details</a>"
"271","Epirubicin","[4'-EPIADRIAMYCIN, ELLENCE, EPIADRIAMYCIN, EPIDOXORUBICIN, EPIRUBICIN, 256942]","TOP2","FDA approved",5,"Epirubicin_cellminercdb.html","<a href='https://discovery.nci.nih.gov/drugs/cellminercdb/Epirubicin_cellminercdb.html' target='_blank'>details</a>"
"272","Epothilone B","[EPOTHILONE B, 684363, PATUPILONE, EPOTHILONE-B]","TUBB|Tu-stab","Clinical trial",6,"Epothilone_B_cellminercdb.html","<a href='https://discovery.nci.nih.gov/drugs/cellminercdb/Epothilone_B_cellminercdb.html' target='_blank'>details</a>"
"273","Eribulin mesilate","[ERIBULIN MESILATE, 707389, ERIBULIN, ERIBULIN MESYLATE]","TUBB","FDA approved",4,"Eribulin_mesilate_cellminercdb.html","<a href='https://discovery.nci.nih.gov/drugs/cellminercdb/Eribulin_mesilate_cellminercdb.html' target='_blank'>details</a>"
"274","Erlotinib","[183321-74-6, ERLOTINIB, TARCEVA, UNII-J4T82NDH7E, 718781, ERLOTINIB HYDROCHLORIDE]","PK:YK,EGFR","FDA approved",12,"Erlotinib_cellminercdb.html","<a href='https://discovery.nci.nih.gov/drugs/cellminercdb/Erlotinib_cellminercdb.html' target='_blank'>details</a>"
"275","Estramustine","[2998-57-4, EMCYT, ESTRAMUSTINA, ESTRAMUSTINE, ESTRAMUSTINUM, 89201, 702294, ESTRAMUSTINE PHOSPHATE, ESTRAMUSTINE-PHOSPHATE]","A7|TUBB|AlkAg","FDA approved",6,"Estramustine_cellminercdb.html","<a href='https://discovery.nci.nih.gov/drugs/cellminercdb/Estramustine_cellminercdb.html' target='_blank'>details</a>"
"276","Ethinyl estradiol","[ETHINYL ESTRADIOL, 757027, ETHINYL-ESTRADIOL]","Ho","FDA approved",4,"Ethinyl_estradiol_cellminercdb.html","<a href='https://discovery.nci.nih.gov/drugs/cellminercdb/Ethinyl_estradiol_cellminercdb.html' target='_blank'>details</a>"
"277","ETOMOXIR","[124083-20-1, ETOMOXIR, MSB3DD2XP6, R-(+)-ETOMOXIR, UNII-MSB3DD2XP6]",NA,NA,4,"ETOMOXIR_cellminercdb.html","<a href='https://discovery.nci.nih.gov/drugs/cellminercdb/ETOMOXIR_cellminercdb.html' target='_blank'>details</a>"
"278","Etoposide","[ETOPOSIDE, LASTET, TOPOSAR, TRANS-ETOPOSIDE, VEPESID, 141540, 757804, ETOPOSIDE-PHOSPHATE]","TOP2","FDA approved",10,"Etoposide_cellminercdb.html","<a href='https://discovery.nci.nih.gov/drugs/cellminercdb/Etoposide_cellminercdb.html' target='_blank'>details</a>"
"279","Everolimus","[AFINITOR, CERTICAN, EVEROLIMUS, RAD001, ZORTRESS, 733504]","PK:STK,MTOR","FDA approved",7,"Everolimus_cellminercdb.html","<a href='https://discovery.nci.nih.gov/drugs/cellminercdb/Everolimus_cellminercdb.html' target='_blank'>details</a>"
"280","EX 527","[49843-98-3, EX 527, EX-527, SELISISTAT]",NA,NA,5,"EX_527_cellminercdb.html","<a href='https://discovery.nci.nih.gov/drugs/cellminercdb/EX_527_cellminercdb.html' target='_blank'>details</a>"
"281","Exemestane","[107868-30-4, AROMASIN, EXEMESTANE, EXEMESTANO, EXEMESTANUM, 713563]","Ho|CYP19A1","FDA approved",6,"Exemestane_cellminercdb.html","<a href='https://discovery.nci.nih.gov/drugs/cellminercdb/Exemestane_cellminercdb.html' target='_blank'>details</a>"
"283","Fenoprofen","[31879-05-7, FENOPROFEN, FENOPROFENE, FENOPROFENO]",NA,"Clinical trial",2,"Fenoprofen_cellminercdb.html","<a href='https://discovery.nci.nih.gov/drugs/cellminercdb/Fenoprofen_cellminercdb.html' target='_blank'>details</a>"
"284","Fenretinide","[4-HPR, 4-HYDROXYPHENYLRETINAMIDE, 65646-68-6, FENRETINIDE, N-(4-HYDROXYPHENYL)RETINAMIDE, 374551, 760419, 4-HYDROXYPHENYL RETINAMIDE]","Ds","Clinical trial",4,"Fenretinide_cellminercdb.html","<a href='https://discovery.nci.nih.gov/drugs/cellminercdb/Fenretinide_cellminercdb.html' target='_blank'>details</a>"
"285","FH535","[108409-83-2, FH535, STK079761]",NA,NA,2,"FH535_cellminercdb.html","<a href='https://discovery.nci.nih.gov/drugs/cellminercdb/FH535_cellminercdb.html' target='_blank'>details</a>"
"286","Finasteride","[98319-26-7, FINASTERIDE, FINASTID, PROPECIA, PROSCAR]","AR","FDA approved",3,"Finasteride_cellminercdb.html","<a href='https://discovery.nci.nih.gov/drugs/cellminercdb/Finasteride_cellminercdb.html' target='_blank'>details</a>"
"287","GILENIA","[162359-55-9, FINGOLIMOD, GILENIA, UNII-3QN8BYN5QF, FINGOLIMOD HYDROCHLORIDE, FTY-720]",NA,NA,4,"GILENIA_cellminercdb.html","<a href='https://discovery.nci.nih.gov/drugs/cellminercdb/GILENIA_cellminercdb.html' target='_blank'>details</a>"
"288","Floxuridine","[2'-DEOXY-5-FLUOROURIDINE, 5-FLUORO-2'-DEOXYURIDINE, 50-91-9, FLOXURIDINE, FUDR, 27640, 758230]","Ds|TYMS","FDA approved",7,"Floxuridine_cellminercdb.html","<a href='https://discovery.nci.nih.gov/drugs/cellminercdb/Floxuridine_cellminercdb.html' target='_blank'>details</a>"
"289","Fludarabine","[21679-14-1, F-ARA-A, FLUDARABINE, 124463, 312887, 118218, FLUDARABINE-PHOSPHATE]","Ds|AM|Dr|STAT1","FDA approved",9,"Fludarabine_cellminercdb.html","<a href='https://discovery.nci.nih.gov/drugs/cellminercdb/Fludarabine_cellminercdb.html' target='_blank'>details</a>"
"290","Fluphenazine","[FLUORFENAZINE, FLUOROPHENAZINE, FLUORPHENAZINE, FLUPHENAZINE, TRIFLUMETHAZINE, 92339, FLUOCINOLONE ACETONIDE, FLUOCINOLONE-ACETONIDE]","NonCan:Psy","FDA approved",5,"Fluphenazine_cellminercdb.html","<a href='https://discovery.nci.nih.gov/drugs/cellminercdb/Fluphenazine_cellminercdb.html' target='_blank'>details</a>"
"291","Flurbiprofen","[5104-49-4, ANSAID, ANTADYS, FLURBIPROFEN, FROBEN]",NA,"FDA approved",3,"Flurbiprofen_cellminercdb.html","<a href='https://discovery.nci.nih.gov/drugs/cellminercdb/Flurbiprofen_cellminercdb.html' target='_blank'>details</a>"
"292","fluvastatin sodium (usan)","[93957-54-1, CHEBI:38565, CRANOC, FLUVASTATIN, LESCOL, 758896]",NA,NA,6,"fluvastatin_sodium_(usan)_cellminercdb.html","<a href='https://discovery.nci.nih.gov/drugs/cellminercdb/fluvastatin_sodium_(usan)_cellminercdb.html' target='_blank'>details</a>"
"293","FMK","[821794-92-7, CHEMBL515414, FMK]",NA,NA,4,"FMK_cellminercdb.html","<a href='https://discovery.nci.nih.gov/drugs/cellminercdb/FMK_cellminercdb.html' target='_blank'>details</a>"
"294","Foretinib","[EXEL-2880, FORETINIB, GSK1363089, XL-880, XL880, 755775]","PK:YK,MET,AXL,VEGFR,KDR,RON,Multikinase","Clinical trial",10,"Foretinib_cellminercdb.html","<a href='https://discovery.nci.nih.gov/drugs/cellminercdb/Foretinib_cellminercdb.html' target='_blank'>details</a>"
"295","Fostamatinib","[365798, PICEATANNOL, TRANS-PICEATANNOL, ASTRINGENIN]","Ds|Rs|PK:YK,SYK","Clinical trial",3,"Fostamatinib_cellminercdb.html","<a href='https://discovery.nci.nih.gov/drugs/cellminercdb/Fostamatinib_cellminercdb.html' target='_blank'>details</a>"
"296","FR180204","[865362-74-9, ERK INHIBITOR II, FR180204, FR 180204, FR-180204, FR180204]",NA,NA,4,"FR180204_cellminercdb.html","<a href='https://discovery.nci.nih.gov/drugs/cellminercdb/FR180204_cellminercdb.html' target='_blank'>details</a>"
"297","FTI-277","[AC1MHIZX, CHEMBL135561, FTI-277, SCHEMBL8365606]",NA,NA,2,"FTI-277_cellminercdb.html","<a href='https://discovery.nci.nih.gov/drugs/cellminercdb/FTI-277_cellminercdb.html' target='_blank'>details</a>"
"298","Fulvestrant","[129453-61-8, FASLODEX, FULVESTRANT, ICI 182,780, ICI 182780, 719276, ICI 182780 (FULVESTRANT)]","AM|Ho|ESR|SERM","FDA approved",11,"Fulvestrant_cellminercdb.html","<a href='https://discovery.nci.nih.gov/drugs/cellminercdb/Fulvestrant_cellminercdb.html' target='_blank'>details</a>"
"299","NEURONTIN","[60142-96-3, GABAPENTIN, GABAPENTINE, NEURONTIN]",NA,NA,3,"NEURONTIN_cellminercdb.html","<a href='https://discovery.nci.nih.gov/drugs/cellminercdb/NEURONTIN_cellminercdb.html' target='_blank'>details</a>"
"300","ipatasertib","[1001264-89-6, GDC 0068, GDC-0068, IPATASERTIB, UNII-524Y3IB4HQ, 767898]","PK:AKT,AKT1,AKT2,AKT3","Clinical trial",7,"ipatasertib_cellminercdb.html","<a href='https://discovery.nci.nih.gov/drugs/cellminercdb/ipatasertib_cellminercdb.html' target='_blank'>details</a>"
"301","GDC-0152","[GDC-0152, 765898]","IAP","Clinical trial",6,"GDC-0152_cellminercdb.html","<a href='https://discovery.nci.nih.gov/drugs/cellminercdb/GDC-0152_cellminercdb.html' target='_blank'>details</a>"
"302","Vismodegib","[879085-55-9, ERIVEDGE, GDC-0449, VISMODEGIB, 755809, 755986]","SMO|PK:YK","FDA approved",10,"Vismodegib_cellminercdb.html","<a href='https://discovery.nci.nih.gov/drugs/cellminercdb/Vismodegib_cellminercdb.html' target='_blank'>details</a>"
"303","Pictilisib","[957054-30-7, GDC 0941, GDC-0941, GDC0941, PICTRELISIB, PICTILISIB, S1065, RG-7321, 755385]","PK:PIK3","Clinical trial",10,"Pictilisib_cellminercdb.html","<a href='https://discovery.nci.nih.gov/drugs/cellminercdb/Pictilisib_cellminercdb.html' target='_blank'>details</a>"
"304","Gefitinib","[184475-35-2, GEFITINIB, IRESSA, IRRESSAT, ZD1839, 715055, 759856]","PK:YK,EGFR","FDA approved",11,"Gefitinib_cellminercdb.html","<a href='https://discovery.nci.nih.gov/drugs/cellminercdb/Gefitinib_cellminercdb.html' target='_blank'>details</a>"
"305","geldanamycin analog","[GELDANAMYCIN ANALOG, 255109, GELDANAMICIN, GELDANAMYCIN, ANTIBIOTIC (U-29,135), 2-AZABICYCLO[16.3.1]DOCOSA-4,6,10,18,21-PENTAENE- 3,20,2..., ANTIBIOTIC U 29135, 122750]","HSP90","Clinical trial",3,"geldanamycin_analog_cellminercdb.html","<a href='https://discovery.nci.nih.gov/drugs/cellminercdb/geldanamycin_analog_cellminercdb.html' target='_blank'>details</a>"
"306","Gemcitabine","[2',2'-DIFLUORODEOXYCYTIDINE, 95058-81-4, GAMCITABINE, GEMCITABINE, GEMCITABINUM, 613327, GEMCITABINE HYDROCHLORIDE]","Ds","FDA approved",11,"Gemcitabine_cellminercdb.html","<a href='https://discovery.nci.nih.gov/drugs/cellminercdb/Gemcitabine_cellminercdb.html' target='_blank'>details</a>"
"307","GENENTECH CPD 10","[GENENTECH CPD 10]",NA,NA,2,"GENENTECH_CPD_10_cellminercdb.html","<a href='https://discovery.nci.nih.gov/drugs/cellminercdb/GENENTECH_CPD_10_cellminercdb.html' target='_blank'>details</a>"
"308","SAR-402674","[529488-28-6, GENZ 644282, GENZ-644282, SCHEMBL241696, UNII-717I541I2R, SAR-402674, 2,3-DIMETHOXY-12-[2-(METHYLAMINO)ETHYL]-BENZO[C][1,3]BEN..., GENZ-644242, 768112]","TOP1","Clinical trial",6,"SAR-402674_cellminercdb.html","<a href='https://discovery.nci.nih.gov/drugs/cellminercdb/SAR-402674_cellminercdb.html' target='_blank'>details</a>"
"309","CHS-828","[GMX-1778, CHS-828]",NA,NA,3,"CHS-828_cellminercdb.html","<a href='https://discovery.nci.nih.gov/drugs/cellminercdb/CHS-828_cellminercdb.html' target='_blank'>details</a>"
"310","GNF 2","[778270-11-4, BCR-ABL INHIBITOR, GNF 2, GNF-2]",NA,NA,4,"GNF_2_cellminercdb.html","<a href='https://discovery.nci.nih.gov/drugs/cellminercdb/GNF_2_cellminercdb.html' target='_blank'>details</a>"
"312","I-BET-151","[GSK-1210151A, I-BET151, 767599]","BRD","Clinical trial",5,"I-BET-151_cellminercdb.html","<a href='https://discovery.nci.nih.gov/drugs/cellminercdb/I-BET-151_cellminercdb.html' target='_blank'>details</a>"
"313","CT-GSK183","[1116235-97-2, GSK 1838705A, GSK-1838705A, GSK1838705A, CT-GSK183, S2703, 766255]","PK:IGF1R,ALK","Clinical trial",6,"CT-GSK183_cellminercdb.html","<a href='https://discovery.nci.nih.gov/drugs/cellminercdb/CT-GSK183_cellminercdb.html' target='_blank'>details</a>"
"314","GSK-1904529A","[1089283-49-7, CHEMBL466397, GSK 1904529A, GSK-1904529A, GSK1904529A, 767951]","PK:IGF1R","Clinical trial",8,"GSK-1904529A_cellminercdb.html","<a href='https://discovery.nci.nih.gov/drugs/cellminercdb/GSK-1904529A_cellminercdb.html' target='_blank'>details</a>"
"315","GSK-2126458","[1086062-66-9, GSK 2126458, GSK-2126458, GSK2126458, OMIPALISIB, 764092]","PK:PIK3","Clinical trial",8,"GSK-2126458_cellminercdb.html","<a href='https://discovery.nci.nih.gov/drugs/cellminercdb/GSK-2126458_cellminercdb.html' target='_blank'>details</a>"
"316","6-(4-pyrimidinyl)-1H-indazole derivative","[1227911-45-6, CHEMBL1765740, GSK 2334470, GSK-2334470, GSK2334470, 6-(4-PYRIMIDINYL)-1H-INDAZOLE DERIVATIVE, 3-PIPERIDINECARBOXAMIDE, 1-[6-(3-AMINO-1H-INDAZOL-6-YL)-..., (3S,6R)-1-[6-(3-AMINO-1H-INDAZOL-6-YL)-2-(METHYLAMINO)-4..., 759658]","PK:STK,PDK1","Clinical trial",5,"6-(4-pyrimidinyl)-1H-indazole_derivative_cellminercdb.html","<a href='https://discovery.nci.nih.gov/drugs/cellminercdb/6-(4-pyrimidinyl)-1H-indazole_derivative_cellminercdb.html' target='_blank'>details</a>"
"317","GSK-2636771","[1372540-25-4, GSK-2636771, GSK2636771, UNII-DW94IAT0LS, 1H-BENZIMIDAZOLE-4-CARBOXYLIC ACID, 2-METHYL-1-[[2-METHY..., 768508]","PK:PIK3,MTOR","Clinical trial",6,"GSK-2636771_cellminercdb.html","<a href='https://discovery.nci.nih.gov/drugs/cellminercdb/GSK-2636771_cellminercdb.html' target='_blank'>details</a>"
"318","GSK-461364","[929095-18-1, GSK 461364, GSK-461364, GSK461364, CT-GSK461, 2-THIOPHENECARBOXAMIDE, 5-[6-[(4-METHYL-1-PIPERAZINYL)ME..., W-05806, GSK-461364A, 754354]","PK:STK,PLK1","Clinical trial",7,"GSK-461364_cellminercdb.html","<a href='https://discovery.nci.nih.gov/drugs/cellminercdb/GSK-461364_cellminercdb.html' target='_blank'>details</a>"
"319","GSK650394","[890842-28-1, GSK 650394, GSK-650394, GSK650394]",NA,NA,5,"GSK650394_cellminercdb.html","<a href='https://discovery.nci.nih.gov/drugs/cellminercdb/GSK650394_cellminercdb.html' target='_blank'>details</a>"
"320","GSK-690693","[937174-76-0, GSK 690693, GSK-690693, GSK690693, UNII-GWH480321B, 766991]","PK:AKT,AKT1,AKT2,AKT3","Clinical trial",7,"GSK-690693_cellminercdb.html","<a href='https://discovery.nci.nih.gov/drugs/cellminercdb/GSK-690693_cellminercdb.html' target='_blank'>details</a>"
"321",NA,"[GSK-1059615, NA, 801012, GSK1059615]",NA,NA,5,"NA_cellminercdb.html","<a href='https://discovery.nci.nih.gov/drugs/cellminercdb/NA_cellminercdb.html' target='_blank'>details</a>"
"322","GSK-1070916","[942918-07-2, GSK 1070916, GSK-1070916, GSK1070916, UNII-8VLB51V7HO, 777445]","PK:AURK","Clinical trial",7,"GSK-1070916_cellminercdb.html","<a href='https://discovery.nci.nih.gov/drugs/cellminercdb/GSK-1070916_cellminercdb.html' target='_blank'>details</a>"
"323","GSK 269962","[850664-21-0, GSK 269962, GSK 269962A, GSK-269962A, GSK269962A, GSK-269962B]",NA,NA,5,"GSK_269962_cellminercdb.html","<a href='https://discovery.nci.nih.gov/drugs/cellminercdb/GSK_269962_cellminercdb.html' target='_blank'>details</a>"
"324","GSK429286A","[864082-47-3, GSK429286A, GSK-429286A]",NA,NA,5,"GSK429286A_cellminercdb.html","<a href='https://discovery.nci.nih.gov/drugs/cellminercdb/GSK429286A_cellminercdb.html' target='_blank'>details</a>"
"325","gw441756x","[GW 441756, GW441756X, , GW441756X, 756236, GW-441756, GW441756]",NA,NA,7,"gw441756x_cellminercdb.html","<a href='https://discovery.nci.nih.gov/drugs/cellminercdb/gw441756x_cellminercdb.html' target='_blank'>details</a>"
"326","GW2580","[870483-87-7, GW-2580, GW2580, UNII-SRV0JCF9LI, GW632580X]",NA,NA,4,"GW2580_cellminercdb.html","<a href='https://discovery.nci.nih.gov/drugs/cellminercdb/GW2580_cellminercdb.html' target='_blank'>details</a>"
"327","GW-5074","[220904-83-6, GW 5074, GW-5074, GW5074, RAF1 KINASE INHIBITOR I, 755765]","GTPase|PK:RAF,RAF1","Clinical trial",5,"GW-5074_cellminercdb.html","<a href='https://discovery.nci.nih.gov/drugs/cellminercdb/GW-5074_cellminercdb.html' target='_blank'>details</a>"
"328","gw843682x","[660868-91-7, GW 843682X, GW-843682X, GW843682, GW843682X, 756404]",NA,NA,6,"gw843682x_cellminercdb.html","<a href='https://discovery.nci.nih.gov/drugs/cellminercdb/gw843682x_cellminercdb.html' target='_blank'>details</a>"
"329","Obatoclax","[803712-79-0, GX15-070, OBATOCLAX, OBATOCLAX MESYLATE, OBATOCLAX MESYLATE (GX15-070), 744912, 756663]","Apo|BCL2","Clinical trial",10,"Obatoclax_cellminercdb.html","<a href='https://discovery.nci.nih.gov/drugs/cellminercdb/Obatoclax_cellminercdb.html' target='_blank'>details</a>"
"330","H-89","[127243-85-0, C20H20BRN3O2S, CHEMBL104264, H 89, H-89, 755766, 782017]","Protein kinase A|PK:STK,AKT1","Clinical trial",5,"H-89_cellminercdb.html","<a href='https://discovery.nci.nih.gov/drugs/cellminercdb/H-89_cellminercdb.html' target='_blank'>details</a>"
"331","HMSL10015","[HG-5-113-01, HMSL10015]",NA,NA,4,"HMSL10015_cellminercdb.html","<a href='https://discovery.nci.nih.gov/drugs/cellminercdb/HMSL10015_cellminercdb.html' target='_blank'>details</a>"
"332","HMSL10016","[HG-5-88-01, HMSL10016]",NA,NA,4,"HMSL10016_cellminercdb.html","<a href='https://discovery.nci.nih.gov/drugs/cellminercdb/HMSL10016_cellminercdb.html' target='_blank'>details</a>"
"333","HG6-64-1","[HG-6-64-1, HG6-64-1]",NA,NA,4,"HG6-64-1_cellminercdb.html","<a href='https://discovery.nci.nih.gov/drugs/cellminercdb/HG6-64-1_cellminercdb.html' target='_blank'>details</a>"
"334","Homoharringtonine","[CEFLATONIN, HOMOHARRINGTONINE, MYELOSTAT, OMACETAXINE MEPESUCCINATE, SYNRIBO, OMACETAXINE MEPASUCCINATE, 758253, 141633]","Apo|Ang|Pi","FDA approved",7,"Homoharringtonine_cellminercdb.html","<a href='https://discovery.nci.nih.gov/drugs/cellminercdb/Homoharringtonine_cellminercdb.html' target='_blank'>details</a>"
"335","HPI-1","[HPI-1, INB0000740, 758486]","SMO|Hg-Smo","Clinical trial",5,"HPI-1_cellminercdb.html","<a href='https://discovery.nci.nih.gov/drugs/cellminercdb/HPI-1_cellminercdb.html' target='_blank'>details</a>"
"337","Hydroxyurea","[127-07-1, HYDREA, HYDROXYCARBAMIDE, HYDROXYUREA, N-HYDROXYUREA, 32065]","AM|Dr","FDA approved",6,"Hydroxyurea_cellminercdb.html","<a href='https://discovery.nci.nih.gov/drugs/cellminercdb/Hydroxyurea_cellminercdb.html' target='_blank'>details</a>"
"339","Hypothemycin","[HYPOTHEMYCIN, 354462]","PK:YK,MAP2K1,MAP2K2","Clinical trial",3,"Hypothemycin_cellminercdb.html","<a href='https://discovery.nci.nih.gov/drugs/cellminercdb/Hypothemycin_cellminercdb.html' target='_blank'>details</a>"
"340","I-BET-762","[1260907-17-2, GSK 525762A, I-BET-762, I-BET762, UNII-5QIO6SRZ2R, 774829, GSK-525768, MOLIBRESIB]","BRD","Clinical trial",8,"I-BET-762_cellminercdb.html","<a href='https://discovery.nci.nih.gov/drugs/cellminercdb/I-BET-762_cellminercdb.html' target='_blank'>details</a>"
"341","Ibrutinib","[936563-96-1, IBRUTINIB, IMBRUVICA, PCI 32765, PCI-32765, 761910, IBRUTINIB (PCI-32765)]","PK:YK,BTK","FDA approved",8,"Ibrutinib_cellminercdb.html","<a href='https://discovery.nci.nih.gov/drugs/cellminercdb/Ibrutinib_cellminercdb.html' target='_blank'>details</a>"
"342","ICG-001","[780757-88-2, 847591-62-2, ICG 001, ICG-001, (6S,9AS)-6-(4-HYDROXYBENZYL)-8-NAPHTHALEN-1-YLMETHYL-4,7..., 756641]","Apo|Wnt|CTNNB1","Clinical trial",6,"ICG-001_cellminercdb.html","<a href='https://discovery.nci.nih.gov/drugs/cellminercdb/ICG-001_cellminercdb.html' target='_blank'>details</a>"
"343","Idarubicin","[4-DEMETHOXYDAUNORUBICIN, 58957-92-9, IDAMYCIN, IDARUBICIN, IDARUBICINA, 256439, IDARUBICIN HYDROCHLORIDE]","TOP2","FDA approved",6,"Idarubicin_cellminercdb.html","<a href='https://discovery.nci.nih.gov/drugs/cellminercdb/Idarubicin_cellminercdb.html' target='_blank'>details</a>"
"344","IDH-C227","[IDH-C227, M60043-2S, 772564]","IDH1","Clinical trial",5,"IDH-C227_cellminercdb.html","<a href='https://discovery.nci.nih.gov/drugs/cellminercdb/IDH-C227_cellminercdb.html' target='_blank'>details</a>"
"345","IDH-C35","[1355326-35-0, AGI 5198, AGI-5198, AGI-5198(IDH C35), CHEMBL2180727, IDH-C35, 773096]","IDH1","Clinical trial",6,"IDH-C35_cellminercdb.html","<a href='https://discovery.nci.nih.gov/drugs/cellminercdb/IDH-C35_cellminercdb.html' target='_blank'>details</a>"
"346","Ifosfamide","[3778-73-2, IFOSFAMIDE, IPHOSPHAMIDE, ISOFOSFAMIDE, ISOPHOSPHAMIDE, 109724]","A7|AlkAg","FDA approved",7,"Ifosfamide_cellminercdb.html","<a href='https://discovery.nci.nih.gov/drugs/cellminercdb/Ifosfamide_cellminercdb.html' target='_blank'>details</a>"
"347","Imatinib","[152459-95-5, CGP 57148, IMATINIB, STI-571, STI571, 743414]","BCR-ABL|PK:YK","FDA approved",9,"Imatinib_cellminercdb.html","<a href='https://discovery.nci.nih.gov/drugs/cellminercdb/Imatinib_cellminercdb.html' target='_blank'>details</a>"
"348","Imexon","[59643-91-3, AMPLIMEXON, IMEXON, IMEXONUM [INN-LATIN], 714597]","Apo","Clinical trial",3,"Imexon_cellminercdb.html","<a href='https://discovery.nci.nih.gov/drugs/cellminercdb/Imexon_cellminercdb.html' target='_blank'>details</a>"
"349","Imiquimod","[99011-02-6, ALDARA, BESELNA, IMIQUIMOD, ZYCLARA, 369100]","AM|TLR7|ImmuneResMod","FDA approved",6,"Imiquimod_cellminercdb.html","<a href='https://discovery.nci.nih.gov/drugs/cellminercdb/Imiquimod_cellminercdb.html' target='_blank'>details</a>"
"350","Ruxolitinib","[(R)-RUXOLITINIB, 941685-37-6, INCB-18424, RUXOLITINIB (S ENANTIOMER), S-RUXOLITINIB, 941678-49-5, INCB-018424, INCB018424, RUXOLITINIB, RUXOLITINIB PHOSPHATE, 763371]","PK:YK,JAK,JAK1,JAK2","FDA approved",11,"Ruxolitinib_cellminercdb.html","<a href='https://discovery.nci.nih.gov/drugs/cellminercdb/Ruxolitinib_cellminercdb.html' target='_blank'>details</a>"
"351","E7070","[165668-41-7, E 7070, E7070, INDISULAM, UNII-WJ98J3NM90]",NA,NA,4,"E7070_cellminercdb.html","<a href='https://discovery.nci.nih.gov/drugs/cellminercdb/E7070_cellminercdb.html' target='_blank'>details</a>"
"352","IPI-145","[1201438-56-3, DUVELISIB, INK-1197, IPI-145, UNII-610V23S0JI, CS-0888, 772469]","PK:PIK3","FDA approved",5,"IPI-145_cellminercdb.html","<a href='https://discovery.nci.nih.gov/drugs/cellminercdb/IPI-145_cellminercdb.html' target='_blank'>details</a>"
"353","INK-128","[3-(2-AMINOBENZO[D]OXAZOL-5-YL)-1-ISOPROPYL-1H-PYRAZOLO[3..., INK-128, 780880, SAPANISERTIB, MLN0128, 764658]","PK:MTOR","Clinical trial",6,"INK-128_cellminercdb.html","<a href='https://discovery.nci.nih.gov/drugs/cellminercdb/INK-128_cellminercdb.html' target='_blank'>details</a>"
"354","IOX2","[931398-72-0, AK176060, IOX 2, IOX2]",NA,NA,5,"IOX2_cellminercdb.html","<a href='https://discovery.nci.nih.gov/drugs/cellminercdb/IOX2_cellminercdb.html' target='_blank'>details</a>"
"355","IPA-3","[1,1'-DITHIODI-2-NAPHTHOL, 42521-82-4, IPA-3, UNII-3XFG6MQ9G2]",NA,NA,4,"IPA-3_cellminercdb.html","<a href='https://discovery.nci.nih.gov/drugs/cellminercdb/IPA-3_cellminercdb.html' target='_blank'>details</a>"
"356","Saridegib","[1037210-93-7, IPI-926, SARIDEGIB, SARIDEGIB [USAN], UNII-JT96FPU35X, A-1062, SARIDEGIB (USAN), , IPI-926, A-1062, SARIDEGIB , 767123, PATIDEGIB]","SMO","Clinical trial",5,"Saridegib_cellminercdb.html","<a href='https://discovery.nci.nih.gov/drugs/cellminercdb/Saridegib_cellminercdb.html' target='_blank'>details</a>"
"357","Irinotecan","[(+)-IRINOTECAN, 97682-44-5, CAMPTOSAR, IRINOTECAN, IRINOTECANUM, 616348, 759878, 728073, IRINOTECAN HYDROCHLORIDE]","TOP1","FDA approved",8,"Irinotecan_cellminercdb.html","<a href='https://discovery.nci.nih.gov/drugs/cellminercdb/Irinotecan_cellminercdb.html' target='_blank'>details</a>"
"358","Irofulven","[158440-71-2, HMAF, IROFULVEN, MGI 114, MGI-114, 683863, LP-100, LP100]","Apo|AlkAg|RDI","FDA approved",2,"Irofulven_cellminercdb.html","<a href='https://discovery.nci.nih.gov/drugs/cellminercdb/Irofulven_cellminercdb.html' target='_blank'>details</a>"
"359","Bafetinib","[ISOMER OF BAFETINIB, BAFETINIB, INNO406, INNO-406, CNS-9, NS-187 (FOMER CODE), 788186]","BCR-ABL|PK:YK,FYN,LYN","Clinical trial",6,"Bafetinib_cellminercdb.html","<a href='https://discovery.nci.nih.gov/drugs/cellminercdb/Bafetinib_cellminercdb.html' target='_blank'>details</a>"
"360","LOR-253","[ISOMER OF LOR-253, LOR-253, APTO-253, APTO253, CS-5226, LOR253, LT-253, 789042]","KLF4|MYC|MTF1","Clinical trial",5,"LOR-253_cellminercdb.html","<a href='https://discovery.nci.nih.gov/drugs/cellminercdb/LOR-253_cellminercdb.html' target='_blank'>details</a>"
"361","Ispinesib","[ISPINESIB MESYLATE, CK-0238273, 755386, ISPINESIB]","TUBB|CC|CDH16|KIF11|Kinesin|PK:YK","Clinical trial",7,"Ispinesib_cellminercdb.html","<a href='https://discovery.nci.nih.gov/drugs/cellminercdb/Ispinesib_cellminercdb.html' target='_blank'>details</a>"
"362","KW 6002","[155270-99-8, ISTRADEFYLLINE, KW 6002, KW-6002, UNII-2GZ0LIK7T4]",NA,NA,4,"KW_6002_cellminercdb.html","<a href='https://discovery.nci.nih.gov/drugs/cellminercdb/KW_6002_cellminercdb.html' target='_blank'>details</a>"
"363","Itraconazole","[ITRACONAZOL, ITRACONAZOLE, ITRACONAZOLUM, ORICONAZOLE, SPORANOX, 754771]","AM|NonCan:Ant","FDA approved",6,"Itraconazole_cellminercdb.html","<a href='https://discovery.nci.nih.gov/drugs/cellminercdb/Itraconazole_cellminercdb.html' target='_blank'>details</a>"
"364","ITRI-260","[ITRI-260, 761879]","PK:YK,FLT,FLT3","Clinical trial",3,"ITRI-260_cellminercdb.html","<a href='https://discovery.nci.nih.gov/drugs/cellminercdb/ITRI-260_cellminercdb.html' target='_blank'>details</a>"
"365","Ivacaftor","[873054-44-5, IVACAFTOR, KALYDECO, VX-770]",NA,"FDA approved",3,"Ivacaftor_cellminercdb.html","<a href='https://discovery.nci.nih.gov/drugs/cellminercdb/Ivacaftor_cellminercdb.html' target='_blank'>details</a>"
"366","ivermectin (usan)","[AVERMECTIN H2B1A, DIHYDROAVERMECTIN B1A, IVERMECTIN, IVERMECTIN B1A, UNII-91Y2202OUW]",NA,"FDA approved",2,"ivermectin_(usan)_cellminercdb.html","<a href='https://discovery.nci.nih.gov/drugs/cellminercdb/ivermectin_(usan)_cellminercdb.html' target='_blank'>details</a>"
"367","IWR-1","[CHEBI:62882, CHEMBL562310, IRW1, IWR-1, IWR-1-ENDO, 756646]","Wnt|CTNNB1","Clinical trial",3,"IWR-1_cellminercdb.html","<a href='https://discovery.nci.nih.gov/drugs/cellminercdb/IWR-1_cellminercdb.html' target='_blank'>details</a>"
"368","Ixabepilone","[219989-84-1, AZAEPOTHILONE B, BMS-247550, IXABEPILONE, IXEMPRA, 747973]","TUBB|Tu-stab","FDA approved",6,"Ixabepilone_cellminercdb.html","<a href='https://discovery.nci.nih.gov/drugs/cellminercdb/Ixabepilone_cellminercdb.html' target='_blank'>details</a>"
"370","Quisinostat","[875320-29-9, JNJ-26481585, QUISINOSTAT, UNII-9BJ85K1J8S, QUISINOSTAT HYDROCHLORIDE, S1096, A-1162, 759657]","HDAC","Clinical trial",6,"Quisinostat_cellminercdb.html","<a href='https://discovery.nci.nih.gov/drugs/cellminercdb/Quisinostat_cellminercdb.html' target='_blank'>details</a>"
"371","SERDEMETAN","[881202-45-5, JNJ 26854165, JNJ-26854165, SERDEMETAN, UNII-ID6YB4W3V8]",NA,NA,7,"SERDEMETAN_cellminercdb.html","<a href='https://discovery.nci.nih.gov/drugs/cellminercdb/SERDEMETAN_cellminercdb.html' target='_blank'>details</a>"
"372","TDP-665759","[BDBM31314, CHEMBL208562, JNJ-27291199, SCHEMBL6109789, TDP-665759, 754358]","Apo|MDM2","Clinical trial",2,"TDP-665759_cellminercdb.html","<a href='https://discovery.nci.nih.gov/drugs/cellminercdb/TDP-665759_cellminercdb.html' target='_blank'>details</a>"
"373","JNJ-28312141","[JNJ-28312141, HCL SALT OF FREE BASE-JNJ-28312141 (CSFR-1), JNJ-28312141, HCL SALT, 1H-IMIDAZOLE-2 CARBOXAMIDE, 5-CYANO-N-[2-(1-CYCLOHEXEN-1..., 754345]","PK:YK,CSF1R","Clinical trial",5,"JNJ-28312141_cellminercdb.html","<a href='https://discovery.nci.nih.gov/drugs/cellminercdb/JNJ-28312141_cellminercdb.html' target='_blank'>details</a>"
"374","JNJ-38877605","[JNJ-38877605, JNJ 38877605, 6-{DIFLUORO[6-(1-METHYL-1H-PYRAZOL-4-YL)-1,2,4-TRIAZOLO[..., 759095, JNJ38877605]","PK:YK,MET","Clinical trial",6,"JNJ-38877605_cellminercdb.html","<a href='https://discovery.nci.nih.gov/drugs/cellminercdb/JNJ-38877605_cellminercdb.html' target='_blank'>details</a>"
"375","JNK INHIBITOR VIII","[JNK INHIBITOR VIII]",NA,NA,3,"JNK_INHIBITOR_VIII_cellminercdb.html","<a href='https://discovery.nci.nih.gov/drugs/cellminercdb/JNK_INHIBITOR_VIII_cellminercdb.html' target='_blank'>details</a>"
"376","3KVX","[3KVX, CHEMBL585951, JNK INHIBITOR 9L, JNK-9L, SR-00000003562]",NA,NA,2,"3KVX_cellminercdb.html","<a href='https://discovery.nci.nih.gov/drugs/cellminercdb/3KVX_cellminercdb.html' target='_blank'>details</a>"
"377","JQ12","[JQ12]",NA,NA,2,"JQ12_cellminercdb.html","<a href='https://discovery.nci.nih.gov/drugs/cellminercdb/JQ12_cellminercdb.html' target='_blank'>details</a>"
"378","JW-7-24-1","[JW-7-24-1]",NA,NA,2,"JW-7-24-1_cellminercdb.html","<a href='https://discovery.nci.nih.gov/drugs/cellminercdb/JW-7-24-1_cellminercdb.html' target='_blank'>details</a>"
"379","JW-7-52-1","[JW-7-52-1]",NA,NA,2,"JW-7-52-1_cellminercdb.html","<a href='https://discovery.nci.nih.gov/drugs/cellminercdb/JW-7-52-1_cellminercdb.html' target='_blank'>details</a>"
"380","JZL-184","[1101854-58-3, JZL 184, JZL-184, JZL184, UNII-7MZ1I2J68A, 763094]","MGLL","Clinical trial",4,"JZL-184_cellminercdb.html","<a href='https://discovery.nci.nih.gov/drugs/cellminercdb/JZL-184_cellminercdb.html' target='_blank'>details</a>"
"381","JZL-195","[1210004-12-8, CHEMBL606201, JZL 195, JZL-195, JZL195, 4-NITROPHENYL-4-(3-PHENOXYBENZYL)PIPERAZINE-1-CARBOXYLATE, 13668, 763527]","MGLL","Clinical trial",6,"JZL-195_cellminercdb.html","<a href='https://discovery.nci.nih.gov/drugs/cellminercdb/JZL-195_cellminercdb.html' target='_blank'>details</a>"
"384","Salirasib","[162520-00-5, FARNESYLTHIOSALICYLIC ACID, KD-032, S-FARNESYLTHIOSALICYLIC ACID, SALIRASIB, UNII-MZH0OM550M, 755771]","GTPase|RAS|PK:YK,MTOR","Clinical trial",3,"Salirasib_cellminercdb.html","<a href='https://discovery.nci.nih.gov/drugs/cellminercdb/Salirasib_cellminercdb.html' target='_blank'>details</a>"
"389","KIN001-236","[KIN001-236]",NA,NA,2,"KIN001-236_cellminercdb.html","<a href='https://discovery.nci.nih.gov/drugs/cellminercdb/KIN001-236_cellminercdb.html' target='_blank'>details</a>"
"390","KIN001-244","[KIN001-244]",NA,NA,2,"KIN001-244_cellminercdb.html","<a href='https://discovery.nci.nih.gov/drugs/cellminercdb/KIN001-244_cellminercdb.html' target='_blank'>details</a>"
"391","KIN001-260","[KIN001-260]",NA,NA,2,"KIN001-260_cellminercdb.html","<a href='https://discovery.nci.nih.gov/drugs/cellminercdb/KIN001-260_cellminercdb.html' target='_blank'>details</a>"
"392","KIN001-266","[KIN001-266]",NA,NA,2,"KIN001-266_cellminercdb.html","<a href='https://discovery.nci.nih.gov/drugs/cellminercdb/KIN001-266_cellminercdb.html' target='_blank'>details</a>"
"393","KPT-185","[1333151-73-7, KPT-185, KPT185, MOLPORT-035-395-817, SCHEMBL1335182, 772595]","XPO1","Clinical trial",4,"KPT-185_cellminercdb.html","<a href='https://discovery.nci.nih.gov/drugs/cellminercdb/KPT-185_cellminercdb.html' target='_blank'>details</a>"
"394","KPT-251","[1388841-50-6, AOB6639, KPT-251, KPT251, SCHEMBL11318201, 773260]","XPO1","Clinical trial",3,"KPT-251_cellminercdb.html","<a href='https://discovery.nci.nih.gov/drugs/cellminercdb/KPT-251_cellminercdb.html' target='_blank'>details</a>"
"395","Perifosine","[157716-52-4, KRX-0401, PERIFOSINE, 639966]","PK:STK,AKT,AKT1,AKT2,AKT3","Clinical trial",5,"Perifosine_cellminercdb.html","<a href='https://discovery.nci.nih.gov/drugs/cellminercdb/Perifosine_cellminercdb.html' target='_blank'>details</a>"
"396","KU-55933","[587871-26-9, ATM KINASE INHIBITOR, KU-55933, KU55933, KU-0064, A-1930, 787962]","PK:ATM","Clinical trial",7,"KU-55933_cellminercdb.html","<a href='https://discovery.nci.nih.gov/drugs/cellminercdb/KU-55933_cellminercdb.html' target='_blank'>details</a>"
"397","KW-2449","[1000669-72-6, KW 2449, KW-2449, KW2449, UNII-2D9N67F58G, A-9027, S2158, CS-0231, 759675]","BCR-ABL|PK:STK,AURK,FLT,FLT3","Clinical trial",7,"KW-2449_cellminercdb.html","<a href='https://discovery.nci.nih.gov/drugs/cellminercdb/KW-2449_cellminercdb.html' target='_blank'>details</a>"
"398","KX-01","[KX-01, KX2-391, 2-PYRIDINEACETAMIDE, 5-[4-[2-(4-MORPHOLINYL)ETHOXY]PHENY..., KXO-1, KX01, 756643]","PK:YK,SRC","FDA approved",7,"KX-01_cellminercdb.html","<a href='https://discovery.nci.nih.gov/drugs/cellminercdb/KX-01_cellminercdb.html' target='_blank'>details</a>"
"400","Lapachone","[LAPACHONE, 629749, BETA-LAPACHONE, CS-3680, ARQ501, .BETA.-LAPACHONE, ARQ-501, CO-501, MB-660, 813862]","TOP2|TOP1","Clinical trial",5,"Lapachone_cellminercdb.html","<a href='https://discovery.nci.nih.gov/drugs/cellminercdb/Lapachone_cellminercdb.html' target='_blank'>details</a>"
"401","Lapatinib","[231277-92-2, GW572016, LAPATINIB, LAPATINIB DITOSYLATE, TYKERB, 727989, 745750]","PK:STK,YK,MET,EGFR,ERBB2,KIT,RAF,VEGFR","FDA approved",12,"Lapatinib_cellminercdb.html","<a href='https://discovery.nci.nih.gov/drugs/cellminercdb/Lapatinib_cellminercdb.html' target='_blank'>details</a>"
"402","LAQ824","[404951-53-7, DACINOSTAT, LAQ-824, LAQ824, NVP-LAQ824]",NA,NA,5,"LAQ824_cellminercdb.html","<a href='https://discovery.nci.nih.gov/drugs/cellminercdb/LAQ824_cellminercdb.html' target='_blank'>details</a>"
"404","LCL-161","[1005342-46-0, 6TNS415Y3P, LCL-161, LCL161, UNII-6TNS415Y3P, LCL 161, , LCL 161, N-[(1S)-1-CYCLOHEXYL-2-[(2S)-2-[4-(4-FLUOROBENZ..., N-[(1S)-1-CYCLOHEXYL-2-[(2S)-2-[4-(4-FLUOROBENZOYL)-2-TH..., 772868]","IAP","Clinical trial",8,"LCL-161_cellminercdb.html","<a href='https://discovery.nci.nih.gov/drugs/cellminercdb/LCL-161_cellminercdb.html' target='_blank'>details</a>"
"406","Lenalidomide","[191732-72-6, CC-5013, LENALIDOMIDE, REVIMID, REVLIMID]","FT|Immunomodulatory","FDA approved",8,"Lenalidomide_cellminercdb.html","<a href='https://discovery.nci.nih.gov/drugs/cellminercdb/Lenalidomide_cellminercdb.html' target='_blank'>details</a>"
"407","Lenvatinib","[417716-92-8, E7080, LENVATINIB, LENVIMA, E-7080, A-13861, 6-QUINOLINECARBOXAMIDE, 4-[3-CHLORO-4-[[(CYCLOPROPYLAMIN..., ER-203492-00, 755980]","PK:YK,PDGFR,FGFR,VEGFR,KDR,RET","FDA approved",7,"Lenvatinib_cellminercdb.html","<a href='https://discovery.nci.nih.gov/drugs/cellminercdb/Lenvatinib_cellminercdb.html' target='_blank'>details</a>"
"409","Letrozole","[112809-51-5, FEMARA, LETROZOL, LETROZOLE, 719345]","Ho|CYP19A1","FDA approved",5,"Letrozole_cellminercdb.html","<a href='https://discovery.nci.nih.gov/drugs/cellminercdb/Letrozole_cellminercdb.html' target='_blank'>details</a>"
"410","LFM-A13","[244240-24-2, C11H8BR2N2O2, LFM-A13, SMR001230714]",NA,NA,4,"LFM-A13_cellminercdb.html","<a href='https://discovery.nci.nih.gov/drugs/cellminercdb/LFM-A13_cellminercdb.html' target='_blank'>details</a>"
"411","Lificguat","[LIFICGUAT, 728165, 170632-47-0, LIFICIGUAT, YC 1, YC-1, LIFICGUAT, LIFICGUAT, YC1, 5-[1-(PHENYLMETHYL)-1H-INDAZOL-3-YL]-2-FURANMETHANOL, 81560, HY-14927, LIFICIGUAT, YC-1, 2-FURANMETHANOL, 5-[1-(PHENYLMETHYL)-1H-INDAZOL-3-YL]-, 3-(5'-HYDROXYMETHYL-2'-FURYL)-1-BENZYLINDAZOLE, 756879,  728165]","HYP|HIF1|EPAS1","Clinical trial",5,"Lificguat_cellminercdb.html","<a href='https://discovery.nci.nih.gov/drugs/cellminercdb/Lificguat_cellminercdb.html' target='_blank'>details</a>"
"413","LMP-400","[915303-09-2, INDOTECAN, LMP-400, NSC724998, UNII-BTA69L5M8D, LMP400, 724998]","TOP1","Clinical trial",3,"LMP-400_cellminercdb.html","<a href='https://discovery.nci.nih.gov/drugs/cellminercdb/LMP-400_cellminercdb.html' target='_blank'>details</a>"
"414","LMP776","[LMP776, LMP-776, INDIMITECAN, 725776]","TOP1","Clinical trial",3,"LMP776_cellminercdb.html","<a href='https://discovery.nci.nih.gov/drugs/cellminercdb/LMP776_cellminercdb.html' target='_blank'>details</a>"
"415","Quercetin","[117-39-5, LNS-5662, MELETIN, QUERCETIN, QUERCETOL, SOPHORETIN, QUERCETINE, NUT0000107, 756660]","TOP2|AO|NonCan:COMT","Clinical trial",5,"Quercetin_cellminercdb.html","<a href='https://discovery.nci.nih.gov/drugs/cellminercdb/Quercetin_cellminercdb.html' target='_blank'>details</a>"
"416","lomeguatrib","[192441-08-0, LOMEGUATRIB, PATRIN 2, UNII-S79265T71M, 787251]","MGMT","Clinical trial",4,"lomeguatrib_cellminercdb.html","<a href='https://discovery.nci.nih.gov/drugs/cellminercdb/lomeguatrib_cellminercdb.html' target='_blank'>details</a>"
"417","Lomustine","[13010-47-4, BELUSTINE, CECENU, LOMUSTINE, 79037]","A6|AlkAg","FDA approved",6,"Lomustine_cellminercdb.html","<a href='https://discovery.nci.nih.gov/drugs/cellminercdb/Lomustine_cellminercdb.html' target='_blank'>details</a>"
"418","LY-2090314","[603288-22-8, CHEMBL362558, LY-2090314, LY2090314, UNII-822M3GYM67, A-1239, 772198]","PK:GSK3A,GSK3B","Clinical trial",6,"LY-2090314_cellminercdb.html","<a href='https://discovery.nci.nih.gov/drugs/cellminercdb/LY-2090314_cellminercdb.html' target='_blank'>details</a>"
"419","LY-2109761","[700874-71-1, LY 2109761, LY-2109761, LY2109761, 765632]","TGFB1|PK:GSK3B","Clinical trial",6,"LY-2109761_cellminercdb.html","<a href='https://discovery.nci.nih.gov/drugs/cellminercdb/LY-2109761_cellminercdb.html' target='_blank'>details</a>"
"420","Galunisertib","[700874-72-2, GALUNISERTIB, LY 2157299, LY-2157299, LY2157299, 761216]","TGFB1|PK:GSK3B","Clinical trial",4,"Galunisertib_cellminercdb.html","<a href='https://discovery.nci.nih.gov/drugs/cellminercdb/Galunisertib_cellminercdb.html' target='_blank'>details</a>"
"421","LY-2228820","[862507-23-1, LY-2228820, LY2228820, RALIMETINIB MESYLATE, UNII-QUW7B71FO9, 1895, 5-(2-TERT-BUTYL-5-(4-FLUOROPHENYL)-1H-IMIDAZOL-4-YL)-3-N..., 766820, RALIMETINIB]","PK:MAPK14","Clinical trial",5,"LY-2228820_cellminercdb.html","<a href='https://discovery.nci.nih.gov/drugs/cellminercdb/LY-2228820_cellminercdb.html' target='_blank'>details</a>"
"422","Rabusertib","[911222-45-2, LY 2603618, LY-2603618, LY2603618, RABUSERTIB, UNII-3S9L1NU6U7, N-[5-BROMO-4-METHYL-2-[(2S)-2-MORPHOLINYLMETHOXY]PHENYL]..., IC-83, ICOS CHK1 HETEROARYLUREA, 761188]","PK:STK,CHEK,CHEK1","Clinical trial",6,"Rabusertib_cellminercdb.html","<a href='https://discovery.nci.nih.gov/drugs/cellminercdb/Rabusertib_cellminercdb.html' target='_blank'>details</a>"
"423","LY-2606368","[1234015-52-1, LY-2606368, LY2606368, PREXASERTIB, UNII-820NH671E6, 758257]","PK:STK,CHEK,CHEK1","Clinical trial",6,"LY-2606368_cellminercdb.html","<a href='https://discovery.nci.nih.gov/drugs/cellminercdb/LY-2606368_cellminercdb.html' target='_blank'>details</a>"
"424","Gandotinib","[GANDOTINIB, S2179, LY2784544, LY-2784544, 764820]","PK:JAK,JAK2,JAK3","Clinical trial",6,"Gandotinib_cellminercdb.html","<a href='https://discovery.nci.nih.gov/drugs/cellminercdb/Gandotinib_cellminercdb.html' target='_blank'>details</a>"
"425","LY-2801653","[1206799-15-6, LY-2801653, LY2801653, MERESTINIB, UNII-5OGS5K699E, 772197]","PK:MET,AXL,FLT3,MERTK,MST1R,Multikinase","Clinical trial",6,"LY-2801653_cellminercdb.html","<a href='https://discovery.nci.nih.gov/drugs/cellminercdb/LY-2801653_cellminercdb.html' target='_blank'>details</a>"
"426","LY-2835219","[1231929-97-7, ABEMACICLIB, LY-2835219, LY2835219 (FREE BASE), UNII-60UAB198HK, 2-PYRIMIDINAMINE, N-[5-[(4-ETHYL-1-PIPERAZINYL)METHYL]-2..., VERZENIO, CS-1230, 768073]","PK:PIM1,CDK,CDK4,CDK6","FDA approved",6,"LY-2835219_cellminercdb.html","<a href='https://discovery.nci.nih.gov/drugs/cellminercdb/LY-2835219_cellminercdb.html' target='_blank'>details</a>"
"427","LY-2874455","[1254473-64-7, LY-2874455, LY2874455, UNII-E9M363811V, 2-[4-(-2-{5-[1-(3,5-DICHLORO-PYRIDIN-4-YL)-ETHOXY]-1H-IN..., TCRS-192, 771750]","PK:FGFR,VEGFR,FGFR1,FGFR2,FGFR3,FGFR4","Clinical trial",6,"LY-2874455_cellminercdb.html","<a href='https://discovery.nci.nih.gov/drugs/cellminercdb/LY-2874455_cellminercdb.html' target='_blank'>details</a>"
"428","LY-294002","[154447-36-6, LY 294002, LY-294002, LY294002, 697286, 755769]","PK:PIK3","Clinical trial",5,"LY-294002_cellminercdb.html","<a href='https://discovery.nci.nih.gov/drugs/cellminercdb/LY-294002_cellminercdb.html' target='_blank'>details</a>"
"429","LY-2940680","[1258861-20-9, LY-2940680, LY2940680, TALADEGIB, UNII-QY8BWX1LJ5, 767896]","SMO","Clinical trial",5,"LY-2940680_cellminercdb.html","<a href='https://discovery.nci.nih.gov/drugs/cellminercdb/LY-2940680_cellminercdb.html' target='_blank'>details</a>"
"430","Enzastaurin","[170364-57-5, ENZASTAURIN, LY-317615, LY317615, UNII-UC96G28EQF, 767124]","PK:PRKCA,STK,PIK3,AKT","Clinical trial",7,"Enzastaurin_cellminercdb.html","<a href='https://discovery.nci.nih.gov/drugs/cellminercdb/Enzastaurin_cellminercdb.html' target='_blank'>details</a>"
"431","Semagacestat","[425386-60-3, LY-450139, LY450139, SEMAGACESTAT, UNII-3YN0602W4W]","PSM|APH1|Gamma secretase","Clinical trial",4,"Semagacestat_cellminercdb.html","<a href='https://discovery.nci.nih.gov/drugs/cellminercdb/Semagacestat_cellminercdb.html' target='_blank'>details</a>"
"433","Mefloquine Hydrochloride","[LARIAM, MEFLOQUIN, MEFLOQUINA, MEFLOQUINE, MEFLOQUINUM, MEFLOQUINE HYDROCHLORIDE, M2319, MEFLOQUINE HYDROCHLORIDE (USAN), RO 21-5998/001, WR 142,490, 157387]",NA,NA,4,"Mefloquine_Hydrochloride_cellminercdb.html","<a href='https://discovery.nci.nih.gov/drugs/cellminercdb/Mefloquine_Hydrochloride_cellminercdb.html' target='_blank'>details</a>"
"434","Megestrol Acetate","[MEGESTROL ACETATE, 71423]","Ho|PGR","FDA approved",5,"Megestrol_Acetate_cellminercdb.html","<a href='https://discovery.nci.nih.gov/drugs/cellminercdb/Megestrol_Acetate_cellminercdb.html' target='_blank'>details</a>"
"435","Melphalan","[ALKERAN, L-PAM, MELFALAN, MELPHALAN, PHENYLALANINE MUSTARD, 8806, 757098]","A7|AlkAg","FDA approved",7,"Melphalan_cellminercdb.html","<a href='https://discovery.nci.nih.gov/drugs/cellminercdb/Melphalan_cellminercdb.html' target='_blank'>details</a>"
"436","dl-amethopterin","[59-05-2, ABITREXATE, AMETHOPTERIN, METHOTREXATE, RHEUMATREX, 740, DL-AMETHOPTERIN, METHOTREXATE(+/-), 757113]",NA,NA,11,"dl-amethopterin_cellminercdb.html","<a href='https://discovery.nci.nih.gov/drugs/cellminercdb/dl-amethopterin_cellminercdb.html' target='_blank'>details</a>"
"437","Methoxsalen","[298-81-7, 8-METHOXYPSORALEN, MELADININE, METHOXSALEN, XANTHOTOXIN, 45923]","Db","FDA approved",4,"Methoxsalen_cellminercdb.html","<a href='https://discovery.nci.nih.gov/drugs/cellminercdb/Methoxsalen_cellminercdb.html' target='_blank'>details</a>"
"438","SPESICOR","[51384-51-1, BEATROLOL, LOPRESSOR, METOPROLOL, SPESICOR]",NA,NA,2,"SPESICOR_cellminercdb.html","<a href='https://discovery.nci.nih.gov/drugs/cellminercdb/SPESICOR_cellminercdb.html' target='_blank'>details</a>"
"439","Mocetinostat","[944537-89-7, MG-0103, MOCETINOSTAT DIHYDROBROMIDE, UNII-4V9P667Y2G, MOCETINOSTAT, MGCD 0103, CT-MGCD, MGCD-0103, 760143]","HDAC","Clinical trial",6,"Mocetinostat_cellminercdb.html","<a href='https://discovery.nci.nih.gov/drugs/cellminercdb/Mocetinostat_cellminercdb.html' target='_blank'>details</a>"
"440","MG-132","[133407-82-6, MG-132, MG132, Z-LEU-LEU-LEU-AL, ZLLLAL, MG 132, A-9012, 782153]","PSM","Clinical trial",8,"MG-132_cellminercdb.html","<a href='https://discovery.nci.nih.gov/drugs/cellminercdb/MG-132_cellminercdb.html' target='_blank'>details</a>"
"441","MGCD-265","[MGCD-265, CT-MG265, GLESATINIB, MGCD265, 791059]","PK:MET,VEGFR","Clinical trial",6,"MGCD-265_cellminercdb.html","<a href='https://discovery.nci.nih.gov/drugs/cellminercdb/MGCD-265_cellminercdb.html' target='_blank'>details</a>"
"442","Midostaurin","[4'-N-BENZOYLSTAUROSPORINE, BENZOYLSTAUROSPORINE, CGP-41251, MIDOSTAURIN, PKC412, 656576]","PK:PRKCA,STK,FLT3","FDA approved",6,"Midostaurin_cellminercdb.html","<a href='https://discovery.nci.nih.gov/drugs/cellminercdb/Midostaurin_cellminercdb.html' target='_blank'>details</a>"
"443","Mithramycin","[MITHRACIN, MITHRAMYCIN, MITHRAMYCINUM, MITRAMYCIN, PLICAMYCIN, 24559, 143020, 526598, 105024]","Db|Rs","FDA approved",6,"Mithramycin_cellminercdb.html","<a href='https://discovery.nci.nih.gov/drugs/cellminercdb/Mithramycin_cellminercdb.html' target='_blank'>details</a>"
"444","Mitomycin","[50-07-7, AMETYCINE, MITOMYCIN, MITOMYCIN C, MUTAMYCIN, 26980, 134727, 755880, MITOMYCIN-C]","A2|AlkAg","FDA approved",10,"Mitomycin_cellminercdb.html","<a href='https://discovery.nci.nih.gov/drugs/cellminercdb/Mitomycin_cellminercdb.html' target='_blank'>details</a>"
"445","Mitotane","[CHLODITHANE, LYSODREN, MITOTAN, MITOTANE, O,P'-DDD, 38721, 755849]","A7|Ho|AlkAg|anti-Ho|CYP11A1","FDA approved",6,"Mitotane_cellminercdb.html","<a href='https://discovery.nci.nih.gov/drugs/cellminercdb/Mitotane_cellminercdb.html' target='_blank'>details</a>"
"446","Mitoxantrone","[65271-80-9, DIHYDROXYANTHRAQUINONE, MITOXANTHRONE, MITOXANTRONE, MITOZANTRONE, 279836, 301739]","TOP2","FDA approved",9,"Mitoxantrone_cellminercdb.html","<a href='https://discovery.nci.nih.gov/drugs/cellminercdb/Mitoxantrone_cellminercdb.html' target='_blank'>details</a>"
"447","MK-0752","[MK-0752, , 3-[CIS-4-[(4-CHLOROPHENYL)SULFONYL]-4-(2,5-DIFLUOROPHEN..., SRI-013072, 3-[CIS-4-[(4-CHLOROPHENYL)SULFONYL]-4-(2,5-DIFLUOROPHENY..., L-000891675, CS-0253, 762831, 762829]","PSM|APH1|Gamma secretase","Clinical trial",5,"MK-0752_cellminercdb.html","<a href='https://discovery.nci.nih.gov/drugs/cellminercdb/MK-0752_cellminercdb.html' target='_blank'>details</a>"
"448","Odanacatib","[603139-19-1, MK 0822, MK-0822, ODANACATIB, UNII-N673F6W2VH, 766811]","CTSB","Clinical trial",5,"Odanacatib_cellminercdb.html","<a href='https://discovery.nci.nih.gov/drugs/cellminercdb/Odanacatib_cellminercdb.html' target='_blank'>details</a>"
"449","Adavosertib","[955365-80-7, MK 1775, MK-1775, MK1775, UNII-K2T6HJX3I3, CT-MK1775, AZD-1775, MK-1775 (WEE-1), A-1117, 3H-PYRAZOLO[3,4-D]PYRIMIDIN-3-ONE, 1,2-DIHYDRO-1-[6-(1-H..., 754352, ADAVOSERTIB]","PK:STK,YK,WEE1","Clinical trial",8,"Adavosertib_cellminercdb.html","<a href='https://discovery.nci.nih.gov/drugs/cellminercdb/Adavosertib_cellminercdb.html' target='_blank'>details</a>"
"450","MK-2206","[1032349-93-1, MK-2206, MK-2206 DIHYDROCHLORIDE, MK2206, UNII-51HZG6MP1K, 756656]","PK:STK,AKT,AKT1,AKT2,AKT3","FDA approved",10,"MK-2206_cellminercdb.html","<a href='https://discovery.nci.nih.gov/drugs/cellminercdb/MK-2206_cellminercdb.html' target='_blank'>details</a>"
"451","MK-2461","[917879-39-1, MK 2461, MK-2461, UNII-4200RD53XF, WA030-00, N-[(2R)-1,4-DIOXAN-2-YL-METHYL]-N-METHYL-N'-[3-(1-METHYL..., 764580]","PK:MET,FGFR","Clinical trial",6,"MK-2461_cellminercdb.html","<a href='https://discovery.nci.nih.gov/drugs/cellminercdb/MK-2461_cellminercdb.html' target='_blank'>details</a>"
"452","Niraparib","[1038915-60-4, MK-4827, NIRAPARIB, UNII-HMC2H89N35, 754355]","PARP|PARP1|PARP2","FDA approved",6,"Niraparib_cellminercdb.html","<a href='https://discovery.nci.nih.gov/drugs/cellminercdb/Niraparib_cellminercdb.html' target='_blank'>details</a>"
"453","VX-689","[1010085-13-8, MK 5108, MK-5108, MK5108, VX-689, A-1923, VX-68, 773262]","PK:AURK","Clinical trial",6,"VX-689_cellminercdb.html","<a href='https://discovery.nci.nih.gov/drugs/cellminercdb/VX-689_cellminercdb.html' target='_blank'>details</a>"
"454","MK-8033","[MK-8033, 1-[3-(1-METHYL-1H-PYRAZO-4-YL)-5-OXO-5H-BENZO[4,5]CYCLOH..., 761692]","PK:YK,MET","Clinical trial",5,"MK-8033_cellminercdb.html","<a href='https://discovery.nci.nih.gov/drugs/cellminercdb/MK-8033_cellminercdb.html' target='_blank'>details</a>"
"455","Deforolimius","[572924-54-0, AP-23573, DEFOROLIMUS, MK-8669, RIDAFOROLIMUS, DEFOROLIMIUS, AP23573, CS-0122, S1022, RAPAMYCIN, 42-(DIMETHYL-PHOSPHINATE), 757440]","PK:STK,MTOR","Clinical trial",6,"Deforolimius_cellminercdb.html","<a href='https://discovery.nci.nih.gov/drugs/cellminercdb/Deforolimius_cellminercdb.html' target='_blank'>details</a>"
"456","MLN-0905","[1228960-69-7, MLN-0905, MLN0905, 767470]","PK:PLK1","Clinical trial",2,"MLN-0905_cellminercdb.html","<a href='https://discovery.nci.nih.gov/drugs/cellminercdb/MLN-0905_cellminercdb.html' target='_blank'>details</a>"
"457","Ixazomib","[1072833-77-2, IXAZOMIB, MLN 2238, MLN-2238, MLN2238, A-1226, , MLN-2238, A-1226, 766907]","PSM","FDA approved",7,"Ixazomib_cellminercdb.html","<a href='https://discovery.nci.nih.gov/drugs/cellminercdb/Ixazomib_cellminercdb.html' target='_blank'>details</a>"
"458","MLN-2480","[1096708-71-2, BIIB-024, MLN 2480, MLN-2480, MLN2480, UNII-ZN90E4027M, A-1192, 766906]","PK:BRAF,RAF,RAF1","Clinical trial",6,"MLN-2480_cellminercdb.html","<a href='https://discovery.nci.nih.gov/drugs/cellminercdb/MLN-2480_cellminercdb.html' target='_blank'>details</a>"
"459","Pevonedistat","[905579-51-3, MLN 4924, MLN-4924, MLN4924, PEVONEDISTAT, UNII-S3AZD8D215, 761192, 793435]","NFkB|NEDD8","Clinical trial",10,"Pevonedistat_cellminercdb.html","<a href='https://discovery.nci.nih.gov/drugs/cellminercdb/Pevonedistat_cellminercdb.html' target='_blank'>details</a>"
"460","Tandutinib","[387867-13-2, CT53518, MLN 518, MLN-518, TANDUTINIB, 4-[6-METHOXY-7-[3-(1-PIPERIDINYL)PROPOXY]-4-QUINAZOLINYL..., MLN518, D06005, T-7802, CT-53518 (FORMER CODE NAME), MLN-0518, CT-53518, 760841]","PK:YK,PDGFR,FLT,KIT,FLT3","Clinical trial",7,"Tandutinib_cellminercdb.html","<a href='https://discovery.nci.nih.gov/drugs/cellminercdb/Tandutinib_cellminercdb.html' target='_blank'>details</a>"
"462","Ixazomib citrate","[1201902-80-8, MLN 9708, MLN-9708, MLN9708, IXAZOMIB CITRATE, S2181, NINLARO, 758254, IXAZOMIB-CITRATE]","PSM","FDA approved",6,"Ixazomib_citrate_cellminercdb.html","<a href='https://discovery.nci.nih.gov/drugs/cellminercdb/Ixazomib_citrate_cellminercdb.html' target='_blank'>details</a>"
"463","Amuvatinib","[850879-09-3, AMUVATINIB, MP 470, MP-470, MP470, 754349]","RAD51|PK:YK,PDGFR,KIT,FLT3,Multikinase","Clinical trial",7,"Amuvatinib_cellminercdb.html","<a href='https://discovery.nci.nih.gov/drugs/cellminercdb/Amuvatinib_cellminercdb.html' target='_blank'>details</a>"
"464","MPC-3100","[958025-66-6, MPC-3100, MPC3100, UNII-9UMA2EEO9Q, 765395]","HSP90","Clinical trial",3,"MPC-3100_cellminercdb.html","<a href='https://discovery.nci.nih.gov/drugs/cellminercdb/MPC-3100_cellminercdb.html' target='_blank'>details</a>"
"465","MPS1-IN-1","[MPS-1-IN-1, MPS1-IN-1]",NA,NA,4,"MPS1-IN-1_cellminercdb.html","<a href='https://discovery.nci.nih.gov/drugs/cellminercdb/MPS1-IN-1_cellminercdb.html' target='_blank'>details</a>"
"466","Nandrolone Phenpropionate","[NANDROLONE PHENPROPIONATE, 23162]","Ho|NonCan:Ste","FDA approved",3,"Nandrolone_Phenpropionate_cellminercdb.html","<a href='https://discovery.nci.nih.gov/drugs/cellminercdb/Nandrolone_Phenpropionate_cellminercdb.html' target='_blank'>details</a>"
"467","Nelarabine","[121032-29-9, ARRANON, ATRIANCE, NELARABINE, NELZARABINE, 755985]","Ds","FDA approved",7,"Nelarabine_cellminercdb.html","<a href='https://discovery.nci.nih.gov/drugs/cellminercdb/Nelarabine_cellminercdb.html' target='_blank'>details</a>"
"468","Nelfinavir","[159989-64-7, NELFINAVIR, NELFINAVIR [INN:BAN], UNII-HO3OGH5D7I, VIRACEPT, 747167, NELFINAVIR MESYLATE]","PSM","FDA approved",3,"Nelfinavir_cellminercdb.html","<a href='https://discovery.nci.nih.gov/drugs/cellminercdb/Nelfinavir_cellminercdb.html' target='_blank'>details</a>"
"469","Neratinib","[698387-09-6, HKI 272, HKI-272, NERATINIB, UNII-JJH94R3PWB, PF-0528767, NERLYNX, N-6404, WAY-179272, WAY-179272-B (MALEATE), 757439]","PK:YK,EGFR,ERBB2","FDA approved",7,"Neratinib_cellminercdb.html","<a href='https://discovery.nci.nih.gov/drugs/cellminercdb/Neratinib_cellminercdb.html' target='_blank'>details</a>"
"470","NG25","[1315355-93-1, NG-25, NG25]",NA,NA,2,"NG25_cellminercdb.html","<a href='https://discovery.nci.nih.gov/drugs/cellminercdb/NG25_cellminercdb.html' target='_blank'>details</a>"
"471","Nilotinib","[641571-10-0, AMN 107, AMN107, NILOTINIB, TASIGNA, 747599]","BCR-ABL|PK:YK","FDA approved",12,"Nilotinib_cellminercdb.html","<a href='https://discovery.nci.nih.gov/drugs/cellminercdb/Nilotinib_cellminercdb.html' target='_blank'>details</a>"
"472","nitisinone","[104206-65-7, NITISINONE, NITISONE, NTBC, ORFADIN]",NA,"FDA approved",4,"nitisinone_cellminercdb.html","<a href='https://discovery.nci.nih.gov/drugs/cellminercdb/nitisinone_cellminercdb.html' target='_blank'>details</a>"
"473","Nitrogen mustard","[NITROGEN MUSTARD, 762, 757087, NITROGEN MUSTARD HCL, MECHLORETHAMINE]","A7|AlkAg","FDA approved",6,"Nitrogen_mustard_cellminercdb.html","<a href='https://discovery.nci.nih.gov/drugs/cellminercdb/Nitrogen_mustard_cellminercdb.html' target='_blank'>details</a>"
"474","NPK76-II-72-1","[NPK76-II-72-1]",NA,NA,2,"NPK76-II-72-1_cellminercdb.html","<a href='https://discovery.nci.nih.gov/drugs/cellminercdb/NPK76-II-72-1_cellminercdb.html' target='_blank'>details</a>"
"475","8-hydroxy-7-((6-sulfonaphthalen-2-yl) diazenyl)quinoline...","[56990-57-9, CHEMBL472004, NSC 87877, NSC-87877, NULL, 87877]",NA,NA,5,"8-hydroxy-7-((6-sulfonaphthalen-2-yl)_diazenyl)quinoline..._cellminercdb.html","<a href='https://discovery.nci.nih.gov/drugs/cellminercdb/8-hydroxy-7-((6-sulfonaphthalen-2-yl)_diazenyl)quinoline..._cellminercdb.html' target='_blank'>details</a>"
"476","NU-6027","[220036-08-8, NU 6027, NU-6027, NU6027, 756874]","PK:STK,ATR","Clinical trial",5,"NU-6027_cellminercdb.html","<a href='https://discovery.nci.nih.gov/drugs/cellminercdb/NU-6027_cellminercdb.html' target='_blank'>details</a>"
"477","NU7441","[503468-95-9, KU-57788, KU57788, NU 7441, NU-7441, NU7441]",NA,NA,5,"NU7441_cellminercdb.html","<a href='https://discovery.nci.nih.gov/drugs/cellminercdb/NU7441_cellminercdb.html' target='_blank'>details</a>"
"478","(+/-)-Nutlin-3","[548472-68-0, 890090-75-2, CHEMBL211045, NUTLIN 3, NUTLIN-3, 675576-98-4, NUTLIN (3A), NUTLIN 3A, NUTLIN-3A, UNII-L7C92IOE65, (-)-NUTLIN-3, , (-)-NUTLIN-3, NUTLIN 3A, 18585, 18585, NUTLIN-3A HOMOCHIRAL, 756876, NUTLIN-3A (-), 756875]","Apo|MDM2","Clinical trial",10,"(+--)-Nutlin-3_cellminercdb.html","<a href='https://discovery.nci.nih.gov/drugs/cellminercdb/(+--)-Nutlin-3_cellminercdb.html' target='_blank'>details</a>"
"479",NA,"[NVP-BHG712, BHG712, BHG-712, CT-BHG712, 820919, NA]",NA,NA,7,"NA_cellminercdb.html","<a href='https://discovery.nci.nih.gov/drugs/cellminercdb/NA_cellminercdb.html' target='_blank'>details</a>"
"480","TAE-684","[761439-42-3, NVP-TAE 684, NVP-TAE684, TAE-684, TAE684, 764041]","PK:YK,ALK","Clinical trial",9,"TAE-684_cellminercdb.html","<a href='https://discovery.nci.nih.gov/drugs/cellminercdb/TAE-684_cellminercdb.html' target='_blank'>details</a>"
"481","O-6-Benzylguanine","[19916-73-5, 6-O-BENZYLGUANINE, O-6-BENZYLGUANINE, O(6)-BENZYLGUANINE, O6-BENZYLGUANINE, O6-BG, 637037]","DDR|MGMT","Clinical trial",6,"O-6-Benzylguanine_cellminercdb.html","<a href='https://discovery.nci.nih.gov/drugs/cellminercdb/O-6-Benzylguanine_cellminercdb.html' target='_blank'>details</a>"
"483","Olaparib","[763113-22-0, AZD 2281, AZD-2281, AZD2281, OLAPARIB, 753686, 747856]","PARP|PARP1","FDA approved",10,"Olaparib_cellminercdb.html","<a href='https://discovery.nci.nih.gov/drugs/cellminercdb/Olaparib_cellminercdb.html' target='_blank'>details</a>"
"484","Rigosertib","[1225497-78-8, ESTYBON, NOVONEX, ON-01910NA, RIGOSERTIB (SODIUM), RIGOSERTIB SODIUM, 592542-59-1, ON-01910, RIGOSERTIB, RIGOSERTIB [USAN], UNII-67DOW7F9GL, ON-01910 (CDK), GLYCINE, N-[2-METHOXY-5-[[[(1E)-2-(2,4,6-TRIMETHOXYPHENY..., SODIUM (E)-2-((2-METHOXY-5-(((2,4,6)-TRIMETHOXYSTYRYL)SU..., ON-1910NA, ONC-01910, 754344]","RAS|Tu-stab|PK:STK,PLK1","Clinical trial",7,"Rigosertib_cellminercdb.html","<a href='https://discovery.nci.nih.gov/drugs/cellminercdb/Rigosertib_cellminercdb.html' target='_blank'>details</a>"
"485","ONX-0801","[ONX-0801, 764764]","TYMS","Clinical trial",3,"ONX-0801_cellminercdb.html","<a href='https://discovery.nci.nih.gov/drugs/cellminercdb/ONX-0801_cellminercdb.html' target='_blank'>details</a>"
"486","Pacritinib","[PACRITINIB, NA, 800814, SB1518, 781626]","PK:YK,JAK,JAK2","Clinical trial",6,"Pacritinib_cellminercdb.html","<a href='https://discovery.nci.nih.gov/drugs/cellminercdb/Pacritinib_cellminercdb.html' target='_blank'>details</a>"
"487","Oprozomib","[935888-69-0, ONX 0912, ONX-0912, OPROZOMIB, PR-047, 766254]","PSM","Clinical trial",5,"Oprozomib_cellminercdb.html","<a href='https://discovery.nci.nih.gov/drugs/cellminercdb/Oprozomib_cellminercdb.html' target='_blank'>details</a>"
"488","ONX-0914","[960374-59-8, CHEMBL3237875, ONX 0914, ONX-0914, PR-957, 762152]","PSM","Clinical trial",4,"ONX-0914_cellminercdb.html","<a href='https://discovery.nci.nih.gov/drugs/cellminercdb/ONX-0914_cellminercdb.html' target='_blank'>details</a>"
"489","OSI-027","[936890-98-1, OSI 027, OSI-027, OSI027, UNII-25MKH1SZ0M, 759660]","PK:STK,MTOR","Clinical trial",10,"OSI-027_cellminercdb.html","<a href='https://discovery.nci.nih.gov/drugs/cellminercdb/OSI-027_cellminercdb.html' target='_blank'>details</a>"
"490","OSI-930","[728033-96-3, OSI 930, OSI-930, OSI930, S1220_SELLECK, 766887]","PK:PDGFR,KIT,VEGFR,Multikinase","Clinical trial",8,"OSI-930_cellminercdb.html","<a href='https://discovery.nci.nih.gov/drugs/cellminercdb/OSI-930_cellminercdb.html' target='_blank'>details</a>"
"491","OSU-03012","[742112-33-0, AR-12, OSU 03012, OSU-03012, OSU03012, 756657]","PK:STK,PDK1","Clinical trial",8,"OSU-03012_cellminercdb.html","<a href='https://discovery.nci.nih.gov/drugs/cellminercdb/OSU-03012_cellminercdb.html' target='_blank'>details</a>"
"492","OSU-03013","[OSU-03013, 756658]","PK:STK,PDK1","Clinical trial",2,"OSU-03013_cellminercdb.html","<a href='https://discovery.nci.nih.gov/drugs/cellminercdb/OSU-03013_cellminercdb.html' target='_blank'>details</a>"
"494","Oxaliplatin","[OXALIPLATIN, 266046]","A7|AlkAg","FDA approved",9,"Oxaliplatin_cellminercdb.html","<a href='https://discovery.nci.nih.gov/drugs/cellminercdb/Oxaliplatin_cellminercdb.html' target='_blank'>details</a>"
"497","PAC-1","[315183-21-2, MFCD03302441, PAC-1, PROCASPASE-3 ACTIVATOR, PROCASPASE-3 ACTIVATOR, PAC-1]",NA,NA,5,"PAC-1_cellminercdb.html","<a href='https://discovery.nci.nih.gov/drugs/cellminercdb/PAC-1_cellminercdb.html' target='_blank'>details</a>"
"498","Paclitaxel","[ABRAXANE, ONXOL, PACLITAXEL, PAXENE, TAXOL, 125973, 758645]","TUBB|Tu-stab","FDA approved",12,"Paclitaxel_cellminercdb.html","<a href='https://discovery.nci.nih.gov/drugs/cellminercdb/Paclitaxel_cellminercdb.html' target='_blank'>details</a>"
"499","Palbociclib","[571190-30-2, IBRANCE, PALBOCICLIB, PD-0332991, PD0332991, 758247]","PK:STK,CDK,CDK4,CDK6","FDA approved",9,"Palbociclib_cellminercdb.html","<a href='https://discovery.nci.nih.gov/drugs/cellminercdb/Palbociclib_cellminercdb.html' target='_blank'>details</a>"
"500","Panobinostat","[404950-80-7, FARIDAK, LBH-589, LBH589, PANOBINOSTAT, 761190]","HDAC","FDA approved",9,"Panobinostat_cellminercdb.html","<a href='https://discovery.nci.nih.gov/drugs/cellminercdb/Panobinostat_cellminercdb.html' target='_blank'>details</a>"
"501","paroxetine hydrochloride (usan)","[61869-08-7, AROPAX, PAROXETINE, PAXIL, PAXIL CR]",NA,"FDA approved",3,"paroxetine_hydrochloride_(usan)_cellminercdb.html","<a href='https://discovery.nci.nih.gov/drugs/cellminercdb/paroxetine_hydrochloride_(usan)_cellminercdb.html' target='_blank'>details</a>"
"502","Parthenolide","[(-)-PARTHENOLIDE, 20554-84-1, CHEBI:7939, PARTHENOLIDE, 157035, PARTHENOLIDE-(-)]","Apo","FDA approved",6,"Parthenolide_cellminercdb.html","<a href='https://discovery.nci.nih.gov/drugs/cellminercdb/Parthenolide_cellminercdb.html' target='_blank'>details</a>"
"503","Pazopanib","[444731-52-6, GW 78603, GW786034, PAZOPANIB, UNII-7RN5DR86CK, 737754, 752782]","PK:YK,PDGFR,FGFR,KIT,VEGFR","FDA approved",10,"Pazopanib_cellminercdb.html","<a href='https://discovery.nci.nih.gov/drugs/cellminercdb/Pazopanib_cellminercdb.html' target='_blank'>details</a>"
"504","Motexafin","[GADOLINIUM TEXAPHYRIN, GD-TEX, MOTEXAFIN GADOLINIUM, PCI-0120, XCYTRIN, 761266]","Dr|TXNRD|PK:ROS1","Clinical trial",2,"Motexafin_cellminercdb.html","<a href='https://discovery.nci.nih.gov/drugs/cellminercdb/Motexafin_cellminercdb.html' target='_blank'>details</a>"
"505","Abexinostat","[783355-60-2, ABEXINOSTAT, CRA-024781, PCI 24781, PCI-24781, ABEXINOSTAT HYDROCHLORIDE, S1090, , PCI-24781, S1090, CG-781, CG-781,  CRA-024781,  S-78454, S-78454, 764136]","HDAC","Clinical trial",6,"Abexinostat_cellminercdb.html","<a href='https://discovery.nci.nih.gov/drugs/cellminercdb/Abexinostat_cellminercdb.html' target='_blank'>details</a>"
"506","PD-0325901","[391210-10-9, PD 0325901, PD-0325901, PD0325901, 755770]","PK:STK,MAP2K,MAP2K1","Clinical trial",10,"PD-0325901_cellminercdb.html","<a href='https://discovery.nci.nih.gov/drugs/cellminercdb/PD-0325901_cellminercdb.html' target='_blank'>details</a>"
"507","PD 173074","[219580-11-7, PD 173074, PD-173074, PD173074, 766908]","PK:PDGFR,FGFR,SRC,VEGFR,FGFR1,FGFR3","Clinical trial",8,"PD_173074_cellminercdb.html","<a href='https://discovery.nci.nih.gov/drugs/cellminercdb/PD_173074_cellminercdb.html' target='_blank'>details</a>"
"508","PD-98059","[167869-21-8, PD 98,059, PD 98059, PD-98059, PD98059, 679828, PD-098059]","PK:STK,MAP2K,MAP2K1,MAP2K2","Clinical trial",6,"PD-98059_cellminercdb.html","<a href='https://discovery.nci.nih.gov/drugs/cellminercdb/PD-98059_cellminercdb.html' target='_blank'>details</a>"
"509","Pelitrexol isomer A","[PELITREXOL ISOMER A, 772290]","GARTF","Clinical trial",3,"Pelitrexol_isomer_A_cellminercdb.html","<a href='https://discovery.nci.nih.gov/drugs/cellminercdb/Pelitrexol_isomer_A_cellminercdb.html' target='_blank'>details</a>"
"510","Pelitrexol isomer B","[PELITREXOL ISOMER B, 772291]","GARTF","Clinical trial",3,"Pelitrexol_isomer_B_cellminercdb.html","<a href='https://discovery.nci.nih.gov/drugs/cellminercdb/Pelitrexol_isomer_B_cellminercdb.html' target='_blank'>details</a>"
"511","Pemetrexed","[137281-23-3, ALIMTA, PEMETREXED, PEMETREXED DISODIUM, UNII-04Q9AIZ7NO, 698037, PEMETREXED (DISODIUM HEMIPENTA HYDRATE) (1:2:2.5), A-9007, PEMETREXED, DISODIUM SALT, HEPTAHYDRATE, N-[4-[2-(2-AMINO-4,7-DIHYDRO-4-OXO-1H-PYRROLO[2,3-D]PYRI..., ROLAZAR, TIFOLAR, LY-231514, 755384]","Df|AM|GARTF|DHFR|TYMS","FDA approved",7,"Pemetrexed_cellminercdb.html","<a href='https://discovery.nci.nih.gov/drugs/cellminercdb/Pemetrexed_cellminercdb.html' target='_blank'>details</a>"
"512","Pentostatin","[2'-DEOXYCOFORMYCIN, 53910-25-1, DEOXYCOFORMYCIN, NIPENT, PENTOSTATIN, 218321]","Ds|AM|ADA","FDA approved",6,"Pentostatin_cellminercdb.html","<a href='https://discovery.nci.nih.gov/drugs/cellminercdb/Pentostatin_cellminercdb.html' target='_blank'>details</a>"
"515","PF-03084014 diastereomer 1","[PF-03084014 DIASTEREOMER 1, PF-03084014 DIASTEREOMER 2, NIROGACESTAT, 754348, 755926]","PSM|APH1|Gamma secretase","Clinical trial",5,"PF-03084014_diastereomer_1_cellminercdb.html","<a href='https://discovery.nci.nih.gov/drugs/cellminercdb/PF-03084014_diastereomer_1_cellminercdb.html' target='_blank'>details</a>"
"516","PF-04217903","[PF-04217903, 202221, , PF-04217903, 202221, PF-4217903, 763931]","PK:MET","Clinical trial",5,"PF-04217903_cellminercdb.html","<a href='https://discovery.nci.nih.gov/drugs/cellminercdb/PF-04217903_cellminercdb.html' target='_blank'>details</a>"
"517","760536","[PF-04691502, 2-AMINO-8-((1R,4R)-4-(2-HYDROXYETHOXY)CYCLOHEXYL)-6-(6-M..., KIN0000829, PF-4691502, NA, 760536, 800846]",NA,NA,6,"760536_cellminercdb.html","<a href='https://discovery.nci.nih.gov/drugs/cellminercdb/760536_cellminercdb.html' target='_blank'>details</a>"
"518","SNX-5422","[908115-27-5, PF-04929113, SNX 5422, SNX-5422, UNII-BF52J69Q8T, S1717, PF-4929113, 768509]","HSP90","Clinical trial",6,"SNX-5422_cellminercdb.html","<a href='https://discovery.nci.nih.gov/drugs/cellminercdb/SNX-5422_cellminercdb.html' target='_blank'>details</a>"
"519","PKI-587","[1197160-78-3, GEDATOLISIB, PF-05212384, PKI 587, PKI-587, UREA, N-[4-[[4-(DIMETHYLAMINO)-1-PIPERIDINYL]CARBONYL]PH..., 758256]","PK:STK,PIK3,MTOR","Clinical trial",6,"PKI-587_cellminercdb.html","<a href='https://discovery.nci.nih.gov/drugs/cellminercdb/PKI-587_cellminercdb.html' target='_blank'>details</a>"
"520","Dacomitinib","[PF-299804, DACOMITINIB, S2727, PF-00299804, PF299804, PF-299, 765888]","PK:EGFR,ERBB2","FDA approved",7,"Dacomitinib_cellminercdb.html","<a href='https://discovery.nci.nih.gov/drugs/cellminercdb/Dacomitinib_cellminercdb.html' target='_blank'>details</a>"
"522","PF4708671","[1255517-76-0, PF 4708671, PF-4708671, PF4708671]",NA,NA,5,"PF4708671_cellminercdb.html","<a href='https://discovery.nci.nih.gov/drugs/cellminercdb/PF4708671_cellminercdb.html' target='_blank'>details</a>"
"523","800848","[PF-477736, NA, PF-477736, (2R)-2-AMINO-2-CYCLOHEXYL-N-(5-(1-METHYL-1H-PYRAZOL-4-YL..., PF-00477736, 800848, 763444]",NA,NA,6,"800848_cellminercdb.html","<a href='https://discovery.nci.nih.gov/drugs/cellminercdb/800848_cellminercdb.html' target='_blank'>details</a>"
"524","PF-4942847","[1207961-33-8, CHEMBL1774933, PF-4942847, 772885]","HSP90","Clinical trial",3,"PF-4942847_cellminercdb.html","<a href='https://discovery.nci.nih.gov/drugs/cellminercdb/PF-4942847_cellminercdb.html' target='_blank'>details</a>"
"525","PF-562271","[717907-75-0, CHEMBL1084546, PF 562271, PF-00562271, PF-562271, 754356]","PK:YK,FAK","Clinical trial",8,"PF-562271_cellminercdb.html","<a href='https://discovery.nci.nih.gov/drugs/cellminercdb/PF-562271_cellminercdb.html' target='_blank'>details</a>"
"526","PFI-1","[1403764-72-6, CHEMBL2179387, PFI-1, QCR-192, 777448]","BRD","Clinical trial",6,"PFI-1_cellminercdb.html","<a href='https://discovery.nci.nih.gov/drugs/cellminercdb/PFI-1_cellminercdb.html' target='_blank'>details</a>"
"527","PHA-665752","[477575-56-7, PHA 665752, PHA-665752, PHA665752, TCMDC-125885, 766271]","PK:MET","Clinical trial",9,"PHA-665752_cellminercdb.html","<a href='https://discovery.nci.nih.gov/drugs/cellminercdb/PHA-665752_cellminercdb.html' target='_blank'>details</a>"
"528",NA,"[PHA-793887, NA, 800851]",NA,NA,7,"NA_cellminercdb.html","<a href='https://discovery.nci.nih.gov/drugs/cellminercdb/NA_cellminercdb.html' target='_blank'>details</a>"
"529","FENFORMIN","[CRONOFORMIN, FENFORMIN, FENFORMINA, PHENFORMIN, PHENFORMINE]",NA,NA,2,"FENFORMIN_cellminercdb.html","<a href='https://discovery.nci.nih.gov/drugs/cellminercdb/FENFORMIN_cellminercdb.html' target='_blank'>details</a>"
"530","PI-103","[371935-74-9, PI-103, PI103, UNII-YQX02F616F, 759676, 776996]","PK:PIK3,MTOR","Clinical trial",8,"PI-103_cellminercdb.html","<a href='https://discovery.nci.nih.gov/drugs/cellminercdb/PI-103_cellminercdb.html' target='_blank'>details</a>"
"531","PIK93","[593960-11-3, PIK 93, PIK-93, PIK93]",NA,NA,4,"PIK93_cellminercdb.html","<a href='https://discovery.nci.nih.gov/drugs/cellminercdb/PIK93_cellminercdb.html' target='_blank'>details</a>"
"532","Pimozide","[2062-78-4, OPIRAN, ORAP, PIMOZIDE, PIMOZIDUM, 170984]","NonCan:Psy","FDA approved",2,"Pimozide_cellminercdb.html","<a href='https://discovery.nci.nih.gov/drugs/cellminercdb/Pimozide_cellminercdb.html' target='_blank'>details</a>"
"533","Pipamperone","[DIPIPERAL, DIPIPERON, DIPIPERONE, FLOROPIPAMIDE, PIPAMPERONE, 759178]","NonCan:Psy","FDA approved",2,"Pipamperone_cellminercdb.html","<a href='https://discovery.nci.nih.gov/drugs/cellminercdb/Pipamperone_cellminercdb.html' target='_blank'>details</a>"
"534","PIPLARTIN","[20069-09-4, CHEBI:8241, PIPERLONGUMINE, PIPLARTIN, PIPLARTINE]",NA,NA,3,"PIPLARTIN_cellminercdb.html","<a href='https://discovery.nci.nih.gov/drugs/cellminercdb/PIPLARTIN_cellminercdb.html' target='_blank'>details</a>"
"535","Pipobroman","[54-91-1, AMEDEL, PIPOBROMAN, PIPOBROMANUM, VERCYTE, 25154]","A7|AlkAg","FDA approved",4,"Pipobroman_cellminercdb.html","<a href='https://discovery.nci.nih.gov/drugs/cellminercdb/Pipobroman_cellminercdb.html' target='_blank'>details</a>"
"536","PKM2 (9)","[PKM2 ACTIVATOR 9, 772991]","PKM","Clinical trial",2,"PKM2_(9)_cellminercdb.html","<a href='https://discovery.nci.nih.gov/drugs/cellminercdb/PKM2_(9)_cellminercdb.html' target='_blank'>details</a>"
"537","Plerixafor","[110078-46-1, AMD3100, MOZOBIL, PLERIXAFOR]","CXCR4","FDA approved",3,"Plerixafor_cellminercdb.html","<a href='https://discovery.nci.nih.gov/drugs/cellminercdb/Plerixafor_cellminercdb.html' target='_blank'>details</a>"
"538","PLX-4720","[918505-84-7, PLX 4720, PLX-4720, PLX4720, 757438]","GTPase|PK:BRAF","Clinical trial",10,"PLX-4720_cellminercdb.html","<a href='https://discovery.nci.nih.gov/drugs/cellminercdb/PLX-4720_cellminercdb.html' target='_blank'>details</a>"
"539","Pralatrexate","[113906-27-7, CHEMBL254381, PNU 74654, PNU-74654, SCHEMBL3514174]","Df|CTNNB1|DHFR","FDA approved",3,"Pralatrexate_cellminercdb.html","<a href='https://discovery.nci.nih.gov/drugs/cellminercdb/Pralatrexate_cellminercdb.html' target='_blank'>details</a>"
"540","PP-242","[1092351-67-1, CHEBI:90679, PP 242, PP-242, PP242, TORKINIB, 2-(4-AMINO-1-ISOPROPYLPYRAZOLO[3,4-D]PYRIMIDIN-3-YL)-1H-..., S2218, A-1033, 764515]","PK:MTOR","Clinical trial",6,"PP-242_cellminercdb.html","<a href='https://discovery.nci.nih.gov/drugs/cellminercdb/PP-242_cellminercdb.html' target='_blank'>details</a>"
"541","Pralatrexate","[146464-95-1, FOLOTYN, HSDB 7786, PRALATREXATE, 754230, PRALATREXATE , 755984]","Df|CTNNB1|DHFR","FDA approved",7,"Pralatrexate_cellminercdb.html","<a href='https://discovery.nci.nih.gov/drugs/cellminercdb/Pralatrexate_cellminercdb.html' target='_blank'>details</a>"
"542","Procarbazine","[671-16-9, IBENZMETHYZIN, NATULAN, PROCARBAZIN, PROCARBAZINE, 77213, PROCARBAZINE HYDROCHLORIDE]","A7|AlkAg","FDA approved",6,"Procarbazine_cellminercdb.html","<a href='https://discovery.nci.nih.gov/drugs/cellminercdb/Procarbazine_cellminercdb.html' target='_blank'>details</a>"
"543","CAPAZINE","[CAPAZINE, COMPAZINE, PROCHLORPERAZIN, PROCHLORPERAZINE, PROCHLORPROMAZINE, PROCHLORPERAZINE EDISYLATE]",NA,NA,3,"CAPAZINE_cellminercdb.html","<a href='https://discovery.nci.nih.gov/drugs/cellminercdb/CAPAZINE_cellminercdb.html' target='_blank'>details</a>"
"544","PX 12","[141400-58-0, PX 12, PX-12]",NA,NA,3,"PX_12_cellminercdb.html","<a href='https://discovery.nci.nih.gov/drugs/cellminercdb/PX_12_cellminercdb.html' target='_blank'>details</a>"
"546","PX-866","[SONOLISIB, NA, PX866, (BIS-ALLYL)AMINO-WORTMANNIN, PX-866, WORTMANNIN ANALOG, DJM-166, 800933, 722134]",NA,NA,5,"PX-866_cellminercdb.html","<a href='https://discovery.nci.nih.gov/drugs/cellminercdb/PX-866_cellminercdb.html' target='_blank'>details</a>"
"548","pyrvinium pamoate (usan)","[PYRVINIUM PAMOATE, PYRANTEL PAMOATE]",NA,NA,3,"pyrvinium_pamoate_(usan)_cellminercdb.html","<a href='https://discovery.nci.nih.gov/drugs/cellminercdb/pyrvinium_pamoate_(usan)_cellminercdb.html' target='_blank'>details</a>"
"549","QL-VIII-58","[QL-VIII-58]",NA,NA,2,"QL-VIII-58_cellminercdb.html","<a href='https://discovery.nci.nih.gov/drugs/cellminercdb/QL-VIII-58_cellminercdb.html' target='_blank'>details</a>"
"550","QL-XII-47","[QL-XII-47]",NA,NA,2,"QL-XII-47_cellminercdb.html","<a href='https://discovery.nci.nih.gov/drugs/cellminercdb/QL-XII-47_cellminercdb.html' target='_blank'>details</a>"
"551","QL-XII-61","[QL-XII-61]",NA,NA,2,"QL-XII-61_cellminercdb.html","<a href='https://discovery.nci.nih.gov/drugs/cellminercdb/QL-XII-61_cellminercdb.html' target='_blank'>details</a>"
"552","QS11","[944328-88-5, CHEMBL259181, QS-11, QS11]",NA,NA,4,"QS11_cellminercdb.html","<a href='https://discovery.nci.nih.gov/drugs/cellminercdb/QS11_cellminercdb.html' target='_blank'>details</a>"
"553","Tipifarnib","[192185-72-1, R-115777, R115777, TIPIFARNIB, TIPIFARNIB [USAN], ZARNESTRA, 760444, TIPIFARNIB-P1, 702818]","FT|PK:YK","Clinical trial",9,"Tipifarnib_cellminercdb.html","<a href='https://discovery.nci.nih.gov/drugs/cellminercdb/Tipifarnib_cellminercdb.html' target='_blank'>details</a>"
"554","R-1530","[882531-87-5, CHEMBL1980391, R-1530, R1530, UNII-XQJ55R5PPQ, R 1530, 5-(2-CHLOROPHENYL)-7-FLUORO-1,2-DIHYDRO-8-METHOXY-3-METH..., 767953]","PK:PDGFR,CDK,FGFR,VEGFR,KDR,Multikinase","Clinical trial",5,"R-1530_cellminercdb.html","<a href='https://discovery.nci.nih.gov/drugs/cellminercdb/R-1530_cellminercdb.html' target='_blank'>details</a>"
"555",NA,"[R-406, NA, 800858, R406, 772498]",NA,NA,7,"NA_cellminercdb.html","<a href='https://discovery.nci.nih.gov/drugs/cellminercdb/NA_cellminercdb.html' target='_blank'>details</a>"
"556","R-428","[R-428, R428, BGB324, BEMCENTINIB, 824183, NA]","PK:AXL","Clinical trial",5,"R-428_cellminercdb.html","<a href='https://discovery.nci.nih.gov/drugs/cellminercdb/R-428_cellminercdb.html' target='_blank'>details</a>"
"557","R-547","[741713-40-6, R 547, R-547, R547, UNII-T61871RKRI, RG-547, A2709, 773094]","PK:CDK,CDK1,CDK2,CDK4","Clinical trial",6,"R-547_cellminercdb.html","<a href='https://discovery.nci.nih.gov/drugs/cellminercdb/R-547_cellminercdb.html' target='_blank'>details</a>"
"558","RAF-265","[927880-90-8, CHIR-265, RAF 265, RAF-265, RAF265, 754357]","GTPase|PK:BRAF","Clinical trial",8,"RAF-265_cellminercdb.html","<a href='https://discovery.nci.nih.gov/drugs/cellminercdb/RAF-265_cellminercdb.html' target='_blank'>details</a>"
"559","Raloxifene","[84449-90-1, KEOXIFENE, RALOXIFENE, RALOXIFENO, RALOXIFENUM, 747974, RALOXIFENE HYDROCHLORIDE]","Ho|SERM","FDA approved",7,"Raloxifene_cellminercdb.html","<a href='https://discovery.nci.nih.gov/drugs/cellminercdb/Raloxifene_cellminercdb.html' target='_blank'>details</a>"
"560","Raltitrexed","[112887-68-0, ICI-D1694, RALTITREXED, TOMUDEX, ZD-1694, ZD1694, 639186]","Ds|DHFR|TYMS","FDA approved",6,"Raltitrexed_cellminercdb.html","<a href='https://discovery.nci.nih.gov/drugs/cellminercdb/Raltitrexed_cellminercdb.html' target='_blank'>details</a>"
"561","PTINOLIN","[GASTROSEDOL, PTINOLIN, RANIDINE, RANITIDINE, RANTACID]",NA,NA,2,"PTINOLIN_cellminercdb.html","<a href='https://discovery.nci.nih.gov/drugs/cellminercdb/PTINOLIN_cellminercdb.html' target='_blank'>details</a>"
"562","Rapamycin","[(-)-RAPAMYCIN, 53123-88-9, RAPAMUNE, RAPAMYCIN, SIROLIMUS, 226080, 758664, 606698]","PK:STK,MTOR","FDA approved",11,"Rapamycin_cellminercdb.html","<a href='https://discovery.nci.nih.gov/drugs/cellminercdb/Rapamycin_cellminercdb.html' target='_blank'>details</a>"
"563","Refametinib","[923032-37-5, BAY 869766, RDEA 119, RDEA119, REFAMETINIB, 923032-38-6, BAY-86-9766, CHEMBL2138601, RDEA-119, SCHEMBL345334, 765866]","PK:MAP2K,MAP2K1,MAP2K2","Clinical trial",9,"Refametinib_cellminercdb.html","<a href='https://discovery.nci.nih.gov/drugs/cellminercdb/Refametinib_cellminercdb.html' target='_blank'>details</a>"
"565","Regorafenib","[755037-03-7, BAY 73-4506, REGORAFENIB, REGORAFENIBUM, STIVARGA, 763932]","GTPase|PK:STK,YK,PDGFR,FGFR,KIT,MAP2K,RAF,VEGFR,KDR,RET,Multikinase","FDA approved",6,"Regorafenib_cellminercdb.html","<a href='https://discovery.nci.nih.gov/drugs/cellminercdb/Regorafenib_cellminercdb.html' target='_blank'>details</a>"
"566","RO-4929097","[847925-91-1, RG-4733, RO 4929097, RO-4929097, RO4929097, UNII-KK8645V7LE, 756650]","PSM|APH1|Gamma secretase","Clinical trial",5,"RO-4929097_cellminercdb.html","<a href='https://discovery.nci.nih.gov/drugs/cellminercdb/RO-4929097_cellminercdb.html' target='_blank'>details</a>"
"567","RG-7112","[939981-39-2, CHEMBL2386346, RG-7112, RG7112, RO-5045337, UNII-Q8MI0X869M, 809100]","MDM2","Clinical trial",3,"RG-7112_cellminercdb.html","<a href='https://discovery.nci.nih.gov/drugs/cellminercdb/RG-7112_cellminercdb.html' target='_blank'>details</a>"
"569","GDC-0349","[1207360-89-1, CHEMBL2331680, GDC-0349, RG-7603, UNII-579255I6O9, 771532]","PK:MTOR,PIM3","Clinical trial",6,"GDC-0349_cellminercdb.html","<a href='https://discovery.nci.nih.gov/drugs/cellminercdb/GDC-0349_cellminercdb.html' target='_blank'>details</a>"
"571","RILUTEK","[1744-22-5, RILUTEK, RILUZOLE]",NA,NA,4,"RILUTEK_cellminercdb.html","<a href='https://discovery.nci.nih.gov/drugs/cellminercdb/RILUTEK_cellminercdb.html' target='_blank'>details</a>"
"572","RO 3306","[872573-93-8, CDK1 INHIBITOR IV, RO-3306, CHEMBL393929, RO 3306, RO-3306]",NA,NA,3,"RO_3306_cellminercdb.html","<a href='https://discovery.nci.nih.gov/drugs/cellminercdb/RO_3306_cellminercdb.html' target='_blank'>details</a>"
"573","RO-5126766","[946128-88-7, CHEBI:78825, CHEMBL3264002, RO 5126766, RO-5126766, RO5126766, A-1085, RG-7304, 758248]","GTPase|PK:STK,YK,BRAF,MAP2K,RAF,MAP2K1,MAP2K2","Clinical trial",5,"RO-5126766_cellminercdb.html","<a href='https://discovery.nci.nih.gov/drugs/cellminercdb/RO-5126766_cellminercdb.html' target='_blank'>details</a>"
"574","RTRAIL","[RTRAIL]",NA,NA,2,"RTRAIL_cellminercdb.html","<a href='https://discovery.nci.nih.gov/drugs/cellminercdb/RTRAIL_cellminercdb.html' target='_blank'>details</a>"
"575","Trityl cysteine","[(+)-S-TRITYL-L-CYSTEINE, 2799-07-7, 3-TRITYLTHIO-L-ALANINE, S-TRITYL-L-CYSTEINE, TRITYLCYSTEINE, TRITYL CYSTEINE, L-ALANINE, 3-(TRITYLTHIO)-, S-TRIPHENYLMETHYL-L-CYSTEINE, TRITYLTHIOALANINE, NSC 83265, ALANINE, 3-(TRITYLTHIO)-, L- (8CI), L-CYSTEINE, S-(TRIPHENYLMETHYL)- (9CI), 83265]","TUBB",NA,5,"Trityl_cysteine_cellminercdb.html","<a href='https://discovery.nci.nih.gov/drugs/cellminercdb/Trityl_cysteine_cellminercdb.html' target='_blank'>details</a>"
"576","Salinomycin","[53003-10-4, BIO-COX, COXISTAC, SALINOMYCIN, UNII-62UXS86T64, 751548, SALINOMYCIN (PROCOXACIN), 757437]","Apo|Ab|CD133","FDA approved",4,"Salinomycin_cellminercdb.html","<a href='https://discovery.nci.nih.gov/drugs/cellminercdb/Salinomycin_cellminercdb.html' target='_blank'>details</a>"
"577","F0095-1218","[405060-95-9, F0095-1218, SALUBRINAL]",NA,NA,2,"F0095-1218_cellminercdb.html","<a href='https://discovery.nci.nih.gov/drugs/cellminercdb/F0095-1218_cellminercdb.html' target='_blank'>details</a>"
"578","SAR-125844","[SAR-125844, 771652]","PK:MET","Clinical trial",3,"SAR-125844_cellminercdb.html","<a href='https://discovery.nci.nih.gov/drugs/cellminercdb/SAR-125844_cellminercdb.html' target='_blank'>details</a>"
"579","Fedratinib","[936091-26-8, FEDRATINIB, SAR-302503, SAR302503, TG-101348, TG101348, 767600]","PK:FLT,JAK,FLT3,JAK2,RET","FDA approved",9,"Fedratinib_cellminercdb.html","<a href='https://discovery.nci.nih.gov/drugs/cellminercdb/Fedratinib_cellminercdb.html' target='_blank'>details</a>"
"580","SB216763","[SB 216763, SB216763]",NA,NA,3,"SB216763_cellminercdb.html","<a href='https://discovery.nci.nih.gov/drugs/cellminercdb/SB216763_cellminercdb.html' target='_blank'>details</a>"
"581","TG-02","[SB-1317, CS-0884, TG-02, 20-OXA-5,7,14,27-TETRAAZATETRA-CYCLO[19.3.1.12,6.18,12]H..., TG-2, NA, 762673, 800879, ZOTIRACICLIB]",NA,NA,6,"TG-02_cellminercdb.html","<a href='https://discovery.nci.nih.gov/drugs/cellminercdb/TG-02_cellminercdb.html' target='_blank'>details</a>"
"583","SB-203580","[152121-47-6, SB 203580, SB-203580, SB203580, 755772]","PK:STK,MAPK14,PDK1","Clinical trial",4,"SB-203580_cellminercdb.html","<a href='https://discovery.nci.nih.gov/drugs/cellminercdb/SB-203580_cellminercdb.html' target='_blank'>details</a>"
"584","SB-239063","[193551-21-2, SB 239063, SB-239063, SB239063, UNII-HII3DC8CPI, 756653]","PK:STK,MAPK14","Clinical trial",5,"SB-239063_cellminercdb.html","<a href='https://discovery.nci.nih.gov/drugs/cellminercdb/SB-239063_cellminercdb.html' target='_blank'>details</a>"
"585","SB-431542","[301836-41-9, SB 431542, SB-431542, SB431542, 756649]","TGFB1|PK:STK,GSK3B","Clinical trial",5,"SB-431542_cellminercdb.html","<a href='https://discovery.nci.nih.gov/drugs/cellminercdb/SB-431542_cellminercdb.html' target='_blank'>details</a>"
"586","SB505124","[694433-59-5, CHEMBL226838, SB 505124, SB-505124, SB505124]",NA,NA,6,"SB505124_cellminercdb.html","<a href='https://discovery.nci.nih.gov/drugs/cellminercdb/SB505124_cellminercdb.html' target='_blank'>details</a>"
"587","SB-590885","[405554-55-4, C27H27N5O2, J-501805, SB-590885, SB590885, 754362]","GTPase|PK:YK,BRAF","Clinical trial",8,"SB-590885_cellminercdb.html","<a href='https://discovery.nci.nih.gov/drugs/cellminercdb/SB-590885_cellminercdb.html' target='_blank'>details</a>"
"588","GSK-921","[BDBM50427294, CHEMBL2325429, SB 743921, SB-743921, SCHEMBL645543, GSK-921, 205790, 743921, SB-921, 773261]","CDH16|KIF11","Clinical trial",6,"GSK-921_cellminercdb.html","<a href='https://discovery.nci.nih.gov/drugs/cellminercdb/GSK-921_cellminercdb.html' target='_blank'>details</a>"
"589","Pracinostat","[929016-96-6, PRACINOSTAT, SB 939, SB-939, SB939, S1515, 758249]","HDAC","Clinical trial",6,"Pracinostat_cellminercdb.html","<a href='https://discovery.nci.nih.gov/drugs/cellminercdb/Pracinostat_cellminercdb.html' target='_blank'>details</a>"
"590","SB52334","[SB52334]",NA,NA,2,"SB52334_cellminercdb.html","<a href='https://discovery.nci.nih.gov/drugs/cellminercdb/SB52334_cellminercdb.html' target='_blank'>details</a>"
"591","Pluripotin","[839707-37-8, PLURIPOTIN, SC-1, 10009557, N-(3-(7-(1, 3-DIMETHYL-1H-PYRAZOL-5-YLAMINO)-1-METHYL-2-..., SC1, 763525]","GTPase|RAS|RASA1|PK:STK,MAP3K","Clinical trial",5,"Pluripotin_cellminercdb.html","<a href='https://discovery.nci.nih.gov/drugs/cellminercdb/Pluripotin_cellminercdb.html' target='_blank'>details</a>"
"592","SCH-1473759","[1094069-99-4, CHEMBL1232515, SCH-1473759, 761691]","PK:STK,AURK","Clinical trial",3,"SCH-1473759_cellminercdb.html","<a href='https://discovery.nci.nih.gov/drugs/cellminercdb/SCH-1473759_cellminercdb.html' target='_blank'>details</a>"
"593","SCH-900776","[891494-63-6, SCH 900776, SCH-900776, SCH900776, UNII-K2ZSF0992C, A-1202, MK-8776, 764659]","PK:STK,CHEK,CHEK1","Clinical trial",7,"SCH-900776_cellminercdb.html","<a href='https://discovery.nci.nih.gov/drugs/cellminercdb/SCH-900776_cellminercdb.html' target='_blank'>details</a>"
"595","SEN-450","[SEN-450, 763758]","SMO","Clinical trial",2,"SEN-450_cellminercdb.html","<a href='https://discovery.nci.nih.gov/drugs/cellminercdb/SEN-450_cellminercdb.html' target='_blank'>details</a>"
"596","SGC0946","[1561178-17-3, C28H40BRN7O4, CHEMBL3087498, SGC0946]",NA,NA,3,"SGC0946_cellminercdb.html","<a href='https://discovery.nci.nih.gov/drugs/cellminercdb/SGC0946_cellminercdb.html' target='_blank'>details</a>"
"597","SGI-1776","[SGI-1776, NA, 800883, 757333]","PK:STK,PIM1","Clinical trial",6,"SGI-1776_cellminercdb.html","<a href='https://discovery.nci.nih.gov/drugs/cellminercdb/SGI-1776_cellminercdb.html' target='_blank'>details</a>"
"598","SGX-523","[1022150-57-7, SGX 523, SGX-523, SGX523, UNII-WH8SQN09KJ, QUINOLINE, 6-[[6-(1-METHYL-1H-PYRAZOL-4-YL)-1,2,4-TRIAZO..., 758591]","PK:YK,MET","Clinical trial",5,"SGX-523_cellminercdb.html","<a href='https://discovery.nci.nih.gov/drugs/cellminercdb/SGX-523_cellminercdb.html' target='_blank'>details</a>"
"599","shikonin","[(-)-SHIKONIN, (+)-SHIKONIN, 517-89-5, SHIKONIN, 252844]",NA,NA,5,"shikonin_cellminercdb.html","<a href='https://discovery.nci.nih.gov/drugs/cellminercdb/shikonin_cellminercdb.html' target='_blank'>details</a>"
"600","Sildenafil","[139755-83-2, REVATIO, SILDENAFIL, SILDENAFIL [INN:BAN], VIAGRA, SILDENAFIL CITRATE SALT, SILDENAFIL CITRATE]",NA,"FDA approved",4,"Sildenafil_cellminercdb.html","<a href='https://discovery.nci.nih.gov/drugs/cellminercdb/Sildenafil_cellminercdb.html' target='_blank'>details</a>"
"601","Simvastatin","[79902-63-9, SIMVASTATIN, SINVACOR, SYNVINOLIN, ZOCOR, 758706, 633782, SIMVASTIN]","AM|NonCan:Chol","FDA approved",6,"Simvastatin_cellminercdb.html","<a href='https://discovery.nci.nih.gov/drugs/cellminercdb/Simvastatin_cellminercdb.html' target='_blank'>details</a>"
"602","JANUVIA","[486460-32-6, JANUVIA, MK-0431, SITAGLIPTIN, XELEVIA, SITAGLIPTIN PHOSPHATE]",NA,NA,3,"JANUVIA_cellminercdb.html","<a href='https://discovery.nci.nih.gov/drugs/cellminercdb/JANUVIA_cellminercdb.html' target='_blank'>details</a>"
"604","SL-0101","[3UBD, 77307-50-7, CHEMBL240954, SL-0101, SL0101, SL-0101-1, 703081]","RPS6","Clinical trial",6,"SL-0101_cellminercdb.html","<a href='https://discovery.nci.nih.gov/drugs/cellminercdb/SL-0101_cellminercdb.html' target='_blank'>details</a>"
"605","SNS-314","[1057249-41-8, KINOME_3712, SNS 314, SNS-314, UNII-802IFJ0Z8X, S1154, SNS-314 MESYLATE, 758250]","PK:STK,AURK","Clinical trial",6,"SNS-314_cellminercdb.html","<a href='https://discovery.nci.nih.gov/drugs/cellminercdb/SNS-314_cellminercdb.html' target='_blank'>details</a>"
"606","Voreloxin","[SNS-595,  SPC-595, VOSAROXIN, VORELOXIN, 760764]","TOP2","FDA approved",6,"Voreloxin_cellminercdb.html","<a href='https://discovery.nci.nih.gov/drugs/cellminercdb/Voreloxin_cellminercdb.html' target='_blank'>details</a>"
"607","SNX 2112","[10C9P3FFOW, 908112-43-6, SNX 2112, SNX-2112, UNII-10C9P3FFOW]",NA,NA,5,"SNX_2112_cellminercdb.html","<a href='https://discovery.nci.nih.gov/drugs/cellminercdb/SNX_2112_cellminercdb.html' target='_blank'>details</a>"
"608","Sorafenib","[284461-73-0, BAY 43-9006, NEXAVAR, SORAFENIB, SORAFENIB [INN], 747971]","PK:YK,PDGFR,BRAF,KIT,VEGFR,Multikinase","FDA approved",11,"Sorafenib_cellminercdb.html","<a href='https://discovery.nci.nih.gov/drugs/cellminercdb/Sorafenib_cellminercdb.html' target='_blank'>details</a>"
"610","ST-3595","[ST-3595, 762153]","HDAC","Clinical trial",3,"ST-3595_cellminercdb.html","<a href='https://discovery.nci.nih.gov/drugs/cellminercdb/ST-3595_cellminercdb.html' target='_blank'>details</a>"
"611","Ganetespib","[888216-25-9, GANETESPIB, STA-9090, STA9090, UNII-2E8412Y946, 001-10140, GENETESPIB, 3-(2,4-DIHYDROXY-5-ISOPROPYLPHENYL)-4-(1-METHYL-1H-INDOL..., 765435]","HSP90","Clinical trial",6,"Ganetespib_cellminercdb.html","<a href='https://discovery.nci.nih.gov/drugs/cellminercdb/Ganetespib_cellminercdb.html' target='_blank'>details</a>"
"612","STF62247","[315702-99-9, AUTOPHAGY INDUCER, STF-62247, STF-62247, STF62247]",NA,NA,4,"STF62247_cellminercdb.html","<a href='https://discovery.nci.nih.gov/drugs/cellminercdb/STF62247_cellminercdb.html' target='_blank'>details</a>"
"613","Streptozocin","[STREPTOZOCIN, STREPTOZOCINE, STREPTOZOCINUM, STREPTOZOTOCIN, ZANOSAR, 85998]","A7|AlkAg","FDA approved",6,"Streptozocin_cellminercdb.html","<a href='https://discovery.nci.nih.gov/drugs/cellminercdb/Streptozocin_cellminercdb.html' target='_blank'>details</a>"
"614","Orantinib","[252916-29-3, ORANTINIB, SU 6668, SU-6668, TSU-68, 763929]","PK:YK,PDGFR,FGFR,VEGFR,KDR","Clinical trial",5,"Orantinib_cellminercdb.html","<a href='https://discovery.nci.nih.gov/drugs/cellminercdb/Orantinib_cellminercdb.html' target='_blank'>details</a>"
"615","Sunitinib","[557795-19-4, SU-11248, SUNITINIB, SUNITINIB MALATE, SUTENT, 750690]","PK:YK,PDGFR,KIT,VEGFR,Multikinase","FDA approved",10,"Sunitinib_cellminercdb.html","<a href='https://discovery.nci.nih.gov/drugs/cellminercdb/Sunitinib_cellminercdb.html' target='_blank'>details</a>"
"616","T0901317","[293754-55-9, T 0901317, T0901317, TO-901317, TO901317]",NA,NA,2,"T0901317_cellminercdb.html","<a href='https://discovery.nci.nih.gov/drugs/cellminercdb/T0901317_cellminercdb.html' target='_blank'>details</a>"
"617","Tacrolimus","[104987-11-3, PROGRAF, PROTOPIC, TACROLIMUS, TSUKUBAENOLIDE, FK506/TACROLIMUS]","PK:MTOR","FDA approved",5,"Tacrolimus_cellminercdb.html","<a href='https://discovery.nci.nih.gov/drugs/cellminercdb/Tacrolimus_cellminercdb.html' target='_blank'>details</a>"
"618","TAK Plk inhibitor","[TAK PLK INHIBITOR, 762418]","PK:STK,PLK1","Clinical trial",3,"TAK_Plk_inhibitor_cellminercdb.html","<a href='https://discovery.nci.nih.gov/drugs/cellminercdb/TAK_Plk_inhibitor_cellminercdb.html' target='_blank'>details</a>"
"619","TAK-441","[1186231-83-3, CHEMBL2205230, GTPL8200, SCHEMBL1061476, TAK-441, 771858]","SMO","Clinical trial",5,"TAK-441_cellminercdb.html","<a href='https://discovery.nci.nih.gov/drugs/cellminercdb/TAK-441_cellminercdb.html' target='_blank'>details</a>"
"620","Orteronel","[566939-85-3, ORTERONEL, TAK 700, TAK-700, TAK-700 (ORTERONEL), UNII-UE5K2FNS92]","CYP17A1","Clinical trial",3,"Orteronel_cellminercdb.html","<a href='https://discovery.nci.nih.gov/drugs/cellminercdb/Orteronel_cellminercdb.html' target='_blank'>details</a>"
"621","TAK 715","[303162-79-0, CHEMBL363648, TAK 715, TAK-715, UNII-WE92U03C5Z]",NA,NA,5,"TAK_715_cellminercdb.html","<a href='https://discovery.nci.nih.gov/drugs/cellminercdb/TAK_715_cellminercdb.html' target='_blank'>details</a>"
"622","TAK-733","[1035555-63-5, TAK 733, TAK-733, TAK733, UNII-5J61HSP0QJ, PYRIDO[2,3-D]PYRIMIDINE-4,7(3H,8H)-DIONE,3-[(2R)-2,3-DIH..., 761215]","PK:STK,MAP2K,MAP2K1,MAP2K2","Clinical trial",6,"TAK-733_cellminercdb.html","<a href='https://discovery.nci.nih.gov/drugs/cellminercdb/TAK-733_cellminercdb.html' target='_blank'>details</a>"
"623","TAK-901","[934541-31-8, TAK 901, TAK-901, TAK901, UNII-DM9UIR23R7, KIN0000890, 5-(3-(ETHYLSULFONYL)PHENYL)-3,8-DIMETHYL-N-(1-METHYLPIPE..., 762151]","PK:STK,AURK","Clinical trial",6,"TAK-901_cellminercdb.html","<a href='https://discovery.nci.nih.gov/drugs/cellminercdb/TAK-901_cellminercdb.html' target='_blank'>details</a>"
"624","TAK-960","[1137868-52-0, CHEMBL2392545, TAK 960, TAK-960, TAK960, BENZAMIDE, 4-[(9-CYCLOPENTYL-7,7-DIFLUORO-6,7,8,9-TETRAH..., 768072]","PK:PLK1","Clinical trial",5,"TAK-960_cellminercdb.html","<a href='https://discovery.nci.nih.gov/drugs/cellminercdb/TAK-960_cellminercdb.html' target='_blank'>details</a>"
"625","TAK-960 analog","[TAK-960 ANALOG, 761759]","PK:STK,PLK1","Clinical trial",3,"TAK-960_analog_cellminercdb.html","<a href='https://discovery.nci.nih.gov/drugs/cellminercdb/TAK-960_analog_cellminercdb.html' target='_blank'>details</a>"
"626","Tamoxifen","[10540-29-1, CRISAFENO, SOLTAMOX, TAMOXIFEN, TAMOXIFENE, 180973, TAMOXIFEN CITRATE]","Ho|SERM","FDA approved",11,"Tamoxifen_cellminercdb.html","<a href='https://discovery.nci.nih.gov/drugs/cellminercdb/Tamoxifen_cellminercdb.html' target='_blank'>details</a>"
"627","Targegen B-Raf/PDGFR inhibitor Cpd 6","[TARGEGEN B-RAF/PDGFR INHIBITOR CPD 6, 754364]","GTPase|PK:YK,PDGFR,BRAF","Clinical trial",2,"Targegen_B-Raf-PDGFR_inhibitor_Cpd_6_cellminercdb.html","<a href='https://discovery.nci.nih.gov/drugs/cellminercdb/Targegen_B-Raf-PDGFR_inhibitor_Cpd_6_cellminercdb.html' target='_blank'>details</a>"
"629","Tegafur","[17902-23-7, FLUOROFUR, FTORAFUR, FUTRAFUL, TEGAFUR, 148958]","Df","FDA approved",4,"Tegafur_cellminercdb.html","<a href='https://discovery.nci.nih.gov/drugs/cellminercdb/Tegafur_cellminercdb.html' target='_blank'>details</a>"
"630","Temozolomide","[85622-93-1, METHAZOLASTONE, TEMODAL, TEMODAR, TEMOZOLOMIDE, 759883]","A7|AlkAg","FDA approved",9,"Temozolomide_cellminercdb.html","<a href='https://discovery.nci.nih.gov/drugs/cellminercdb/Temozolomide_cellminercdb.html' target='_blank'>details</a>"
"631","Temsirolimus","[162635-04-3, CCI-779, CHEMBL1201182, TEMSIROLIMUS, TORISEL, 683864, TEMSIROLIMUS(CCI-779,TORISEL)]","PK:STK,MTOR","FDA approved",9,"Temsirolimus_cellminercdb.html","<a href='https://discovery.nci.nih.gov/drugs/cellminercdb/Temsirolimus_cellminercdb.html' target='_blank'>details</a>"
"632","Teniposide","[29767-20-2, TENIPOSIDE, VEHEM, VM-26, VUMON, 122819, 758255, 758667]","TOP2","FDA approved",10,"Teniposide_cellminercdb.html","<a href='https://discovery.nci.nih.gov/drugs/cellminercdb/Teniposide_cellminercdb.html' target='_blank'>details</a>"
"633","seldane","[SELDANE, TELDANE, TERFENADINE, TERNADIN, TRILUDAN]",NA,NA,2,"seldane_cellminercdb.html","<a href='https://discovery.nci.nih.gov/drugs/cellminercdb/seldane_cellminercdb.html' target='_blank'>details</a>"
"634","Teriflunomide","[108605-62-5, 163451-81-8, AUBAGIO, FLUCYAMIDE, TERIFLUNOMIDE, HMR1726, A-771726, N-(4-TRIFLUOROMETHYLPHENYL)-2-CYANO-3-HYDROXYCROTONAMIDE..., 766118]",NA,"FDA approved",5,"Teriflunomide_cellminercdb.html","<a href='https://discovery.nci.nih.gov/drugs/cellminercdb/Teriflunomide_cellminercdb.html' target='_blank'>details</a>"
"636","TG-100115","[677297-51-7, TG-100-115, TG-100115, TG100-115]",NA,NA,4,"TG-100115_cellminercdb.html","<a href='https://discovery.nci.nih.gov/drugs/cellminercdb/TG-100115_cellminercdb.html' target='_blank'>details</a>"
"637","TGX221","[663619-89-4, TGX 221, TGX-221, TGX221]",NA,NA,4,"TGX221_cellminercdb.html","<a href='https://discovery.nci.nih.gov/drugs/cellminercdb/TGX221_cellminercdb.html' target='_blank'>details</a>"
"638","Thalidomide","[50-35-1, CONTERGAN, DISTAVAL, THALIDOMIDE, THALOMID]","Ang|Immunomodulatory","FDA approved",5,"Thalidomide_cellminercdb.html","<a href='https://discovery.nci.nih.gov/drugs/cellminercdb/Thalidomide_cellminercdb.html' target='_blank'>details</a>"
"639","thapsigargin","[67526-95-8, CHEMBL96926, THAPSIGARGIN, UNII-Z96BQ26RZD, Z96BQ26RZD, 299933]",NA,NA,5,"thapsigargin_cellminercdb.html","<a href='https://discovery.nci.nih.gov/drugs/cellminercdb/thapsigargin_cellminercdb.html' target='_blank'>details</a>"
"640","Thiotepa","[52-24-4, THIO-TEPA, THIOTEPA, TIOFOSFAMID, TRIETHYLENETHIOPHOSPHORAMIDE, 6396]","A7|AlkAg","FDA approved",6,"Thiotepa_cellminercdb.html","<a href='https://discovery.nci.nih.gov/drugs/cellminercdb/Thiotepa_cellminercdb.html' target='_blank'>details</a>"
"641","THZ-2-102-1","[THZ-2-102-1]",NA,NA,2,"THZ-2-102-1_cellminercdb.html","<a href='https://discovery.nci.nih.gov/drugs/cellminercdb/THZ-2-102-1_cellminercdb.html' target='_blank'>details</a>"
"642","TYGACIL","[220620-09-7, TBG-MINO, TIGECYCLINE, TYGACIL, WAY-GAR-936]",NA,NA,3,"TYGACIL_cellminercdb.html","<a href='https://discovery.nci.nih.gov/drugs/cellminercdb/TYGACIL_cellminercdb.html' target='_blank'>details</a>"
"643","TL-1-85","[TL-1-85]",NA,NA,2,"TL-1-85_cellminercdb.html","<a href='https://discovery.nci.nih.gov/drugs/cellminercdb/TL-1-85_cellminercdb.html' target='_blank'>details</a>"
"644","TL-2-105","[TL-2-105]",NA,NA,2,"TL-2-105_cellminercdb.html","<a href='https://discovery.nci.nih.gov/drugs/cellminercdb/TL-2-105_cellminercdb.html' target='_blank'>details</a>"
"645","Ezatiostat","[EZATIOSTAT, EZATIOSTAT HYDROCHLORIDE, API0005209, TLK-199, TELINTRA, 758484]","GSTP1|PK:STK,ROS1","Clinical trial",5,"Ezatiostat_cellminercdb.html","<a href='https://discovery.nci.nih.gov/drugs/cellminercdb/Ezatiostat_cellminercdb.html' target='_blank'>details</a>"
"646","Topotecan","[123948-87-8, HYCAMPTAMINE, HYCAMTIN, TOPOTECAN, TOPOTECAN LACTONE, 609699, 759263, TOPOTECAN HYDROCHLORIDE, 641007]","TOP1","FDA approved",11,"Topotecan_cellminercdb.html","<a href='https://discovery.nci.nih.gov/drugs/cellminercdb/Topotecan_cellminercdb.html' target='_blank'>details</a>"
"647","CHR 2797","[238750-77-1, CHR 2797, CHR-2797, TOSEDOSTAT, TOSEDOSTAT (CHR2797)]",NA,NA,4,"CHR_2797_cellminercdb.html","<a href='https://discovery.nci.nih.gov/drugs/cellminercdb/CHR_2797_cellminercdb.html' target='_blank'>details</a>"
"648","Tozasertib","[TOZASERTIB, NA, 800955]",NA,NA,7,"Tozasertib_cellminercdb.html","<a href='https://discovery.nci.nih.gov/drugs/cellminercdb/Tozasertib_cellminercdb.html' target='_blank'>details</a>"
"649","TPCA-1","[507475-17-4, IKK-2 INHIBITOR IV, TPCA-1]",NA,NA,5,"TPCA-1_cellminercdb.html","<a href='https://discovery.nci.nih.gov/drugs/cellminercdb/TPCA-1_cellminercdb.html' target='_blank'>details</a>"
"650","Trametinib","[871700-17-3, GSK 1120212, GSK1120212, MEKINIST, TRAMETINIB, 758246]","PK:STK,MAP2K,MAP2K1,MAP2K2","FDA approved",10,"Trametinib_cellminercdb.html","<a href='https://discovery.nci.nih.gov/drugs/cellminercdb/Trametinib_cellminercdb.html' target='_blank'>details</a>"
"651","Triciribine phosphate","[TRICIRIBINE PHOSPHATE, 280594]","PK:STK,AKT1","Clinical trial",3,"Triciribine_phosphate_cellminercdb.html","<a href='https://discovery.nci.nih.gov/drugs/cellminercdb/Triciribine_phosphate_cellminercdb.html' target='_blank'>details</a>"
"652","Triethylenemelamine","[TRETAMIN, TRETAMINE, TRIAMELIN, TRIETHANOMELAMINE, TRIETHYLENEMELAMINE, 9706]","A7|AlkAg","FDA approved",4,"Triethylenemelamine_cellminercdb.html","<a href='https://discovery.nci.nih.gov/drugs/cellminercdb/Triethylenemelamine_cellminercdb.html' target='_blank'>details</a>"
"653","TRIFLURIN","[TRIFLUOPERAZINE, TRIFLUOROPERAZINE, TRIFLUPERAZINE, TRIFLURIN, TRIPERAZINE, TRIFLUOPERAZINE DIHYDROCHLORIDE, TRIFLUOPERAZINE HYDROCHLORIDE]",NA,NA,3,"TRIFLURIN_cellminercdb.html","<a href='https://discovery.nci.nih.gov/drugs/cellminercdb/TRIFLURIN_cellminercdb.html' target='_blank'>details</a>"
"654","triptolid","[38748-32-2, PG490, TRIPTOLID, TRIPTOLIDE, UNII-19ALD1S53J, TRIPTOLIDE (9CI), TRISOXIRENO[4B,5:6,7:8A,9]PHENANTHRO[1,2-C]FURAN-(3H)-ON..., TRISOXIRENO[4B,5:6,7:8A,9]PHENANTHRO[1,2-C]FURAN-1(3H)-O..., 163062, 839303]",NA,NA,6,"triptolid_cellminercdb.html","<a href='https://discovery.nci.nih.gov/drugs/cellminercdb/triptolid_cellminercdb.html' target='_blank'>details</a>"
"655","TUBASTATIN A","[TUBASTATIN A]",NA,NA,4,"TUBASTATIN_A_cellminercdb.html","<a href='https://discovery.nci.nih.gov/drugs/cellminercdb/TUBASTATIN_A_cellminercdb.html' target='_blank'>details</a>"
"656","TW 37","[TW 37]",NA,NA,3,"TW_37_cellminercdb.html","<a href='https://discovery.nci.nih.gov/drugs/cellminercdb/TW_37_cellminercdb.html' target='_blank'>details</a>"
"657","Tyrothricin","[BACTRATYCIN, COLTIROT, DERMOTRICINE, MARTRICIN, TYROTHRICIN, 757363]","NonCan:Ant","FDA approved",2,"Tyrothricin_cellminercdb.html","<a href='https://discovery.nci.nih.gov/drugs/cellminercdb/Tyrothricin_cellminercdb.html' target='_blank'>details</a>"
"658","UNC-0638","[1255580-76-7, UNC 0638, UNC-0638, UNC0638, UNII-26A103L2FO, 764517]","EHMT2|EHMT1/2","Clinical trial",8,"UNC-0638_cellminercdb.html","<a href='https://discovery.nci.nih.gov/drugs/cellminercdb/UNC-0638_cellminercdb.html' target='_blank'>details</a>"
"659","UNC1215","[1415800-43-9, CHEMBL2426364, UNC 1215, UNC-1215, UNC1215]",NA,NA,4,"UNC1215_cellminercdb.html","<a href='https://discovery.nci.nih.gov/drugs/cellminercdb/UNC1215_cellminercdb.html' target='_blank'>details</a>"
"660","Uracil Mustard","[URACIL MUSTARD, 34462]","A7|AlkAg","FDA approved",4,"Uracil_Mustard_cellminercdb.html","<a href='https://discovery.nci.nih.gov/drugs/cellminercdb/Uracil_Mustard_cellminercdb.html' target='_blank'>details</a>"
"661","BEXTRA","[181695-72-7, BEXTRA, VALDECOXIB]",NA,NA,3,"BEXTRA_cellminercdb.html","<a href='https://discovery.nci.nih.gov/drugs/cellminercdb/BEXTRA_cellminercdb.html' target='_blank'>details</a>"
"662","Valrubicin","[56124-62-0, AD-32, UNII-2C6NUM6878, VALRUBICIN, VALSTAR, 246131]","TOP2","FDA approved",7,"Valrubicin_cellminercdb.html","<a href='https://discovery.nci.nih.gov/drugs/cellminercdb/Valrubicin_cellminercdb.html' target='_blank'>details</a>"
"663","Vandetanib","[443913-73-3, CAPRELSA, VANDETANIB, ZACTIMA, ZD-6474, ZD6474, 760766, TCMDC-123476]","PK:STK,YK,PDGFR,EGFR,VEGFR,RET","FDA approved",9,"Vandetanib_cellminercdb.html","<a href='https://discovery.nci.nih.gov/drugs/cellminercdb/Vandetanib_cellminercdb.html' target='_blank'>details</a>"
"664","Varlitinib","[845272-21-1, ARRY 334543, ARRY-334543, ARRY334543, VARLITINIB, VARLITINIB TOSYLATE, ARRY-543, 4,6-QUINAZOLINEDIAMINE, N4-[3-CHLORO-4-(2-THIAZOLYLMETHO..., 205660, AR-00334543, 764823]","PK:YK,EGFR,ERBB2","Clinical trial",6,"Varlitinib_cellminercdb.html","<a href='https://discovery.nci.nih.gov/drugs/cellminercdb/Varlitinib_cellminercdb.html' target='_blank'>details</a>"
"665","VE-821","[1232410-49-9, CHEMBL1766779, VE 821, VE-821, 2-PYRAZINECARBOXAMIDE, 3-AMINO-6-[4-(METHYLSULFONYL)PHEN..., 761070, VE821]","PK:STK,ATR","Clinical trial",7,"VE-821_cellminercdb.html","<a href='https://discovery.nci.nih.gov/drugs/cellminercdb/VE-821_cellminercdb.html' target='_blank'>details</a>"
"666","Vemurafenib","[918504-65-1, PLX-4032, PLX4032, VEMURAFENIB, ZELBORAF, 761431]","PK:YK,BRAF","FDA approved",8,"Vemurafenib_cellminercdb.html","<a href='https://discovery.nci.nih.gov/drugs/cellminercdb/Vemurafenib_cellminercdb.html' target='_blank'>details</a>"
"667","Vertex ATR inhibitor Cpd 45","[VERTEX ATR INHIBITOR CPD 45, 761693]","PK:STK,ATR","Clinical trial",3,"Vertex_ATR_inhibitor_Cpd_45_cellminercdb.html","<a href='https://discovery.nci.nih.gov/drugs/cellminercdb/Vertex_ATR_inhibitor_Cpd_45_cellminercdb.html' target='_blank'>details</a>"
"668","Vinblastine","[865-21-4, VELBE, VINBLASTINE, VINCALEUCOBLASTINE, VINCALEUKOBLASTINE, 49842, 90636, 757384, NCGC00263548-07, VINBLASTINE SULFATE]","TUBB|Tu-frag","FDA approved",10,"Vinblastine_cellminercdb.html","<a href='https://discovery.nci.nih.gov/drugs/cellminercdb/Vinblastine_cellminercdb.html' target='_blank'>details</a>"
"669","Vincristine","[22-OXOVINCALEUKOBLASTINE, LEUROCRISTINE, ONCOVINE, VINCRISTINE, VINCRYSTINE, 67574, 759174, VINCRISTINE SULFATE]","TUBB|Tu-frag","FDA approved",9,"Vincristine_cellminercdb.html","<a href='https://discovery.nci.nih.gov/drugs/cellminercdb/Vincristine_cellminercdb.html' target='_blank'>details</a>"
"670","Vinorelbine","[EXELBINE, NAVELBINE, VINORELBINA, VINORELBINE, VINORELBINUM, 608210, 760087, VINORELBINE TARTRATE]","TUBB|Tu-frag","FDA approved",10,"Vinorelbine_cellminercdb.html","<a href='https://discovery.nci.nih.gov/drugs/cellminercdb/Vinorelbine_cellminercdb.html' target='_blank'>details</a>"
"671","VNLG/124","[VNLG/124]",NA,NA,2,"VNLG-124_cellminercdb.html","<a href='https://discovery.nci.nih.gov/drugs/cellminercdb/VNLG-124_cellminercdb.html' target='_blank'>details</a>"
"672","VORAPAXAR","[618385-01-6, SCH-530348, UNII-ZCE93644N2, VORAPAXAR, ZONTIVITY, VORAPAXAR SULFATE]",NA,NA,3,"VORAPAXAR_cellminercdb.html","<a href='https://discovery.nci.nih.gov/drugs/cellminercdb/VORAPAXAR_cellminercdb.html' target='_blank'>details</a>"
"673","Vorinostat","[149647-78-9, SAHA, VORINOSTAT, ZOLINZA, 701852, 759852]","HDAC","FDA approved",11,"Vorinostat_cellminercdb.html","<a href='https://discovery.nci.nih.gov/drugs/cellminercdb/Vorinostat_cellminercdb.html' target='_blank'>details</a>"
"675","VX-11E","[896720-20-0, C24H20CL2FN5O2, PYRIMIDYLPYRROLE, 11E, VTX-11E, VX-11E]",NA,NA,3,"VX-11E_cellminercdb.html","<a href='https://discovery.nci.nih.gov/drugs/cellminercdb/VX-11E_cellminercdb.html' target='_blank'>details</a>"
"676","VX-322","[VX-322, 771651]","PK:FLT,KIT,FLT3","Clinical trial",3,"VX-322_cellminercdb.html","<a href='https://discovery.nci.nih.gov/drugs/cellminercdb/VX-322_cellminercdb.html' target='_blank'>details</a>"
"677","VX 702","[479543-46-9, 745833-23-2, VX 702, VX-702, 775665]",NA,NA,5,"VX_702_cellminercdb.html","<a href='https://discovery.nci.nih.gov/drugs/cellminercdb/VX_702_cellminercdb.html' target='_blank'>details</a>"
"678","81-81-2","[81-81-2, COUMADIN, COUMAFENE, PROTHROMADIN, WARFARIN, WARFARIN SODIUM]",NA,NA,4,"81-81-2_cellminercdb.html","<a href='https://discovery.nci.nih.gov/drugs/cellminercdb/81-81-2_cellminercdb.html' target='_blank'>details</a>"
"679","GTPL8068","[837422-57-8, CHEMBL213100, GTPL8068, SCHEMBL5755186, WH-4-023]",NA,NA,2,"GTPL8068_cellminercdb.html","<a href='https://discovery.nci.nih.gov/drugs/cellminercdb/GTPL8068_cellminercdb.html' target='_blank'>details</a>"
"680","Wortmannin","[19545-26-7, ANTIBIOTIC SL-2052, KY 12420, WARTMANNIN, WORTMANNIN, 221019, WORTMANNIN,PENICILLIUMFUNICULOSUM]","PK:PIK3","Clinical trial",5,"Wortmannin_cellminercdb.html","<a href='https://discovery.nci.nih.gov/drugs/cellminercdb/Wortmannin_cellminercdb.html' target='_blank'>details</a>"
"681","WP-1034","[WP-1034, 755981]","STAT|PK:YK,JAK","Clinical trial",3,"WP-1034_cellminercdb.html","<a href='https://discovery.nci.nih.gov/drugs/cellminercdb/WP-1034_cellminercdb.html' target='_blank'>details</a>"
"682","WZ-1-84","[WZ-1-84]",NA,NA,2,"WZ-1-84_cellminercdb.html","<a href='https://discovery.nci.nih.gov/drugs/cellminercdb/WZ-1-84_cellminercdb.html' target='_blank'>details</a>"
"683","WZ-4002","[1213269-23-8, CHEBI:61400, UNII-6BQ432Z61M, WZ-4002, WZ4002, 755927]","PK:YK,EGFR","Clinical trial",5,"WZ-4002_cellminercdb.html","<a href='https://discovery.nci.nih.gov/drugs/cellminercdb/WZ-4002_cellminercdb.html' target='_blank'>details</a>"
"684","WZ3105","[WZ3105]",NA,NA,2,"WZ3105_cellminercdb.html","<a href='https://discovery.nci.nih.gov/drugs/cellminercdb/WZ3105_cellminercdb.html' target='_blank'>details</a>"
"685","XAV-939","[284028-89-3, XAV 939, XAV-939, XAV939, 755761, NVP-XAV-939]","Wnt|PK:YK,TNKS","Clinical trial",8,"XAV-939_cellminercdb.html","<a href='https://discovery.nci.nih.gov/drugs/cellminercdb/XAV-939_cellminercdb.html' target='_blank'>details</a>"
"686","XK-469","[157435-10-4, NSC 697887, NSC697887, XK-469, 656889, 697887, 698215]","TOP2","Clinical trial",3,"XK-469_cellminercdb.html","<a href='https://discovery.nci.nih.gov/drugs/cellminercdb/XK-469_cellminercdb.html' target='_blank'>details</a>"
"687","XL-019","[945755-56-6, XL 019, XL-019, XL019, , XL-019, 772887]","PK:JAK,JAK2","Clinical trial",5,"XL-019_cellminercdb.html","<a href='https://discovery.nci.nih.gov/drugs/cellminercdb/XL-019_cellminercdb.html' target='_blank'>details</a>"
"688","XL-147","[934526-89-3, PILARALISIB, SAR-245408, UNII-60ES45KTMK, XL-147, 755806, PILARALISIB ANALOG, XL-147 ANALOG, 791227]","PK:PIK3","Clinical trial",7,"XL-147_cellminercdb.html","<a href='https://discovery.nci.nih.gov/drugs/cellminercdb/XL-147_cellminercdb.html' target='_blank'>details</a>"
"691","XL-541","[XL-541, 768011]","GEMIN2","Clinical trial",2,"XL-541_cellminercdb.html","<a href='https://discovery.nci.nih.gov/drugs/cellminercdb/XL-541_cellminercdb.html' target='_blank'>details</a>"
"692","XL-888","[1149705-71-4, 7M346920EV, UNII-7M346920EV, XL-888, XL888, TCRS-195, 5-((R)-SEC-BUTYLAMINO)-N1-((1R,3S,5S)-8-(5-CYCLOPROPANEC..., 772351]","HSP90","Clinical trial",6,"XL-888_cellminercdb.html","<a href='https://discovery.nci.nih.gov/drugs/cellminercdb/XL-888_cellminercdb.html' target='_blank'>details</a>"
"693","XMD11-85H","[XMD11-85H]",NA,NA,2,"XMD11-85H_cellminercdb.html","<a href='https://discovery.nci.nih.gov/drugs/cellminercdb/XMD11-85H_cellminercdb.html' target='_blank'>details</a>"
"694","XMD14-99","[XMD14-99]",NA,NA,2,"XMD14-99_cellminercdb.html","<a href='https://discovery.nci.nih.gov/drugs/cellminercdb/XMD14-99_cellminercdb.html' target='_blank'>details</a>"
"695","XMD8-85","[XMD8-85]",NA,NA,2,"XMD8-85_cellminercdb.html","<a href='https://discovery.nci.nih.gov/drugs/cellminercdb/XMD8-85_cellminercdb.html' target='_blank'>details</a>"
"696","XMD8-92","[1234480-50-2, CHEBI:60325, CHEMBL1673046, XMD 8-92, XMD8-92]",NA,NA,4,"XMD8-92_cellminercdb.html","<a href='https://discovery.nci.nih.gov/drugs/cellminercdb/XMD8-92_cellminercdb.html' target='_blank'>details</a>"
"697","XR-5000","[XR-5000, 754367]","TOP2|TOP1","Clinical trial",2,"XR-5000_cellminercdb.html","<a href='https://discovery.nci.nih.gov/drugs/cellminercdb/XR-5000_cellminercdb.html' target='_blank'>details</a>"
"698","XR-5944","[AC1L9MSH, XR-5944, XR2, 754366]","TOP2|TOP1","Clinical trial",3,"XR-5944_cellminercdb.html","<a href='https://discovery.nci.nih.gov/drugs/cellminercdb/XR-5944_cellminercdb.html' target='_blank'>details</a>"
"699","Y-27632","[Y-27632, Y27632 DIHYDROCHLORIDE, A-1931, Y1021, Y-27632 DIHYDROCHLORIDE, 751297]","RHO","Clinical trial",6,"Y-27632_cellminercdb.html","<a href='https://discovery.nci.nih.gov/drugs/cellminercdb/Y-27632_cellminercdb.html' target='_blank'>details</a>"
"700","Y-33075","[199433-58-4, CHEMBL571948, UNII-00ALI1GAY2, Y-33075, Y-39983]",NA,NA,5,"Y-33075_cellminercdb.html","<a href='https://discovery.nci.nih.gov/drugs/cellminercdb/Y-33075_cellminercdb.html' target='_blank'>details</a>"
"702","YK-4-279","[1037184-44-3, CHEMBL2011500, YK-4-279, A-1903, CS-0667, 4,7-DICHLORO-3-HYDROXY-3-[2-(4-METHOXYPHENYL)-2-OXOETHYL..., 765436]","ERG|ETV","Clinical trial",7,"YK-4-279_cellminercdb.html","<a href='https://discovery.nci.nih.gov/drugs/cellminercdb/YK-4-279_cellminercdb.html' target='_blank'>details</a>"
"703","Sepantronium bromide","[781661-94-7, SEPANTRONIUM BROMIDE, YM 155, YM-155, YM155, 755387, SEPANTRONIUM]","Apo|BIRC5","Clinical trial",9,"Sepantronium_bromide_cellminercdb.html","<a href='https://discovery.nci.nih.gov/drugs/cellminercdb/Sepantronium_bromide_cellminercdb.html' target='_blank'>details</a>"
"704","YM201636","[371942-69-7, YM 201636, YM-201636, YM201636]",NA,NA,4,"YM201636_cellminercdb.html","<a href='https://discovery.nci.nih.gov/drugs/cellminercdb/YM201636_cellminercdb.html' target='_blank'>details</a>"
"705","Apatinib","[811803-05-1, APATINIB, UNII-TK02X14ASJ, YN-968D1, YN968D1, RIVOCERANIB MESYLATE, 772886]","PK:VEGFR","Clinical trial",6,"Apatinib_cellminercdb.html","<a href='https://discovery.nci.nih.gov/drugs/cellminercdb/Apatinib_cellminercdb.html' target='_blank'>details</a>"
"706","ZG-10","[ZG-10]",NA,NA,2,"ZG-10_cellminercdb.html","<a href='https://discovery.nci.nih.gov/drugs/cellminercdb/ZG-10_cellminercdb.html' target='_blank'>details</a>"
"707","ZIBOTENTAN","[ZIBOTENTAN, ZD4054, ZIBOTENTAN]",NA,NA,4,"ZIBOTENTAN_cellminercdb.html","<a href='https://discovery.nci.nih.gov/drugs/cellminercdb/ZIBOTENTAN_cellminercdb.html' target='_blank'>details</a>"
"708","Indibulin","[ZIP-301, INDIBULIN, 2-[1-(4-CHLOROBENZYL)-1H-INDOL-3-YL]-2-OXO-N-PYRIDIN-4-Y..., 411010, D-24851, ZIO-301, 758489]","TUBB|Tu-frag|PK:PTK","Clinical trial",6,"Indibulin_cellminercdb.html","<a href='https://discovery.nci.nih.gov/drugs/cellminercdb/Indibulin_cellminercdb.html' target='_blank'>details</a>"
"709","ZM-336372","[208260-29-1, ZM 336372, ZM-336372, ZM336372, KIN0000283, 756654]","GTPase|PK:BRAF,RAF,RAF1","Clinical trial",5,"ZM-336372_cellminercdb.html","<a href='https://discovery.nci.nih.gov/drugs/cellminercdb/ZM-336372_cellminercdb.html' target='_blank'>details</a>"
"710","ZM447439","[331771-20-1, ZM 447439, ZM-447439, ZM447439]",NA,NA,6,"ZM447439_cellminercdb.html","<a href='https://discovery.nci.nih.gov/drugs/cellminercdb/ZM447439_cellminercdb.html' target='_blank'>details</a>"
"711","Zoledronate","[118072-93-8, RECLAST, ZOLEDRONATE, ZOLEDRONIC ACID, ZOMETA, ZOLENDRONIC ACID, 721517]","AM|NonCan:Anti-bone resorp","FDA approved",5,"Zoledronate_cellminercdb.html","<a href='https://discovery.nci.nih.gov/drugs/cellminercdb/Zoledronate_cellminercdb.html' target='_blank'>details</a>"
"712","ZSTK-474","[475110-96-4, ZSTK 474, ZSTK-474, ZSTK474, 764516]","PK:PIK3","Clinical trial",9,"ZSTK-474_cellminercdb.html","<a href='https://discovery.nci.nih.gov/drugs/cellminercdb/ZSTK-474_cellminercdb.html' target='_blank'>details</a>"
"713","bisacodyl (usan)","[BISACODYL, 614826, 755914]",NA,NA,3,"bisacodyl_(usan)_cellminercdb.html","<a href='https://discovery.nci.nih.gov/drugs/cellminercdb/bisacodyl_(usan)_cellminercdb.html' target='_blank'>details</a>"
"714","maytansine deriv","[ANSAMITOCIN P3, NCGC00014650-07, MAYTANSINE DERIV, ANSAMITOCIN P-3, 4,24-DIOXA-9,22-DIAZATETRACYCLO[19.3.1.110,14.03,5]HEXAC..., TAM 330, ANSAMITOCIN P 3, MAYTANSINE, 2'-DE(ACETYLMETHYLAMINO)-2'-METHYL- (9CI), MAYTANSINOL ISOBUTYRATE, TAM-330, 292222, MAYTANSINOL-ISOBUTYRATE]",NA,NA,4,"maytansine_deriv_cellminercdb.html","<a href='https://discovery.nci.nih.gov/drugs/cellminercdb/maytansine_deriv_cellminercdb.html' target='_blank'>details</a>"
"715","NEMORUBICIN","[NEMORUBICIN, NCGC00319019-03]",NA,NA,3,"NEMORUBICIN_cellminercdb.html","<a href='https://discovery.nci.nih.gov/drugs/cellminercdb/NEMORUBICIN_cellminercdb.html' target='_blank'>details</a>"
"716","CFI-402257","[CFI-402257, CFI402257, CS-6527, 800888]","IDUA|PK:TTK","Clinical trial",4,"CFI-402257_cellminercdb.html","<a href='https://discovery.nci.nih.gov/drugs/cellminercdb/CFI-402257_cellminercdb.html' target='_blank'>details</a>"
"717","Nitazoxanide","[NITAZOXANIDE, NITAZOXANIDE (USAN), , NITAZOXANIDE , 760057]",NA,"FDA approved",3,"Nitazoxanide_cellminercdb.html","<a href='https://discovery.nci.nih.gov/drugs/cellminercdb/Nitazoxanide_cellminercdb.html' target='_blank'>details</a>"
"718","JNJ-42756493","[ERDAFITINIB, JNJ-42756493, BALVERSA, 781556]","PK:FGFR,FGFR1,FGFR2,FGFR3,FGFR4","FDA approved",5,"JNJ-42756493_cellminercdb.html","<a href='https://discovery.nci.nih.gov/drugs/cellminercdb/JNJ-42756493_cellminercdb.html' target='_blank'>details</a>"
"719","auranofin","[AURANOFIN, GOLD, (2,3,4,6-TETRA-O-ACETYL-1-THIO-.BETA.-D-GLUCOPYRAN..., (1-THIO-.BETA.-D-GLUCOPYRANOSATO)(TRIETHYLPHOSPHINE)GOLD..., GOLD, (1-THIO-.BETA.-D-GLUCOPYRANOSATO)(TRIETHYLPHOSPHIN..., SK&F 39162, 321521]",NA,"FDA approved",3,"auranofin_cellminercdb.html","<a href='https://discovery.nci.nih.gov/drugs/cellminercdb/auranofin_cellminercdb.html' target='_blank'>details</a>"
"720","atorvastatin calcium (usan)","[ATORVASTATIN CALCIUM (USAN), , H004, ATORVASTATIN CALCIUM, ATORVASTATIN CALCIUM, ATORVASTATIN CALCIUM (USAN), , ATORVASTATIN CALCIUM , , H004, ATORVASTATIN CALCIUM, H004, 758617,  779709, ATORVASTATIN]",NA,NA,4,"atorvastatin_calcium_(usan)_cellminercdb.html","<a href='https://discovery.nci.nih.gov/drugs/cellminercdb/atorvastatin_calcium_(usan)_cellminercdb.html' target='_blank'>details</a>"
"721","CC-223","[CC-223, CC223, PBLJ9268, 792971, ONATASERTIB]","PK:MTOR","Clinical trial",4,"CC-223_cellminercdb.html","<a href='https://discovery.nci.nih.gov/drugs/cellminercdb/CC-223_cellminercdb.html' target='_blank'>details</a>"
"722","RO-4987655","[RO-4987655, 3,4-DIFLUORO-2-[(2-FLUORO-4-IODOPHENYL)AMINO]-N-(2-HYDRO..., CH-4987655, CIF, R-7167, RG-7167, CH-4987655,  RO-4987655, 762521]","PK:STK,MAP2K","Clinical trial",5,"RO-4987655_cellminercdb.html","<a href='https://discovery.nci.nih.gov/drugs/cellminercdb/RO-4987655_cellminercdb.html' target='_blank'>details</a>"
"723","Brivanib","[BRIVANIB, BRIVANIB ALANINATE, BMS-582664, (S)-(R)-1-((4-((4-FLUORO-2-METHYL-1H-INDOL-5-YL)OXY)-5-M..., KIN0000063, 764481, 649735-46-6, BMS 540215, BMS-540215, UNII-DDU33B674I, 649735-63-7, BMS582664, BRIVANIB (ALANINATE), BRIVANIB, BMS-540215]","PK:YK,FGFR,VEGFR,FGFR1,FGFR2,FGFR3,KDR","Clinical trial",7,"Brivanib_cellminercdb.html","<a href='https://discovery.nci.nih.gov/drugs/cellminercdb/Brivanib_cellminercdb.html' target='_blank'>details</a>"
"724","BAY-1217389","[BAY-1217389, PB92005, N-CYCLOPROPYL-4-[6(2,3-DIFLUORO-4-METHOXYPHENOXY)-8-[(3,..., BAY 1217389, BAY1217389, 787026]","IDUA","Clinical trial",4,"BAY-1217389_cellminercdb.html","<a href='https://discovery.nci.nih.gov/drugs/cellminercdb/BAY-1217389_cellminercdb.html' target='_blank'>details</a>"
"725","timazid","[TIMAZID, ZIDOVUDINE, 3'-AZIDO-3'-DEOXYTHYMIDINE, THYMIDINE,3'-AZIDO-3'-DEOXY- (7CI, 8CI, 9CI), BW-A 509U, 3'-AZIDOTHYMIDINE, AZIDOTHYMIDINE, RETROVIR, AZT, 3'-DEOXY-3'-AZIDOTHYMIDINE, ZDV, AZITIDIN, 602670]",NA,"FDA approved",3,"timazid_cellminercdb.html","<a href='https://discovery.nci.nih.gov/drugs/cellminercdb/timazid_cellminercdb.html' target='_blank'>details</a>"
"726","TP-3654","[TP-3654, TP3654, CS-6293, 805149]","PK:PIM1,PIM3","Clinical trial",4,"TP-3654_cellminercdb.html","<a href='https://discovery.nci.nih.gov/drugs/cellminercdb/TP-3654_cellminercdb.html' target='_blank'>details</a>"
"727","dermazin","[DERMAZIN, SILVER SULFADIAZINE, BENZENESULFONAMIDE,4-AMINO-N-2-PYRIMIDINYL-, SILVER COMPLEX, SULFANILAMIDE,N1-2-PYRIMIDINYL-, MONOSILVER(1+) SALT (8CI), SILVER,(4-AMINO-N-2-PYRIMIDINYLBENZENESULFONAMIDATO-NN,O1)-, SILVER, [4-AMINO-N-(2-PYRIMIDINYL-.KAPPA.N1) BENZENESULF..., FLAMAZINE, SILVER SULPHADIAZINE, SULFADIAZINE SILVERSILVADENE, 625324, SULFADIAZINE]",NA,NA,3,"dermazin_cellminercdb.html","<a href='https://discovery.nci.nih.gov/drugs/cellminercdb/dermazin_cellminercdb.html' target='_blank'>details</a>"
"728","[9s-(9-.alpha.-10-.beta.-11-.beta.-13-.alpha.)]-n-(2,3,1...","[, [9S-(9-.ALPHA.-10-.BETA.-11-.BETA.-13-.ALPHA.)]-N-(2,3,..., STAUPRIMIDE, [9S-(9-.ALPHA.-10-.BETA.-11-.BETA.-13-.ALPHA.)]-N-(2,3,1..., 756058]",NA,NA,3,"[9s-(9-.alpha.-10-.beta.-11-.beta.-13-.alpha.)]-n-(2,3,1..._cellminercdb.html","<a href='https://discovery.nci.nih.gov/drugs/cellminercdb/[9s-(9-.alpha.-10-.beta.-11-.beta.-13-.alpha.)]-n-(2,3,1..._cellminercdb.html' target='_blank'>details</a>"
"729","AM-5992","[AM-5992, A-1611, 777879]","PK:CDK,FLT,FLT3","Clinical trial",4,"AM-5992_cellminercdb.html","<a href='https://discovery.nci.nih.gov/drugs/cellminercdb/AM-5992_cellminercdb.html' target='_blank'>details</a>"
"730","Withaferin A","[WITHAFERIN A, WLN: T3 F5 E666 1A R AXO OV PU CH&TTTTJ J1 N1 RQ IY1&- F..., ERGOSTA-2,24-DIEN-26-OIC ACID, 5,6-EPOXY-4,22,27-TRIHYDR..., 5.BETA.-ERGOSTA-2,24-DIEN-26-OIC ACID, 5,6.BETA.-EPOXY-4..., 101088]",NA,NA,3,"Withaferin_A_cellminercdb.html","<a href='https://discovery.nci.nih.gov/drugs/cellminercdb/Withaferin_A_cellminercdb.html' target='_blank'>details</a>"
"731","brigatinib","[AP-26113, BRIGATINIB, CS-4278, AP26113, ARIAD ALK/EGFR INHIBITOR RELATED TO AP-26113, 2,4-PYRIMIDINEDIAMINE, 5-CHLORO-N4-[2-(DIMETHYLPHOSPHINY..., 787457, 784728]","PK:YK,IGF1R,ALK,EGFR","FDA approved",5,"brigatinib_cellminercdb.html","<a href='https://discovery.nci.nih.gov/drugs/cellminercdb/brigatinib_cellminercdb.html' target='_blank'>details</a>"
"732","EPZ-020411","[EPZ-020411, A-1962, EPZ020411, 790865]","PRMT6","Clinical trial",4,"EPZ-020411_cellminercdb.html","<a href='https://discovery.nci.nih.gov/drugs/cellminercdb/EPZ-020411_cellminercdb.html' target='_blank'>details</a>"
"733","CPI-0610","[CPI-0610, CPI0610, A-9047, CPI 0610, 784856]","BRD","Clinical trial",4,"CPI-0610_cellminercdb.html","<a href='https://discovery.nci.nih.gov/drugs/cellminercdb/CPI-0610_cellminercdb.html' target='_blank'>details</a>"
"734","Barasertib","[BARASERTIB, AZD-1152-HQPA , AZD1152-HQPA, CS-0163, AZD-1152, AZD-1152-HQPA, BARASERTIB-HQPA, BARASETIB, 757444, 722543-31-9, AZD1152, UNII-16XC2U7W8N]","PK:STK,AURK","Clinical trial",7,"Barasertib_cellminercdb.html","<a href='https://discovery.nci.nih.gov/drugs/cellminercdb/Barasertib_cellminercdb.html' target='_blank'>details</a>"
"735","GSK-2141795","[GSK-2141795, GSK2141795, 778368, UPROSERTIB]","PK:AKT","Clinical trial",6,"GSK-2141795_cellminercdb.html","<a href='https://discovery.nci.nih.gov/drugs/cellminercdb/GSK-2141795_cellminercdb.html' target='_blank'>details</a>"
"736","BMS-986158","[BMS-986158, BMS986158, CT-BMS986, 801230]",NA,"Clinical trial",4,"BMS-986158_cellminercdb.html","<a href='https://discovery.nci.nih.gov/drugs/cellminercdb/BMS-986158_cellminercdb.html' target='_blank'>details</a>"
"737","rifa","[RIFA, RIFAMPIN, RIFAMYCIN AMP, RIFAMPICIN, RIFALDIN, RIFAMPICIN SV, RIFAMPIN(USAN), 3-[(4-METHYL-1-PIPERAZINYL)IMINOMETHYL]RIFAMYCIN SV, RIMAZID, RIFOLDIN, BA 41166, WLN: V1 WQ A&1 E&1 E1UN- AT6N DNTJ D1, RIMACTAN, BA 41166/E, RIMACTANE, RIFORAL, RIFAMPICINE (FRENCH), RIFAMYCIN, 3-[[(4-METHYL-1-PIPERAZINYL)IMINO]METHYL]- (9CI), RIFAGEN, 3-([(4-METHYL-1-PIPERAZINYL)IMINO]METHYL)RIFAMYCIN SV, RIFADINE, RAMP, TUBOCIN, RIFADIN, RIFOLDINE, ARCHIDYN, R/AMP (VAN), STEREOISOMER OF 5,6,9,17,19,21-HEXAHYDROXY-23-METHOXY-2,..., 8-[[(4-METHYL-1-PIPERAZINYL)IMINO]METHYL]RIFAMYCIN SV, L-5103 LEPETIT, 2,7-(EPOXYPENTADECA[1,11,13]TRIENIMINO)NAPHTHO[2,1-B]FUR..., 8-[[(4-METHYLPIPERAZINYL)IMINO]METHYL]RIFAMYCIN SV, RIFAPRODIN, RIFOMYCIN SV, 8-[N-(4-METHYL-1-PIPERAZINYL)FORMIDOYL]-, RIFALDAZINE, 113926]",NA,"FDA approved",4,"rifa_cellminercdb.html","<a href='https://discovery.nci.nih.gov/drugs/cellminercdb/rifa_cellminercdb.html' target='_blank'>details</a>"
"738","simeon","[SIMEON, PROSCILLARIDIN, PROSCILLARIDINE, WIRNESIN, SANDOSCILL, P8334, PROSTOSIN, TRANSVAALIN, DEGLUCO-, [(6-DEOXY-.ALPHA.-L-MANNOPYRANOSYL)OXY]-14-HYDROXYBUFA-4..., PROSCILLARIDIN-A, CARDIOVITE, SCILLACRIST, PSC-801, DESGLUCO-TRANSVAALIN3.BETA.,14.BETA.-DIHYDROXYBUFA-4,20,..., SCILLARENIN 3.BETA.-RHAMNOSIDE, CARADRIN, SCILLARENIN, 3.ALPHA.-L-RHAMNOPYRANOSIDE, PROSCILLARIDIN A, 14-HYDROXY-3.BETA.-(RHAMNOSYLOXY)BUFA-4,20,22-TRIENOLIDE, TALUSIN, PROCARDIN, URGILAN, A-32686, 3.BETA.-RHAMNOSIDO-14.BETA.-HYDROXY-.DELTA.(SUP 4,20,22)..., HBL0000188, PROSCILLAN, PROSZIN, RHAMNOPYRANOSIDE, SCILLARENIN-3, .ALPHA.-L-, CARADRINE, BUFA-4,20,22-TRIENOLIDE, 3.BETA.-[(6-DEOXY-.ALPHA.-L-MAN..., BUFA-4,20,22-TRIENOLIDE, 3.BETA.-[(16-DEOXY-.ALPHA.-L-MA..., TRADENAL, CORATOL, WLN: L E5 B666 MUTJ A1 E1 IQ F- ET6OVJ& O- BT6OTJ CQ DQ ..., DESGLUCOTRANSVAALINE, CARMAZON, HERZO PROSCILLAN, STELLARID, BUFA-4,20,22-TRIENOLIDE, 3-[(6-DEOXY-.ALPHA.-L-MANNOPYRA..., PROSLLADIN, SOLESTRIL, PROTASIN, CARDION, PROSCILLARIDIN A (8CI), PROSCILL, 7521]",NA,NA,4,"simeon_cellminercdb.html","<a href='https://discovery.nci.nih.gov/drugs/cellminercdb/simeon_cellminercdb.html' target='_blank'>details</a>"
"739","NMS-1286937","[NMS-1286937, NMS-P937, CT-NMS128, 781344, ONVANSERTIB]","PK:PLK1","Clinical trial",5,"NMS-1286937_cellminercdb.html","<a href='https://discovery.nci.nih.gov/drugs/cellminercdb/NMS-1286937_cellminercdb.html' target='_blank'>details</a>"
"740","pepstatin","[PEPSTATIN, PEPSTATIN (USAN), PEPSTATIN A (8CI9CI), HEPTANOIC ACID, N-(3-METHYL-1-OXOBUTYL)-L-VALYL-L-VALYL-..., N-(3-METHYL-1-OXOBUTYL)-L-VALYL-L-VALYL-4-AMINO-3-HYDROX..., 272671]",NA,NA,4,"pepstatin_cellminercdb.html","<a href='https://discovery.nci.nih.gov/drugs/cellminercdb/pepstatin_cellminercdb.html' target='_blank'>details</a>"
"741","Caffeic Acid","[CAFFEIC ACID, 3-(3,4-DIHYDROXYPHENYL)PROPENOIC ACID, 3-(3,4-DIHYDROXY PHENYL)-2-PROPENOIC ACID, 3,4-DIHYDROXYBENZENEACRYLIC ACID, 2-PROPENOIC ACID, 3-(3,4-DIHYDROXYPHENYL)- (9CI), 4-(2'-CARBOXYVINYL)-1,2-DIHYDROXYBENZENE, CINNAMIC ACID, 3,4-DIHYDROXY- (8CI), 4-(2-CARBOXYETHENYL)-1,2-DIHYDROXYBENZENE, 3,4-DIHYDROXYCINNAMIC ACID, 57197, CAFFEIC-ACID]",NA,"FDA approved",4,"Caffeic_Acid_cellminercdb.html","<a href='https://discovery.nci.nih.gov/drugs/cellminercdb/Caffeic_Acid_cellminercdb.html' target='_blank'>details</a>"
"742","tic10","[TIC10, TIC-10, CS-3564, TIC 10, ONC201, ONC-201, ONC 201, 350625]",NA,"Clinical trial",5,"tic10_cellminercdb.html","<a href='https://discovery.nci.nih.gov/drugs/cellminercdb/tic10_cellminercdb.html' target='_blank'>details</a>"
"743","VS-4718","[VS-4718, PND-1186, PND1186, A-1356, CS-1584, 783102, NCGC00242487]","PK:FAK","Clinical trial",5,"VS-4718_cellminercdb.html","<a href='https://discovery.nci.nih.gov/drugs/cellminercdb/VS-4718_cellminercdb.html' target='_blank'>details</a>"
"744","LY-3009120","[LY-3009120, NULL, 781761]","PK:BRAF,RAF1","Clinical trial",4,"LY-3009120_cellminercdb.html","<a href='https://discovery.nci.nih.gov/drugs/cellminercdb/LY-3009120_cellminercdb.html' target='_blank'>details</a>"
"745","Acetylcysteine","[ACETYLCYSTEINE, L-ACETYLCYSTEINE, L-CYSTEINE, N-ACETYL-, (9CI), ACETYLCYSTEINE(USAN), NAC, 138061, MERCAPTURIC ACID, FLUIMUCIL, MUCOLYTIKUM LAPPE, RESPAIRE, FLUMUCETIN, MUCOSOLVIN, L-CYSTEINE, N-ACETYL- (9CI), N-ACETYL-L-CYSTEINE, 5052, N-ACETYLCYSTEINE, AIRBRON, ACETEIN, FLUMICIL, WLN: SH1YVQMV1 -L, MERCAPTURIC ACID, (R)-, COMPONENT OF NAXID, NAC-TB, MUCOLYTICUM LAPPE, BRONCHOLYSIN, MUCOMYST, MUCOLYTICUM-LAPPE, FLUIMUCETIN, SODIUM 2-ACETAMIDO-3-MERCAPTOPROPIONATE, CYSTEINE, N-ACETYL-, L- (8CI), PARVOLEX, 111180, N-ACETYL CYSTEINE]",NA,"FDA approved",5,"Acetylcysteine_cellminercdb.html","<a href='https://discovery.nci.nih.gov/drugs/cellminercdb/Acetylcysteine_cellminercdb.html' target='_blank'>details</a>"
"746","CO-1686","[CO-1686, ROCILETINIB, CT-CO1686, AVL-301, CO1686, 779405]","PK:EGFR","FDA approved",5,"CO-1686_cellminercdb.html","<a href='https://discovery.nci.nih.gov/drugs/cellminercdb/CO-1686_cellminercdb.html' target='_blank'>details</a>"
"747","altiratinib","[ALTIRATINIB, , ALTIRATINIB, 784590]","PK:MET,NTRK,VEGFR,TEK,KDR","Clinical trial",4,"altiratinib_cellminercdb.html","<a href='https://discovery.nci.nih.gov/drugs/cellminercdb/altiratinib_cellminercdb.html' target='_blank'>details</a>"
"748","GSK-295","[GSK-295, GSK-923295, A-1966, GSK923295, GSK-923295A, 789041]","CENP","Clinical trial",4,"GSK-295_cellminercdb.html","<a href='https://discovery.nci.nih.gov/drugs/cellminercdb/GSK-295_cellminercdb.html' target='_blank'>details</a>"
"749","echinomycin","[ECHINOMYCIN, FISHER BIOSERVICES,526417, ECHINOMYCIN A, 2-QUINOXALINECARBOXMIDE,  N,N'-[2,4,12,15,17,25-HEXAMETH..., S-426-S (LEPETIT), ECHINOMYCIN (8CI), QUINOMYCIN A (9CI), LEVOMYCIN, WLN:  T C-16-6-16-/CE& A B C- C- 2CP E& AS CX C-S DNV GM..., 526417]",NA,NA,4,"echinomycin_cellminercdb.html","<a href='https://discovery.nci.nih.gov/drugs/cellminercdb/echinomycin_cellminercdb.html' target='_blank'>details</a>"
"750","Idebenone","[IDEBENONE, 759228]",NA,"FDA approved",3,"Idebenone_cellminercdb.html","<a href='https://discovery.nci.nih.gov/drugs/cellminercdb/Idebenone_cellminercdb.html' target='_blank'>details</a>"
"751","Zalcitabine","[ZALCITABINE, 2',3'-DIDEOXYCYTIDINE (DDC), 2',3'-DIDEOXYCYTIDINE, 606170]","Ds","FDA approved",3,"Zalcitabine_cellminercdb.html","<a href='https://discovery.nci.nih.gov/drugs/cellminercdb/Zalcitabine_cellminercdb.html' target='_blank'>details</a>"
"752","dthyd","[DTHYD, TELBIVUDINE, 2,4(1H,3H)-PYRIMIDINEDIONE, 1-(2-DEOXY-.BETA.-D-RIBOFURA..., DEOXYTHYMIDINE, 2'-DEOXYTHYMIDINE, .BETA.-D-RIBOFURANOSIDE, THYMINE-1 2-DEOXY-, 5-METHYLDEOXYURIDINE, DT, THYMIDINE (8CI 9CI), THYMIDIN, THYMINEDEOXYRIBOSIDE, THYMIDINE, DEOXYTHYMIDIN, THYMINE-2-DESOXYRIBOSIDE, URIDINE, 2'-DEOXY-5-METHYL-, 2,4(1H,3H)-PYRIMIDINEDIONE, 1-(2-DEOXY-.BETA.-D-ERYTHRO-..., 21548]",NA,NA,3,"dthyd_cellminercdb.html","<a href='https://discovery.nci.nih.gov/drugs/cellminercdb/dthyd_cellminercdb.html' target='_blank'>details</a>"
"753","CB-839","[CB-839, TELAGLENASTAT, CB 839, CS-3393, CB839, 783415]","GLS","Clinical trial",4,"CB-839_cellminercdb.html","<a href='https://discovery.nci.nih.gov/drugs/cellminercdb/CB-839_cellminercdb.html' target='_blank'>details</a>"
"754","cinchonidine","[CINCHONIDINE, CINCHONINE, CINCHONIDINE (8CI), CINCHOVATINE (VAN), WLN: T66 BNJ EYQ- DT66 A B CNTJ A1U1, CINCHONAN-9-OL, (8.ALPHA.,9R)- (9CI), .ALPHA.-QUINIDINE, (-)-CINCHONIDINE, 2-QUINUCLIDINEMETHANOL, .ALPHA.-4-QUINOLYL-5-VINYL-, 5364]",NA,"FDA approved",3,"cinchonidine_cellminercdb.html","<a href='https://discovery.nci.nih.gov/drugs/cellminercdb/cinchonidine_cellminercdb.html' target='_blank'>details</a>"
"755","Brequinar","[BREQUINAR, BREQUINAR SODIUM, BPQ, 4-QUINOLINECARBOXYLIC ACID, 6-FLUORO-2-(2'-FLUORO- [1,1'..., DUP 785, BIPHENQUINATE, BIPENQUINATE, 368390]","Ds|Rs",NA,4,"Brequinar_cellminercdb.html","<a href='https://discovery.nci.nih.gov/drugs/cellminercdb/Brequinar_cellminercdb.html' target='_blank'>details</a>"
"756","oxibendazole (usan)","[OXIBENDAZOLE (USAN), OXIBENDAZOLE, , OXIBENDAZOLE , 758459]",NA,NA,4,"oxibendazole_(usan)_cellminercdb.html","<a href='https://discovery.nci.nih.gov/drugs/cellminercdb/oxibendazole_(usan)_cellminercdb.html' target='_blank'>details</a>"
"757","volitinib","[SAVOLITINIB, AZD 6094, VOLITINIB, A-1316, AZD-6094, AZD6094, HMPL-504, HMPL 504, HMPL504, 782121]","PK:MET","Clinical trial",5,"volitinib_cellminercdb.html","<a href='https://discovery.nci.nih.gov/drugs/cellminercdb/volitinib_cellminercdb.html' target='_blank'>details</a>"
"758","Hydroxychloroquine Sulfate","[HYDROXYCHLOROQUINE SULFATE, HYDROXYCHLOROQUINE, ETHANOL, 2-[[4-[(7-CHLORO-4-QUINOLYL)AMINO]PENTYL]ETHYLA..., PLAQUENIL SULFATE, ETHANOL, 2-[[4-[(7-CHLORO-4-QUINOLINYL)AMINO]PENTYL]ETHY..., 4375]","Immunomodulatory","FDA approved",3,"Hydroxychloroquine_Sulfate_cellminercdb.html","<a href='https://discovery.nci.nih.gov/drugs/cellminercdb/Hydroxychloroquine_Sulfate_cellminercdb.html' target='_blank'>details</a>"
"759","ABL-001","[ASCIMINIB, ABL-001, 3-PYRIDINECARBOXAMIDE, N-[4-(CHLORODIFLUOROMETHOXY)PHENY..., 789925]","BCR-ABL","FDA approved",4,"ABL-001_cellminercdb.html","<a href='https://discovery.nci.nih.gov/drugs/cellminercdb/ABL-001_cellminercdb.html' target='_blank'>details</a>"
"760","sos bismethanol","[SOS BISMETHANOL, RITA, FURAN, 2,5-BIS[5-(HYDROXYMETHYL)-2-THIENYL]-, THIOPHENE-2-METHANOL, 5,5'-(2,5-FURANDIYL)BIS-, 652287]",NA,NA,4,"sos_bismethanol_cellminercdb.html","<a href='https://discovery.nci.nih.gov/drugs/cellminercdb/sos_bismethanol_cellminercdb.html' target='_blank'>details</a>"
"761","LY-3154567","[NAMPT-IN-1, A-1963, LY3154567, CS-5008, LY-3154567, 789099]","NAMPT","Clinical trial",4,"LY-3154567_cellminercdb.html","<a href='https://discovery.nci.nih.gov/drugs/cellminercdb/LY-3154567_cellminercdb.html' target='_blank'>details</a>"
"762","Bruceantin","[BRUCEANTIN, NSC 165563, PICRAS-3-EN-21-OIC ACID, 15-[(3,4-DIMETHYL-1-OXO-2-PENTE..., 2H-3,11C-(EPOXYMETHANO)PHENANTHRO[10,1-BC]PYRAN, PICRAS-..., 165563]","MYC",NA,4,"Bruceantin_cellminercdb.html","<a href='https://discovery.nci.nih.gov/drugs/cellminercdb/Bruceantin_cellminercdb.html' target='_blank'>details</a>"
"763","SB-202190","[SB-202190, SB202190, CS-0141, 789969]","PK:MAPK14","Clinical trial",4,"SB-202190_cellminercdb.html","<a href='https://discovery.nci.nih.gov/drugs/cellminercdb/SB-202190_cellminercdb.html' target='_blank'>details</a>"
"764","entosplenitib","[ENTOSPLETINIB, GS-9973, CT-GS9973, 781516, ENTOSPLENITIB]","PK:SYK","Clinical trial",5,"entosplenitib_cellminercdb.html","<a href='https://discovery.nci.nih.gov/drugs/cellminercdb/entosplenitib_cellminercdb.html' target='_blank'>details</a>"
"765","ergenyl","[ERGENYL, VALPROATE SODIUM, DPA (VAN), VALERIC ACID, 2-PROPYL- (8CI), 44089, PENTANOIC ACID, 2-PROPYL- (9CI), VALPROIC ACID, 2 PP (BASE), CONVULEX, DIPROPYLACETIC ACID, 2-PROPYLPENTANOIC ACID, MYLPROIN, DEPAKINE, ACETIC ACID, DIPROPYL-, 4-HEPTANECARBOXYLIC ACID, WLN: QVY3 & 3, N-DIPROPYLACETIC ACID, 2-PROPYLVALERIC ACID, 93819]","PK:GSK3A,GSK3B","FDA approved",3,"ergenyl_cellminercdb.html","<a href='https://discovery.nci.nih.gov/drugs/cellminercdb/ergenyl_cellminercdb.html' target='_blank'>details</a>"
"766","malacid","[MALACID, MALACID, PYRIMETHAMINE, PYRIMETHAMINE (USAN), , PYRIMETHAMINE , MALACID, PYRIMETHAMINE, 2,4-DIAMINO-5-(4-CHLOROPHENYL)-6-ETHYLPYRIMIDINE, RP 4753, KHLORIDIN, MALOPRIM, PYREMETHAMINE, DARACLOR, 2,4-PYRIMIDINEDIAMINE, 5-(P-CHLOROPHENYL)-6-ETHYL-, BW 5063, MALOCIDE, PIRIMETAMIN, TINDURIN, ERBAPRELINA, 2,4-DIAMINO-5-(P-CHLOROPHENYL)-6-ETHYLPYRIMIDINE, DARAPRIM, 2,4-DIAMINO-5-CHLOROPHENYL-6-ETHYLPYRIMIDINE, 5-(4-CHLOROPHENYL)-6-ETHYL-2,4-PYRIMIDINEDIAMINE, WLN: T6N CNJ BZ DZ ER DG& F2, CHLORIDINE, DARAPRAM, PRIMETHAMINE, CD, NCI-C01683, DARACHLOR, DIAMINOPYRITAMIN, PIRIMECIDAN, ETHYLPYRIMIDINE, PYRIMIDINE, 2,4-DIAMINO-5-(P-CHLOROPHENYL)-6-ETHYL- (8CI), NSC-3061, 4753 R.P., DARAPRIME, 5-(4'-CHLOROPHENYL)-2,4-DIAMINO-6-ETHYLPYRIMIDINE, BW 50-63, MALOCID, PYRIMETHAMIN, CHLORIDIN, 2,4-PYRIMIDINEDIAMINE, 5-(4-CHLOROPHENYL)-6-ETHYL- (9CI), 757306,  3061, 58-14-0]","DHFR","FDA approved",6,"malacid_cellminercdb.html","<a href='https://discovery.nci.nih.gov/drugs/cellminercdb/malacid_cellminercdb.html' target='_blank'>details</a>"
"767","isotetrandrine","[ISOTETRANDRINE, DL-TETRANDRINE, 1-ISOTETRANDRINE (8CI), BERBAMAN, 6,6',7,12-TETRAMETHOXY-2,2'-DIMETHYL- (9CI), (+)-ISOTETRANDRINE, 97338]",NA,NA,4,"isotetrandrine_cellminercdb.html","<a href='https://discovery.nci.nih.gov/drugs/cellminercdb/isotetrandrine_cellminercdb.html' target='_blank'>details</a>"
"768","CEP-40783","[CEP-40783, CEP40783, A-6502, 797770]",NA,"Clinical trial",4,"CEP-40783_cellminercdb.html","<a href='https://discovery.nci.nih.gov/drugs/cellminercdb/CEP-40783_cellminercdb.html' target='_blank'>details</a>"
"769","LY-3023414","[LY-3023414, LY3023414, A-1704, 789968, SAMOTOLISIB]","PK:PIK3,MTOR","Clinical trial",5,"LY-3023414_cellminercdb.html","<a href='https://discovery.nci.nih.gov/drugs/cellminercdb/LY-3023414_cellminercdb.html' target='_blank'>details</a>"
"770","PF-06747775","[PF-06747775, A-1391, PF06747775, 788365, MAVELERTINIB]","PK:EGFR","Clinical trial",4,"PF-06747775_cellminercdb.html","<a href='https://discovery.nci.nih.gov/drugs/cellminercdb/PF-06747775_cellminercdb.html' target='_blank'>details</a>"
"771","PTC-691","[PTC-691, A-9018, PTC691, PTC 691, 782006]","PK:RET","Clinical trial",4,"PTC-691_cellminercdb.html","<a href='https://discovery.nci.nih.gov/drugs/cellminercdb/PTC-691_cellminercdb.html' target='_blank'>details</a>"
"772","oxfendazole (usan)","[OXFENDAZOLE (USAN), OXFENDAZOLE, , OXFENDAZOLE , 758943]",NA,NA,3,"oxfendazole_(usan)_cellminercdb.html","<a href='https://discovery.nci.nih.gov/drugs/cellminercdb/oxfendazole_(usan)_cellminercdb.html' target='_blank'>details</a>"
"773","ARV-825","[ARV-825, ARV825, CS-4776, CT-ARV825, 789043]","BRD","Clinical trial",4,"ARV-825_cellminercdb.html","<a href='https://discovery.nci.nih.gov/drugs/cellminercdb/ARV-825_cellminercdb.html' target='_blank'>details</a>"
"774","BPTES","[BPTES, SNX-1770, CS-4586, SNX1770, 798303]","GLS","Clinical trial",5,"BPTES_cellminercdb.html","<a href='https://discovery.nci.nih.gov/drugs/cellminercdb/BPTES_cellminercdb.html' target='_blank'>details</a>"
"775","pmsf","[PMSF, PHENYLMETHYLSULFONYLFLUORIDE, BENZYLSULFONYL FLUORIDE, PHENYLMETHANESULFONYL FLUROIDE, PHENYLMETHANESULFONYL FLUORIDE, WLN: WSF1R, PHENYLMETHYLSULFONYL FLUORIDE, .ALPHA.-TOLUENESULFONYL FLUORIDE (8CI), BENZENEMETHANESULFONYL FLUORIDE (9CI), 88499]",NA,NA,3,"pmsf_cellminercdb.html","<a href='https://discovery.nci.nih.gov/drugs/cellminercdb/pmsf_cellminercdb.html' target='_blank'>details</a>"
"776","RX-5902","[, 4-(3, 5-DIMETHOXYPHENYL)-N-(7-FLUORO-3-METHOXYQUINOXALI..., , RX-5902 (SUPINOXIN), , 4-(3, 5-DIMETHOXYPHENYL)-N-(7-FLUORO-3-METHOXYQUINOXALI..., 4-(3, 5-DIMETHOXYPHENYL)-N-(7-FLUORO-3-METHOXYQUINOXALIN..., SUPINOXIN, RX-5902, CT-RX5902, 779374,  793148, SUPINOXIN]",NA,"Clinical trial",4,"RX-5902_cellminercdb.html","<a href='https://discovery.nci.nih.gov/drugs/cellminercdb/RX-5902_cellminercdb.html' target='_blank'>details</a>"
"777","Leflunomide","[LEFLUNOMIDE, ISOXAZOLE-4-CARBOXAMIDE, 5-METHYL-N-[4-(TRIFLUOROMETHYL)..., HWA 486, 677411]","PK:JAK1,JAK2","FDA approved",4,"Leflunomide_cellminercdb.html","<a href='https://discovery.nci.nih.gov/drugs/cellminercdb/Leflunomide_cellminercdb.html' target='_blank'>details</a>"
"778","helatac","[HELATAC, PARBENDAZOLE, CARBAMIC ACID, (5-BUTYL-1H-BENZIMIDAZOL-2-YL)-, METHYL E..., WORM GUARD, 2-BENZIMIDAZOLECARBAMIC ACID, 5-BUTYL-, METHYL ESTER (8CI), METHYL 5(6)-BUTYL-2-BENZIMIDAZOLECARBAMATE, 2H-BENZIMIDAZOLE, CARBAMIC ACID DERIV., METHYL 5-BUTYLBENZIMIDAZOLE-2-CARBAMATE, PARBENDAZOLE(USAN), (5-BUTYL-2-BENZIMIDAZOLE)CARBAMIC ACID METHYL ESTER, METHYL 5-BUTYL-2-BENZIMIDAZOLECARBAMATE, SK&F 29044, SKF 29044, WLN: T56 BM DNJ CMVO1 G4, HELMATAC, 5-BUTYL-2-(CARBOMETHOXYAMINO)BENZIMIDAZOLE, 256420]",NA,NA,4,"helatac_cellminercdb.html","<a href='https://discovery.nci.nih.gov/drugs/cellminercdb/helatac_cellminercdb.html' target='_blank'>details</a>"
"779","GDC-0339","[GDC-0339, CS-4775, GDC0339, 791495]","PK:PIM1,PIM2,PIM3","Clinical trial",4,"GDC-0339_cellminercdb.html","<a href='https://discovery.nci.nih.gov/drugs/cellminercdb/GDC-0339_cellminercdb.html' target='_blank'>details</a>"
"780","LGK-974","[LGK-974, LGK974, LGK 974, 777639, WNT-974]","Wnt|PORCN","Clinical trial",6,"LGK-974_cellminercdb.html","<a href='https://discovery.nci.nih.gov/drugs/cellminercdb/LGK-974_cellminercdb.html' target='_blank'>details</a>"
"781","AZD-8186","[AZD-8186, AZD8186, ENVIRONMENTALLY HAZARDOUS SUBSTANCE, SOLID, N.O.S. (AZD8..., A-1610, CS-4975, 777572]","PI3KB|PK:PIK3","Clinical trial",6,"AZD-8186_cellminercdb.html","<a href='https://discovery.nci.nih.gov/drugs/cellminercdb/AZD-8186_cellminercdb.html' target='_blank'>details</a>"
"782","BAY-1143572","[ATUVECICLIB, BAY1143572, BAY 1143572, BAY-1143572, 786098]","PK:CDK,CDK9","Clinical trial",4,"BAY-1143572_cellminercdb.html","<a href='https://discovery.nci.nih.gov/drugs/cellminercdb/BAY-1143572_cellminercdb.html' target='_blank'>details</a>"
"783","bisbid","[BISBID, PROBUCOL, LORELCO, BISPHENABID, 4,4'-(ISOPROPYLIDENEDITHIO)BIS(2,6-DI-TERT-BUTYLPHENOL), LESTEROL, ACETONE BIS(3,5-DI-TERT-BUTYL-4-HYDROXYPHENYL) MERCAPTOLE, 4,4'-(ISOPROPYLIDENEDITHIO)BIS[2,6-DI-TERT-BUTYLPHENOL], BIPHENABID, PROBUCOL(USAN), PHENOL, 4,4'-[(1-METHYLETHYLIDENE)BIS(THIO)]BIS[2,6-BIS(..., ACETONE, BIS(3,5-DI-TERT-BUTYL-4-HYDROXYPHENYL) MERCAPTO..., DH-581, DH 581, LURSELL, 86225]",NA,NA,3,"bisbid_cellminercdb.html","<a href='https://discovery.nci.nih.gov/drugs/cellminercdb/bisbid_cellminercdb.html' target='_blank'>details</a>"
"784","Ariad Alk/EGFR inhibitor related to AP-26113","[ARIAD ALK/EGFR INHIBITOR RELATED TO AP-26113, AP-26113, , A3622, A3622, 776763]","PK:ALK,EGFR",NA,3,"Ariad_Alk-EGFR_inhibitor_related_to_AP-26113_cellminercdb.html","<a href='https://discovery.nci.nih.gov/drugs/cellminercdb/Ariad_Alk-EGFR_inhibitor_related_to_AP-26113_cellminercdb.html' target='_blank'>details</a>"
"785","badil","[BADIL, BADIL, GENTIAN VIOLET, BADIL, GENTIAN VIOLET, HEXAMETHYL-P-ROSANILINE CHLORIDE, CRYSTAL VIOLET FN, HIDACO CRYSTAL VIOLET, HEXAMETHYL VIOLET, METHANAMINIUM, N-[4-[BIS[4-(DIMETHYLAMINO)PHENYL]METHYLE..., VERMICID, CRYSTAL VIOLET EXTRA PURE, BISMUTH VIOLET, AMMONIUM, [4-[BIS[P-(DIMETHYLAMINO)PHENYL]METHYLENE]-2,5..., CRYSTAL VIOLET, CRYSTAL VIOLET HL2, CI 42555, ANILINE VIOLET PYOKTANINE, AIZEN CRYSTAL VIOLET EXTRA PURE, AIZEN CRYSTAL VIOLET, METHYL VIOLET 5BO, VIANIN, CRYSTAL VIOLET 10B, VIOLET XXIII, OXYOZYL, GV-ELEVEN, HECTO VIOLET R, CRYSTAL VIOLET AO, VIOLET 6BN, OXYCOLOR, CRYSTAL VIOLET USP, PARAROSANILINE, N,N,N',N',N'',N''-HEXAMETHYL-, CHLORIDE, METHYL VIOLET 10BD, HEXAMETHYLPARAROSANILINE CHLORIDE, CRYSTAL VIOLET CHLORIDE SALT, METHYL VIOLET 10BN, CRYSTAL VIOLET SS, MEROXYLAN-WANDER, METHYL VIOLET 10BK, AVERMIN, METHYL VIOLET 10BO, BASIC VIOLET BN, PAPER BLUE R, CRYSTAL VIOLET AON, CRYSTAL VIOLET EXTRA PURE APN, CRYSTAL VIOLET 6BO, CRYSTAL VIOLET BP, CRYSTAL VIOLET EXTRA PURE APNX, MITSUI CRYSTAL VIOLET, CALCOZINE VIOLET 6BN, GENTIAVERM, METHYL VIO, 757050,  3090, CRYSTAL-VIOLET]",NA,"FDA approved",4,"badil_cellminercdb.html","<a href='https://discovery.nci.nih.gov/drugs/cellminercdb/badil_cellminercdb.html' target='_blank'>details</a>"
"786","VS-5584","[VS-5584, CS-1202, 778810]","PK:PIK3,MTOR","Clinical trial",4,"VS-5584_cellminercdb.html","<a href='https://discovery.nci.nih.gov/drugs/cellminercdb/VS-5584_cellminercdb.html' target='_blank'>details</a>"
"787","Ombrabulin","[OMBRABULIN, AVE 8062, OMBRABULIN HYDROCHLORIDE, AC-7700, AVE-8062, AVE-8062A, CS-39-L-SER.HCL, RPR-258062A, 778448]","TUBB|Tu-frag","Clinical trial",3,"Ombrabulin_cellminercdb.html","<a href='https://discovery.nci.nih.gov/drugs/cellminercdb/Ombrabulin_cellminercdb.html' target='_blank'>details</a>"
"788","P-529","[P-529, SG-00529, 202133, PALOMID-529, 775306]","PK:PIK3,AKT,FGFR,MTOR,VEGFR","Clinical trial",5,"P-529_cellminercdb.html","<a href='https://discovery.nci.nih.gov/drugs/cellminercdb/P-529_cellminercdb.html' target='_blank'>details</a>"
"789","gilteritinib","[GILTERITINIB, ASP2215, ASP-2215, A-1371, 787846]","PK:AXL,FLT3","FDA approved",5,"gilteritinib_cellminercdb.html","<a href='https://discovery.nci.nih.gov/drugs/cellminercdb/gilteritinib_cellminercdb.html' target='_blank'>details</a>"
"790","arolen","[AROLEN, CHLOROQUINE SULPHATE, RIVOQUINE, AVLOCLOR, CHINGAMIN, GONTOCHIN PHOSPHATE, WLN: T66 BNJ EMY1&3N2&2 IG &P2-O6, ARALEN PHOSPHATE, CHLOROQUINE DIPHOSPHATE, MINIQUINE, CHINGAMIN PHOSPHATE, QUINOLINE, 7-CHLORO-4-[[4-(DIETHYLAMINO)-1-METHYLBUTYL]A..., BEMAPHATE, IPSEN 225, RESOQUINE, RESOCHIN DIPHOSPHATE, NIVAQUINE B, 3377 RP, ARECHIN, CHEMOCHIN, CHLOROQUINE PHOSPHATE, 7-CHLORO-4-[(4'-DIETHYLAMINO-1-METHYLBUTYL)AMINO]QUINOLI..., KHINGAMIN, CHLOROQUIN DIPHOSPHATE, QUINOLINE, 7-CHLORO-4-(4-DIETHYLAMINO-1-METHYL-BUTYLAMIN..., SN 7,618, TANAKAN, CQ, 1,4-PENTANEDIAMINE, N4-(7-CHLORO-4-QUINOLINYL)-N1,N1-DIE..., ARALEN DIPHOSPHATE, QUINGAMINE, SANOQUIN, CHLOROIN, TANAKENE, RESOCHIN, DELAGIL, 14050, CHLOROQUINE]",NA,NA,3,"arolen_cellminercdb.html","<a href='https://discovery.nci.nih.gov/drugs/cellminercdb/arolen_cellminercdb.html' target='_blank'>details</a>"
"791","Honokiol","[HONOKIOL, 3',5-DIPROPENYL-(1,1'-BIPHENYL)-2,4'-DIOL, 293100]",NA,NA,3,"Honokiol_cellminercdb.html","<a href='https://discovery.nci.nih.gov/drugs/cellminercdb/Honokiol_cellminercdb.html' target='_blank'>details</a>"
"792","NMS-E628","[NMS-E628, ENTRECTINIB, , NMS-E628, RXDX-101, 774769]","PK:ROS1,ALK","FDA approved",4,"NMS-E628_cellminercdb.html","<a href='https://discovery.nci.nih.gov/drugs/cellminercdb/NMS-E628_cellminercdb.html' target='_blank'>details</a>"
"793","EXEL-7647","[EXEL-7647, XL-647, X1042, XL647, TESEVATINIB, 776762]","PK:EGFR,ERBB2,SRC,VEGFR","Clinical trial",5,"EXEL-7647_cellminercdb.html","<a href='https://discovery.nci.nih.gov/drugs/cellminercdb/EXEL-7647_cellminercdb.html' target='_blank'>details</a>"
"794","AZD-0156","[AZD-0156, A-6008, CT-A0156, AZD0156, 792956]","PK:ATM","Clinical trial",4,"AZD-0156_cellminercdb.html","<a href='https://discovery.nci.nih.gov/drugs/cellminercdb/AZD-0156_cellminercdb.html' target='_blank'>details</a>"
"795","clomid","[CLOMID, CLOMID, CLOMIFENE, MER 41, CLOMIFENO, CLOMIPHENE CITRATE (USAN), CLOMIFENE CITRATE, CLOMPHID, (2)2-[P-(2-CHLORO-1,2-DIPHENYLVINYL)PHENOXY]TRIETHYLAMIN..., CLOMIPHENE CITRATE , RMI 16312, MER-41, CHLORAMIPHENE, MRL-41, ZUCLOMIPHENE CITRATE, CLOMIVID, CLOMIPHENE CITRATE(USAN), DYNERIC, IKACLOMIN, MRL 41, CLOSTILBEGYT, GENOZYM, ETHANAMINE, 2-[4-(2-CHLORO-1,2-DIPHENYLETHENYL)PHENOXY]-..., CLOMIPHENE DIHYDROGEN CITRATE, SEROPHENE CITRATE, CLOMID, TRIETHYLAMINE, 2-[P-(2-CHLORO-1,2-DIPHENYLVINYL)PHENOXY]..., RACEMIC CLOMIPHENE CITRATE, OMIFIN, CLOMIPHENE CITRATE (USAN), , CLOMIPHENE CITRATE , CLOMIPHENE CITRATE, 35770,  756698]",NA,NA,4,"clomid_cellminercdb.html","<a href='https://discovery.nci.nih.gov/drugs/cellminercdb/clomid_cellminercdb.html' target='_blank'>details</a>"
"796","BAY-1125976","[BAY-1125976, BAY112576, BAY-112576, A-6010, 793324]","PK:AKT,AKT2","Clinical trial",4,"BAY-1125976_cellminercdb.html","<a href='https://discovery.nci.nih.gov/drugs/cellminercdb/BAY-1125976_cellminercdb.html' target='_blank'>details</a>"
"797","jilkon","[JILKON, GALANTAMINE, GALANTHAMINE, LYCOREMIN, GALANTHAMINE (8CI9CI), 6H-BENZOFURO[3A,3,2-EF][2]BENZAZEPIN-6-OL, 4A,5,9,10,11,..., LYCOREMINE, GALANTAMIN, 100058]",NA,NA,3,"jilkon_cellminercdb.html","<a href='https://discovery.nci.nih.gov/drugs/cellminercdb/jilkon_cellminercdb.html' target='_blank'>details</a>"
"798","Defactinib","[DEFACTINIB, VS 6063, VS-6063, A-1079, VS6063, PF-04554878, DEFACTINIB HYDROCHLORIDE, TCRS-289, DEFACTINIB HCL, 782549, 778364]","PK:FAK","Clinical trial",5,"Defactinib_cellminercdb.html","<a href='https://discovery.nci.nih.gov/drugs/cellminercdb/Defactinib_cellminercdb.html' target='_blank'>details</a>"
"799","CEP-37440","[CEP-37440, HY-15841, CS-2684, CEP37440, 781148]","PK:ALK,FAK","Clinical trial",5,"CEP-37440_cellminercdb.html","<a href='https://discovery.nci.nih.gov/drugs/cellminercdb/CEP-37440_cellminercdb.html' target='_blank'>details</a>"
"800","VE-822","[VE-822, BERZOSERTIB, A-1613, VE822, VX970, CS-1861, VX-970, VX-97, 777718]","PK:ATR","Clinical trial",6,"VE-822_cellminercdb.html","<a href='https://discovery.nci.nih.gov/drugs/cellminercdb/VE-822_cellminercdb.html' target='_blank'>details</a>"
"801","niclosamide (usan)","[NICLOSAMIDE (USAN), MATO, NICLOSAMIDE, , NICLOSAMIDE , NICLOSAMIDE (USAN), MANSONIL, 2-CHLORO-4-NITROPHENYLAMIDE-6-CHLOROSALICYLIC ACID, BAYLUSCID, NICLOSAMIDE(USAN), 2',5-DICHLOR-4'-NITRO-SALIZYLSAEUREANILID(GERMAN), 2353, 5-CHLORO-N-(2-CHLORO-4-NITROPHENYL)-2-HYDROXYBENZAMIDE, 2',5-DICHLORO-4'-NITROSALICYLANILIDE, HL 2447, N-(2-CHLORO-4-NITROPHENYL)-5-CHLOROSALICYLAMIDE, CESTOCID, DICHLOSALE, DEVERMINE, HELMIANTIN, SAGIMID, FEDAL-TELMIN, YOMESAN, SULQUI, PHENASAL, N-(2'-CHLORO-4'-NITROPHENYL)-5-CHLOROSALICYLAMIDE, VERMITIN, BAY 2353, 2-HYDROXY-5-CHLORO-N-(2-CHLORO-4-NITROPHENYL)BENZAMIDE, IOMESAN, ATENASE, NASEMO, WLN: WNR CG DMVR BQ EG, BAYER 2353, 5-CHLORO-2'-CHLORO-4'-NITROSALICYLANILIDE, VERMITID, IOMEZAN, LINTEX, SALICYLANILIDE, 2',5-DICHLORO-4'-NITRO- (8CI), RADEVERM, BAYER 73, DEVERMIN, FENASAL, MATO, BENZAMIDE, 5-CHLORO-N-(2-CHLORO-4-NITROPHENYL)-2-HYDROXY..., TREDEMINE, 758440,  178296, 50-65-7, NICLOCIDE]",NA,NA,5,"niclosamide_(usan)_cellminercdb.html","<a href='https://discovery.nci.nih.gov/drugs/cellminercdb/niclosamide_(usan)_cellminercdb.html' target='_blank'>details</a>"
"802","monensin sodium","[MONENSIN SODIUM, 758183]",NA,"FDA approved",4,"monensin_sodium_cellminercdb.html","<a href='https://discovery.nci.nih.gov/drugs/cellminercdb/monensin_sodium_cellminercdb.html' target='_blank'>details</a>"
"803","wln: t56 bnonj bo fnw i- at6n dntj d1","[WLN: T56 BNONJ BO FNW I- AT6N DNTJ D1, WLN: T56 BNONJ BO FNW I- AT6N DNTJ D1, NSC-207895, WLN: T56 BNONJ BO FNW I- AT6N DNTJ D1, BENZOFURAZAN, 4-(4-METHYL-1-PIPERAZINYL)-7-NITRO-, 3-OXIDE, BENZOFURAZAN, 4-(4-METHYL-1-PIPERAZINYL]-7-NITRO-, 3-OXIDE, BENZOFURAZAN, 4-(4-METHYL-1-PIPERAZINYL)-7-NITRO-, 3-OXIDE, 207895,  179940, 58131-57-0, MLS000756495, NSC207895]",NA,NA,5,"wln:_t56_bnonj_bo_fnw_i-_at6n_dntj_d1_cellminercdb.html","<a href='https://discovery.nci.nih.gov/drugs/cellminercdb/wln:_t56_bnonj_bo_fnw_i-_at6n_dntj_d1_cellminercdb.html' target='_blank'>details</a>"
"804","triciribine","[TRICIRIBINE, TRICIRBINE, TRICYCLIC NUCLEOSIDE, 1,4,5,6,8-PENTAAZAACENAPHTHYLENE, 3-AMINO-1,5-DIHYDRO-5-..., 1,4,5,6,8-PENTAAZAACENNAPHTHYLEN-3-AMINE, 1,5-DIHYDRO-5-..., TCN, PENTAAZACENTOPTHYLENE, 154020]","PK:AKT1",NA,4,"triciribine_cellminercdb.html","<a href='https://discovery.nci.nih.gov/drugs/cellminercdb/triciribine_cellminercdb.html' target='_blank'>details</a>"
"805","cycloheximide (usan)","[CACTINOMYCIN, CYCLOHEXIMIDE (USAN), CYCLOHEXIMIDE, 4-[2-(3,5-DIMETHYL-2-OXOCYCLOHEXYL)-2-HYDROXYETHYL]-2,6-..., NARAMYCIN, GLUTARIMIDE, 3-[2-(3,5-DIMETHYL-2-OXOCYCLOHEXYL)-2-HYDRO..., 2,6-PIPERIDINEDIONE, 4-[2-(3,5-DIMETHYL-2-OXOCYCLOHEXYL)..., U 4527, NEOCYCLOHEXIMIDE, 3-[2-(3,5-DIMETHYL-2-OXOCYCLOHEXYL)-2-HYDROXYETHYL]GLUTA..., ACTIDONE, TZA, .BETA.-[2-(3,5-DIMETHYL-2-OXOCYCLOHEXYL)-2-HYDROXYETHYL]..., CYCLOHEMIMIDE, HIZAROCIN, CYCLOHEXAMIDE, ACTI-AID, NSC-185, KAKEN, ACTI-DIONE BR, ACTIDIONE PM, NARAMYCIN A, WLN: T6VMVTJ E1YQ- BL6VTJ D1 F1, CX, ACTIDION, CBC 500046, CICLOHEXIMIDE, ACTISPRAY, ACTIDIONE, , CYCLOHEXIMIDE , 185,  758187]",NA,NA,4,"cycloheximide_(usan)_cellminercdb.html","<a href='https://discovery.nci.nih.gov/drugs/cellminercdb/cycloheximide_(usan)_cellminercdb.html' target='_blank'>details</a>"
"806","Danusertib","[DANUSERTIB, DANUSERTIB (PHA-739358), D3316, PHA-739358, PHA-739538, 784415]","BCR-ABL|PK:YK,AURK,FGFR,RET","Clinical trial",5,"Danusertib_cellminercdb.html","<a href='https://discovery.nci.nih.gov/drugs/cellminercdb/Danusertib_cellminercdb.html' target='_blank'>details</a>"
"807","Litronesib","[LITRONESIB, LY-2523355, LY2523355, KF-89617, 789722]","TUBB|CDH16|KIF11","Clinical trial",4,"Litronesib_cellminercdb.html","<a href='https://discovery.nci.nih.gov/drugs/cellminercdb/Litronesib_cellminercdb.html' target='_blank'>details</a>"
"808","AMG-232","[AMG-232, CT-AMG232, 781515]","MDM2","Clinical trial",5,"AMG-232_cellminercdb.html","<a href='https://discovery.nci.nih.gov/drugs/cellminercdb/AMG-232_cellminercdb.html' target='_blank'>details</a>"
"809","Masoprocol","[MASOPROCOL, NDGA, PYROCATECHOL, 4,4'- (2,3-DIEMTHYLTETRAMETHYLENE) DI-, WLN: QR BQ D1Y1&Y1&1R CQ DQ, 1,2-BENZENEDIOL, 4,4'-(2,3-DIMETHYL-1,4-BUTANEDIYL)BIS- ..., NORDIHYDROGUAIARETIC ACID, BUTANE, 1,4-BIS(3,4-DIHYDROXYPHENYL)-2,3-DIMETHYL-, .BETA.,.GAMMA.-DIMETHYL-.ALPHA.,.DELTA.-BIS(3,4-DIHYDROX..., DIHYDRONORGUAIARETIC ACID, DINORGUAIARETIC ACID, DIHYDRO-, PYROCATECHOL, 4,4'-(2,3-DIMETHYLTETRAMETHYLENE)DI- (8CI), NORDIHYDROGUAIRARETIC ACID, 4,4'-(2,3-DIMETHYL-1,4-BUTANEDIYL)BIS(PYROCATECHOL), 4,4'-(2,3-DIMETHYLTETRAMETHYLENE)DIPYROCATECHOL, NORGUAIARETIC ACID, DIHYDRO-, 4291]",NA,"FDA approved",3,"Masoprocol_cellminercdb.html","<a href='https://discovery.nci.nih.gov/drugs/cellminercdb/Masoprocol_cellminercdb.html' target='_blank'>details</a>"
"810","aldoxorubicin","[ALDOXORUBICIN HYDROCHLORID, INNO206, INNO 206, CS-1186, , INNO-206, INNO206, INNO 206, CS-1186, INNO-206, 784722, ALDOXORUBICIN]","TOP2","Clinical trial",4,"aldoxorubicin_cellminercdb.html","<a href='https://discovery.nci.nih.gov/drugs/cellminercdb/aldoxorubicin_cellminercdb.html' target='_blank'>details</a>"
"811","Cortivazol","[CORTIVAZOL, DILASTER, CORTIVAZOL(USAN), CORTIVAZOLUM, 11.BETA.,17,21-TRIHYDROXY-6,16.ALPHA.-DIMETHYL-2'-PHENYL..., 2'H-PREGNA-2,4,6-TRIENO[3,2-C]PYRAZOL-20-ONE, 11.BETA.,1..., 2'H-PREGNA-2,4,6-TRIENO[3,2-C]PYRAZOL-20-ONE, 21-(ACETYL..., FDA 0492, H 3625, IDALTIM, 80998]",NA,"FDA approved",3,"Cortivazol_cellminercdb.html","<a href='https://discovery.nci.nih.gov/drugs/cellminercdb/Cortivazol_cellminercdb.html' target='_blank'>details</a>"
"812","RG-7388","[RG-7388, IDASANUTLIN, CT-RG7388, 779404]","MDM2","Clinical trial",5,"RG-7388_cellminercdb.html","<a href='https://discovery.nci.nih.gov/drugs/cellminercdb/RG-7388_cellminercdb.html' target='_blank'>details</a>"
"813","artenimol","[ARTENIMOL, 758682, DIHYDROARTEMISININ]",NA,"FDA approved",4,"artenimol_cellminercdb.html","<a href='https://discovery.nci.nih.gov/drugs/cellminercdb/artenimol_cellminercdb.html' target='_blank'>details</a>"
"814","RX-3117","[RX-3117, FLUOROCYCLOPENTENYLCYTOSINE, RX3117, RX 3117, HY-15228, CS-3947, 785657, RODUCITABINE]","DNMT","Clinical trial",4,"RX-3117_cellminercdb.html","<a href='https://discovery.nci.nih.gov/drugs/cellminercdb/RX-3117_cellminercdb.html' target='_blank'>details</a>"
"815","Pitavastatin calcium","[PITAVASTATIN CALCIUM, ITAVASTATIN CA, 70362, 779706]",NA,NA,4,"Pitavastatin_calcium_cellminercdb.html","<a href='https://discovery.nci.nih.gov/drugs/cellminercdb/Pitavastatin_calcium_cellminercdb.html' target='_blank'>details</a>"
"816","oligomycin a","[OLIGOMYCIN A, 717694, OLIGOMYCIN-A]",NA,NA,4,"oligomycin_a_cellminercdb.html","<a href='https://discovery.nci.nih.gov/drugs/cellminercdb/oligomycin_a_cellminercdb.html' target='_blank'>details</a>"
"817","azetidinecarbothioic acid, [1-(2-pyridinyl)ethylidene] h...","[NSC-319726, AZETIDINECARBOTHIOIC ACID, [1-(2-PYRIDINYL)ETHYLIDENE] H..., AZETIDINE CARBOTHIOIC ACID, [1-(2-PYRIDINYL)ETHYLIDENE]H..., 319726, NSC319726]",NA,NA,5,"azetidinecarbothioic_acid,_[1-(2-pyridinyl)ethylidene]_h..._cellminercdb.html","<a href='https://discovery.nci.nih.gov/drugs/cellminercdb/azetidinecarbothioic_acid,_[1-(2-pyridinyl)ethylidene]_h..._cellminercdb.html' target='_blank'>details</a>"
"818","spebrutinib","[SPEBRUTINIB BESYLATE, AVL-292, CT-AVL292, 780020, SPEBRUTINIB]","PK:BTK","Clinical trial",5,"spebrutinib_cellminercdb.html","<a href='https://discovery.nci.nih.gov/drugs/cellminercdb/spebrutinib_cellminercdb.html' target='_blank'>details</a>"
"819","Berberine Chloride","[BERBERINE CHLORIDE, BERBERINE CHLORIDE, BERBERINE, BERBINIUM,  7,8,13,13A-TETRADEHYDRO-9.10-DIMETHOXY-2,3-(..., BERBERINE CHLORIDE, BENZO[G]-1,3-BENZODIOXOLO[5,6-A]QUINOLIZINIUM, 5,6-DIHYD..., BERBERINE CHLORIDE, 163088,  757795]",NA,NA,4,"Berberine_Chloride_cellminercdb.html","<a href='https://discovery.nci.nih.gov/drugs/cellminercdb/Berberine_Chloride_cellminercdb.html' target='_blank'>details</a>"
"820","aminopterin","[AMINOPTERIN, AMINOPTERIN, AMINOPTERIN, APGA, 4-AMINO-PGA, APGA, L-GLUTAMIC ACID,  N-[4-[[(2,4-DIAMINO-6-PTERIDINYL)METHY..., WLN:  T66 BN DN GN JNJ CZ EZ H1MR DVMYVQ2VQ, 4-AMINO-4-DEOXYPTEROYLGLUTAMATE, 4-AMINOFOLIC ACID, GLUTAMIC ACID,  N-[P-[[(2,4-DIAMINO-6-PTERIDINYL)METHYL]..., FOLIC ACID, 4-AMINO-, 4-AMINOPTEROYLGLUTAMIC ACID, AMINOPTERINE, ENT-26079, PTERAMINA, 757427,  739]","DHFR",NA,3,"aminopterin_cellminercdb.html","<a href='https://discovery.nci.nih.gov/drugs/cellminercdb/aminopterin_cellminercdb.html' target='_blank'>details</a>"
"821","PQR-309","[BIMIRALISIB, PQR309, PQR-309, 5-(4,6-DIMORPHOLINO-1,3,5-TRIAZIN-2-YL)-4-(TRIFLUOROMETH..., PQR 309, 785117, PI3K-IN-2]","PK:PIK3,MTOR","Clinical trial",5,"PQR-309_cellminercdb.html","<a href='https://discovery.nci.nih.gov/drugs/cellminercdb/PQR-309_cellminercdb.html' target='_blank'>details</a>"
"822","Bet-BAY-002","[BAY-356, CS-3506, BET-BAY 002, 785345, BET-BAY-002]","BRD","Clinical trial",4,"Bet-BAY-002_cellminercdb.html","<a href='https://discovery.nci.nih.gov/drugs/cellminercdb/Bet-BAY-002_cellminercdb.html' target='_blank'>details</a>"
"823","serabelisib","[SERABELISIB, MLN1117, MLN-1117, CS-5490, 795384]",NA,"Clinical trial",4,"serabelisib_cellminercdb.html","<a href='https://discovery.nci.nih.gov/drugs/cellminercdb/serabelisib_cellminercdb.html' target='_blank'>details</a>"
"824","yohimbine","[YOHIMBINE, RAUWOLSCINE, YOHIMBINE MONOHYDROCHLORIDE, YOHIMBAN-16-CARBOXYLIC ACID, 17-HYDROXY-, METHYL ESTER, ..., YOHIMBINE, HYDROCHLORIDE, YOHIMBAN-16.ALPHA.-CARBOXYLIC ACID, 17.ALPHA.-HYDROXY-, ..., YOHIMBINE HYDROCHLORIDE, 19509]",NA,NA,3,"yohimbine_cellminercdb.html","<a href='https://discovery.nci.nih.gov/drugs/cellminercdb/yohimbine_cellminercdb.html' target='_blank'>details</a>"
"825","AZD-3965","[AZD-3965, AZD 3965, AZD3965, CS-4007, CT-A3965, 787047]","SLC16A1|SLC16A7","Clinical trial",4,"AZD-3965_cellminercdb.html","<a href='https://discovery.nci.nih.gov/drugs/cellminercdb/AZD-3965_cellminercdb.html' target='_blank'>details</a>"
"826","K287","[LOVASTATIN, , K287, LOVASTATIN, LOVASTATIN, LOVASTATIN, MK-803, 1S,3R,7S,8S,8AR)-8-{2-[(2R,4R)-4-HYDROXY-6-OXOOXAN-2-YL]..., MEVINOLIN, MEVACOR, LOVASTATIN [USAN], K287, , K287, LOVASTATIN, LOVASTATIN, , LOVASTATIN [USAN], LOVASTATIN [USAN], 633781,  779704,  758662, 75330-75-5, MONACOLIN K]",NA,NA,5,"K287_cellminercdb.html","<a href='https://discovery.nci.nih.gov/drugs/cellminercdb/K287_cellminercdb.html' target='_blank'>details</a>"
"827","BIX-01294","[BIX-01294, CS-0894, 777571]","EHMT2|EHMT1/2","Clinical trial",5,"BIX-01294_cellminercdb.html","<a href='https://discovery.nci.nih.gov/drugs/cellminercdb/BIX-01294_cellminercdb.html' target='_blank'>details</a>"
"828","sitravatinib","[SITRAVATINIB, MGCD-516, MGCD516, CT-MG516, MG-516, MG516, 788203]","PK:PDGFR,AXL,NTRK,KDR,RET","Clinical trial",4,"sitravatinib_cellminercdb.html","<a href='https://discovery.nci.nih.gov/drugs/cellminercdb/sitravatinib_cellminercdb.html' target='_blank'>details</a>"
"829","Camptothecin Derivative","[CAMPTOTHECIN DERIVATIVE, HYDROXYCAMPTOTHECIN, CAMPTOTHECIN, HYDROXY-, HYDROXYCAMPTOTHECINE, 10-HYDROXY CAMPTOTHECIN, CAMPTOTHECIN, 10-HYDROXY, 10-HYDROXYCAMPTOTHECIN, 1H-PYRANO[3',4':6,7]INDOLIZINO[1,2-B]QUINOLINE-3,14(4H,1..., CAMPTOTHECINE, 10-HYDROXY- (8CI), 107124]","TOP1",NA,4,"Camptothecin_Derivative_cellminercdb.html","<a href='https://discovery.nci.nih.gov/drugs/cellminercdb/Camptothecin_Derivative_cellminercdb.html' target='_blank'>details</a>"
"830","WT-161","[WT-161, CT-WT161, WT161, 797653]","HDAC","Clinical trial",4,"WT-161_cellminercdb.html","<a href='https://discovery.nci.nih.gov/drugs/cellminercdb/WT-161_cellminercdb.html' target='_blank'>details</a>"
"831","Milciclib","[MILCICLIB, PHA-848125, P2856, PHA-848125AC, 774830]","PK:CDK,CDK1,CDK2,CDK4,CDK5,Multikinase","Clinical trial",5,"Milciclib_cellminercdb.html","<a href='https://discovery.nci.nih.gov/drugs/cellminercdb/Milciclib_cellminercdb.html' target='_blank'>details</a>"
"832","Methylprednisolone","[MEPRDL, METHYLPREDNISOLONE, NORETONA, BESONIA, METILBETASONE, U 7532, PREGNA-1,4-DIENE-3,20-DIONE, 6.ALPHA.-METHYL-11.BETA.-17..., PREDNISOLONE, 6.ALPHA.-METHYL-, .DELTA.1-6.ALPHA.-METHYLHYDROCORTISONE, MEDRONE, URBASONE, MESOPREN, PROMACORTINE, PREGNA-1,4-DIENE-3,20-DIONE, 11,17,21-TRIHYDROXY-6-METHY..., URBASON, PREGNA-1,4-DIENE-3,20-DIONE, 11.BETA.,17,21-TRIHYDROXY-6..., WYACORT, DEPO-MEDROL, 6.ALPHA.-METHYLPREDNISOLONE, MEDESONE, METASTAB, METRISONE, MODERIN, MEDRATE, MEDROL, DOPOMEDROL, 19987]","NonCan:Anti-inflammatory","FDA approved",4,"Methylprednisolone_cellminercdb.html","<a href='https://discovery.nci.nih.gov/drugs/cellminercdb/Methylprednisolone_cellminercdb.html' target='_blank'>details</a>"
"833","norvir","[NORVIR, RITONAVIR, 693184]",NA,"FDA approved",3,"norvir_cellminercdb.html","<a href='https://discovery.nci.nih.gov/drugs/cellminercdb/norvir_cellminercdb.html' target='_blank'>details</a>"
"834","tecto","[TECTO, THIABENDAZOLE, METASOL TK 100, E-Z-EX, NEMAPAN, MK-360, THIBENZOL, TOP FORM WORMER, BOVIZOLE, TBZ, TECTO 60, EPROFIL, TESTO, 2-THIAZOLE-4-YLBENZIMIDAZOLE, MERTECT 160, MYCOZOL, TRIASOX, THIBENZOLE, MK 360, OMNIZOLE, TEBUZATE, LOMBRISTOP, MERTECT, MINTEZOL, TECTO 10P, POLIVAL, 2-(THIAZOL-4-YL)BENZIMIDAZOLE, THIBENZOLE 200, 2-(4-THIAZOLYL)BENZIMIDAZOLE, TECTO 40F, APL-LUSTER, 2-(4'-THIAZOLYL)BENZIMIDAZOLE, THIABENDAZOLE(USAN), TIABENDA, EQUIZOLE, THIABENZOLE, MINZOLUM, TBZ 6, BENZIMIDAZOLE, 2-(4-THIAZOLYL)- (8CI), THIBENZOLE ATT, MINTESOL, THIABENDAZOL, WLN: T56 BM DNJ C-ET5N CSJ, 1H-BENZIMIDAZOLE, 2-(4-THIAZOLYL)- (9CI), MERTEC, TBZ 60W, THIABEN, 525040]",NA,NA,3,"tecto_cellminercdb.html","<a href='https://discovery.nci.nih.gov/drugs/cellminercdb/tecto_cellminercdb.html' target='_blank'>details</a>"
"835","olmutinib","[OLMUTINIB, , OLMUTINIB, PBLJ9938, CS-5413, PBLJ9938, CS-5413, 792848]","PK:EGFR,BTK,JAK3","FDA approved",4,"olmutinib_cellminercdb.html","<a href='https://discovery.nci.nih.gov/drugs/cellminercdb/olmutinib_cellminercdb.html' target='_blank'>details</a>"
"836","TAE-226","[2-({5-CHLORO-2-[(2-METHOXY-4-MORPHOLIN-4-YLPHENYL)AMINO]PYRIMIDIN-4-YL}AMINO)-N-METHYLBENZAMIDE, A-1522, TAE226, TAE 226, TAE-226, 787252, NVP-TAE226]","PK:IGF1R,FAK","Clinical trial",5,"TAE-226_cellminercdb.html","<a href='https://discovery.nci.nih.gov/drugs/cellminercdb/TAE-226_cellminercdb.html' target='_blank'>details</a>"
"837","5-Fluoro-2-Deoxycytidine","[5-FLUORO-2-DEOXYCYTIDINE, 5-FLUORO-2'-DEOXYCYTIDINE, WLN: T6N CNJ DZ EF F- BT5OTJ EO1, 5-FLUORODEOXYCYTIDINE, FCDR, RO 5-1090, 2'-DEOXY-5-FLUOROCYTIDINE, 5-FLURODEOXYCYTIDINE, CYTIDINE, 2'-DEOXY-5-FLUORO- (8CI 9CI), 48006, FDCYD]",NA,NA,4,"5-Fluoro-2-Deoxycytidine_cellminercdb.html","<a href='https://discovery.nci.nih.gov/drugs/cellminercdb/5-Fluoro-2-Deoxycytidine_cellminercdb.html' target='_blank'>details</a>"
"838","OTS-964","[OTS964, CS-5121, OTS-964, HY-12467, 787880]","PK:PBK","Clinical trial",4,"OTS-964_cellminercdb.html","<a href='https://discovery.nci.nih.gov/drugs/cellminercdb/OTS-964_cellminercdb.html' target='_blank'>details</a>"
"839","lagistase","[LAGISTASE, ELLAGIC ACID, ALIZARINE YELLOW, GALLOGEN, ASTRINGENT, DIPHENIC ACID, 4,4',5,5',6,6'-HEXAHYDROXY-, DI-.DELTA.-L..., C.I. 55005, GALLOGEN (VAN), [1]BENZOPYRANO[5,4,3-CDE][1]BENZOPYRAN-5,10-DIONE, 2,3,7..., BENZOARIC ACID, ELAGOSTASINE, C.I. 75270, [1,1'-BIPHENYL]-2,2'-DICARBOXYLIC ACID, 4,4',5,5',6,6'-H..., ELEAGIC ACID, 407286]",NA,NA,3,"lagistase_cellminercdb.html","<a href='https://discovery.nci.nih.gov/drugs/cellminercdb/lagistase_cellminercdb.html' target='_blank'>details</a>"
"840","ulixertinib","[ULIXERTINIB, VRT752271 HCL, CT-VRT752, BVD-523 HCL, ULIXERTINIB HYDROCHLORIDE, BVD523 HCL, 797771]","PK:ERK","Clinical trial",5,"ulixertinib_cellminercdb.html","<a href='https://discovery.nci.nih.gov/drugs/cellminercdb/ulixertinib_cellminercdb.html' target='_blank'>details</a>"
"841","orlistat (usan)","[ORLISTAT (USAN), ORLISTAT(SYNTHESIS), , ORLISTAT , 758881, ORLISTAT]",NA,NA,3,"orlistat_(usan)_cellminercdb.html","<a href='https://discovery.nci.nih.gov/drugs/cellminercdb/orlistat_(usan)_cellminercdb.html' target='_blank'>details</a>"
"842","LY-3214996","[LY-3214996, CT-LY321, LY3214996, 803410]","PK:ERK","Clinical trial",4,"LY-3214996_cellminercdb.html","<a href='https://discovery.nci.nih.gov/drugs/cellminercdb/LY-3214996_cellminercdb.html' target='_blank'>details</a>"
"843","bredinin","[BREDININ, MIZORIBINE, 1H-IMIDAZOLE-4-CARBOXAMIDE, 5-HYDROXY-1-.BETA.-D-RIBOFUR..., 289637]",NA,NA,3,"bredinin_cellminercdb.html","<a href='https://discovery.nci.nih.gov/drugs/cellminercdb/bredinin_cellminercdb.html' target='_blank'>details</a>"
"844","cs-1730","[GSK-1324726A (I-BET726), I-BET-726, GSK1324726A, GSK-1324726A, CS-1730, GSK 1324726A, 782763]","BRD","Clinical trial",4,"cs-1730_cellminercdb.html","<a href='https://discovery.nci.nih.gov/drugs/cellminercdb/cs-1730_cellminercdb.html' target='_blank'>details</a>"
"845","E-3810","[E-3810, LUCITANIB, A-1362, LUCITINIB, 782762]","PK:PDGFR,FGFR,VEGFR","Clinical trial",5,"E-3810_cellminercdb.html","<a href='https://discovery.nci.nih.gov/drugs/cellminercdb/E-3810_cellminercdb.html' target='_blank'>details</a>"
"846","Rebastinib","[REBASTINIB, REBASTINIB TOSYLATE, DCC-2036, , REBASTINIB, DCC-2036, 200851, 200851, 774831]","BCR-ABL|PK:LYN,FGFR,SRC,VEGFR,TEK","Clinical trial",4,"Rebastinib_cellminercdb.html","<a href='https://discovery.nci.nih.gov/drugs/cellminercdb/Rebastinib_cellminercdb.html' target='_blank'>details</a>"
"847","TAK-931","[TAK-931, TAK931, CT-TAK931, 801661, SIMUROSERTIB]","PK:CDC7","Clinical trial",4,"TAK-931_cellminercdb.html","<a href='https://discovery.nci.nih.gov/drugs/cellminercdb/TAK-931_cellminercdb.html' target='_blank'>details</a>"
"848","CH-5183284","[CH-5183284, CH 5183284, CH5183284, 782363, DEBIO-1347]","PK:PDGFR,FGFR,VEGFR,FGFR1,FGFR2,FGFR3","Clinical trial",4,"CH-5183284_cellminercdb.html","<a href='https://discovery.nci.nih.gov/drugs/cellminercdb/CH-5183284_cellminercdb.html' target='_blank'>details</a>"
"849","pyrazolanthrone","[PYRAZOLANTHRONE, 1,9-PYRAZOLEANTHRONE, 2,6-DIHYDROANTHRA/1,9-CD/PYRAZOL-6-ONE, 1,9-PYRAZOLOANTHRONE, ANTHRA[1,9-CD]PYRAZOL-6(2H)-ONE (8CI9CI), PYRAZOLANTHRONE, PYRAZOLEANTHRONE, WLN: T C6665 1A P IV OMNJ, C.I. 70300, 1,9-PYRAZOLEANTHRONE, P29390, SP600125, SP-600125, 75890,  755773, 129-56-6, 1,9-PYRAZOLEANTHRONE]",NA,NA,5,"pyrazolanthrone_cellminercdb.html","<a href='https://discovery.nci.nih.gov/drugs/cellminercdb/pyrazolanthrone_cellminercdb.html' target='_blank'>details</a>"
"850","elatericin b","[ELATERICIN B, ELATERICIN B, CUCURBITACIN I, 19-NOR-9.BETA.,10.ALPHA.-LANOSTA-1,5,23-TRIENE-3,11,22-T..., CUCURBITACINE (I), 19-NORLANOSTA-1,5,23-TRIENE-3,11,22-TRIONE, 2,16,20,25-T..., 1,2-DEHYDROELATERICIN A, ELATERICIN B, 19-NOR-9.BETA.,10.ALPHA.-LANOSTA-1,5,23-TRIENE-3,11,22-T..., CUCURBITACCINE (I), ELATERICIN B, 521777,  112167]",NA,NA,3,"elatericin_b_cellminercdb.html","<a href='https://discovery.nci.nih.gov/drugs/cellminercdb/elatericin_b_cellminercdb.html' target='_blank'>details</a>"
"851","Afuresertib","[AFURESERTIB, GSK-2110183, 778305]","PK:AKT,AKT1,AKT2,AKT3","Clinical trial",5,"Afuresertib_cellminercdb.html","<a href='https://discovery.nci.nih.gov/drugs/cellminercdb/Afuresertib_cellminercdb.html' target='_blank'>details</a>"
"852","GDC-0084","[GDC-0084, GDC0084, A-6015, 792987]","PK:PIK3,MTOR","Clinical trial",4,"GDC-0084_cellminercdb.html","<a href='https://discovery.nci.nih.gov/drugs/cellminercdb/GDC-0084_cellminercdb.html' target='_blank'>details</a>"
"853","mevastatin","[MEVASTATIN, MEVASTATIN, MEVASTATIN, I518, 779705,  759322]",NA,NA,4,"mevastatin_cellminercdb.html","<a href='https://discovery.nci.nih.gov/drugs/cellminercdb/mevastatin_cellminercdb.html' target='_blank'>details</a>"
"854","AZD-3759","[AZD-3759, AZD3759, 788121]","PK:EGFR","Clinical trial",5,"AZD-3759_cellminercdb.html","<a href='https://discovery.nci.nih.gov/drugs/cellminercdb/AZD-3759_cellminercdb.html' target='_blank'>details</a>"
"855","tetrol fr. taxus brevifolia","[TETROL FR. TAXUS BREVIFOLIA, 10-DEACETYLBACCATIN, 10-DESACETYLBACCATIN III, 251677]",NA,NA,4,"tetrol_fr._taxus_brevifolia_cellminercdb.html","<a href='https://discovery.nci.nih.gov/drugs/cellminercdb/tetrol_fr._taxus_brevifolia_cellminercdb.html' target='_blank'>details</a>"
"856","IPI-549","[IPI-549, CT-IPI549, IPI549, 795067]",NA,"Clinical trial",4,"IPI-549_cellminercdb.html","<a href='https://discovery.nci.nih.gov/drugs/cellminercdb/IPI-549_cellminercdb.html' target='_blank'>details</a>"
"857","Mebendazole","[MEBENDAZOLE, MEBENDAZOLE, MEBENDAZOLE, , MEBENDAZOLE , MEBENDAZOLE (USAN), VERMOX, OVITELMIN, CARBAMIC ACID, (5-BENZOYL-1H-BENZIMIDAZOL-2-YL)-, METHYL..., MEBENVET, TELMIN, MEBUTAR, R 17,635, R 17635, 2-BENZIMIDAZOLECARBAMIC ACID, 5-BENZOYL-, METHYL ESTER (..., PANTELMIN, METHYL 5-BENZOYL-2-BENZIMIDAZOLECARBAMATE, VERMIRAX, VERMOX, MEBENDAZOLE(USAN), 5-BENZOYL-2-BENZIMIDAZOLECARBAMIC ACID, METHYL ESTER, MEBENOAZOLE, VERMEX, METHYL 5-BENZOYL-2-BENZIMIDAZOLYLCARBAMATE, 757838,  184849]","Tu-stab","FDA approved",4,"Mebendazole_cellminercdb.html","<a href='https://discovery.nci.nih.gov/drugs/cellminercdb/Mebendazole_cellminercdb.html' target='_blank'>details</a>"
"858","GDC-0032","[GDC-0032, TASELISIB, A1236, RG-7604, 777425]","PK:PIK3","Clinical trial",6,"GDC-0032_cellminercdb.html","<a href='https://discovery.nci.nih.gov/drugs/cellminercdb/GDC-0032_cellminercdb.html' target='_blank'>details</a>"
"859","bafilomycin deriv","[BAFILOMYCIN DERIV, BAFILOMYCIN A1 FROM STREPTOMYCES GRISEUS, BAFILOMYCIN DERIV., BAFILOMYCIN A1, 381866]",NA,NA,3,"bafilomycin_deriv_cellminercdb.html","<a href='https://discovery.nci.nih.gov/drugs/cellminercdb/bafilomycin_deriv_cellminercdb.html' target='_blank'>details</a>"
"860","CUDC-427","[CUDC-427, A-1306, GDC-0917, 781468]","IAP","Clinical trial",4,"CUDC-427_cellminercdb.html","<a href='https://discovery.nci.nih.gov/drugs/cellminercdb/CUDC-427_cellminercdb.html' target='_blank'>details</a>"
"861","(-)-cryptotanshinone","[(-)-CRYPTOTANSHINONE, CRYPTOTANSHINONE, PHENANTHRO[1,2-B]FURAN-10,11-DIONE, 1,2,6,7,8,9-HEXAHYDR..., 686518]",NA,NA,3,"(-)-cryptotanshinone_cellminercdb.html","<a href='https://discovery.nci.nih.gov/drugs/cellminercdb/(-)-cryptotanshinone_cellminercdb.html' target='_blank'>details</a>"
"862","lutex","[LUTEX, PROGESTERONE, AGOLUTIN, FLAVOLUTAN, PROLUTON, 6.ALPHA.-METHYLPREGN-4-EN-17.ALPHA.-OL-3,20-DIONE, GYNOLUTONE, PROGESTIN, COLPROSTERONE, SYNGESTERONE, PRIMOLUT, .BETA.-PROGESTERONE, LUTEODYN, PROLIDON, PROTORMONE, LUCORTEUM, LUTROMONE, HORMOFLAVEINE, .DELTA.(SUP4)-PREGNENE-3,20-DIONE, LUTEOPUR, PERCUTACRINE LUTEINIQUE, LUTEAL HORMONE, PROGESTEROL, LUTEINIQUE, PRANONE, PROGESTOSOL, LUTIDON, LUTEOCRIN NORMALE, MPA, PROGESTERONUM, PROGESTRONOL, CORPUS LUTEUM HORMONE, METHYLPREGNONE, LUTEOSAN, PROGESTRON, LUTOCYLIN, COMPONENT OF CYCLOGESTERIN, LINGUSORBS, LUTOGYL, NALUTRON, CYCLOGEST, 17.ALPHA.-PROGESTERONE, 4-PREGNENE-3,20-DIONE, PIAPONON, LUTOCYCLIN M, CORLUTIN, GESTRON, GESTEROL, PROGESTONE, PREGNENE-3,20-DIONE, PROGESTASERT, CORPORIN, LUTEINE, GESTONE, LUTEOL (VAN), LUTREN, PREGNENEDIONE, LUTEOHORMONE, SYNOVEX S, LIPO-LUTIN, PREGN-4-ENE-3,20-DIONE (9CI), PREGN-4-ENE-3,20-DIONE, 17.ALPHA.-HYDROXY-6.ALPHA.-METHYL-, GESTORMONE, GLANDUCORPIN, LUTEOGAN, WLN: L E5 B666 OV MUTJ A1 E1 FV1, 3,20-PREGNENE-4, LUCORTEUM SOL, LUTI, 9704]",NA,NA,3,"lutex_cellminercdb.html","<a href='https://discovery.nci.nih.gov/drugs/cellminercdb/lutex_cellminercdb.html' target='_blank'>details</a>"
"863","ba 2758","[BA 2758, 2-DEOXYGLUCOSE, D-GLUCOSE, 2-DEOXY-, WLN: VH1YQYQYQ1Q-D-ARABINO, D-ARABINO-HEXOSE, 2-DEOXY- (8CI 9CI), 15193]",NA,NA,3,"ba_2758_cellminercdb.html","<a href='https://discovery.nci.nih.gov/drugs/cellminercdb/ba_2758_cellminercdb.html' target='_blank'>details</a>"
"864","ribavirin","[RIBAVIRIN, RTC, VIRAZOLE, VIRAMID, ICN 1229, COPEGUS, RIBASPHERE, REBETOL, 1-.BETA.-D-RIBOFURANOSYL-1H-1,2,4-TRIAZOLE-3-CARBOXAMIDE, RTCA, 1,2,4-TRIAZOLE-3-CARBOXAMIDE, 1-.BETA.-D-RIBOFURANOSYL-, 1H-1,2,4-TRIAZOLE-3-CARBOXAMIDE, 1-.BETA.-D-RIBOFURANOSY..., NSC 163039, RIBAVIRIN(USAN), VILONA, 163039]",NA,"FDA approved",4,"ribavirin_cellminercdb.html","<a href='https://discovery.nci.nih.gov/drugs/cellminercdb/ribavirin_cellminercdb.html' target='_blank'>details</a>"
"865","M-AMSA","[M-AMSA, AMSACRINE, M-AMSA HYDROCHLORIDE, METHANESULFONE-M-ANISIDINE-4'-[(9-ACRIDINYL)AMINO] HYDRO..., METHANESULFONAMIDE, N-[4-(9-ACRIDINYLAMINO)-3-METHOXYPHE..., METHANESULFON-M-ANISIDIDE 4'-(9-ACRIDINYLAMINO)-,, METHANSULFON-M-ANISIDE, 4'-(9-ACRIDINYLAMINO)-, MONOHYDR..., AMSACRINE (USAN), AMSACRINE LACTATE, SN 11841, 141549]","TOP2","FDA approved",4,"M-AMSA_cellminercdb.html","<a href='https://discovery.nci.nih.gov/drugs/cellminercdb/M-AMSA_cellminercdb.html' target='_blank'>details</a>"
"866","rebeccamycin","[REBECCAMYCIN, 5H-INDOLO[2,3-A]PYRROLO[3,4-C]CARBASOLE-5,7(6H)-DIONE, 1..., 5H-INDOLO[2,3-A]PYRROLO[3,4-C]CARBAZOLE-5,7(6H)-DIONE, 1..., 359079]","TOP1",NA,3,"rebeccamycin_cellminercdb.html","<a href='https://discovery.nci.nih.gov/drugs/cellminercdb/rebeccamycin_cellminercdb.html' target='_blank'>details</a>"
"867","noxin","[NOXIN, NITROXOLINE, 8-QUINOLINOL, 5-NITRO- (8CI9CI), 5-NITRO-8-OXYCHINOLINE, NITROXOLIN, 5-NITRO-8-HYDROXYQUINOLINE, NOXIBIOL, A-82, 5-NITRO-8-QUINOLINOL, 5NOK, 8-HYDROXY-5-NITROQUINOLINE, 5-NITROXINE, 5-NOK, 5-NITRO-8-OXYQUINOLINE, 5-NITROKS, NIBIOL, WLN: T66 BNJ GNW JQ, 74947]",NA,NA,3,"noxin_cellminercdb.html","<a href='https://discovery.nci.nih.gov/drugs/cellminercdb/noxin_cellminercdb.html' target='_blank'>details</a>"
"868","qinghaosu","[QINGHAOSU, ARTEMISININ, ARTEMISININE, 369397]",NA,NA,4,"qinghaosu_cellminercdb.html","<a href='https://discovery.nci.nih.gov/drugs/cellminercdb/qinghaosu_cellminercdb.html' target='_blank'>details</a>"
"869","CEP-28122","[CEP-28122, CEP28122, CT-CEP281, CEP-28122 (ALK), 779218]","PK:ALK","Clinical trial",4,"CEP-28122_cellminercdb.html","<a href='https://discovery.nci.nih.gov/drugs/cellminercdb/CEP-28122_cellminercdb.html' target='_blank'>details</a>"
"870","TPX-0005","[TPX-0005, A-6113, TPX0005, 800522]","PK:ROS1,ALK","Clinical trial",4,"TPX-0005_cellminercdb.html","<a href='https://discovery.nci.nih.gov/drugs/cellminercdb/TPX-0005_cellminercdb.html' target='_blank'>details</a>"
"871","ON-123300","[ON-123300, A-6117, ON123300, 802100]","PK:CDK,RET","Clinical trial",4,"ON-123300_cellminercdb.html","<a href='https://discovery.nci.nih.gov/drugs/cellminercdb/ON-123300_cellminercdb.html' target='_blank'>details</a>"
"872","CFI-400945","[CFI-400945, A-6005, CFI400945, 791966]","PK:PLK1","Clinical trial",4,"CFI-400945_cellminercdb.html","<a href='https://discovery.nci.nih.gov/drugs/cellminercdb/CFI-400945_cellminercdb.html' target='_blank'>details</a>"
"873","acalabrutinib","[ACALABRUTINIB, CS-5356, 791164]","PK:BTK","FDA approved",4,"acalabrutinib_cellminercdb.html","<a href='https://discovery.nci.nih.gov/drugs/cellminercdb/acalabrutinib_cellminercdb.html' target='_blank'>details</a>"
"874","Cobimetinib (isomer 1)","[COBIMETINIB (ISOMER 1), GDC-0623, HY-15610, GDC-0973, R-7420, RG-7420, XL-518, XL-518 (ISOMER 1), XL-518 (ISOMER 2), A-1180, COBIMETINIB (ISOMER 2), GDC-0973,  RG-7421, RG-7421, XL-518 ENANTIOMER, COBIMETINIB, COBIMETINIB ENANTIOMER, 778590, 768068, 768069]","PK:MAP2K,MAP2K1","FDA approved",5,"Cobimetinib_(isomer_1)_cellminercdb.html","<a href='https://discovery.nci.nih.gov/drugs/cellminercdb/Cobimetinib_(isomer_1)_cellminercdb.html' target='_blank'>details</a>"
"875","tpck","[TPCK, 727365]",NA,NA,3,"tpck_cellminercdb.html","<a href='https://discovery.nci.nih.gov/drugs/cellminercdb/tpck_cellminercdb.html' target='_blank'>details</a>"
"876","LDK-378","[LDK-378, A-1189, LDK378, CERITINIB, LDK 378, 776422]","PK:ALK","FDA approved",4,"LDK-378_cellminercdb.html","<a href='https://discovery.nci.nih.gov/drugs/cellminercdb/LDK-378_cellminercdb.html' target='_blank'>details</a>"
"877","AZD-2014","[AZD-2014, VISTUSERTIB, TCRS-173, , AZD-2014, TCRS-173, 767189, 1009298-59-2, AZD2014, UNII-0BSC3P4H5X, KU-0063794]","PK:MTOR","Clinical trial",7,"AZD-2014_cellminercdb.html","<a href='https://discovery.nci.nih.gov/drugs/cellminercdb/AZD-2014_cellminercdb.html' target='_blank'>details</a>"
"878","S-63845","[S63845, CT-S63845, 798846, S-63845]",NA,"Clinical trial",4,"S-63845_cellminercdb.html","<a href='https://discovery.nci.nih.gov/drugs/cellminercdb/S-63845_cellminercdb.html' target='_blank'>details</a>"
"879","spermidine hydrochloride","[SPERMIDINE HYDROCHLORIDE, SPERMIDINE, 1,4-BUTANEDIAMINE, N-(3-AMINOPROPYL)-, TRIHYDROCHLORIDE ..., SPERMIDINE TRIHYDROCHLORIDE, 1,4-BUTANEDIAMINE, N-(3-AMINOPROPYL)-, HYDROCHLORIDE, 1,4-BUTANEDIAMINE, N-(3-AMINOPROPYL), HYDROCHLORIDE, 528399]",NA,NA,4,"spermidine_hydrochloride_cellminercdb.html","<a href='https://discovery.nci.nih.gov/drugs/cellminercdb/spermidine_hydrochloride_cellminercdb.html' target='_blank'>details</a>"
"880","urson","[URSON, URSON, URSOLIC ACID, URSOLIC ACID B633868K036, URSON, PRUNOL, URS-12-EN-28-OIC ACID, 3.BETA.-HYDROXY- (8CI), .BETA.-URSOLIC ACID, MALOL, URS-12-EN-28-OIC ACID, 3-HYDROXY-, (3.BETA.)- (9CI), URSOLIC ACID, URSON, 167406,  4060]",NA,NA,3,"urson_cellminercdb.html","<a href='https://discovery.nci.nih.gov/drugs/cellminercdb/urson_cellminercdb.html' target='_blank'>details</a>"
"881","7-n-(aminoethyl-4-morpholino)-6-chloro-5,8-quinolinedione","[7-N-(AMINOETHYL-4-MORPHOLINO)-6-CHLORO-5,8-QUINOLINEDIONE, NSC-663284, 5,8-QUINOLINEDIONE,6-CHLORO-7-[[2-(4-MORPHOLINYL)ETHYL]A..., 663284]",NA,NA,4,"7-n-(aminoethyl-4-morpholino)-6-chloro-5,8-quinolinedione_cellminercdb.html","<a href='https://discovery.nci.nih.gov/drugs/cellminercdb/7-n-(aminoethyl-4-morpholino)-6-chloro-5,8-quinolinedione_cellminercdb.html' target='_blank'>details</a>"
"882","FGF-401","[NVP-FGF-401, CS-6853, FGF401, FGF-401, 804962, ROBLITINIB]","PK:FGFR","Clinical trial",3,"FGF-401_cellminercdb.html","<a href='https://discovery.nci.nih.gov/drugs/cellminercdb/FGF-401_cellminercdb.html' target='_blank'>details</a>"
"883","E-7449","[E-7449, CS-3479, , CS-3479, E7449, E-7449, E 7449, E 7449, E7449, 783107, 2X-121]","PARP1|PARP2","Clinical trial",5,"E-7449_cellminercdb.html","<a href='https://discovery.nci.nih.gov/drugs/cellminercdb/E-7449_cellminercdb.html' target='_blank'>details</a>"
"884","AZD-3147","[AZD-3147, AZD3147, A-1386, AZD 3147, 784815]","PK:MTOR","Clinical trial",4,"AZD-3147_cellminercdb.html","<a href='https://discovery.nci.nih.gov/drugs/cellminercdb/AZD-3147_cellminercdb.html' target='_blank'>details</a>"
"885","Trimetrexate glucuronate","[TRIMETREXATE GLUCURONATE, TRIMETREXATE, D-GLUCURONIC ACID, COMPD. WITH 5-METHYL-6-[[(3,4,5-TRIME..., TRIMETREXATE GLUCURONIC ACID SALT, 2,4-QUINAZOLINEDIAMINE, 5-METHYL-6-[[(3,4,5-TRIMETHOXYPH..., NEUTREXIN, TMTX, 352122]","Df|DHFR","FDA approved",3,"Trimetrexate_glucuronate_cellminercdb.html","<a href='https://discovery.nci.nih.gov/drugs/cellminercdb/Trimetrexate_glucuronate_cellminercdb.html' target='_blank'>details</a>"
"886","L-alpha-Aminobutyric Acid","[L-ALPHA-AMINOBUTYRIC ACID, 2-METHOXYESTRADIOL, 2-METHOXY-.BETA.-ESTRADIOL, PANZEM NCD, 2-METHOXYESTRA-1,3,5(10)-TRIENE-3,17.BETA.-DIOL, METHYLCHOLANTHRENE, 659853]",NA,NA,4,"L-alpha-Aminobutyric_Acid_cellminercdb.html","<a href='https://discovery.nci.nih.gov/drugs/cellminercdb/L-alpha-Aminobutyric_Acid_cellminercdb.html' target='_blank'>details</a>"
"887","Amphotericin B","[AMPHOTERICIN B, AMPHOTERICIN B, AMPHOTERICIN B, AMPHOTERICIN B (USAN), , AMPHOTERICIN B , TEGOPEN, AMPHO-MORONAL, AMPHOTERICIN .BETA., IAB, TEGOPEN, WLN: T6-36- A AO RVO A&U C&U E&U G&U I&U K&U M&UTJ CVQ D..., AMPHOTERICINE B, FUNGISONE, FUNGILIN, FUNGIZONE, COMPONENT OF TALSUTIN, AMPHOTERICIN B (VAN8CI9CI), AMB, COMPONENT OF MYSTECLIN-F, MYSTECLIN-F, 14,39-DIOXABICYCLO[33.3.1]NONATRIACONTA-19,21,23,25,27,2..., 755871,  527017]",NA,"FDA approved",3,"Amphotericin_B_cellminercdb.html","<a href='https://discovery.nci.nih.gov/drugs/cellminercdb/Amphotericin_B_cellminercdb.html' target='_blank'>details</a>"
"888","ABBV-075","[MIVEBRESIB, ABBV-075, PBLJ9908, ABBV075, 793103]","BRD","Clinical trial",4,"ABBV-075_cellminercdb.html","<a href='https://discovery.nci.nih.gov/drugs/cellminercdb/ABBV-075_cellminercdb.html' target='_blank'>details</a>"
"889","AZD-1208","[AZD-1208, AZD1208, A-1501, 776066]","PK:PIM1,PIM2,PIM3","Clinical trial",6,"AZD-1208_cellminercdb.html","<a href='https://discovery.nci.nih.gov/drugs/cellminercdb/AZD-1208_cellminercdb.html' target='_blank'>details</a>"
"890","AZD-6738","[AZD-6738, TCRS-351, AZD6738, CERALASERTIB, AZD-6738 DIASTEROMERIC MIXTURE, MIXTURE OF DIASTEREOMERS THAT INCLUDES AZD-6738, 780249, 777638]","PK:ATR","Clinical trial",6,"AZD-6738_cellminercdb.html","<a href='https://discovery.nci.nih.gov/drugs/cellminercdb/AZD-6738_cellminercdb.html' target='_blank'>details</a>"
"891","Picropodophyllin","[PICROPODOPHYLLIN, PODOPHYLLOTOXIN, PICROPODOPHYLLIN (8CI), FURO[3',4':6,7]NAPHTHO[2,3-D]-1,3-DIOXOL-6(5AH)-ONE, 5,8..., WLN: T E5 C665 FVO NO PO OHTT&&J DR CO1 DO1 EO1& JQ, 36407, PODOFILOX]",NA,NA,4,"Picropodophyllin_cellminercdb.html","<a href='https://discovery.nci.nih.gov/drugs/cellminercdb/Picropodophyllin_cellminercdb.html' target='_blank'>details</a>"
"892","emetine","[EMETINE, EMETINE, EMETINE, EMETINE HYDROCHLORIDE, 2H-BENZO[A]QUINOLIZINE, 3-ETHYL-1,3,4,6,7,11B-HEXAHYDRO-..., EMETAN, 6',7',10,11-TETRAMETHOXY-, DIHYDROCHLORIDE (9CI), CEPHAELINE METHYL ETHER HYDROCHLORIDE, CEPHAELINE METHYL ETHER HCL, EMETINE, 33669,  756754, EMETINE DIHYDROCHLORIDE]",NA,NA,4,"emetine_cellminercdb.html","<a href='https://discovery.nci.nih.gov/drugs/cellminercdb/emetine_cellminercdb.html' target='_blank'>details</a>"
"893","5,6,7-trihydroxyflavone","[5,6,7-TRIHYDROXYFLAVONE, BAICALEIN, 729192]",NA,NA,4,"5,6,7-trihydroxyflavone_cellminercdb.html","<a href='https://discovery.nci.nih.gov/drugs/cellminercdb/5,6,7-trihydroxyflavone_cellminercdb.html' target='_blank'>details</a>"
"894","EPZ-015666","[EPZ015666, PBLJ6625, EPZ-015666, EPZ 015666, 785299]","PRMT5","Clinical trial",3,"EPZ-015666_cellminercdb.html","<a href='https://discovery.nci.nih.gov/drugs/cellminercdb/EPZ-015666_cellminercdb.html' target='_blank'>details</a>"
"895","uridin","[URIDIN, URIDINE, .BETA.-D-RIBOFURANOSIDE, 2,4(1H,3H)-PYRIMIDINEDIONE-1, URACIL RIBOSIDE, URACIL, 1-.BETA.-D-RIBOFURANOSYL-, URD, URIDINE (8CI 9CI), 1-.BETA.-D-RIBOFURANOSYLURACIL, 20256]",NA,"FDA approved",4,"uridin_cellminercdb.html","<a href='https://discovery.nci.nih.gov/drugs/cellminercdb/uridin_cellminercdb.html' target='_blank'>details</a>"
"896","AMG-51","[AMG-51, A-6043, AMG51, 794646]","PK:MET","Clinical trial",4,"AMG-51_cellminercdb.html","<a href='https://discovery.nci.nih.gov/drugs/cellminercdb/AMG-51_cellminercdb.html' target='_blank'>details</a>"
"897","cube","[CUBE, ROTENONE, CUREX FLEA DUSTER, (-)-ROTENONE, DERRIS, EXTRAX, DERIL, DACTINOL, DERRIS ROOT, BARBASCO, HAIARI, ROTOCIDE, [1]BENZOPYRANO[3,4-B]FURO[2,3-H][1]BENZOPYRAN-6(6A.ALPHA..., NCI-C55210, MEXIDE, NOXFISH, RO-KO, DERRIN, LIQUID DERRIS, CUBE-PULVER, [1]BENZOPYRANO[3,4-B]FURO[2,3-H][1]BENZOPYRAN-6(6AH)-ONE..., FISH-TOX, POWDER AND ROOT, PRO-NOX FISH, ROTENON, GREEN CROSS WARBLE POWDER, ROTEFOUR, ENT 133, WLN: T G5 D6 B666 CV HO MO POT&TT&J IY1&U1 SO1 TO1, CENOL GARDEN DUST, TUBATOXIN, 5'.BETA.-ROTENONE, (1)BENZOPYRANO[3,4-B]FURO[2,3-H](1)BENZOPYRAN-6(6AH)-ONE..., PARADERIL, ROTEFIVE, ROTESSENOL, RONONE, CUBE EXTRACT, CUBE ROOT, CHEM-MITE, CUBOR, NICOULINE, DERRIS RESINS, 26258]",NA,NA,3,"cube_cellminercdb.html","<a href='https://discovery.nci.nih.gov/drugs/cellminercdb/cube_cellminercdb.html' target='_blank'>details</a>"
"898","GSK-2606414","[GSK2606414, A-1307, GSK-2606414, 781627]","PK:EIF2AK3","Clinical trial",5,"GSK-2606414_cellminercdb.html","<a href='https://discovery.nci.nih.gov/drugs/cellminercdb/GSK-2606414_cellminercdb.html' target='_blank'>details</a>"
"899","nicota","[NICOTA, NIACINAMIDE, DELONIN AMIDE, INOVITAN PP, NICAMINA, NIAMIDE, NICOZYMIN, 3-PYRIDINECARBOXYLIC ACID AMIDE, FACTOR PP, NICOTINAMIDE (8CI), NIOZYMIN, NICOVEL, NIOCINAMIDE, PYRIDINE, 3-CARBAMOYL-, NICOVIT, NAM, SAVACOTYL, PYRIDINE-3-CARBOXYLIC ACID AMIDE, NICOVITINA, NICOBION, NICAMINDON, HANSAMID, 3-PYRIDINECARBOXAMIDE (9CI), NICOTINIC ACID AMIDE, NICOTILAMIDE, 3-CARBAMOYLPYRIDINE, PP-FAKTOR, BENICOT, NICOTAMIDE, DIPEGYL, .BETA.-PYRIDINECARBOXAMIDE, AUSTROVIT PP, NICOTINSAUREAMID(GERMAN), NIKO-TAMIN, PELMIN, NIAVIT PP, VITAMIN PP, NICOGEN, NICOTOL, NICOVITOL, NIKOTINSAEUREAMID(GERMAN), PELMINE, NICOSAN 2, VITAMIN B3, AMIDE PP, NICASIR, NICOFORT, NICOTINE ACID AMIDE, NICOTYLAMIDE, NICOSYLAMIDE, VITAMIN B (VAN), NICAMIDE, AMINICOTIN, ACID AMIDE, NIACEVIT, WITAMINA PP, VI-NICOTYL, WLN: T6NJ CVZ, NANDERVIT-N, ENDOBION, NICOTINIC AMIDE, PELONIN AMIDE, NICOTILILAMIDO, NICOMIDOL, AMIXICOTYN, NIKOTINAMID, 13128]",NA,NA,3,"nicota_cellminercdb.html","<a href='https://discovery.nci.nih.gov/drugs/cellminercdb/nicota_cellminercdb.html' target='_blank'>details</a>"
"900","AZD-5153","[AZD-5153 6-HYDROXY-2-NAPHTHOIC ACID, AZD-5153, 6-HYDROXY-2-NAPHTHOATE, CT-A5153, AZD5153, 6-HYDROXY-2-NAPHTHOATE, 797938, AZD-5153, AZD5153]",NA,"Clinical trial",5,"AZD-5153_cellminercdb.html","<a href='https://discovery.nci.nih.gov/drugs/cellminercdb/AZD-5153_cellminercdb.html' target='_blank'>details</a>"
"901","PF-4989216","[PF-4989216, A-1184, 777877]","PK:PIK3","Clinical trial",4,"PF-4989216_cellminercdb.html","<a href='https://discovery.nci.nih.gov/drugs/cellminercdb/PF-4989216_cellminercdb.html' target='_blank'>details</a>"
"902","selonsertib","[SELONSERTIB, GS-4997, CT-G4997, GS4997, 797772]","PK:MAP3K5","Clinical trial",4,"selonsertib_cellminercdb.html","<a href='https://discovery.nci.nih.gov/drugs/cellminercdb/selonsertib_cellminercdb.html' target='_blank'>details</a>"
"903","tfdu","[TFDU, TRIFLURIDINE, 2,4(1H,3H)-PYRIMIDINEDIONE, 1-(2-DEOXY-.BETA.-D-RIBOFURA..., 2'-DEOXY-5-TRIFLUOROMETHYLURIDINE, 5-(TRIFLUOROMETHYL)-2'-DEOXYURIDINE, F3TDR, F3T, TRIFLUOROMETHYLDEOXYURIDINE, TRIFLURIDINE(USAN), 5-(TRIFLUOROMETHYL)DEOXYURIDINE, 5-TRIFLUOROMETHYL-2-DEOXYURIDINE, F3DTHD, URIDINE, 2'-DEOXY-5-(TRIFLUOROMETHYL)-, TRIFLUOROTHYMIDINE, VIROPTIC, 2'-DEOXY-5-(TRIFLUOROMETHYL)URIDINE, THYMIDINE, .ALPHA.,.ALPHA.,.ALPHA.-TRIFLUORO- (8CI 9CI), CF3DURD, 75520]","TYMS","FDA approved",5,"tfdu_cellminercdb.html","<a href='https://discovery.nci.nih.gov/drugs/cellminercdb/tfdu_cellminercdb.html' target='_blank'>details</a>"
"904","Amiodarone Hydrochloride","[AMIODARONE HYDROCHLORIDE, AMIODARONE, KETONE, 2-BUTYL-3-BENZOFURANYL 4-[2-(DIETHYLAMINO)ETHOXY..., WLN: T56 BOJ C4 DVR CI EI DO2N2&2 &GH, METHANONE, (2-BUTYL-3-BENZOFURANYL)[4-[2-(DIETHYLAMINO)E..., URO-SEPTRA, METHANONE, (2-BUTYL-3-BENZOFURANYL) [4-[2-(DIETHYLAMINO)..., 51087 N HCL, 85442]",NA,"FDA approved",3,"Amiodarone_Hydrochloride_cellminercdb.html","<a href='https://discovery.nci.nih.gov/drugs/cellminercdb/Amiodarone_Hydrochloride_cellminercdb.html' target='_blank'>details</a>"
"905","kantaridin","[KANTARIDIN, CANTHARIDIN, 1,2-DIMETHYL-3,6-EPOXYPERHYDROPHTHALIC ANHYDRIDE, 7-OXABICYCLO[2.2.1]HEPTANE-2,3-DICARBOXYLIC ANHYDRIDE, 2..., HEXAHYDRO-3A,7A-DIMETHYL-4,7-EPOXYISOBENZOFURAN-1,3-DIONE, 4,7-EPOXYISOBENZOFURAN-1,3-DIONE, HEXAHYDRO-3A,7A-DIMETH..., WLN: T C555 A AO DVOVTJ C1 G1, 2,3-DIMETHYL-7-OXABICYCLO[2.2.1]HEPTANE-2,3-DICARBOXYLIC..., CANTHARIDES CAMPHOR, CANTHARIDINE, CAN, EXO-1,2-CIS-DIMETHYL-3,6-EPOXYHEXAHYDROPHTHALIC ANHYDRIDE, CANTHARONE, 4,7-EPOXYISOBENZOFURAN-1,3-DIONE, HEXAHYDRO-3A,7A-DIMETHYL-, 61805]",NA,"FDA approved",3,"kantaridin_cellminercdb.html","<a href='https://discovery.nci.nih.gov/drugs/cellminercdb/kantaridin_cellminercdb.html' target='_blank'>details</a>"
"906","aclarubicin","[ACLARUBICIN, ACLARUBICIN HYDROCHLORIDE, ACLACINOMYCIN A, ACLACINOMYCIN, MA 144-A1, ANTIBIOTIC MA144-A1, NSC 208734, ACLUCINOMYCIN A, 1-NAPHTHACENECARBOXYLIC ACID, 2-ETHYL-1,2,3,4,6,11-HEXAH..., 208734]","TOP2","FDA approved",3,"aclarubicin_cellminercdb.html","<a href='https://discovery.nci.nih.gov/drugs/cellminercdb/aclarubicin_cellminercdb.html' target='_blank'>details</a>"
"907","PF-06463922","[PF-06463922, LORLATINIB, A-1925, 780108]","PK:ROS1,ALK","FDA approved",5,"PF-06463922_cellminercdb.html","<a href='https://discovery.nci.nih.gov/drugs/cellminercdb/PF-06463922_cellminercdb.html' target='_blank'>details</a>"
"908","Nocodazole","[NOCODAZOLE, NOCODAZOLE, NOCODAZOLE, NSC 238159, R 17,934, CARBAMIC ACID, [5-(2-THIENYLCARBONYL)-1H-BENZIMIDAZOLE-2..., METHYL 5-(2-THENOYL)-2-BENZIMIDAZOLECARBAMATE, 2-BENZIMIDAZOLECARBAMIC ACID, 5-(2-THENOYL)-, METHYL EST..., METHYL [5-(2-THIENYLCARBONYL)-1H-BENZIMIDAZOL-2-YL]CARBA..., ONCODAZOLE, R 17934, 2-BENZIMIDAZOLECARBAMIC ACID, 5-(2-THIENYLCARBONYL)-, ME..., METHYL 5-(2-THIENOYL)-2-BENZIMIDAZOLECARBAMATE, METHYL[5-(2-THIENYLCARBONYL)]-1H-BENZIMIDAZOLE-2-YL CARB..., N-[5-(2-THIENOYL)-2-BENZIMIDAZOLYL]CARBAMIC ACID METHYL ..., API0003615, NOCODAZOLE(USAN), N-[5-(2-THENOYL)-2-BENZIMIDAZOLYL]CARBAMIC ACID METHYL E..., 2-BENZIMIDAZOLECARBAMIC ACID, 5-(2-THIENOYL)-, METHYL ES..., CARBAMIC ACID, [5-(2-THIENYLCARBONYL)-1H-BENZIMIDAZOL-2-..., NOCODAZOLE (USAN), NOCODAZOLE (USAN), , NOCODAZOLE , 238159,  759882]","Tu-stab",NA,4,"Nocodazole_cellminercdb.html","<a href='https://discovery.nci.nih.gov/drugs/cellminercdb/Nocodazole_cellminercdb.html' target='_blank'>details</a>"
"909","kipca","[KIPCA, MENADIONE, SYNKAY, KARCON, KIPCA, OIL SOLUBLE, 2-METHYL-1,4-NAPHTHOCHINON (GERMAN), HEMODAL, KOLKLOT, MITENONE, MENAPHTHON, MENAQUINONE, AQUAKAY, KAREON, 2-METHYL-1,4-NAPHTHALENEDIONE, 1,4-NAPHTHOQUINONE, 2-METHYL- (8CI), 3-METHYL-1,4-NAPHTHOQUINONE, 1,4-NAPHTHALENEDIONE, 2-METHYL- (9CI), 2-METHYL-1,4-NAPHTHOQUINONE, THYLOQUINONE, VITAMIN K2(0), MENAPHTHONE, K-VITAN, K-THROMBYL, JUVA-K, MENADION, KOAXIN, WLN: L66 BV EVJ C1, KAPPAXIN, KAPPAXAN (VAN), MENAPHTONE, MITENON, AQUINONE, MENAQUINONE 0, KIPCA-OIL SOLUBLE, 2-METHYLNAPHTHOQUINONE, USAF EK-5185, KAYKOT, KAYQUINONE, KANONE, KATIV-G, MNQ, KAERGONA, KAYKLOT, PANOSINE, KLOTTONE, PROKAYVIT, VITAMIN K3, 4170]",NA,NA,4,"kipca_cellminercdb.html","<a href='https://discovery.nci.nih.gov/drugs/cellminercdb/kipca_cellminercdb.html' target='_blank'>details</a>"
"910","M2698","[M2698, MSC2363318A, CT-M2698, 795142]","PK:AKT,AKT1,AKT2,AKT3","Clinical trial",4,"M2698_cellminercdb.html","<a href='https://discovery.nci.nih.gov/drugs/cellminercdb/M2698_cellminercdb.html' target='_blank'>details</a>"
"911","10058-F4","[10058-F4, , 10058-F4, 5-[(4-ETHYLPHENYL)METHYLENE]-2-THIOXO-4-THIAZO..., SC-213577, 5-[(4-ETHYLPHENYL)METHYLENE]-2-THIOXO-4-THIAZOLIDINONE, 764582]","MYC","Clinical trial",4,"10058-F4_cellminercdb.html","<a href='https://discovery.nci.nih.gov/drugs/cellminercdb/10058-F4_cellminercdb.html' target='_blank'>details</a>"
"912","pentamidine isethionate","[PENTAMIDINE ISETHIONATE, PENTAMIDINE ISETHIONATE, PENTAMIDINE ISETHIONATE, PENTAMIDINE ISETHIONATE (USAN), PENTAMIDINE ISETHIONATE (USAN), , PENTAMIDINE ISETHIONATE , 620107,  757400]",NA,"FDA approved",4,"pentamidine_isethionate_cellminercdb.html","<a href='https://discovery.nci.nih.gov/drugs/cellminercdb/pentamidine_isethionate_cellminercdb.html' target='_blank'>details</a>"
"913","AZD-3463","[AZD-3463, CT-A3463, CT-3463, 776787, AZD3463]","PK:IGF1R,ALK","Clinical trial",5,"AZD-3463_cellminercdb.html","<a href='https://discovery.nci.nih.gov/drugs/cellminercdb/AZD-3463_cellminercdb.html' target='_blank'>details</a>"
"914","LEE-011","[LEE-011, RIBOCICLIB SUCCINATE, N,N-DIMETHYL 7-CYCLOPENTYL-2-(5-PIPERAZIN-1-YLPYRIDIN-2-..., A-1277, LEE011, RIBOCICLIB, RIBOCCLIB, 778909]","PK:CDK,CDK4,CDK6","FDA approved",6,"LEE-011_cellminercdb.html","<a href='https://discovery.nci.nih.gov/drugs/cellminercdb/LEE-011_cellminercdb.html' target='_blank'>details</a>"
"915","CGM-097","[CGM-097, NVPCGM097, CS-3138, CGM097, HY-15954, NVP-CGM097, CGM 097, NVP CGM097, 783015]","MDM2","Clinical trial",5,"CGM-097_cellminercdb.html","<a href='https://discovery.nci.nih.gov/drugs/cellminercdb/CGM-097_cellminercdb.html' target='_blank'>details</a>"
"916","Emodin","[EMODIN, FRANGULA EMODIN, RHEUM EMODIN, C.I. 75440, 1,3,8-TRIHYDROXY-6-METHYLANTHRAQUINONE, PERSIAN BERRY LAKE, 3-METHYL-1,6,8-TRIHYDROXYANTHRAQUINONE, C.I. NATURAL YELLOW 14, ANTHRAQUINONE, 1,3,8-TRIHYDROXY-6-METHYL- (8CI), 9,10-ANTHRACENEDIONE, 1,3,8-TRIHYDROXY-6-METHYL- (9CI), EMODOL, 1,3,8-TRIHYDROXY-6-METHYL-9,10-ANTHRAQUINONE, SCHUTTGELB, 4,5,7-TRIHYDROXY-2-METHYLANTHRAQUINONE, 408120]",NA,NA,3,"Emodin_cellminercdb.html","<a href='https://discovery.nci.nih.gov/drugs/cellminercdb/Emodin_cellminercdb.html' target='_blank'>details</a>"
"917","AMG-511","[AMG-511, AMG 511, CT-AMG511, AMG511, 782122]","PK:PIK3","Clinical trial",4,"AMG-511_cellminercdb.html","<a href='https://discovery.nci.nih.gov/drugs/cellminercdb/AMG-511_cellminercdb.html' target='_blank'>details</a>"
"918","GDC-0810","[BRILANESTRANT, GDC 0810, A-9049, GDC-0810, GDC0810, 787326]","SERD","Clinical trial",5,"GDC-0810_cellminercdb.html","<a href='https://discovery.nci.nih.gov/drugs/cellminercdb/GDC-0810_cellminercdb.html' target='_blank'>details</a>"
"919","TAS-116","[TAS-116, A-1924, 780204]","HSP90","Clinical trial",4,"TAS-116_cellminercdb.html","<a href='https://discovery.nci.nih.gov/drugs/cellminercdb/TAS-116_cellminercdb.html' target='_blank'>details</a>"
"920","flubenol","[FLUBENOL, FLUBENDAZOLE, METHYL 5-(P-FLUOROBENZOYL)-2-BENZIMIDAZOLECARBAMATE, 2-BENZIMIDAZOLECARBAMIC ACID, 5-(P-FLUOROBENZOYL)-, METH..., CARBAMIC ACID, [5-(4-FLUOROBENZOYL)-1H-BENZIMIDAZOL-2-YL..., R 17,889, FLUBENDAZOLE(USAN), FLUVERMAL, R 17899, 313680]",NA,NA,4,"flubenol_cellminercdb.html","<a href='https://discovery.nci.nih.gov/drugs/cellminercdb/flubenol_cellminercdb.html' target='_blank'>details</a>"
"921","BAY-876","[BAY-876, BAY876, A-6009, 793149]","SLC2A1","Clinical trial",4,"BAY-876_cellminercdb.html","<a href='https://discovery.nci.nih.gov/drugs/cellminercdb/BAY-876_cellminercdb.html' target='_blank'>details</a>"
"922","Clotrimazole","[CLOTRIMAZOLE, BAY-B 5097, 1-(O-CHLOROTRITYL)IMIDAZOLE, BIS-PHENYL-(2-CHLOROPHENYL)-1-IMIDAZOYL)METHANE, METHANE, BIS-PHENYL-(2-CHLOROPHENYL)-1-IMIDAZOLYL-, DIPHENYL-(2-CHLOROPHENYL)-1-IMIDAZOLYLMETHANE, DIPHENYL(2-CHLOROPHENYL)(1-IMIDAZOLYL)METHANE, CANESTEN, GYNE LOTRIMIN, IMIDAZOLE, 1-(O-CHLORO-.ALPHA.,.ALPHA.-DIPHENYLBENZYL)- ..., 1H-IMIDAZOLE, 1-[(2-CHLOROPHENYL)DIPHENYLMETHYL]- (9CI), MYCOSPORIN, 1-(O-CHLOROPHENYLDIPHENYLMETHYL)IMIDAZOLE, GYNE-LOTRIMIN, MYKOSPORIN, BAY B 9057, CLOTRIMAZOLE(USAN), BAY B 5097, 1-(O-CHLORO-.ALPHA.,.ALPHA.-DIPHENYLBENZYL)IMIDAZOLE, EMPECID, MYCELEX, LOTRIMIN, (2-CHLOROPHENYL)DIPHENYL-1-IMIDAZOLYLMETHANE, BAY B5097, BAY 5097, BAYB 5097, (CHLOROTRITYL)IMIDAZOLE, CLOTRIMAZOLE (USAN), 257473]",NA,"FDA approved",4,"Clotrimazole_cellminercdb.html","<a href='https://discovery.nci.nih.gov/drugs/cellminercdb/Clotrimazole_cellminercdb.html' target='_blank'>details</a>"
"923","MI-773","[MI-773, CS-2686, 781009, SAR-405838]","MDM2","Clinical trial",4,"MI-773_cellminercdb.html","<a href='https://discovery.nci.nih.gov/drugs/cellminercdb/MI-773_cellminercdb.html' target='_blank'>details</a>"
"924","SHP-099","[SHP-099, CT-SHP099, SHP099 2HCL, SHP-099 2HCL, 804254]","PTPN11","Clinical trial",4,"SHP-099_cellminercdb.html","<a href='https://discovery.nci.nih.gov/drugs/cellminercdb/SHP-099_cellminercdb.html' target='_blank'>details</a>"
"925","azathioprine (usan)","[AZATHIOPRINE (USAN), AZATHIOPRINE SODIUM, AZATHIOPRINE, , AZATHIOPRINE , AZATHIOPRINE (USAN), BW 57-322, MURAN, NCI-C03474, IMUREK, IMUREL, IMURAN, 6-(1-METHYL-P-NITRO-5-IMIDAZOLYL)-THIOPURINE, AZATHIOPRINE(USAN), 1H-PURINE, 6-[(1-METHYL-4-NITRO-1H-IMIDAZOL-5-YL)THIO]- ..., CCUCOL, AZAMUN, PURINE, 6-(1-METHYL-4-NITRO-5-IMIDAZOLYLTHIO)-, ATP, 6-(1'-METHYL-4'-NITRO-5'-IMIDAZOLYL)MERCAPTOPURINE, BW 57322, AZANIN, 6-(1-METHYL-P-NITRO-5-IMIDAZOLYL)THIOPURINE, 6-[(1-METHYL-4-NITROIMIDAZOL-5-YL)THIO]PURINE, BW-57-322, AZATHIOPRIN, AZATIOPRIN, 6-(METHYL-P-NITRO-5-IMIDAZOLYL)THIOPURINE, [METHYL(NITROIMIDAZOLYL)MERCAPTOPURINE], PURINE, 6-[(1-METHYL-4-NITROIMIDAZOL-5-YL)THIO]- (8CI), 6-1'-METHYL,4'-NITRO,5'-IMIDAZOLYL MERCAPTOPURINE, WLN: T56 BM DN FN HNJ IS- ET5N CNJ A1 DNW, AZOTHIOPRINE, NSC 39084, RORASUL, B. W. 57-322, NSC-39084, 6-(METHYL-P-NITRO-5-IMIDAZOLYL)-THIOPURINE, AZATHIOPRINE SODIUM, 755900,  39084]",NA,NA,4,"azathioprine_(usan)_cellminercdb.html","<a href='https://discovery.nci.nih.gov/drugs/cellminercdb/azathioprine_(usan)_cellminercdb.html' target='_blank'>details</a>"
"926","ouabain","[OUABAIN, 757425]",NA,"FDA approved",4,"ouabain_cellminercdb.html","<a href='https://discovery.nci.nih.gov/drugs/cellminercdb/ouabain_cellminercdb.html' target='_blank'>details</a>"
"927","BAY-1161909","[BAY-1161909, BAY1161909, PB92002, BAY 1161909, 787025]","IDUA","Clinical trial",4,"BAY-1161909_cellminercdb.html","<a href='https://discovery.nci.nih.gov/drugs/cellminercdb/BAY-1161909_cellminercdb.html' target='_blank'>details</a>"
"928","Epothilone D","[EPOTHILONE D, 12,13-DESOXY-EPOTHILONE B, (4S-(4R*,7S,8R*,9R*,13Z,16R*(E)))-4,8-DIHYDROXY-5,5,7,9,..., KOS 862, 703147, EPOTHILONE-D]","Tu-stab",NA,4,"Epothilone_D_cellminercdb.html","<a href='https://discovery.nci.nih.gov/drugs/cellminercdb/Epothilone_D_cellminercdb.html' target='_blank'>details</a>"
"929","AZD-8835","[AZD-8835, AZD8835, AZD 8835, 786099]","PK:PIK3","Clinical trial",5,"AZD-8835_cellminercdb.html","<a href='https://discovery.nci.nih.gov/drugs/cellminercdb/AZD-8835_cellminercdb.html' target='_blank'>details</a>"
"930","Desoximetasone","[DESOXIMETASONE, HYDROCORTISONE BASE, ESIDERM H, MAINTASONE, ELDERCORT, FICORTRIL, DERMACORT, 11.BETA.,17,21-TRIHYDROXYPREGN-4-ENE-3,20-DIONE, CORTISOL (8CI), 11.BETA.-HYDROXYCORTISONE, INCORTIN-H, CORT-DOME, EFCORTELIN, CETACORT, HYDRASSON, EFCORTELAN, TARCORTIN, EPICORT, ALA-SCALP, SIGNEF, 11.BETA.-HYDROCORTISONE, CORTIFOAM, EPIDERM H, COMPOUND F (KENDALL), DOMOLENE-HC, HEB-CORT, COMPONENT OF CORT-QUIN, CORTRIL, ALACORT, ELDECORT, HYDROXYCORTISONE, HYTONE, KENDALL'S COMPOUND F, CREMESONE, COMPONENT OF OTALGINE, EF CORLIN, CORTONEMA, CORTISOL ALCOHOL, HYCORT, EFCORBIN, SCHEROSON F, CLEITON, CORTISPRAY, 11.BETA.,17.ALPHA.,21-TRIHYDROXYPREGN-4-ENE-3,20-DIONE, WLN: L E5 B666 OV MUTJ A1 CQ E1 FV1Q FQ, PREGN-4-ENE-3,20-DIONE, 11.BETA.,17,21-TRIHYDROXY-, HIDRO-COLISONA, COBADEX, COMPOUND F, HYDROCORTICOSTERONE, PREGN-4-ENE-3,20-DIONE, 11,17,21-TRIHYDROXY-, (11.BETA.)..., HYDRO-ADRESON, CORTEF, TOPICORT, GENACORT, BARSEB HC, HYTONE LOTION, 17-HYDROXYCORTICOSTERONE, HYDROCORTISONE FREE ALCOHOL, KOMED HC, HC (VAN), HYCORTOLE, REICHSTEIN'S SUBSTANCE M, CO, 10483, HYDROCORTISONE]",NA,"FDA approved",4,"Desoximetasone_cellminercdb.html","<a href='https://discovery.nci.nih.gov/drugs/cellminercdb/Desoximetasone_cellminercdb.html' target='_blank'>details</a>"
"931","Econazole Nitrate","[ECONAZOLE NITRATE, ECONAZOLE NITRATE, ECONAZOLE, , ECONAZOLE NITRATE , ECONAZOLE NITRATE (USAN), ECONAZOLE NITRATE, IFENEC, R 14827, PALAVALE, GYNO-PEVARYL 150, PEVARYL, GYNO-PEVARYL, IMIDAZOLE, 1-[2,4-DICHLORO-.BETA.-[(P-CHLOROBENZYL)OXY]P..., IFENEC, 1H-IMIDAZOLE, 1-[2-[(4-CHLOROPHENYL)METHOXY]-2-(2,4-DICH..., 757882,  243115]",NA,"FDA approved",3,"Econazole_Nitrate_cellminercdb.html","<a href='https://discovery.nci.nih.gov/drugs/cellminercdb/Econazole_Nitrate_cellminercdb.html' target='_blank'>details</a>"
"932","SCH-772984","[SCH-772984, 33-2262, 775636, SCH772984]","PK:ERK,MAP3K,MAPK1","Clinical trial",5,"SCH-772984_cellminercdb.html","<a href='https://discovery.nci.nih.gov/drugs/cellminercdb/SCH-772984_cellminercdb.html' target='_blank'>details</a>"
"933","6-Bromoindirubin-3'-Acetoxime","[6-BROMOINDIRUBIN-3'-ACETOXIME, SML0531, (2'Z,3'E)-6-BROMOINDIRUBIN-3'-ACETOXIME, BIO-ACETOXIME, , (2'Z,3'E)-6-BROMOINDIRUBIN-3'-ACETOXIME, BIO-ACETOXIME, 3..., 3874, BIA, 764238]","PK:GSK3A","Clinical trial",4,"6-Bromoindirubin-3'-Acetoxime_cellminercdb.html","<a href='https://discovery.nci.nih.gov/drugs/cellminercdb/6-Bromoindirubin-3'-Acetoxime_cellminercdb.html' target='_blank'>details</a>"
"934","KPT-9274","[KPT-9274, KPT9274, PBLJ9982, 792970]","PK:PAK4","Clinical trial",4,"KPT-9274_cellminercdb.html","<a href='https://discovery.nci.nih.gov/drugs/cellminercdb/KPT-9274_cellminercdb.html' target='_blank'>details</a>"
"935","Carmofur","[CARMOFUR, 758963]",NA,NA,4,"Carmofur_cellminercdb.html","<a href='https://discovery.nci.nih.gov/drugs/cellminercdb/Carmofur_cellminercdb.html' target='_blank'>details</a>"
"936","artesunate","[ARTESUNATE, SEQUOIA RESEARCH PRODUCTS LTD.,SRP073035A, ARTESUNATE (USAN), , ARTESUNATE , 759817]",NA,"FDA approved",4,"artesunate_cellminercdb.html","<a href='https://discovery.nci.nih.gov/drugs/cellminercdb/artesunate_cellminercdb.html' target='_blank'>details</a>"
"937","melbex","[MELBEX, MELBEX, MYCOPHENOLIC ACID, MYCOPHENOLIC ACID (USAN), , MYCOPHENOLIC ACID , MELBEX, MYCOPHENOLIC ACID, ENVIRONMENTALLY HAZARDOUS SUBSTANCE, SOLID, N.O.S. (MYCO..., 4-HEXENOIC ACID,  6-(4-HYDROXY-6-METHOXY-7-METHYL-3-OXO-..., 4-HEXENOIC ACID,  6-(1,3-DIHYDRO-4-HYDROXY-6-METHOXY-7-M..., MYCOPHENOLIC ACID , LILLY 68618, MPA, 757424,  129185, MYCOPHENOLIC-ACID]",NA,"FDA approved",5,"melbex_cellminercdb.html","<a href='https://discovery.nci.nih.gov/drugs/cellminercdb/melbex_cellminercdb.html' target='_blank'>details</a>"
"938","Telatinib","[TELATINIB, BAY 57-9352, S2231, BAY-57-9352, BAY-579352, 776017]","PK:PDGFR,KIT,VEGFR,KDR","Clinical trial",5,"Telatinib_cellminercdb.html","<a href='https://discovery.nci.nih.gov/drugs/cellminercdb/Telatinib_cellminercdb.html' target='_blank'>details</a>"
"939","PLX-8394","[PLX-8394, CS-5123, PLX8394, 797932]","PK:BRAF","Clinical trial",4,"PLX-8394_cellminercdb.html","<a href='https://discovery.nci.nih.gov/drugs/cellminercdb/PLX-8394_cellminercdb.html' target='_blank'>details</a>"
"940","fenbendazole (usan)","[FENBENDAZOLE (USAN), FENBENDAZOLE, , FENBENDAZOLE , 757824]",NA,NA,4,"fenbendazole_(usan)_cellminercdb.html","<a href='https://discovery.nci.nih.gov/drugs/cellminercdb/fenbendazole_(usan)_cellminercdb.html' target='_blank'>details</a>"
"941","Sulfatinib","[SULFATINIB, HMPL-012, HMPL012, CS-5949, 797937]","PK:YK,FGFR,KDR","FDA approved",4,"Sulfatinib_cellminercdb.html","<a href='https://discovery.nci.nih.gov/drugs/cellminercdb/Sulfatinib_cellminercdb.html' target='_blank'>details</a>"
"942","OTX-015","[OTX-015, BIRABRESIB, OTX015, A-1349, CT-OTX015, CS-1598, OTX 015, MK-8628, 778747]","BRD","Clinical trial",6,"OTX-015_cellminercdb.html","<a href='https://discovery.nci.nih.gov/drugs/cellminercdb/OTX-015_cellminercdb.html' target='_blank'>details</a>"
"943","GDC-0994","[RAVOXERTINIB, A-1318, GDC-0994, 781343]","PK:ERK,MAP3K,MAPK1","Clinical trial",4,"GDC-0994_cellminercdb.html","<a href='https://discovery.nci.nih.gov/drugs/cellminercdb/GDC-0994_cellminercdb.html' target='_blank'>details</a>"
"944","Combretastatin A4","[COMBRETASTATIN A4, COMBRESTATIN A4, PHENOL, 2-METHOXY-5-[2-(3,4,5-TRIMETHOXYPHENYL)ETHENYL]-, COMBRETASTATIN A-4, 613729]",NA,NA,3,"Combretastatin_A4_cellminercdb.html","<a href='https://discovery.nci.nih.gov/drugs/cellminercdb/Combretastatin_A4_cellminercdb.html' target='_blank'>details</a>"
"945","Methylene Blue","[METHYLENE BLUE, METHYLENE BLUE TRIHYDRATE, 759135, METHYLENE BLUE HYDRATE]",NA,"FDA approved",3,"Methylene_Blue_cellminercdb.html","<a href='https://discovery.nci.nih.gov/drugs/cellminercdb/Methylene_Blue_cellminercdb.html' target='_blank'>details</a>"
"946","ncgc00241410-01","[NCGC00241410-01, NCGC00241410, , N-(AZETIDIN-3-YL)-6-(6-CHLOROIMIDAZO[1,2-A]PYRIDIN-3-YL..., N-(AZETIDIN-3-YL)-6-(6-CHLOROIMIDAZO[1,2-A]PYRIDIN-3-YL)..., 767162]",NA,NA,3,"ncgc00241410-01_cellminercdb.html","<a href='https://discovery.nci.nih.gov/drugs/cellminercdb/ncgc00241410-01_cellminercdb.html' target='_blank'>details</a>"
"947","milademetan","[MILADEMETAN, DS-3032, DS3032, 800893]","MDM2","Clinical trial",4,"milademetan_cellminercdb.html","<a href='https://discovery.nci.nih.gov/drugs/cellminercdb/milademetan_cellminercdb.html' target='_blank'>details</a>"
"948","SAR-245409","[SAR-245409, VOXTALISIB, SAR245409, XL-765, CT-XL765, XL765, 791226, 1123889-87-1, 1349796-36-6, PI3K-IN-1]","PK:PIK3","Clinical trial",8,"SAR-245409_cellminercdb.html","<a href='https://discovery.nci.nih.gov/drugs/cellminercdb/SAR-245409_cellminercdb.html' target='_blank'>details</a>"
"949","claritin","[CLARITIN, LORATADINE, 1-PIPERIDENECARBOXYLIC ACID, 4-(8-CHLORO-5,6-DUHYDRO-11H..., 721075]",NA,"FDA approved",3,"claritin_cellminercdb.html","<a href='https://discovery.nci.nih.gov/drugs/cellminercdb/claritin_cellminercdb.html' target='_blank'>details</a>"
"950","MLN-7243","[MLN-7243, CT-M7243, TAK-243, MLN7243, A-1384, 785004]","UB-activating","Clinical trial",4,"MLN-7243_cellminercdb.html","<a href='https://discovery.nci.nih.gov/drugs/cellminercdb/MLN-7243_cellminercdb.html' target='_blank'>details</a>"
"951","poziotinib","[POZIOTINIB, A-1363, 783296]","PK:EGFR,ERBB2,Multikinase","Clinical trial",5,"poziotinib_cellminercdb.html","<a href='https://discovery.nci.nih.gov/drugs/cellminercdb/poziotinib_cellminercdb.html' target='_blank'>details</a>"
"952","APR-246","[APR-246, PBLJ9878, APR246, PRIMA-1MET, 791496]","Apo","Clinical trial",5,"APR-246_cellminercdb.html","<a href='https://discovery.nci.nih.gov/drugs/cellminercdb/APR-246_cellminercdb.html' target='_blank'>details</a>"
"953","Colchicine","[COLCHICINE, COLCHICINE, COLCHICINE, CONDYLON, N-ACETYL TRIMETHYLCOLCHICINIC ACID METHYLETHER, COLCHICINA (ITALIAN), WLN: L B677 MV&T&J CO1 DO1 EO1 JMV1 NO1, COMPONENT OF COLBENEMID, COLCHICINE (8CI), COLSALOID, 7.ALPHA.H-COLCHICINE, COLCHINEOS, ACETAMIDE, N-(5,6,7,9-TETRAHYDRO-1,2,3,10-TETRAMETHOXY-9..., COLCIN, BENZO[A]HEPTALEN-9(5H)-ONE, 7-ACETAMIDO-6,7-DIHYDRO-1,2,..., COLCHISOL, COLCHICIN (GERMAN), NSC 757, , COLCHICINE, 757,  756702]","TUBB","FDA approved",4,"Colchicine_cellminercdb.html","<a href='https://discovery.nci.nih.gov/drugs/cellminercdb/Colchicine_cellminercdb.html' target='_blank'>details</a>"
"954","LXS-196","[LXS-196, CT-LXS196, NVP-LXS-196, LXS196, 800030]","PK:PRKCA","Clinical trial",4,"LXS-196_cellminercdb.html","<a href='https://discovery.nci.nih.gov/drugs/cellminercdb/LXS-196_cellminercdb.html' target='_blank'>details</a>"
"955","AMG-319","[AMG-319, AMG 319, AMG319, 787137]","PK:PIK3","Clinical trial",5,"AMG-319_cellminercdb.html","<a href='https://discovery.nci.nih.gov/drugs/cellminercdb/AMG-319_cellminercdb.html' target='_blank'>details</a>"
"956","Plinabulin","[PLINABULIN, NPI2358, NPI-2358, CS-0506, KPU-2, 797934]",NA,"Clinical trial",4,"Plinabulin_cellminercdb.html","<a href='https://discovery.nci.nih.gov/drugs/cellminercdb/Plinabulin_cellminercdb.html' target='_blank'>details</a>"
"957","GS-9901","[GS-9901, CT-GS9901, GS9901, 798799]",NA,"Clinical trial",4,"GS-9901_cellminercdb.html","<a href='https://discovery.nci.nih.gov/drugs/cellminercdb/GS-9901_cellminercdb.html' target='_blank'>details</a>"
"958","florid","[FLORID, MICONAZOLE NITRATE, ANDERGIN, MICONAZOLE NITRATE(USAN), COMPONENT OF MONISTAT CREAM, R 14,889, R 14889, 1-[2,4-DICHLORO-.BETA.-[(2,4-DICHLOROBENZYL)OXY]PHENETHY..., CONOFITE, AFLORIX, MICATIN, IMIDAZOLE, 1-[2,4-DICHLORO-.BETA.-[(2,4-DICHLOROBENZYL)O..., [2,4-DICHLORO-.BETA.-(2,4-DICHLOROBENZYLOXY)PHENETHYL]IM..., ALBISTAT, EPI-MONISTAT, GYNO-MONISTAT, 1H-IMIDAZOLE, 1-[2-(2,4-DICHLOROPHENYL)-2-[(2,4-DICHLORO..., GYNO-DAKTAR, MICONAZOLE NITRATE (USAN), 169434]",NA,"FDA approved",3,"florid_cellminercdb.html","<a href='https://discovery.nci.nih.gov/drugs/cellminercdb/florid_cellminercdb.html' target='_blank'>details</a>"
"959","Idoxuridine","[IDOXURIDINE, SK&F 14287, HERPIDU, IODOXURIDINE, 1.BETA.-D-2'-DEOXYRIBOFURANOSYL-5-IODOURACIL, IDUR, IUDR, URIDINE, 2'-DEOXY-5-IODO- (8CI 9CI), 5-IUDR, IDURIDIN, HERPLEX LIQUIFILM, HERPLEX, URIDINE, 5-IODO-2'-DEOXY-, KERECID, SPECTANEFRAN, WLN: T6NVMVJ EI A- ET5OTJ B1Q CQ, 2'-DEOXY-5-IODOURIDINE, SKF 14287, JODDEOXIURIDIN, 5-IODOURACIL DEOXYRIBOSIDE, IDOXURIDIN, OPHTHALMADINE, ALLERGAN 211, SYNMIOL, 5-IODODEOXYURIDINE, IDU OCULOS, IDULEA, URACIL, 5-IODO-1-(2-DEOXY-.BETA.-D-RIBOFURANOSYL)-, IDOXURIDINE(USAN), DENDRID, IDUVIRAN, 5IUDR, 5-IODO-2'-DEOXYURIDINE, NSC 39661, IDEXUR, STOXIL, IDU, HERPESIL, IDUCHER, EMANIL, IDOXENE, 39661]",NA,"FDA approved",4,"Idoxuridine_cellminercdb.html","<a href='https://discovery.nci.nih.gov/drugs/cellminercdb/Idoxuridine_cellminercdb.html' target='_blank'>details</a>"
"960","EXEL-2280","[EXEL-2280, XL-228, CT-XL228, 778366]","PK:IGF1R,AURK,FGFR,SRC","Clinical trial",4,"EXEL-2280_cellminercdb.html","<a href='https://discovery.nci.nih.gov/drugs/cellminercdb/EXEL-2280_cellminercdb.html' target='_blank'>details</a>"
"961","OXYTETRACYCLINE","[OXYTETRACYCLINE DIHYDRATE, OXYTETRACYCLINE]",NA,NA,2,"OXYTETRACYCLINE_cellminercdb.html","<a href='https://discovery.nci.nih.gov/drugs/cellminercdb/OXYTETRACYCLINE_cellminercdb.html' target='_blank'>details</a>"
"962","ALACEPRIL","[ALACEPRIL]",NA,NA,2,"ALACEPRIL_cellminercdb.html","<a href='https://discovery.nci.nih.gov/drugs/cellminercdb/ALACEPRIL_cellminercdb.html' target='_blank'>details</a>"
"963","BELOTECAN","[BELOTECAN]",NA,NA,2,"BELOTECAN_cellminercdb.html","<a href='https://discovery.nci.nih.gov/drugs/cellminercdb/BELOTECAN_cellminercdb.html' target='_blank'>details</a>"
"964","AS-1949490","[AS-1949490]",NA,NA,3,"AS-1949490_cellminercdb.html","<a href='https://discovery.nci.nih.gov/drugs/cellminercdb/AS-1949490_cellminercdb.html' target='_blank'>details</a>"
"965","NIMESULIDE","[NIMESULIDE]",NA,NA,2,"NIMESULIDE_cellminercdb.html","<a href='https://discovery.nci.nih.gov/drugs/cellminercdb/NIMESULIDE_cellminercdb.html' target='_blank'>details</a>"
"966","AZD-26","[AZD-26]",NA,NA,2,"AZD-26_cellminercdb.html","<a href='https://discovery.nci.nih.gov/drugs/cellminercdb/AZD-26_cellminercdb.html' target='_blank'>details</a>"
"967","CHLORMEZANONE","[CHLORMEZANONE]",NA,NA,2,"CHLORMEZANONE_cellminercdb.html","<a href='https://discovery.nci.nih.gov/drugs/cellminercdb/CHLORMEZANONE_cellminercdb.html' target='_blank'>details</a>"
"968","GLPG0187","[GLPG0187]",NA,NA,2,"GLPG0187_cellminercdb.html","<a href='https://discovery.nci.nih.gov/drugs/cellminercdb/GLPG0187_cellminercdb.html' target='_blank'>details</a>"
"969","GSK-126","[GSK-126, 780041]","EZH2","Clinical trial",3,"GSK-126_cellminercdb.html","<a href='https://discovery.nci.nih.gov/drugs/cellminercdb/GSK-126_cellminercdb.html' target='_blank'>details</a>"
"970","MK-0812","[MK-0812]",NA,NA,3,"MK-0812_cellminercdb.html","<a href='https://discovery.nci.nih.gov/drugs/cellminercdb/MK-0812_cellminercdb.html' target='_blank'>details</a>"
"971","TORIN1","[TORIN1, TORIN-1]",NA,NA,3,"TORIN1_cellminercdb.html","<a href='https://discovery.nci.nih.gov/drugs/cellminercdb/TORIN1_cellminercdb.html' target='_blank'>details</a>"
"972","PD-1/PD-L1 INHIBITOR 1","[PD-1/PD-L1 INHIBITOR 1]",NA,NA,2,"PD-1-PD-L1_INHIBITOR_1_cellminercdb.html","<a href='https://discovery.nci.nih.gov/drugs/cellminercdb/PD-1-PD-L1_INHIBITOR_1_cellminercdb.html' target='_blank'>details</a>"
"973","CAPSAICIN","[ZUCAPSAICIN, CAPSAICIN]",NA,NA,3,"CAPSAICIN_cellminercdb.html","<a href='https://discovery.nci.nih.gov/drugs/cellminercdb/CAPSAICIN_cellminercdb.html' target='_blank'>details</a>"
"974","VPS34 INHIBITOR 1 (COMPOUND 19, PIK-III ANALOGUE)","[VPS34 INHIBITOR 1 (COMPOUND 19, PIK-III ANALOGUE)]",NA,NA,2,"VPS34_INHIBITOR_1_(COMPOUND_19,_PIK-III_ANALOGUE)_cellminercdb.html","<a href='https://discovery.nci.nih.gov/drugs/cellminercdb/VPS34_INHIBITOR_1_(COMPOUND_19,_PIK-III_ANALOGUE)_cellminercdb.html' target='_blank'>details</a>"
"975","BMS-214662","[BMS-214662]",NA,NA,2,"BMS-214662_cellminercdb.html","<a href='https://discovery.nci.nih.gov/drugs/cellminercdb/BMS-214662_cellminercdb.html' target='_blank'>details</a>"
"976","ALENDRONATE SODIUM","[ALENDRONATE SODIUM]",NA,NA,2,"ALENDRONATE_SODIUM_cellminercdb.html","<a href='https://discovery.nci.nih.gov/drugs/cellminercdb/ALENDRONATE_SODIUM_cellminercdb.html' target='_blank'>details</a>"
"977","EEYARESTATIN I","[EEYARESTATIN I]",NA,NA,2,"EEYARESTATIN_I_cellminercdb.html","<a href='https://discovery.nci.nih.gov/drugs/cellminercdb/EEYARESTATIN_I_cellminercdb.html' target='_blank'>details</a>"
"978","CYPROHEPTADINE HYDROCHLORIDE","[CYPROHEPTADINE HYDROCHLORIDE]",NA,NA,3,"CYPROHEPTADINE_HYDROCHLORIDE_cellminercdb.html","<a href='https://discovery.nci.nih.gov/drugs/cellminercdb/CYPROHEPTADINE_HYDROCHLORIDE_cellminercdb.html' target='_blank'>details</a>"
"979","ELAGOLIX","[ELAGOLIX]",NA,NA,2,"ELAGOLIX_cellminercdb.html","<a href='https://discovery.nci.nih.gov/drugs/cellminercdb/ELAGOLIX_cellminercdb.html' target='_blank'>details</a>"
"980","DOXYCYCLINE","[DOXYCYCLINE HYDROCHLORIDE, DOXYCYCLINE]",NA,NA,2,"DOXYCYCLINE_cellminercdb.html","<a href='https://discovery.nci.nih.gov/drugs/cellminercdb/DOXYCYCLINE_cellminercdb.html' target='_blank'>details</a>"
"981","ETRASIMOD","[ETRASIMOD ARGININE, ETRASIMOD]",NA,NA,2,"ETRASIMOD_cellminercdb.html","<a href='https://discovery.nci.nih.gov/drugs/cellminercdb/ETRASIMOD_cellminercdb.html' target='_blank'>details</a>"
"982","SF-2523","[SF-2523]",NA,NA,2,"SF-2523_cellminercdb.html","<a href='https://discovery.nci.nih.gov/drugs/cellminercdb/SF-2523_cellminercdb.html' target='_blank'>details</a>"
"983","NCGC00168459-01","[NCGC00168459-01]",NA,NA,2,"NCGC00168459-01_cellminercdb.html","<a href='https://discovery.nci.nih.gov/drugs/cellminercdb/NCGC00168459-01_cellminercdb.html' target='_blank'>details</a>"
"984","SUFUGOLIX","[SUFUGOLIX]",NA,NA,2,"SUFUGOLIX_cellminercdb.html","<a href='https://discovery.nci.nih.gov/drugs/cellminercdb/SUFUGOLIX_cellminercdb.html' target='_blank'>details</a>"
"985","CLARITHROMYCIN","[CLARITHROMYCIN]",NA,NA,2,"CLARITHROMYCIN_cellminercdb.html","<a href='https://discovery.nci.nih.gov/drugs/cellminercdb/CLARITHROMYCIN_cellminercdb.html' target='_blank'>details</a>"
"986","RWJ-67657","[RWJ-67657]",NA,NA,2,"RWJ-67657_cellminercdb.html","<a href='https://discovery.nci.nih.gov/drugs/cellminercdb/RWJ-67657_cellminercdb.html' target='_blank'>details</a>"
"987","bi-d1870","[BI-D1870, , BI-D1870, 747342]",NA,NA,4,"bi-d1870_cellminercdb.html","<a href='https://discovery.nci.nih.gov/drugs/cellminercdb/bi-d1870_cellminercdb.html' target='_blank'>details</a>"
"988","ML-390","[ML-390]",NA,NA,2,"ML-390_cellminercdb.html","<a href='https://discovery.nci.nih.gov/drugs/cellminercdb/ML-390_cellminercdb.html' target='_blank'>details</a>"
"989","DIOSGENIN","[DIOSGENIN]",NA,NA,2,"DIOSGENIN_cellminercdb.html","<a href='https://discovery.nci.nih.gov/drugs/cellminercdb/DIOSGENIN_cellminercdb.html' target='_blank'>details</a>"
"990","LY-3177833","[LY-3177833, 793585]","PK:CDC7,CDK7","Clinical trial",3,"LY-3177833_cellminercdb.html","<a href='https://discovery.nci.nih.gov/drugs/cellminercdb/LY-3177833_cellminercdb.html' target='_blank'>details</a>"
"991","MK-4101","[MK-4101]",NA,NA,2,"MK-4101_cellminercdb.html","<a href='https://discovery.nci.nih.gov/drugs/cellminercdb/MK-4101_cellminercdb.html' target='_blank'>details</a>"
"992","FLECAINIDE","[FLECAINIDE]",NA,NA,2,"FLECAINIDE_cellminercdb.html","<a href='https://discovery.nci.nih.gov/drugs/cellminercdb/FLECAINIDE_cellminercdb.html' target='_blank'>details</a>"
"993","KW-2478","[KW-2478]",NA,NA,3,"KW-2478_cellminercdb.html","<a href='https://discovery.nci.nih.gov/drugs/cellminercdb/KW-2478_cellminercdb.html' target='_blank'>details</a>"
"994","PIMAGEDINE","[PIMAGEDINE]",NA,NA,2,"PIMAGEDINE_cellminercdb.html","<a href='https://discovery.nci.nih.gov/drugs/cellminercdb/PIMAGEDINE_cellminercdb.html' target='_blank'>details</a>"
"995","NIMORAZOLE","[NIMORAZOLE]",NA,NA,3,"NIMORAZOLE_cellminercdb.html","<a href='https://discovery.nci.nih.gov/drugs/cellminercdb/NIMORAZOLE_cellminercdb.html' target='_blank'>details</a>"
"996","RUTAECARPINE","[RUTAECARPINE]",NA,NA,2,"RUTAECARPINE_cellminercdb.html","<a href='https://discovery.nci.nih.gov/drugs/cellminercdb/RUTAECARPINE_cellminercdb.html' target='_blank'>details</a>"
"997","FLUMAZENIL","[FLUMAZENIL]",NA,NA,2,"FLUMAZENIL_cellminercdb.html","<a href='https://discovery.nci.nih.gov/drugs/cellminercdb/FLUMAZENIL_cellminercdb.html' target='_blank'>details</a>"
"998","ARECOLINE","[ARECOLINE, ARECOLINE HYDROBROMIDE]",NA,NA,2,"ARECOLINE_cellminercdb.html","<a href='https://discovery.nci.nih.gov/drugs/cellminercdb/ARECOLINE_cellminercdb.html' target='_blank'>details</a>"
"999","PREDNISOLONE ACETATE","[PREDNISOLONE ACETATE, PREDNISOLONE-ACETATE]",NA,NA,3,"PREDNISOLONE_ACETATE_cellminercdb.html","<a href='https://discovery.nci.nih.gov/drugs/cellminercdb/PREDNISOLONE_ACETATE_cellminercdb.html' target='_blank'>details</a>"
"1000","IRSOGLADINE MALEATE","[IRSOGLADINE MALEATE]",NA,NA,2,"IRSOGLADINE_MALEATE_cellminercdb.html","<a href='https://discovery.nci.nih.gov/drugs/cellminercdb/IRSOGLADINE_MALEATE_cellminercdb.html' target='_blank'>details</a>"
"1001","PF-06447475","[PF-06447475]",NA,NA,2,"PF-06447475_cellminercdb.html","<a href='https://discovery.nci.nih.gov/drugs/cellminercdb/PF-06447475_cellminercdb.html' target='_blank'>details</a>"
"1002","ONO-4817","[ONO-4817]",NA,NA,2,"ONO-4817_cellminercdb.html","<a href='https://discovery.nci.nih.gov/drugs/cellminercdb/ONO-4817_cellminercdb.html' target='_blank'>details</a>"
"1003","PIRAXOSTAT","[PIRAXOSTAT, NIRAXOSTAT]",NA,NA,2,"PIRAXOSTAT_cellminercdb.html","<a href='https://discovery.nci.nih.gov/drugs/cellminercdb/PIRAXOSTAT_cellminercdb.html' target='_blank'>details</a>"
"1004","FRUQUINTINIB","[FRUQUINTINIB]",NA,NA,2,"FRUQUINTINIB_cellminercdb.html","<a href='https://discovery.nci.nih.gov/drugs/cellminercdb/FRUQUINTINIB_cellminercdb.html' target='_blank'>details</a>"
"1005","ALBUTEROL","[LEVALBUTEROL HYDROCHLORIDE, ALBUTEROL]",NA,NA,2,"ALBUTEROL_cellminercdb.html","<a href='https://discovery.nci.nih.gov/drugs/cellminercdb/ALBUTEROL_cellminercdb.html' target='_blank'>details</a>"
"1006","AMG-TIE2-1","[AMG-TIE2-1]",NA,NA,2,"AMG-TIE2-1_cellminercdb.html","<a href='https://discovery.nci.nih.gov/drugs/cellminercdb/AMG-TIE2-1_cellminercdb.html' target='_blank'>details</a>"
"1007","GSK2578215A","[GSK2578215A, GSK-2578215A]",NA,NA,3,"GSK2578215A_cellminercdb.html","<a href='https://discovery.nci.nih.gov/drugs/cellminercdb/GSK2578215A_cellminercdb.html' target='_blank'>details</a>"
"1008","PREDNISONE","[PREDNISONE]",NA,NA,2,"PREDNISONE_cellminercdb.html","<a href='https://discovery.nci.nih.gov/drugs/cellminercdb/PREDNISONE_cellminercdb.html' target='_blank'>details</a>"
"1009","RIZATRIPTAN","[RIZATRIPTAN, RIZATRIPTAN BENZOATE]",NA,NA,2,"RIZATRIPTAN_cellminercdb.html","<a href='https://discovery.nci.nih.gov/drugs/cellminercdb/RIZATRIPTAN_cellminercdb.html' target='_blank'>details</a>"
"1010","Torin2","[TORIN-2, TORIN 2, TORIN2, 775727]","PK:MTOR","Clinical trial",5,"Torin2_cellminercdb.html","<a href='https://discovery.nci.nih.gov/drugs/cellminercdb/Torin2_cellminercdb.html' target='_blank'>details</a>"
"1011","VARDENAFIL","[VARDENAFIL]",NA,NA,2,"VARDENAFIL_cellminercdb.html","<a href='https://discovery.nci.nih.gov/drugs/cellminercdb/VARDENAFIL_cellminercdb.html' target='_blank'>details</a>"
"1012","BMS-687453","[BMS-687453]",NA,NA,2,"BMS-687453_cellminercdb.html","<a href='https://discovery.nci.nih.gov/drugs/cellminercdb/BMS-687453_cellminercdb.html' target='_blank'>details</a>"
"1013","DOLUTEGRAVIR","[572   1349572   GSK-1349572A   S-349572   S/GSK-1349572   DOLUTEGRAVIR SODIUM (PROP INNM, DOLUTEGRAVIR]",NA,NA,3,"DOLUTEGRAVIR_cellminercdb.html","<a href='https://discovery.nci.nih.gov/drugs/cellminercdb/DOLUTEGRAVIR_cellminercdb.html' target='_blank'>details</a>"
"1014","BUMETANIDE","[BUMETANIDE]",NA,NA,3,"BUMETANIDE_cellminercdb.html","<a href='https://discovery.nci.nih.gov/drugs/cellminercdb/BUMETANIDE_cellminercdb.html' target='_blank'>details</a>"
"1015","OXONIC-ACID","[OTERACIL POTASSIUM, OXONIC-ACID]",NA,NA,3,"OXONIC-ACID_cellminercdb.html","<a href='https://discovery.nci.nih.gov/drugs/cellminercdb/OXONIC-ACID_cellminercdb.html' target='_blank'>details</a>"
"1016","PKI-402","[PKI-402]",NA,NA,2,"PKI-402_cellminercdb.html","<a href='https://discovery.nci.nih.gov/drugs/cellminercdb/PKI-402_cellminercdb.html' target='_blank'>details</a>"
"1017","PA-824","[PA-824, PRETOMANID]",NA,NA,2,"PA-824_cellminercdb.html","<a href='https://discovery.nci.nih.gov/drugs/cellminercdb/PA-824_cellminercdb.html' target='_blank'>details</a>"
"1018","SYNEPHRINE","[P-SYNEPHRINE, SYNEPHRINE]",NA,NA,2,"SYNEPHRINE_cellminercdb.html","<a href='https://discovery.nci.nih.gov/drugs/cellminercdb/SYNEPHRINE_cellminercdb.html' target='_blank'>details</a>"
"1019","P21D HYDROCHLORIDE","[P21D HYDROCHLORIDE]",NA,NA,2,"P21D_HYDROCHLORIDE_cellminercdb.html","<a href='https://discovery.nci.nih.gov/drugs/cellminercdb/P21D_HYDROCHLORIDE_cellminercdb.html' target='_blank'>details</a>"
"1020","THZ531","[THZ531]",NA,NA,2,"THZ531_cellminercdb.html","<a href='https://discovery.nci.nih.gov/drugs/cellminercdb/THZ531_cellminercdb.html' target='_blank'>details</a>"
"1021","DEFERASIROX","[DEFERASIROX]",NA,NA,3,"DEFERASIROX_cellminercdb.html","<a href='https://discovery.nci.nih.gov/drugs/cellminercdb/DEFERASIROX_cellminercdb.html' target='_blank'>details</a>"
"1022","ADOMEGLIVANT","[ADOMEGLIVANT]",NA,NA,2,"ADOMEGLIVANT_cellminercdb.html","<a href='https://discovery.nci.nih.gov/drugs/cellminercdb/ADOMEGLIVANT_cellminercdb.html' target='_blank'>details</a>"
"1023","TIOXOLONE","[TIOXOLONE]",NA,NA,3,"TIOXOLONE_cellminercdb.html","<a href='https://discovery.nci.nih.gov/drugs/cellminercdb/TIOXOLONE_cellminercdb.html' target='_blank'>details</a>"
"1024","LURBINECTEDIN","[LURBINECTEDIN]",NA,NA,2,"LURBINECTEDIN_cellminercdb.html","<a href='https://discovery.nci.nih.gov/drugs/cellminercdb/LURBINECTEDIN_cellminercdb.html' target='_blank'>details</a>"
"1025","TOLIMIDONE","[TOLIMIDONE]",NA,NA,2,"TOLIMIDONE_cellminercdb.html","<a href='https://discovery.nci.nih.gov/drugs/cellminercdb/TOLIMIDONE_cellminercdb.html' target='_blank'>details</a>"
"1026","4-QUINAZOLINAMINE","[4-AMINOQUINAZOLINE, 4-QUINAZOLINAMINE]",NA,NA,2,"4-QUINAZOLINAMINE_cellminercdb.html","<a href='https://discovery.nci.nih.gov/drugs/cellminercdb/4-QUINAZOLINAMINE_cellminercdb.html' target='_blank'>details</a>"
"1027","OXA-01","[OXA-01]",NA,NA,2,"OXA-01_cellminercdb.html","<a href='https://discovery.nci.nih.gov/drugs/cellminercdb/OXA-01_cellminercdb.html' target='_blank'>details</a>"
"1028","HYDROXYFLUTAMIDE","[HYDROXYFLUTAMIDE]",NA,NA,2,"HYDROXYFLUTAMIDE_cellminercdb.html","<a href='https://discovery.nci.nih.gov/drugs/cellminercdb/HYDROXYFLUTAMIDE_cellminercdb.html' target='_blank'>details</a>"
"1029","FENOFIBRATE","[FENOFIBRATE]",NA,NA,3,"FENOFIBRATE_cellminercdb.html","<a href='https://discovery.nci.nih.gov/drugs/cellminercdb/FENOFIBRATE_cellminercdb.html' target='_blank'>details</a>"
"1030","MECLIZINE HYDROCHLORIDE","[MECLIZINE HYDROCHLORIDE]",NA,NA,3,"MECLIZINE_HYDROCHLORIDE_cellminercdb.html","<a href='https://discovery.nci.nih.gov/drugs/cellminercdb/MECLIZINE_HYDROCHLORIDE_cellminercdb.html' target='_blank'>details</a>"
"1031","MI-503","[MI-503, MI 503, A-1399, MI503, MI 503, MI503, 785346, 787039]","KMT2A","Clinical trial",4,"MI-503_cellminercdb.html","<a href='https://discovery.nci.nih.gov/drugs/cellminercdb/MI-503_cellminercdb.html' target='_blank'>details</a>"
"1032","DAPOXETINE","[DAPOXETINE HYDROCHLORIDE, DAPOXETINE]",NA,NA,2,"DAPOXETINE_cellminercdb.html","<a href='https://discovery.nci.nih.gov/drugs/cellminercdb/DAPOXETINE_cellminercdb.html' target='_blank'>details</a>"
"1033","SARAFLOXACIN HYDROCHLORIDE","[SARAFLOXACIN HYDROCHLORIDE]",NA,NA,3,"SARAFLOXACIN_HYDROCHLORIDE_cellminercdb.html","<a href='https://discovery.nci.nih.gov/drugs/cellminercdb/SARAFLOXACIN_HYDROCHLORIDE_cellminercdb.html' target='_blank'>details</a>"
"1034","ELACTOCIN","[ELACTOCIN, LEPTOMYCIN B]",NA,NA,2,"ELACTOCIN_cellminercdb.html","<a href='https://discovery.nci.nih.gov/drugs/cellminercdb/ELACTOCIN_cellminercdb.html' target='_blank'>details</a>"
"1035","A 438079","[A 438079]",NA,NA,2,"A_438079_cellminercdb.html","<a href='https://discovery.nci.nih.gov/drugs/cellminercdb/A_438079_cellminercdb.html' target='_blank'>details</a>"
"1036","BETAMETHASONE DIPROPIONATE","[BETAMETHASONE DIPROPIONATE, BETAMETHASONE-DIPROPIONATE]",NA,NA,3,"BETAMETHASONE_DIPROPIONATE_cellminercdb.html","<a href='https://discovery.nci.nih.gov/drugs/cellminercdb/BETAMETHASONE_DIPROPIONATE_cellminercdb.html' target='_blank'>details</a>"
"1037","CCT129202","[CCT-129202, CCT129202]",NA,NA,3,"CCT129202_cellminercdb.html","<a href='https://discovery.nci.nih.gov/drugs/cellminercdb/CCT129202_cellminercdb.html' target='_blank'>details</a>"
"1038","OXYBUTYNIN CHLORIDE","[OXYBUTYNIN CHLORIDE]",NA,NA,2,"OXYBUTYNIN_CHLORIDE_cellminercdb.html","<a href='https://discovery.nci.nih.gov/drugs/cellminercdb/OXYBUTYNIN_CHLORIDE_cellminercdb.html' target='_blank'>details</a>"
"1039","RILMENIDINE","[RILMENIDINE HEMIFUMARATE, RILMENIDINE]",NA,NA,2,"RILMENIDINE_cellminercdb.html","<a href='https://discovery.nci.nih.gov/drugs/cellminercdb/RILMENIDINE_cellminercdb.html' target='_blank'>details</a>"
"1040","ISEPAMICIN","[ISEPAMICIN SULPHATE, ISEPAMICIN]",NA,NA,2,"ISEPAMICIN_cellminercdb.html","<a href='https://discovery.nci.nih.gov/drugs/cellminercdb/ISEPAMICIN_cellminercdb.html' target='_blank'>details</a>"
"1041","TINOSTAMUSTINE","[TINOSTAMUSTINE]",NA,NA,2,"TINOSTAMUSTINE_cellminercdb.html","<a href='https://discovery.nci.nih.gov/drugs/cellminercdb/TINOSTAMUSTINE_cellminercdb.html' target='_blank'>details</a>"
"1042","PROPAFENONE HYDROCHLORIDE","[PROPAFENONE HYDROCHLORIDE]",NA,NA,2,"PROPAFENONE_HYDROCHLORIDE_cellminercdb.html","<a href='https://discovery.nci.nih.gov/drugs/cellminercdb/PROPAFENONE_HYDROCHLORIDE_cellminercdb.html' target='_blank'>details</a>"
"1043","3-INDOLEBUTYRIC ACID","[3-INDOLEBUTYRIC ACID]",NA,NA,2,"3-INDOLEBUTYRIC_ACID_cellminercdb.html","<a href='https://discovery.nci.nih.gov/drugs/cellminercdb/3-INDOLEBUTYRIC_ACID_cellminercdb.html' target='_blank'>details</a>"
"1044","SAR-020106","[SAR-020106]",NA,NA,2,"SAR-020106_cellminercdb.html","<a href='https://discovery.nci.nih.gov/drugs/cellminercdb/SAR-020106_cellminercdb.html' target='_blank'>details</a>"
"1045","LAQUINIMOD","[LAQUINIMOD SODIUM, LAQUINIMOD]",NA,NA,2,"LAQUINIMOD_cellminercdb.html","<a href='https://discovery.nci.nih.gov/drugs/cellminercdb/LAQUINIMOD_cellminercdb.html' target='_blank'>details</a>"
"1046","ACEMETACIN","[ACEMETACIN]",NA,NA,2,"ACEMETACIN_cellminercdb.html","<a href='https://discovery.nci.nih.gov/drugs/cellminercdb/ACEMETACIN_cellminercdb.html' target='_blank'>details</a>"
"1047","GIMERACIL","[GIMERACIL]",NA,NA,3,"GIMERACIL_cellminercdb.html","<a href='https://discovery.nci.nih.gov/drugs/cellminercdb/GIMERACIL_cellminercdb.html' target='_blank'>details</a>"
"1048","PS-1145","[PS-1145]",NA,NA,2,"PS-1145_cellminercdb.html","<a href='https://discovery.nci.nih.gov/drugs/cellminercdb/PS-1145_cellminercdb.html' target='_blank'>details</a>"
"1049","LAROTRECTINIB","[LAROTRECTINIB]",NA,NA,2,"LAROTRECTINIB_cellminercdb.html","<a href='https://discovery.nci.nih.gov/drugs/cellminercdb/LAROTRECTINIB_cellminercdb.html' target='_blank'>details</a>"
"1050","MALOTILATE","[MALOTILATE]",NA,NA,2,"MALOTILATE_cellminercdb.html","<a href='https://discovery.nci.nih.gov/drugs/cellminercdb/MALOTILATE_cellminercdb.html' target='_blank'>details</a>"
"1051","BETULINIC ACID","[BETULINIC ACID, BETULINIC-ACID]",NA,NA,3,"BETULINIC_ACID_cellminercdb.html","<a href='https://discovery.nci.nih.gov/drugs/cellminercdb/BETULINIC_ACID_cellminercdb.html' target='_blank'>details</a>"
"1052","TIBOLONE","[TIBOLONE]",NA,NA,2,"TIBOLONE_cellminercdb.html","<a href='https://discovery.nci.nih.gov/drugs/cellminercdb/TIBOLONE_cellminercdb.html' target='_blank'>details</a>"
"1053","LDN-214117","[LDN-214117]",NA,NA,2,"LDN-214117_cellminercdb.html","<a href='https://discovery.nci.nih.gov/drugs/cellminercdb/LDN-214117_cellminercdb.html' target='_blank'>details</a>"
"1054","FENOBAM","[FENOBAM]",NA,NA,2,"FENOBAM_cellminercdb.html","<a href='https://discovery.nci.nih.gov/drugs/cellminercdb/FENOBAM_cellminercdb.html' target='_blank'>details</a>"
"1055","OSI-420","[OSI-420]",NA,NA,3,"OSI-420_cellminercdb.html","<a href='https://discovery.nci.nih.gov/drugs/cellminercdb/OSI-420_cellminercdb.html' target='_blank'>details</a>"
"1056","OROTIC ACID","[OROTIC ACID]",NA,NA,2,"OROTIC_ACID_cellminercdb.html","<a href='https://discovery.nci.nih.gov/drugs/cellminercdb/OROTIC_ACID_cellminercdb.html' target='_blank'>details</a>"
"1057","SURAMIN","[SURAMIN, SURAMIN SODIUM]",NA,NA,2,"SURAMIN_cellminercdb.html","<a href='https://discovery.nci.nih.gov/drugs/cellminercdb/SURAMIN_cellminercdb.html' target='_blank'>details</a>"
"1058","BGP-15","[BGP-15]",NA,NA,2,"BGP-15_cellminercdb.html","<a href='https://discovery.nci.nih.gov/drugs/cellminercdb/BGP-15_cellminercdb.html' target='_blank'>details</a>"
"1059","WS3","[WS3, WS-3]",NA,NA,2,"WS3_cellminercdb.html","<a href='https://discovery.nci.nih.gov/drugs/cellminercdb/WS3_cellminercdb.html' target='_blank'>details</a>"
"1060","AMG-25","[AMG-25]",NA,NA,2,"AMG-25_cellminercdb.html","<a href='https://discovery.nci.nih.gov/drugs/cellminercdb/AMG-25_cellminercdb.html' target='_blank'>details</a>"
"1061","ML226","[ML226]",NA,NA,2,"ML226_cellminercdb.html","<a href='https://discovery.nci.nih.gov/drugs/cellminercdb/ML226_cellminercdb.html' target='_blank'>details</a>"
"1062","PH-797804","[PH-797804]",NA,NA,2,"PH-797804_cellminercdb.html","<a href='https://discovery.nci.nih.gov/drugs/cellminercdb/PH-797804_cellminercdb.html' target='_blank'>details</a>"
"1063","ANTIMYCIN A","[ANTIMYCIN A]",NA,NA,2,"ANTIMYCIN_A_cellminercdb.html","<a href='https://discovery.nci.nih.gov/drugs/cellminercdb/ANTIMYCIN_A_cellminercdb.html' target='_blank'>details</a>"
"1064","LY2608204","[LY2608204, LY-2608204]",NA,NA,3,"LY2608204_cellminercdb.html","<a href='https://discovery.nci.nih.gov/drugs/cellminercdb/LY2608204_cellminercdb.html' target='_blank'>details</a>"
"1065","YW3-56","[YW3-56]",NA,NA,2,"YW3-56_cellminercdb.html","<a href='https://discovery.nci.nih.gov/drugs/cellminercdb/YW3-56_cellminercdb.html' target='_blank'>details</a>"
"1066","LY-2584702","[LY-2584702]",NA,NA,2,"LY-2584702_cellminercdb.html","<a href='https://discovery.nci.nih.gov/drugs/cellminercdb/LY-2584702_cellminercdb.html' target='_blank'>details</a>"
"1067","SB-206553","[SB-206553]",NA,NA,2,"SB-206553_cellminercdb.html","<a href='https://discovery.nci.nih.gov/drugs/cellminercdb/SB-206553_cellminercdb.html' target='_blank'>details</a>"
"1068","INDAPAMIDE","[INDAPAMIDE]",NA,NA,2,"INDAPAMIDE_cellminercdb.html","<a href='https://discovery.nci.nih.gov/drugs/cellminercdb/INDAPAMIDE_cellminercdb.html' target='_blank'>details</a>"
"1069","ELAFIBRANOR","[ELAFIBRANOR]",NA,NA,2,"ELAFIBRANOR_cellminercdb.html","<a href='https://discovery.nci.nih.gov/drugs/cellminercdb/ELAFIBRANOR_cellminercdb.html' target='_blank'>details</a>"
"1070","IDRONOXIL","[IDRONOXIL]",NA,NA,3,"IDRONOXIL_cellminercdb.html","<a href='https://discovery.nci.nih.gov/drugs/cellminercdb/IDRONOXIL_cellminercdb.html' target='_blank'>details</a>"
"1071","LY-2886721","[LY-2886721]",NA,NA,2,"LY-2886721_cellminercdb.html","<a href='https://discovery.nci.nih.gov/drugs/cellminercdb/LY-2886721_cellminercdb.html' target='_blank'>details</a>"
"1072","RUBOXISTAURIN","[RUBOXISTAURIN]",NA,NA,2,"RUBOXISTAURIN_cellminercdb.html","<a href='https://discovery.nci.nih.gov/drugs/cellminercdb/RUBOXISTAURIN_cellminercdb.html' target='_blank'>details</a>"
"1073","CCT-241533","[CCT-241533, 776821]","PK:CHEK,CHEK2","Clinical trial",3,"CCT-241533_cellminercdb.html","<a href='https://discovery.nci.nih.gov/drugs/cellminercdb/CCT-241533_cellminercdb.html' target='_blank'>details</a>"
"1074","U-73122","[U-73122??, U-73122]",NA,NA,2,"U-73122_cellminercdb.html","<a href='https://discovery.nci.nih.gov/drugs/cellminercdb/U-73122_cellminercdb.html' target='_blank'>details</a>"
"1075","MIRTAZAPINE","[ESMIRTAZAPINE, MIRTAZAPINE]",NA,NA,2,"MIRTAZAPINE_cellminercdb.html","<a href='https://discovery.nci.nih.gov/drugs/cellminercdb/MIRTAZAPINE_cellminercdb.html' target='_blank'>details</a>"
"1076","GNE-618","[GNE-618]",NA,NA,2,"GNE-618_cellminercdb.html","<a href='https://discovery.nci.nih.gov/drugs/cellminercdb/GNE-618_cellminercdb.html' target='_blank'>details</a>"
"1077","TENOXICAM","[TENOXICAM]",NA,NA,2,"TENOXICAM_cellminercdb.html","<a href='https://discovery.nci.nih.gov/drugs/cellminercdb/TENOXICAM_cellminercdb.html' target='_blank'>details</a>"
"1078","SULFASALAZINE","[POLYMER OF SULFASALAZINE, SULFASALAZINE]",NA,NA,3,"SULFASALAZINE_cellminercdb.html","<a href='https://discovery.nci.nih.gov/drugs/cellminercdb/SULFASALAZINE_cellminercdb.html' target='_blank'>details</a>"
"1079","CC-115","[CC-115, CC115, A-9068, 793151]","PK:MTOR","Clinical trial",4,"CC-115_cellminercdb.html","<a href='https://discovery.nci.nih.gov/drugs/cellminercdb/CC-115_cellminercdb.html' target='_blank'>details</a>"
"1080","LUTEOLIN","[DIGITOFLAVONE, LUTEOLIN]",NA,NA,2,"LUTEOLIN_cellminercdb.html","<a href='https://discovery.nci.nih.gov/drugs/cellminercdb/LUTEOLIN_cellminercdb.html' target='_blank'>details</a>"
"1081","VX-745","[NEFLAMAPIMOD, VX-745]",NA,NA,2,"VX-745_cellminercdb.html","<a href='https://discovery.nci.nih.gov/drugs/cellminercdb/VX-745_cellminercdb.html' target='_blank'>details</a>"
"1082","EFAVIRENZ","[EFAVIRENZ]",NA,NA,2,"EFAVIRENZ_cellminercdb.html","<a href='https://discovery.nci.nih.gov/drugs/cellminercdb/EFAVIRENZ_cellminercdb.html' target='_blank'>details</a>"
"1083","GYKI-53655","[GYKI-53655]",NA,NA,2,"GYKI-53655_cellminercdb.html","<a href='https://discovery.nci.nih.gov/drugs/cellminercdb/GYKI-53655_cellminercdb.html' target='_blank'>details</a>"
"1084","BETA-SITOSTEROL","[BETA-SITOSTEROL]",NA,NA,2,"BETA-SITOSTEROL_cellminercdb.html","<a href='https://discovery.nci.nih.gov/drugs/cellminercdb/BETA-SITOSTEROL_cellminercdb.html' target='_blank'>details</a>"
"1085","JNJ-28871063 HYDROCHLORIDE","[JNJ-28871063 HYDROCHLORIDE]",NA,NA,2,"JNJ-28871063_HYDROCHLORIDE_cellminercdb.html","<a href='https://discovery.nci.nih.gov/drugs/cellminercdb/JNJ-28871063_HYDROCHLORIDE_cellminercdb.html' target='_blank'>details</a>"
"1086","CAMOSTAT","[CAMOSTAT]",NA,NA,2,"CAMOSTAT_cellminercdb.html","<a href='https://discovery.nci.nih.gov/drugs/cellminercdb/CAMOSTAT_cellminercdb.html' target='_blank'>details</a>"
"1087","GSK-J2","[GSK-J2]",NA,NA,2,"GSK-J2_cellminercdb.html","<a href='https://discovery.nci.nih.gov/drugs/cellminercdb/GSK-J2_cellminercdb.html' target='_blank'>details</a>"
"1088","PF-8380","[PF-8380]",NA,NA,2,"PF-8380_cellminercdb.html","<a href='https://discovery.nci.nih.gov/drugs/cellminercdb/PF-8380_cellminercdb.html' target='_blank'>details</a>"
"1089","CXC-195","[CXC-195]",NA,NA,2,"CXC-195_cellminercdb.html","<a href='https://discovery.nci.nih.gov/drugs/cellminercdb/CXC-195_cellminercdb.html' target='_blank'>details</a>"
"1090","ACIPIMOX","[ACIPIMOX]",NA,NA,3,"ACIPIMOX_cellminercdb.html","<a href='https://discovery.nci.nih.gov/drugs/cellminercdb/ACIPIMOX_cellminercdb.html' target='_blank'>details</a>"
"1091","L-778123","[L-778123]",NA,NA,2,"L-778123_cellminercdb.html","<a href='https://discovery.nci.nih.gov/drugs/cellminercdb/L-778123_cellminercdb.html' target='_blank'>details</a>"
"1092","PIMECROLIMUS","[PIMECROLIMUS]",NA,NA,2,"PIMECROLIMUS_cellminercdb.html","<a href='https://discovery.nci.nih.gov/drugs/cellminercdb/PIMECROLIMUS_cellminercdb.html' target='_blank'>details</a>"
"1093","LORNOXICAM","[LORNOXICAM]",NA,NA,2,"LORNOXICAM_cellminercdb.html","<a href='https://discovery.nci.nih.gov/drugs/cellminercdb/LORNOXICAM_cellminercdb.html' target='_blank'>details</a>"
"1094","Pyroxamide","[PYROXAMIDE, POLAR HYBRID COMPOUND, N-HYDROXY-N'-(3-PYRIDYL)-1,8-OCTANEDIAMIDE, 696085]",NA,NA,4,"Pyroxamide_cellminercdb.html","<a href='https://discovery.nci.nih.gov/drugs/cellminercdb/Pyroxamide_cellminercdb.html' target='_blank'>details</a>"
"1096","PLURISLN 1","[PLURISLN 1]",NA,NA,2,"PLURISLN_1_cellminercdb.html","<a href='https://discovery.nci.nih.gov/drugs/cellminercdb/PLURISLN_1_cellminercdb.html' target='_blank'>details</a>"
"1097","(-)-BLEBBISTATIN","[(-)-BLEBBISTATIN, BLEBBISTATIN-(-)]",NA,NA,3,"(-)-BLEBBISTATIN_cellminercdb.html","<a href='https://discovery.nci.nih.gov/drugs/cellminercdb/(-)-BLEBBISTATIN_cellminercdb.html' target='_blank'>details</a>"
"1098","PRANLUKAST","[PRANLUKAST HYDRATE, PRANLUKAST]",NA,NA,2,"PRANLUKAST_cellminercdb.html","<a href='https://discovery.nci.nih.gov/drugs/cellminercdb/PRANLUKAST_cellminercdb.html' target='_blank'>details</a>"
"1099","GEMFIBROZIL","[GEMFIBROZIL]",NA,NA,2,"GEMFIBROZIL_cellminercdb.html","<a href='https://discovery.nci.nih.gov/drugs/cellminercdb/GEMFIBROZIL_cellminercdb.html' target='_blank'>details</a>"
"1100","PIPERINE","[PIPERINE]",NA,NA,3,"PIPERINE_cellminercdb.html","<a href='https://discovery.nci.nih.gov/drugs/cellminercdb/PIPERINE_cellminercdb.html' target='_blank'>details</a>"
"1101","APREPITANT","[APREPITANT]",NA,NA,2,"APREPITANT_cellminercdb.html","<a href='https://discovery.nci.nih.gov/drugs/cellminercdb/APREPITANT_cellminercdb.html' target='_blank'>details</a>"
"1102","MANNITOL","[MANNITOL]",NA,NA,2,"MANNITOL_cellminercdb.html","<a href='https://discovery.nci.nih.gov/drugs/cellminercdb/MANNITOL_cellminercdb.html' target='_blank'>details</a>"
"1103","STF-118804","[STF-118804]",NA,NA,3,"STF-118804_cellminercdb.html","<a href='https://discovery.nci.nih.gov/drugs/cellminercdb/STF-118804_cellminercdb.html' target='_blank'>details</a>"
"1104","GABEXATE MESILATE","[GABEXATE MESILATE]",NA,NA,2,"GABEXATE_MESILATE_cellminercdb.html","<a href='https://discovery.nci.nih.gov/drugs/cellminercdb/GABEXATE_MESILATE_cellminercdb.html' target='_blank'>details</a>"
"1105","TD-139","[TD-139]",NA,NA,2,"TD-139_cellminercdb.html","<a href='https://discovery.nci.nih.gov/drugs/cellminercdb/TD-139_cellminercdb.html' target='_blank'>details</a>"
"1107","SELEGILINE","[SELEGILINE, SELEGILINE HYDROCHLORIDE]",NA,NA,2,"SELEGILINE_cellminercdb.html","<a href='https://discovery.nci.nih.gov/drugs/cellminercdb/SELEGILINE_cellminercdb.html' target='_blank'>details</a>"
"1108","BARICITINIB","[BARICITINIB]",NA,NA,3,"BARICITINIB_cellminercdb.html","<a href='https://discovery.nci.nih.gov/drugs/cellminercdb/BARICITINIB_cellminercdb.html' target='_blank'>details</a>"
"1109","SULFADIMETHOXINE","[SULFADIMETHOXINE]",NA,NA,2,"SULFADIMETHOXINE_cellminercdb.html","<a href='https://discovery.nci.nih.gov/drugs/cellminercdb/SULFADIMETHOXINE_cellminercdb.html' target='_blank'>details</a>"
"1110","VU0357121","[VU0357121]",NA,NA,2,"VU0357121_cellminercdb.html","<a href='https://discovery.nci.nih.gov/drugs/cellminercdb/VU0357121_cellminercdb.html' target='_blank'>details</a>"
"1111","NPS-2143","[NPS-2143]",NA,NA,2,"NPS-2143_cellminercdb.html","<a href='https://discovery.nci.nih.gov/drugs/cellminercdb/NPS-2143_cellminercdb.html' target='_blank'>details</a>"
"1112","LUCANTHONE","[LUCANTHONE HYDROCHLORIDE, LUCANTHONE]",NA,NA,2,"LUCANTHONE_cellminercdb.html","<a href='https://discovery.nci.nih.gov/drugs/cellminercdb/LUCANTHONE_cellminercdb.html' target='_blank'>details</a>"
"1113","LLL-12","[LLL-12]",NA,NA,2,"LLL-12_cellminercdb.html","<a href='https://discovery.nci.nih.gov/drugs/cellminercdb/LLL-12_cellminercdb.html' target='_blank'>details</a>"
"1114","TEMPOL","[TEMPOL, 142784]",NA,NA,2,"TEMPOL_cellminercdb.html","<a href='https://discovery.nci.nih.gov/drugs/cellminercdb/TEMPOL_cellminercdb.html' target='_blank'>details</a>"
"1115","AZTREONAM","[AZTREONAM]",NA,NA,3,"AZTREONAM_cellminercdb.html","<a href='https://discovery.nci.nih.gov/drugs/cellminercdb/AZTREONAM_cellminercdb.html' target='_blank'>details</a>"
"1116","BAY 65-1942 R FORM","[BAY 65-1942 R FORM]",NA,NA,2,"BAY_65-1942_R_FORM_cellminercdb.html","<a href='https://discovery.nci.nih.gov/drugs/cellminercdb/BAY_65-1942_R_FORM_cellminercdb.html' target='_blank'>details</a>"
"1117","BETAINE HYDROCHLORIDE","[BETAINE HYDROCHLORIDE]",NA,NA,2,"BETAINE_HYDROCHLORIDE_cellminercdb.html","<a href='https://discovery.nci.nih.gov/drugs/cellminercdb/BETAINE_HYDROCHLORIDE_cellminercdb.html' target='_blank'>details</a>"
"1118","ETOMIDATE","[ETOMIDATE]",NA,NA,2,"ETOMIDATE_cellminercdb.html","<a href='https://discovery.nci.nih.gov/drugs/cellminercdb/ETOMIDATE_cellminercdb.html' target='_blank'>details</a>"
"1119","GNE-477","[GNE-477]",NA,NA,2,"GNE-477_cellminercdb.html","<a href='https://discovery.nci.nih.gov/drugs/cellminercdb/GNE-477_cellminercdb.html' target='_blank'>details</a>"
"1120","VBY-825","[VBY-825, 782457]","CTSB","Clinical trial",3,"VBY-825_cellminercdb.html","<a href='https://discovery.nci.nih.gov/drugs/cellminercdb/VBY-825_cellminercdb.html' target='_blank'>details</a>"
"1121","ENGLERIN A","[ENGLERIN A]",NA,NA,2,"ENGLERIN_A_cellminercdb.html","<a href='https://discovery.nci.nih.gov/drugs/cellminercdb/ENGLERIN_A_cellminercdb.html' target='_blank'>details</a>"
"1122","OLPRINONE","[OLPRINONE]",NA,NA,2,"OLPRINONE_cellminercdb.html","<a href='https://discovery.nci.nih.gov/drugs/cellminercdb/OLPRINONE_cellminercdb.html' target='_blank'>details</a>"
"1123","DIHYDROMYRICETIN","[DIHYDROMYRICETIN]",NA,NA,3,"DIHYDROMYRICETIN_cellminercdb.html","<a href='https://discovery.nci.nih.gov/drugs/cellminercdb/DIHYDROMYRICETIN_cellminercdb.html' target='_blank'>details</a>"
"1124","NVP-BVU-972","[NVP-BVU-972]",NA,NA,2,"NVP-BVU-972_cellminercdb.html","<a href='https://discovery.nci.nih.gov/drugs/cellminercdb/NVP-BVU-972_cellminercdb.html' target='_blank'>details</a>"
"1125","PURVALANOL A","[PURVALANOL A]",NA,NA,2,"PURVALANOL_A_cellminercdb.html","<a href='https://discovery.nci.nih.gov/drugs/cellminercdb/PURVALANOL_A_cellminercdb.html' target='_blank'>details</a>"
"1126","LIMONI","[LIMONI, LIMONIN]",NA,NA,2,"LIMONI_cellminercdb.html","<a href='https://discovery.nci.nih.gov/drugs/cellminercdb/LIMONI_cellminercdb.html' target='_blank'>details</a>"
"1127","NXY-059","[NXY-059, DISUFENTON SODIUM]",NA,NA,2,"NXY-059_cellminercdb.html","<a href='https://discovery.nci.nih.gov/drugs/cellminercdb/NXY-059_cellminercdb.html' target='_blank'>details</a>"
"1128","FLUMATINIB","[FLUMATINIB]",NA,NA,3,"FLUMATINIB_cellminercdb.html","<a href='https://discovery.nci.nih.gov/drugs/cellminercdb/FLUMATINIB_cellminercdb.html' target='_blank'>details</a>"
"1129","UNC-1999","[UNC-1999]",NA,NA,2,"UNC-1999_cellminercdb.html","<a href='https://discovery.nci.nih.gov/drugs/cellminercdb/UNC-1999_cellminercdb.html' target='_blank'>details</a>"
"1130","PHENELZINE SULFATE","[PHENELZINE SULFATE]",NA,NA,3,"PHENELZINE_SULFATE_cellminercdb.html","<a href='https://discovery.nci.nih.gov/drugs/cellminercdb/PHENELZINE_SULFATE_cellminercdb.html' target='_blank'>details</a>"
"1131","BUTOCONAZOLE NITRATE","[BUTOCONAZOLE NITRATE]",NA,NA,2,"BUTOCONAZOLE_NITRATE_cellminercdb.html","<a href='https://discovery.nci.nih.gov/drugs/cellminercdb/BUTOCONAZOLE_NITRATE_cellminercdb.html' target='_blank'>details</a>"
"1132","UK-383367","[UK-383367]",NA,NA,3,"UK-383367_cellminercdb.html","<a href='https://discovery.nci.nih.gov/drugs/cellminercdb/UK-383367_cellminercdb.html' target='_blank'>details</a>"
"1133","A-966492","[A-966492]",NA,NA,2,"A-966492_cellminercdb.html","<a href='https://discovery.nci.nih.gov/drugs/cellminercdb/A-966492_cellminercdb.html' target='_blank'>details</a>"
"1134","CPG-52364","[CPG-52364]",NA,NA,2,"CPG-52364_cellminercdb.html","<a href='https://discovery.nci.nih.gov/drugs/cellminercdb/CPG-52364_cellminercdb.html' target='_blank'>details</a>"
"1135","SAFINAMIDE MESILATE","[SAFINAMIDE MESILATE, SAFINAMIDE MESYLATE]",NA,NA,2,"SAFINAMIDE_MESILATE_cellminercdb.html","<a href='https://discovery.nci.nih.gov/drugs/cellminercdb/SAFINAMIDE_MESILATE_cellminercdb.html' target='_blank'>details</a>"
"1136","(+)-USNIACIN","[(+)-USNIACIN, (+)-USNIC ACID, USNIACIN-(+)]",NA,NA,3,"(+)-USNIACIN_cellminercdb.html","<a href='https://discovery.nci.nih.gov/drugs/cellminercdb/(+)-USNIACIN_cellminercdb.html' target='_blank'>details</a>"
"1137","GNF-PF-3325","[GNF-PF-3325, EPOTHILONE A, EPOTHILONE-A]",NA,NA,3,"GNF-PF-3325_cellminercdb.html","<a href='https://discovery.nci.nih.gov/drugs/cellminercdb/GNF-PF-3325_cellminercdb.html' target='_blank'>details</a>"
"1138","LUMEFANTRINE","[LUMEFANTRINE D18, LUMEFANTRINE]",NA,NA,2,"LUMEFANTRINE_cellminercdb.html","<a href='https://discovery.nci.nih.gov/drugs/cellminercdb/LUMEFANTRINE_cellminercdb.html' target='_blank'>details</a>"
"1139","SRT1720","[SRT1720, SRT-1720]",NA,NA,3,"SRT1720_cellminercdb.html","<a href='https://discovery.nci.nih.gov/drugs/cellminercdb/SRT1720_cellminercdb.html' target='_blank'>details</a>"
"1140","SAR131675","[SAR-131675, SAR131675]",NA,NA,3,"SAR131675_cellminercdb.html","<a href='https://discovery.nci.nih.gov/drugs/cellminercdb/SAR131675_cellminercdb.html' target='_blank'>details</a>"
"1141","AG-041R","[AG-041R]",NA,NA,2,"AG-041R_cellminercdb.html","<a href='https://discovery.nci.nih.gov/drugs/cellminercdb/AG-041R_cellminercdb.html' target='_blank'>details</a>"
"1142","AZ-9482","[AZ-9482]",NA,NA,2,"AZ-9482_cellminercdb.html","<a href='https://discovery.nci.nih.gov/drugs/cellminercdb/AZ-9482_cellminercdb.html' target='_blank'>details</a>"
"1143","AZD-3264","[AZD-3264]",NA,NA,2,"AZD-3264_cellminercdb.html","<a href='https://discovery.nci.nih.gov/drugs/cellminercdb/AZD-3264_cellminercdb.html' target='_blank'>details</a>"
"1144","TIE2 KINASE INHIBITOR","[TIE2 KINASE INHIBITOR, TIE-2 KINASE INHIBITOR]",NA,NA,2,"TIE2_KINASE_INHIBITOR_cellminercdb.html","<a href='https://discovery.nci.nih.gov/drugs/cellminercdb/TIE2_KINASE_INHIBITOR_cellminercdb.html' target='_blank'>details</a>"
"1145","DAPHNETIN","[DAPHNETIN]",NA,NA,2,"DAPHNETIN_cellminercdb.html","<a href='https://discovery.nci.nih.gov/drugs/cellminercdb/DAPHNETIN_cellminercdb.html' target='_blank'>details</a>"
"1146","NEOHESPERIDIN DIHYDROCHALCONE","[NEOHESPERIDIN DIHYDROCHALCONE]",NA,NA,2,"NEOHESPERIDIN_DIHYDROCHALCONE_cellminercdb.html","<a href='https://discovery.nci.nih.gov/drugs/cellminercdb/NEOHESPERIDIN_DIHYDROCHALCONE_cellminercdb.html' target='_blank'>details</a>"
"1147","FELBAMATE","[FELBAMATE]",NA,NA,3,"FELBAMATE_cellminercdb.html","<a href='https://discovery.nci.nih.gov/drugs/cellminercdb/FELBAMATE_cellminercdb.html' target='_blank'>details</a>"
"1149","SELENOMETHIONINE","[SELENOMETHIONINE SE 75, SELENOMETHIONINE]",NA,NA,2,"SELENOMETHIONINE_cellminercdb.html","<a href='https://discovery.nci.nih.gov/drugs/cellminercdb/SELENOMETHIONINE_cellminercdb.html' target='_blank'>details</a>"
"1150","TESMILIFENE HYDROCHLORIDE","[TESMILIFENE HYDROCHLORIDE]",NA,NA,2,"TESMILIFENE_HYDROCHLORIDE_cellminercdb.html","<a href='https://discovery.nci.nih.gov/drugs/cellminercdb/TESMILIFENE_HYDROCHLORIDE_cellminercdb.html' target='_blank'>details</a>"
"1151","SALIDROSIDE","[SALIDROSIDE]",NA,NA,3,"SALIDROSIDE_cellminercdb.html","<a href='https://discovery.nci.nih.gov/drugs/cellminercdb/SALIDROSIDE_cellminercdb.html' target='_blank'>details</a>"
"1152","HMSL10076","[HMSL10076]",NA,NA,2,"HMSL10076_cellminercdb.html","<a href='https://discovery.nci.nih.gov/drugs/cellminercdb/HMSL10076_cellminercdb.html' target='_blank'>details</a>"
"1153","BMS-863233","[BMS-863233, XL-413, (R)-8-CHLORO-2-(PYRROLIDIN-2-YL)BENZOFURO[3,2-D]PYRIMIDI..., 775771]","PK:CDC7,CDK7,CDK9","Clinical trial",4,"BMS-863233_cellminercdb.html","<a href='https://discovery.nci.nih.gov/drugs/cellminercdb/BMS-863233_cellminercdb.html' target='_blank'>details</a>"
"1155","EPZ-015866","[EPZ-015866]",NA,NA,2,"EPZ-015866_cellminercdb.html","<a href='https://discovery.nci.nih.gov/drugs/cellminercdb/EPZ-015866_cellminercdb.html' target='_blank'>details</a>"
"1156","Y-25130","[Y-25130, AZASETRON]",NA,NA,2,"Y-25130_cellminercdb.html","<a href='https://discovery.nci.nih.gov/drugs/cellminercdb/Y-25130_cellminercdb.html' target='_blank'>details</a>"
"1157","selinexor","[SELINEXOR, KPT-330, CS-2185, 780203]","XPO1","FDA approved",5,"selinexor_cellminercdb.html","<a href='https://discovery.nci.nih.gov/drugs/cellminercdb/selinexor_cellminercdb.html' target='_blank'>details</a>"
"1158","TA02","[TA02]",NA,NA,2,"TA02_cellminercdb.html","<a href='https://discovery.nci.nih.gov/drugs/cellminercdb/TA02_cellminercdb.html' target='_blank'>details</a>"
"1159","OSI-632","[OSI-632]",NA,NA,2,"OSI-632_cellminercdb.html","<a href='https://discovery.nci.nih.gov/drugs/cellminercdb/OSI-632_cellminercdb.html' target='_blank'>details</a>"
"1160","IRESTATIN 9389","[IRESTATIN 9389]",NA,NA,2,"IRESTATIN_9389_cellminercdb.html","<a href='https://discovery.nci.nih.gov/drugs/cellminercdb/IRESTATIN_9389_cellminercdb.html' target='_blank'>details</a>"
"1161","KUC110948N","[KUC110948N-02, KUC110948N]",NA,NA,2,"KUC110948N_cellminercdb.html","<a href='https://discovery.nci.nih.gov/drugs/cellminercdb/KUC110948N_cellminercdb.html' target='_blank'>details</a>"
"1162","NVP-LCQ195","[NVP-LCQ195]",NA,NA,2,"NVP-LCQ195_cellminercdb.html","<a href='https://discovery.nci.nih.gov/drugs/cellminercdb/NVP-LCQ195_cellminercdb.html' target='_blank'>details</a>"
"1163","VU-0364849","[VU-0364849]",NA,NA,2,"VU-0364849_cellminercdb.html","<a href='https://discovery.nci.nih.gov/drugs/cellminercdb/VU-0364849_cellminercdb.html' target='_blank'>details</a>"
"1164","FENTICONAZOLE NITRATE","[FENTICONAZOLE NITRATE]",NA,NA,2,"FENTICONAZOLE_NITRATE_cellminercdb.html","<a href='https://discovery.nci.nih.gov/drugs/cellminercdb/FENTICONAZOLE_NITRATE_cellminercdb.html' target='_blank'>details</a>"
"1165","IMIPENEM","[IMIPENEM]",NA,NA,2,"IMIPENEM_cellminercdb.html","<a href='https://discovery.nci.nih.gov/drugs/cellminercdb/IMIPENEM_cellminercdb.html' target='_blank'>details</a>"
"1166","BALSALAZIDE","[BALSALAZIDE DISODIUM, BALSALAZIDE]",NA,NA,2,"BALSALAZIDE_cellminercdb.html","<a href='https://discovery.nci.nih.gov/drugs/cellminercdb/BALSALAZIDE_cellminercdb.html' target='_blank'>details</a>"
"1167","CX-6258","[CX-6258]",NA,NA,2,"CX-6258_cellminercdb.html","<a href='https://discovery.nci.nih.gov/drugs/cellminercdb/CX-6258_cellminercdb.html' target='_blank'>details</a>"
"1168","KRN-633","[KRN-633]",NA,NA,2,"KRN-633_cellminercdb.html","<a href='https://discovery.nci.nih.gov/drugs/cellminercdb/KRN-633_cellminercdb.html' target='_blank'>details</a>"
"1169","CEFDINIR","[CEFDINIR]",NA,NA,3,"CEFDINIR_cellminercdb.html","<a href='https://discovery.nci.nih.gov/drugs/cellminercdb/CEFDINIR_cellminercdb.html' target='_blank'>details</a>"
"1170","LOTEPREDNOL ETABONATE","[LOTEPREDNOL ETABONATE]",NA,NA,2,"LOTEPREDNOL_ETABONATE_cellminercdb.html","<a href='https://discovery.nci.nih.gov/drugs/cellminercdb/LOTEPREDNOL_ETABONATE_cellminercdb.html' target='_blank'>details</a>"
"1171","KINETIN","[KINETIN]",NA,NA,2,"KINETIN_cellminercdb.html","<a href='https://discovery.nci.nih.gov/drugs/cellminercdb/KINETIN_cellminercdb.html' target='_blank'>details</a>"
"1172","PF-05175157","[PF-05175157]",NA,NA,2,"PF-05175157_cellminercdb.html","<a href='https://discovery.nci.nih.gov/drugs/cellminercdb/PF-05175157_cellminercdb.html' target='_blank'>details</a>"
"1173","DICLOFENAMIDE","[DICLOFENAMIDE, DICHLORPHENAMIDE]",NA,NA,2,"DICLOFENAMIDE_cellminercdb.html","<a href='https://discovery.nci.nih.gov/drugs/cellminercdb/DICLOFENAMIDE_cellminercdb.html' target='_blank'>details</a>"
"1174","ACARBOSE","[ACARBOSE]",NA,NA,2,"ACARBOSE_cellminercdb.html","<a href='https://discovery.nci.nih.gov/drugs/cellminercdb/ACARBOSE_cellminercdb.html' target='_blank'>details</a>"
"1175","GALETERONE","[GALETERONE]",NA,NA,3,"GALETERONE_cellminercdb.html","<a href='https://discovery.nci.nih.gov/drugs/cellminercdb/GALETERONE_cellminercdb.html' target='_blank'>details</a>"
"1176","DULOXETINE HCL","[DULOXETINE HCL, DULOXETINE HYDROCHLORIDE]",NA,NA,2,"DULOXETINE_HCL_cellminercdb.html","<a href='https://discovery.nci.nih.gov/drugs/cellminercdb/DULOXETINE_HCL_cellminercdb.html' target='_blank'>details</a>"
"1177","HORDENINE","[HORDENINE]",NA,NA,2,"HORDENINE_cellminercdb.html","<a href='https://discovery.nci.nih.gov/drugs/cellminercdb/HORDENINE_cellminercdb.html' target='_blank'>details</a>"
"1178","OLEANOLIC ACID","[OLEANOLIC ACID, OLEANOLIC-ACID]",NA,NA,3,"OLEANOLIC_ACID_cellminercdb.html","<a href='https://discovery.nci.nih.gov/drugs/cellminercdb/OLEANOLIC_ACID_cellminercdb.html' target='_blank'>details</a>"
"1179","FAVIPIRAVIR","[FAVIPIRAVIR]",NA,NA,2,"FAVIPIRAVIR_cellminercdb.html","<a href='https://discovery.nci.nih.gov/drugs/cellminercdb/FAVIPIRAVIR_cellminercdb.html' target='_blank'>details</a>"
"1180","NCGC00344990-01","[NCGC00344990-01]",NA,NA,2,"NCGC00344990-01_cellminercdb.html","<a href='https://discovery.nci.nih.gov/drugs/cellminercdb/NCGC00344990-01_cellminercdb.html' target='_blank'>details</a>"
"1181","DIPYRIDAMOLE","[DIPYRIDAMOLE]",NA,NA,2,"DIPYRIDAMOLE_cellminercdb.html","<a href='https://discovery.nci.nih.gov/drugs/cellminercdb/DIPYRIDAMOLE_cellminercdb.html' target='_blank'>details</a>"
"1182","Z-PICEID","[Z-PICEID, POLYDATIN]",NA,NA,3,"Z-PICEID_cellminercdb.html","<a href='https://discovery.nci.nih.gov/drugs/cellminercdb/Z-PICEID_cellminercdb.html' target='_blank'>details</a>"
"1183","RAMIPRIL","[RAMIPRIL]",NA,NA,2,"RAMIPRIL_cellminercdb.html","<a href='https://discovery.nci.nih.gov/drugs/cellminercdb/RAMIPRIL_cellminercdb.html' target='_blank'>details</a>"
"1184","GLICLAZIDE","[GLICLAZIDE]",NA,NA,2,"GLICLAZIDE_cellminercdb.html","<a href='https://discovery.nci.nih.gov/drugs/cellminercdb/GLICLAZIDE_cellminercdb.html' target='_blank'>details</a>"
"1185","CB-5083","[CB-5083, 786100]","VCP","Clinical trial",3,"CB-5083_cellminercdb.html","<a href='https://discovery.nci.nih.gov/drugs/cellminercdb/CB-5083_cellminercdb.html' target='_blank'>details</a>"
"1186","AKT-I-1","[AKT-I-1]",NA,NA,2,"AKT-I-1_cellminercdb.html","<a href='https://discovery.nci.nih.gov/drugs/cellminercdb/AKT-I-1_cellminercdb.html' target='_blank'>details</a>"
"1187","ML-347","[ML-347]",NA,NA,2,"ML-347_cellminercdb.html","<a href='https://discovery.nci.nih.gov/drugs/cellminercdb/ML-347_cellminercdb.html' target='_blank'>details</a>"
"1188","PF-06650833","[PF-06650833]",NA,NA,2,"PF-06650833_cellminercdb.html","<a href='https://discovery.nci.nih.gov/drugs/cellminercdb/PF-06650833_cellminercdb.html' target='_blank'>details</a>"
"1189","IDE-2","[IDE-2]",NA,NA,2,"IDE-2_cellminercdb.html","<a href='https://discovery.nci.nih.gov/drugs/cellminercdb/IDE-2_cellminercdb.html' target='_blank'>details</a>"
"1190","GSK-484","[GSK-484]",NA,NA,2,"GSK-484_cellminercdb.html","<a href='https://discovery.nci.nih.gov/drugs/cellminercdb/GSK-484_cellminercdb.html' target='_blank'>details</a>"
"1191","ELACRIDAR","[ELACRIDAR]",NA,NA,3,"ELACRIDAR_cellminercdb.html","<a href='https://discovery.nci.nih.gov/drugs/cellminercdb/ELACRIDAR_cellminercdb.html' target='_blank'>details</a>"
"1192","NARINGENIN","[NARINGENIN]",NA,NA,2,"NARINGENIN_cellminercdb.html","<a href='https://discovery.nci.nih.gov/drugs/cellminercdb/NARINGENIN_cellminercdb.html' target='_blank'>details</a>"
"1193","AP-768","[AP-768]",NA,NA,2,"AP-768_cellminercdb.html","<a href='https://discovery.nci.nih.gov/drugs/cellminercdb/AP-768_cellminercdb.html' target='_blank'>details</a>"
"1194","TENOFOVIR","[TENOFOVIR]",NA,NA,2,"TENOFOVIR_cellminercdb.html","<a href='https://discovery.nci.nih.gov/drugs/cellminercdb/TENOFOVIR_cellminercdb.html' target='_blank'>details</a>"
"1195","GPLG-0634","[GPLG-0634, FILGOTINIB]",NA,NA,3,"GPLG-0634_cellminercdb.html","<a href='https://discovery.nci.nih.gov/drugs/cellminercdb/GPLG-0634_cellminercdb.html' target='_blank'>details</a>"
"1196","CALHEX-231","[CALHEX 231 HYDROCHLORIDE, CALHEX-231]",NA,NA,2,"CALHEX-231_cellminercdb.html","<a href='https://discovery.nci.nih.gov/drugs/cellminercdb/CALHEX-231_cellminercdb.html' target='_blank'>details</a>"
"1197","ORG-25935","[SCH-900435, ORG-25935]",NA,NA,2,"ORG-25935_cellminercdb.html","<a href='https://discovery.nci.nih.gov/drugs/cellminercdb/ORG-25935_cellminercdb.html' target='_blank'>details</a>"
"1198","TEPP-46","[NCGC00186528, TEPP-46]",NA,NA,2,"TEPP-46_cellminercdb.html","<a href='https://discovery.nci.nih.gov/drugs/cellminercdb/TEPP-46_cellminercdb.html' target='_blank'>details</a>"
"1199","RD-162","[RD-162]",NA,NA,2,"RD-162_cellminercdb.html","<a href='https://discovery.nci.nih.gov/drugs/cellminercdb/RD-162_cellminercdb.html' target='_blank'>details</a>"
"1200","PREDNISOLONE","[PREDNISOLONE]",NA,NA,3,"PREDNISOLONE_cellminercdb.html","<a href='https://discovery.nci.nih.gov/drugs/cellminercdb/PREDNISOLONE_cellminercdb.html' target='_blank'>details</a>"
"1201","LINCOMYCIN HYDROCHLORIDE","[LINCOMYCIN HYDROCHLORIDE]",NA,NA,2,"LINCOMYCIN_HYDROCHLORIDE_cellminercdb.html","<a href='https://discovery.nci.nih.gov/drugs/cellminercdb/LINCOMYCIN_HYDROCHLORIDE_cellminercdb.html' target='_blank'>details</a>"
"1202","FLUPIRTINE MALEATE","[FLUPIRTINE MALEATE]",NA,NA,2,"FLUPIRTINE_MALEATE_cellminercdb.html","<a href='https://discovery.nci.nih.gov/drugs/cellminercdb/FLUPIRTINE_MALEATE_cellminercdb.html' target='_blank'>details</a>"
"1203","CEFPROZIL","[CEFPROZIL]",NA,NA,2,"CEFPROZIL_cellminercdb.html","<a href='https://discovery.nci.nih.gov/drugs/cellminercdb/CEFPROZIL_cellminercdb.html' target='_blank'>details</a>"
"1204","RIFABUTIN","[RIFABUTIN]",NA,NA,2,"RIFABUTIN_cellminercdb.html","<a href='https://discovery.nci.nih.gov/drugs/cellminercdb/RIFABUTIN_cellminercdb.html' target='_blank'>details</a>"
"1205","fenebrutinib","[RG-7845 (GDC-0853), FENEBRUTINIB, 798202]","PK:BTK","Clinical trial",3,"fenebrutinib_cellminercdb.html","<a href='https://discovery.nci.nih.gov/drugs/cellminercdb/fenebrutinib_cellminercdb.html' target='_blank'>details</a>"
"1206","IRAK-1-4 INHIBITOR I","[IRAK-1-4 INHIBITOR I]",NA,NA,2,"IRAK-1-4_INHIBITOR_I_cellminercdb.html","<a href='https://discovery.nci.nih.gov/drugs/cellminercdb/IRAK-1-4_INHIBITOR_I_cellminercdb.html' target='_blank'>details</a>"
"1207","LY-411575","[LY-411575 (ISOMER 2), LY-411575]",NA,NA,2,"LY-411575_cellminercdb.html","<a href='https://discovery.nci.nih.gov/drugs/cellminercdb/LY-411575_cellminercdb.html' target='_blank'>details</a>"
"1208","CALPEPTIN","[CALPEPTIN]",NA,NA,2,"CALPEPTIN_cellminercdb.html","<a href='https://discovery.nci.nih.gov/drugs/cellminercdb/CALPEPTIN_cellminercdb.html' target='_blank'>details</a>"
"1209","MELOXICAM","[MELOXICAM]",NA,NA,3,"MELOXICAM_cellminercdb.html","<a href='https://discovery.nci.nih.gov/drugs/cellminercdb/MELOXICAM_cellminercdb.html' target='_blank'>details</a>"
"1210","LF3","[LF3]",NA,NA,2,"LF3_cellminercdb.html","<a href='https://discovery.nci.nih.gov/drugs/cellminercdb/LF3_cellminercdb.html' target='_blank'>details</a>"
"1211","AMOROLFINE HYDROCHLORIDE","[AMOROLFINE HYDROCHLORIDE]",NA,NA,2,"AMOROLFINE_HYDROCHLORIDE_cellminercdb.html","<a href='https://discovery.nci.nih.gov/drugs/cellminercdb/AMOROLFINE_HYDROCHLORIDE_cellminercdb.html' target='_blank'>details</a>"
"1212","BRINTELLIX","[BRINTELLIX, VORTIOXETINE]",NA,NA,2,"BRINTELLIX_cellminercdb.html","<a href='https://discovery.nci.nih.gov/drugs/cellminercdb/BRINTELLIX_cellminercdb.html' target='_blank'>details</a>"
"1213","NOREPINEPHRINE","[NORADRENALINE BITARTRATE MONOHYDRATE, NOREPINEPHRINE]",NA,NA,3,"NOREPINEPHRINE_cellminercdb.html","<a href='https://discovery.nci.nih.gov/drugs/cellminercdb/NOREPINEPHRINE_cellminercdb.html' target='_blank'>details</a>"
"1214","LY 320135","[LY 320135, LY-320135]",NA,NA,3,"LY_320135_cellminercdb.html","<a href='https://discovery.nci.nih.gov/drugs/cellminercdb/LY_320135_cellminercdb.html' target='_blank'>details</a>"
"1215","FOMEPIZOLE","[FOMEPIZOLE]",NA,NA,2,"FOMEPIZOLE_cellminercdb.html","<a href='https://discovery.nci.nih.gov/drugs/cellminercdb/FOMEPIZOLE_cellminercdb.html' target='_blank'>details</a>"
"1216","CAA0225","[CAA0225]",NA,NA,2,"CAA0225_cellminercdb.html","<a href='https://discovery.nci.nih.gov/drugs/cellminercdb/CAA0225_cellminercdb.html' target='_blank'>details</a>"
"1217","MX-69","[MX-69]",NA,NA,2,"MX-69_cellminercdb.html","<a href='https://discovery.nci.nih.gov/drugs/cellminercdb/MX-69_cellminercdb.html' target='_blank'>details</a>"
"1218","evobrutinib","[EVOBRUTINIB, 800892]","PK:BTK","Clinical trial",3,"evobrutinib_cellminercdb.html","<a href='https://discovery.nci.nih.gov/drugs/cellminercdb/evobrutinib_cellminercdb.html' target='_blank'>details</a>"
"1219","CCT-251921","[CCT-251921, 793727]","PK:CDK,CDK19","Clinical trial",3,"CCT-251921_cellminercdb.html","<a href='https://discovery.nci.nih.gov/drugs/cellminercdb/CCT-251921_cellminercdb.html' target='_blank'>details</a>"
"1220","NEOMYCIN SULFATE","[NEOMYCIN SULFATE]",NA,NA,2,"NEOMYCIN_SULFATE_cellminercdb.html","<a href='https://discovery.nci.nih.gov/drugs/cellminercdb/NEOMYCIN_SULFATE_cellminercdb.html' target='_blank'>details</a>"
"1221","BQ-123","[BQ-123]",NA,NA,2,"BQ-123_cellminercdb.html","<a href='https://discovery.nci.nih.gov/drugs/cellminercdb/BQ-123_cellminercdb.html' target='_blank'>details</a>"
"1222","PHORTRESS (NSC-710305)","[PHORTRESS (NSC-710305)]",NA,NA,2,"PHORTRESS_(NSC-710305)_cellminercdb.html","<a href='https://discovery.nci.nih.gov/drugs/cellminercdb/PHORTRESS_(NSC-710305)_cellminercdb.html' target='_blank'>details</a>"
"1223","CHZ868","[CHZ868]",NA,NA,2,"CHZ868_cellminercdb.html","<a href='https://discovery.nci.nih.gov/drugs/cellminercdb/CHZ868_cellminercdb.html' target='_blank'>details</a>"
"1224","ROXITHROMYCIN","[ROXITHROMYCIN]",NA,NA,2,"ROXITHROMYCIN_cellminercdb.html","<a href='https://discovery.nci.nih.gov/drugs/cellminercdb/ROXITHROMYCIN_cellminercdb.html' target='_blank'>details</a>"
"1225","LY2334737","[LY-2334737, LY2334737]",NA,NA,3,"LY2334737_cellminercdb.html","<a href='https://discovery.nci.nih.gov/drugs/cellminercdb/LY2334737_cellminercdb.html' target='_blank'>details</a>"
"1226","FADROZOLE","[S-FADROZOLE, FADROZOLE]",NA,NA,2,"FADROZOLE_cellminercdb.html","<a href='https://discovery.nci.nih.gov/drugs/cellminercdb/FADROZOLE_cellminercdb.html' target='_blank'>details</a>"
"1227","NETARSUDIL","[NETARSUDIL]",NA,NA,2,"NETARSUDIL_cellminercdb.html","<a href='https://discovery.nci.nih.gov/drugs/cellminercdb/NETARSUDIL_cellminercdb.html' target='_blank'>details</a>"
"1228","PRULIFLOXACIN","[PRULIFLOXACIN]",NA,NA,2,"PRULIFLOXACIN_cellminercdb.html","<a href='https://discovery.nci.nih.gov/drugs/cellminercdb/PRULIFLOXACIN_cellminercdb.html' target='_blank'>details</a>"
"1229","ZILEUTON","[ZILEUTON]",NA,NA,2,"ZILEUTON_cellminercdb.html","<a href='https://discovery.nci.nih.gov/drugs/cellminercdb/ZILEUTON_cellminercdb.html' target='_blank'>details</a>"
"1230","VECURONIUM","[VECURONIUM, VECURONIUM BROMIDE]",NA,NA,2,"VECURONIUM_cellminercdb.html","<a href='https://discovery.nci.nih.gov/drugs/cellminercdb/VECURONIUM_cellminercdb.html' target='_blank'>details</a>"
"1231","STX-0119","[STX-0119]",NA,NA,2,"STX-0119_cellminercdb.html","<a href='https://discovery.nci.nih.gov/drugs/cellminercdb/STX-0119_cellminercdb.html' target='_blank'>details</a>"
"1232","BI-78D3","[BI-78D3]",NA,NA,3,"BI-78D3_cellminercdb.html","<a href='https://discovery.nci.nih.gov/drugs/cellminercdb/BI-78D3_cellminercdb.html' target='_blank'>details</a>"
"1233","PRT-060318","[PRT-060318]",NA,NA,2,"PRT-060318_cellminercdb.html","<a href='https://discovery.nci.nih.gov/drugs/cellminercdb/PRT-060318_cellminercdb.html' target='_blank'>details</a>"
"1234","ENOBOSARM","[ENOBOSARM]",NA,NA,2,"ENOBOSARM_cellminercdb.html","<a href='https://discovery.nci.nih.gov/drugs/cellminercdb/ENOBOSARM_cellminercdb.html' target='_blank'>details</a>"
"1235","MRT-68601 HYDROCHLORIDE","[MRT-68601 HYDROCHLORIDE]",NA,NA,2,"MRT-68601_HYDROCHLORIDE_cellminercdb.html","<a href='https://discovery.nci.nih.gov/drugs/cellminercdb/MRT-68601_HYDROCHLORIDE_cellminercdb.html' target='_blank'>details</a>"
"1236","GSK2656157","[GSK-2656157, GSK2656157]",NA,NA,3,"GSK2656157_cellminercdb.html","<a href='https://discovery.nci.nih.gov/drugs/cellminercdb/GSK2656157_cellminercdb.html' target='_blank'>details</a>"
"1237","GSK-6853","[GSK-6853]",NA,NA,2,"GSK-6853_cellminercdb.html","<a href='https://discovery.nci.nih.gov/drugs/cellminercdb/GSK-6853_cellminercdb.html' target='_blank'>details</a>"
"1238","AZ 10606120","[AZ 10606120]",NA,NA,2,"AZ_10606120_cellminercdb.html","<a href='https://discovery.nci.nih.gov/drugs/cellminercdb/AZ_10606120_cellminercdb.html' target='_blank'>details</a>"
"1239","LLY-507","[LLY-507]",NA,NA,2,"LLY-507_cellminercdb.html","<a href='https://discovery.nci.nih.gov/drugs/cellminercdb/LLY-507_cellminercdb.html' target='_blank'>details</a>"
"1240","TELMISARTAN","[TELMISARTAN]",NA,NA,2,"TELMISARTAN_cellminercdb.html","<a href='https://discovery.nci.nih.gov/drugs/cellminercdb/TELMISARTAN_cellminercdb.html' target='_blank'>details</a>"
"1241","LDN-57444","[LDN-57444]",NA,NA,3,"LDN-57444_cellminercdb.html","<a href='https://discovery.nci.nih.gov/drugs/cellminercdb/LDN-57444_cellminercdb.html' target='_blank'>details</a>"
"1242","DICLOFENSINE","[DICLOFENSINE]",NA,NA,2,"DICLOFENSINE_cellminercdb.html","<a href='https://discovery.nci.nih.gov/drugs/cellminercdb/DICLOFENSINE_cellminercdb.html' target='_blank'>details</a>"
"1243","PRADIGASTAT","[PRADIGASTAT SODIUM, PRADIGASTAT]",NA,NA,2,"PRADIGASTAT_cellminercdb.html","<a href='https://discovery.nci.nih.gov/drugs/cellminercdb/PRADIGASTAT_cellminercdb.html' target='_blank'>details</a>"
"1244","REBAMIPIDE","[REBAMIPIDE]",NA,NA,2,"REBAMIPIDE_cellminercdb.html","<a href='https://discovery.nci.nih.gov/drugs/cellminercdb/REBAMIPIDE_cellminercdb.html' target='_blank'>details</a>"
"1245","NORBINALTORPHIMINE","[NORBINALTORPHIMINE]",NA,NA,2,"NORBINALTORPHIMINE_cellminercdb.html","<a href='https://discovery.nci.nih.gov/drugs/cellminercdb/NORBINALTORPHIMINE_cellminercdb.html' target='_blank'>details</a>"
"1246","WYE-354","[WYE-354]",NA,NA,3,"WYE-354_cellminercdb.html","<a href='https://discovery.nci.nih.gov/drugs/cellminercdb/WYE-354_cellminercdb.html' target='_blank'>details</a>"
"1247","AZ-82","[AZ-82]",NA,NA,2,"AZ-82_cellminercdb.html","<a href='https://discovery.nci.nih.gov/drugs/cellminercdb/AZ-82_cellminercdb.html' target='_blank'>details</a>"
"1248","LTX-315","[LTX-315, RUXOTEMITIDE]",NA,NA,2,"LTX-315_cellminercdb.html","<a href='https://discovery.nci.nih.gov/drugs/cellminercdb/LTX-315_cellminercdb.html' target='_blank'>details</a>"
"1249","GDC-0326","[GDC-0326]",NA,NA,2,"GDC-0326_cellminercdb.html","<a href='https://discovery.nci.nih.gov/drugs/cellminercdb/GDC-0326_cellminercdb.html' target='_blank'>details</a>"
"1250","ADX-47273","[ADX-47273]",NA,NA,2,"ADX-47273_cellminercdb.html","<a href='https://discovery.nci.nih.gov/drugs/cellminercdb/ADX-47273_cellminercdb.html' target='_blank'>details</a>"
"1251","DOXIFLURIDINE","[5-FLUORO-5'-DEOXYURIDINE, DOXIFLURIDINE]",NA,NA,3,"DOXIFLURIDINE_cellminercdb.html","<a href='https://discovery.nci.nih.gov/drugs/cellminercdb/DOXIFLURIDINE_cellminercdb.html' target='_blank'>details</a>"
"1252","SELETALISIB","[SELETALISIB]",NA,NA,2,"SELETALISIB_cellminercdb.html","<a href='https://discovery.nci.nih.gov/drugs/cellminercdb/SELETALISIB_cellminercdb.html' target='_blank'>details</a>"
"1253","THZ-2","[THZ-2]",NA,NA,2,"THZ-2_cellminercdb.html","<a href='https://discovery.nci.nih.gov/drugs/cellminercdb/THZ-2_cellminercdb.html' target='_blank'>details</a>"
"1254","RIBOFLAVIN","[RIBOFLAVIN]",NA,NA,3,"RIBOFLAVIN_cellminercdb.html","<a href='https://discovery.nci.nih.gov/drugs/cellminercdb/RIBOFLAVIN_cellminercdb.html' target='_blank'>details</a>"
"1255","BASMISANIL","[BASMISANIL]",NA,NA,2,"BASMISANIL_cellminercdb.html","<a href='https://discovery.nci.nih.gov/drugs/cellminercdb/BASMISANIL_cellminercdb.html' target='_blank'>details</a>"
"1256","FORMESTANE","[FORMESTANE]",NA,NA,3,"FORMESTANE_cellminercdb.html","<a href='https://discovery.nci.nih.gov/drugs/cellminercdb/FORMESTANE_cellminercdb.html' target='_blank'>details</a>"
"1257","AS-1940477","[AS-1940477]",NA,NA,2,"AS-1940477_cellminercdb.html","<a href='https://discovery.nci.nih.gov/drugs/cellminercdb/AS-1940477_cellminercdb.html' target='_blank'>details</a>"
"1258","LAROPIPRANT","[MK 0524 SODIUM SALT, LAROPIPRANT]",NA,NA,2,"LAROPIPRANT_cellminercdb.html","<a href='https://discovery.nci.nih.gov/drugs/cellminercdb/LAROPIPRANT_cellminercdb.html' target='_blank'>details</a>"
"1259","MOROXYDINE","[MOROXYDINE]",NA,NA,2,"MOROXYDINE_cellminercdb.html","<a href='https://discovery.nci.nih.gov/drugs/cellminercdb/MOROXYDINE_cellminercdb.html' target='_blank'>details</a>"
"1260","OXCARBAZEPINE","[OXCARBAZEPINE]",NA,NA,3,"OXCARBAZEPINE_cellminercdb.html","<a href='https://discovery.nci.nih.gov/drugs/cellminercdb/OXCARBAZEPINE_cellminercdb.html' target='_blank'>details</a>"
"1261","S6K-18","[S6K-18]",NA,NA,2,"S6K-18_cellminercdb.html","<a href='https://discovery.nci.nih.gov/drugs/cellminercdb/S6K-18_cellminercdb.html' target='_blank'>details</a>"
"1262","A 804598","[A 804598]",NA,NA,2,"A_804598_cellminercdb.html","<a href='https://discovery.nci.nih.gov/drugs/cellminercdb/A_804598_cellminercdb.html' target='_blank'>details</a>"
"1263","OMEPRAZOLE","[ESOMEPRAZOLE SODIUM, OMEPRAZOLE]",NA,NA,3,"OMEPRAZOLE_cellminercdb.html","<a href='https://discovery.nci.nih.gov/drugs/cellminercdb/OMEPRAZOLE_cellminercdb.html' target='_blank'>details</a>"
"1265","XCT-790","[XCT-790]",NA,NA,2,"XCT-790_cellminercdb.html","<a href='https://discovery.nci.nih.gov/drugs/cellminercdb/XCT-790_cellminercdb.html' target='_blank'>details</a>"
"1266","EZUTROMID","[EZUTROMID]",NA,NA,2,"EZUTROMID_cellminercdb.html","<a href='https://discovery.nci.nih.gov/drugs/cellminercdb/EZUTROMID_cellminercdb.html' target='_blank'>details</a>"
"1267","BTM-2C-DIMER KETONE","[BTM-2C-DIMER KETONE]",NA,NA,2,"BTM-2C-DIMER_KETONE_cellminercdb.html","<a href='https://discovery.nci.nih.gov/drugs/cellminercdb/BTM-2C-DIMER_KETONE_cellminercdb.html' target='_blank'>details</a>"
"1268","OZAGREL HYDROCHLORIDE","[OZAGREL HYDROCHLORIDE]",NA,NA,2,"OZAGREL_HYDROCHLORIDE_cellminercdb.html","<a href='https://discovery.nci.nih.gov/drugs/cellminercdb/OZAGREL_HYDROCHLORIDE_cellminercdb.html' target='_blank'>details</a>"
"1269","LEMBOREXANT","[LEMBOREXANT]",NA,NA,2,"LEMBOREXANT_cellminercdb.html","<a href='https://discovery.nci.nih.gov/drugs/cellminercdb/LEMBOREXANT_cellminercdb.html' target='_blank'>details</a>"
"1270","XIMELAGATRAN","[XIMELAGATRAN]",NA,NA,2,"XIMELAGATRAN_cellminercdb.html","<a href='https://discovery.nci.nih.gov/drugs/cellminercdb/XIMELAGATRAN_cellminercdb.html' target='_blank'>details</a>"
"1271","GSK3787","[GSK3787, GSK-3787]",NA,NA,2,"GSK3787_cellminercdb.html","<a href='https://discovery.nci.nih.gov/drugs/cellminercdb/GSK3787_cellminercdb.html' target='_blank'>details</a>"
"1272","MANIDIPINE","[MANIDIPINE DIHYDROCHLORIDE, MANIDIPINE]",NA,NA,2,"MANIDIPINE_cellminercdb.html","<a href='https://discovery.nci.nih.gov/drugs/cellminercdb/MANIDIPINE_cellminercdb.html' target='_blank'>details</a>"
"1273","RESATORVID","[RESATORVID]",NA,NA,3,"RESATORVID_cellminercdb.html","<a href='https://discovery.nci.nih.gov/drugs/cellminercdb/RESATORVID_cellminercdb.html' target='_blank'>details</a>"
"1274","UNC2025","[UNC2025, UNC-2025]",NA,NA,2,"UNC2025_cellminercdb.html","<a href='https://discovery.nci.nih.gov/drugs/cellminercdb/UNC2025_cellminercdb.html' target='_blank'>details</a>"
"1275","LRRK2-IN-1","[LRRK2-IN-1]",NA,NA,2,"LRRK2-IN-1_cellminercdb.html","<a href='https://discovery.nci.nih.gov/drugs/cellminercdb/LRRK2-IN-1_cellminercdb.html' target='_blank'>details</a>"
"1276","PARICALCITOL","[PARICALCITOL-D6 (ABT-358), PARICALCITOL]",NA,NA,3,"PARICALCITOL_cellminercdb.html","<a href='https://discovery.nci.nih.gov/drugs/cellminercdb/PARICALCITOL_cellminercdb.html' target='_blank'>details</a>"
"1277","ZAFIRLUKAST","[ZAFIRLUKAST]",NA,NA,2,"ZAFIRLUKAST_cellminercdb.html","<a href='https://discovery.nci.nih.gov/drugs/cellminercdb/ZAFIRLUKAST_cellminercdb.html' target='_blank'>details</a>"
"1278","ALBENDAZOLE OXIDE","[ALBENDAZOLE OXIDE]",NA,NA,3,"ALBENDAZOLE_OXIDE_cellminercdb.html","<a href='https://discovery.nci.nih.gov/drugs/cellminercdb/ALBENDAZOLE_OXIDE_cellminercdb.html' target='_blank'>details</a>"
"1279","KI-20227","[KI-20227]",NA,NA,2,"KI-20227_cellminercdb.html","<a href='https://discovery.nci.nih.gov/drugs/cellminercdb/KI-20227_cellminercdb.html' target='_blank'>details</a>"
"1280","ANIRACETAM","[ANIRACETAM]",NA,NA,2,"ANIRACETAM_cellminercdb.html","<a href='https://discovery.nci.nih.gov/drugs/cellminercdb/ANIRACETAM_cellminercdb.html' target='_blank'>details</a>"
"1281","KPT-276","[KPT-276]",NA,NA,3,"KPT-276_cellminercdb.html","<a href='https://discovery.nci.nih.gov/drugs/cellminercdb/KPT-276_cellminercdb.html' target='_blank'>details</a>"
"1282","TORCETRAPIB","[TORCETRAPIB]",NA,NA,3,"TORCETRAPIB_cellminercdb.html","<a href='https://discovery.nci.nih.gov/drugs/cellminercdb/TORCETRAPIB_cellminercdb.html' target='_blank'>details</a>"
"1283","NESBUVIR","[NESBUVIR]",NA,NA,2,"NESBUVIR_cellminercdb.html","<a href='https://discovery.nci.nih.gov/drugs/cellminercdb/NESBUVIR_cellminercdb.html' target='_blank'>details</a>"
"1284","WEHI-539","[WEHI-539]",NA,NA,3,"WEHI-539_cellminercdb.html","<a href='https://discovery.nci.nih.gov/drugs/cellminercdb/WEHI-539_cellminercdb.html' target='_blank'>details</a>"
"1285","GENISTIN","[GENISTIN]",NA,NA,2,"GENISTIN_cellminercdb.html","<a href='https://discovery.nci.nih.gov/drugs/cellminercdb/GENISTIN_cellminercdb.html' target='_blank'>details</a>"
"1286","BTM-2C-DIMER ALLYL OXIME","[BTM-2C-DIMER ALLYL OXIME]",NA,NA,2,"BTM-2C-DIMER_ALLYL_OXIME_cellminercdb.html","<a href='https://discovery.nci.nih.gov/drugs/cellminercdb/BTM-2C-DIMER_ALLYL_OXIME_cellminercdb.html' target='_blank'>details</a>"
"1287","SP-2509","[SP-2509]",NA,NA,2,"SP-2509_cellminercdb.html","<a href='https://discovery.nci.nih.gov/drugs/cellminercdb/SP-2509_cellminercdb.html' target='_blank'>details</a>"
"1288","TANZISERTIB","[TANZISERTIB]",NA,NA,2,"TANZISERTIB_cellminercdb.html","<a href='https://discovery.nci.nih.gov/drugs/cellminercdb/TANZISERTIB_cellminercdb.html' target='_blank'>details</a>"
"1289","TIZANIDINE","[TIZANIDINE, TIZANIDINE HYDROCHLORIDE]",NA,NA,2,"TIZANIDINE_cellminercdb.html","<a href='https://discovery.nci.nih.gov/drugs/cellminercdb/TIZANIDINE_cellminercdb.html' target='_blank'>details</a>"
"1290","NATAMYCIN","[NATAMYCIN]",NA,NA,2,"NATAMYCIN_cellminercdb.html","<a href='https://discovery.nci.nih.gov/drugs/cellminercdb/NATAMYCIN_cellminercdb.html' target='_blank'>details</a>"
"1291","SKI-II","[SKI-II]",NA,NA,3,"SKI-II_cellminercdb.html","<a href='https://discovery.nci.nih.gov/drugs/cellminercdb/SKI-II_cellminercdb.html' target='_blank'>details</a>"
"1292","LINAGLIPTIN","[LINAGLIPTIN]",NA,NA,2,"LINAGLIPTIN_cellminercdb.html","<a href='https://discovery.nci.nih.gov/drugs/cellminercdb/LINAGLIPTIN_cellminercdb.html' target='_blank'>details</a>"
"1293","AMG-548","[AMG-548]",NA,NA,2,"AMG-548_cellminercdb.html","<a href='https://discovery.nci.nih.gov/drugs/cellminercdb/AMG-548_cellminercdb.html' target='_blank'>details</a>"
"1294","789102","[IVOSIDENIB, 789102]",NA,NA,2,"789102_cellminercdb.html","<a href='https://discovery.nci.nih.gov/drugs/cellminercdb/789102_cellminercdb.html' target='_blank'>details</a>"
"1295","TOREMIFENE","[TOREMIFENE]",NA,NA,3,"TOREMIFENE_cellminercdb.html","<a href='https://discovery.nci.nih.gov/drugs/cellminercdb/TOREMIFENE_cellminercdb.html' target='_blank'>details</a>"
"1296","DACLATASVIR DIHYDROCHLORIDE","[DACLATASVIR DIHYDROCHLORIDE]",NA,NA,3,"DACLATASVIR_DIHYDROCHLORIDE_cellminercdb.html","<a href='https://discovery.nci.nih.gov/drugs/cellminercdb/DACLATASVIR_DIHYDROCHLORIDE_cellminercdb.html' target='_blank'>details</a>"
"1297","ISOCONAZOLE NITRATE","[ISOCONAZOLE NITRATE]",NA,NA,2,"ISOCONAZOLE_NITRATE_cellminercdb.html","<a href='https://discovery.nci.nih.gov/drugs/cellminercdb/ISOCONAZOLE_NITRATE_cellminercdb.html' target='_blank'>details</a>"
"1298","GR-159897","[GR-159897]",NA,NA,2,"GR-159897_cellminercdb.html","<a href='https://discovery.nci.nih.gov/drugs/cellminercdb/GR-159897_cellminercdb.html' target='_blank'>details</a>"
"1299","STF-083010","[STF-083010]",NA,NA,2,"STF-083010_cellminercdb.html","<a href='https://discovery.nci.nih.gov/drugs/cellminercdb/STF-083010_cellminercdb.html' target='_blank'>details</a>"
"1300","800812","[OSIMERTINIB, NA, AZD-9291, N-{2-[(2-DIMETHYLAMINOETHYL)METHYLAMINO]-4-METHOXY-5-[4-..., 2-PROPENAMIDE, N-[2-[[2-(DIMETHYLAMINO)ETHYL]METHYLAMINO..., AZD9291, 800812, 779217, OSIMERTINIB MESYLATE]",NA,NA,6,"800812_cellminercdb.html","<a href='https://discovery.nci.nih.gov/drugs/cellminercdb/800812_cellminercdb.html' target='_blank'>details</a>"
"1301","A-803467","[A-803467]",NA,NA,3,"A-803467_cellminercdb.html","<a href='https://discovery.nci.nih.gov/drugs/cellminercdb/A-803467_cellminercdb.html' target='_blank'>details</a>"
"1302","RASAGILINE","[RASAGILINE, RASAGILINE MESYLATE]",NA,NA,2,"RASAGILINE_cellminercdb.html","<a href='https://discovery.nci.nih.gov/drugs/cellminercdb/RASAGILINE_cellminercdb.html' target='_blank'>details</a>"
"1303","RO-9021","[RO-9021]",NA,NA,2,"RO-9021_cellminercdb.html","<a href='https://discovery.nci.nih.gov/drugs/cellminercdb/RO-9021_cellminercdb.html' target='_blank'>details</a>"
"1304","CIDOFOVIR","[CIDOFOVIR]",NA,NA,3,"CIDOFOVIR_cellminercdb.html","<a href='https://discovery.nci.nih.gov/drugs/cellminercdb/CIDOFOVIR_cellminercdb.html' target='_blank'>details</a>"
"1305","MOSAPRIDE CITRATE","[MOSAPRIDE CITRATE]",NA,NA,2,"MOSAPRIDE_CITRATE_cellminercdb.html","<a href='https://discovery.nci.nih.gov/drugs/cellminercdb/MOSAPRIDE_CITRATE_cellminercdb.html' target='_blank'>details</a>"
"1306","PINORUBICIN","[PINORUBICIN, PIRARUBICIN]",NA,NA,2,"PINORUBICIN_cellminercdb.html","<a href='https://discovery.nci.nih.gov/drugs/cellminercdb/PINORUBICIN_cellminercdb.html' target='_blank'>details</a>"
"1307","ESTRIOL","[ESTRIOL]",NA,NA,2,"ESTRIOL_cellminercdb.html","<a href='https://discovery.nci.nih.gov/drugs/cellminercdb/ESTRIOL_cellminercdb.html' target='_blank'>details</a>"
"1308","QUIFLAPON SODIUM","[QUIFLAPON SODIUM]",NA,NA,2,"QUIFLAPON_SODIUM_cellminercdb.html","<a href='https://discovery.nci.nih.gov/drugs/cellminercdb/QUIFLAPON_SODIUM_cellminercdb.html' target='_blank'>details</a>"
"1309","AC-261066","[AC-261066]",NA,NA,2,"AC-261066_cellminercdb.html","<a href='https://discovery.nci.nih.gov/drugs/cellminercdb/AC-261066_cellminercdb.html' target='_blank'>details</a>"
"1310","CAP-232","[CAP-232, CAP-232, TT-232, TLN-232]",NA,NA,3,"CAP-232_cellminercdb.html","<a href='https://discovery.nci.nih.gov/drugs/cellminercdb/CAP-232_cellminercdb.html' target='_blank'>details</a>"
"1311","THEOBROMINE","[THEOBROMINE]",NA,NA,2,"THEOBROMINE_cellminercdb.html","<a href='https://discovery.nci.nih.gov/drugs/cellminercdb/THEOBROMINE_cellminercdb.html' target='_blank'>details</a>"
"1312","SM-164","[SM-164]",NA,NA,2,"SM-164_cellminercdb.html","<a href='https://discovery.nci.nih.gov/drugs/cellminercdb/SM-164_cellminercdb.html' target='_blank'>details</a>"
"1313","NCGC00185053","[NCGC00185053]",NA,NA,2,"NCGC00185053_cellminercdb.html","<a href='https://discovery.nci.nih.gov/drugs/cellminercdb/NCGC00185053_cellminercdb.html' target='_blank'>details</a>"
"1314","MITIGLINIDE","[MITIGLINIDE CALCIUM, MITIGLINIDE]",NA,NA,2,"MITIGLINIDE_cellminercdb.html","<a href='https://discovery.nci.nih.gov/drugs/cellminercdb/MITIGLINIDE_cellminercdb.html' target='_blank'>details</a>"
"1315","DOXERCALCIFEROL","[DOXERCALCIFEROL-D3, DOXERCALCIFEROL]",NA,NA,3,"DOXERCALCIFEROL_cellminercdb.html","<a href='https://discovery.nci.nih.gov/drugs/cellminercdb/DOXERCALCIFEROL_cellminercdb.html' target='_blank'>details</a>"
"1316","ESTRADIOL","[17-BETA-ESTRADIOL, ESTRADIOL]",NA,NA,3,"ESTRADIOL_cellminercdb.html","<a href='https://discovery.nci.nih.gov/drugs/cellminercdb/ESTRADIOL_cellminercdb.html' target='_blank'>details</a>"
"1317","GSK2879552","[GSK2879552, GSK-2879552]",NA,NA,2,"GSK2879552_cellminercdb.html","<a href='https://discovery.nci.nih.gov/drugs/cellminercdb/GSK2879552_cellminercdb.html' target='_blank'>details</a>"
"1318","CLOBETASOL PROPIONATE","[CLOBETASOL PROPIONATE, CLOBETASOL-PROPIONATE]",NA,NA,3,"CLOBETASOL_PROPIONATE_cellminercdb.html","<a href='https://discovery.nci.nih.gov/drugs/cellminercdb/CLOBETASOL_PROPIONATE_cellminercdb.html' target='_blank'>details</a>"
"1319","HA-1077","[HA-1077, FASUDIL HYDROCHLORIDE]",NA,NA,2,"HA-1077_cellminercdb.html","<a href='https://discovery.nci.nih.gov/drugs/cellminercdb/HA-1077_cellminercdb.html' target='_blank'>details</a>"
"1320","NEVIRAPINE","[NEVIRAPINE]",NA,NA,2,"NEVIRAPINE_cellminercdb.html","<a href='https://discovery.nci.nih.gov/drugs/cellminercdb/NEVIRAPINE_cellminercdb.html' target='_blank'>details</a>"
"1321","MK-1064","[MK-1064]",NA,NA,2,"MK-1064_cellminercdb.html","<a href='https://discovery.nci.nih.gov/drugs/cellminercdb/MK-1064_cellminercdb.html' target='_blank'>details</a>"
"1322","KH-CB19","[ETHYL 3-[(E)-2-AMINO-1-CYANOETHENYL]-6,7-DICHLORO-1-METHYL-1H-INDOLE-2-CARBOXYLATE, KH-CB19]",NA,NA,2,"KH-CB19_cellminercdb.html","<a href='https://discovery.nci.nih.gov/drugs/cellminercdb/KH-CB19_cellminercdb.html' target='_blank'>details</a>"
"1323","DORZOLAMIDE HYDROCHLORIDE","[DORZOLAMIDE HYDROCHLORIDE]",NA,NA,3,"DORZOLAMIDE_HYDROCHLORIDE_cellminercdb.html","<a href='https://discovery.nci.nih.gov/drugs/cellminercdb/DORZOLAMIDE_HYDROCHLORIDE_cellminercdb.html' target='_blank'>details</a>"
"1324","ISONIAZID","[PYRIDINE-4-CARBOHYDRAZIDE, ISONIAZID]",NA,NA,2,"ISONIAZID_cellminercdb.html","<a href='https://discovery.nci.nih.gov/drugs/cellminercdb/ISONIAZID_cellminercdb.html' target='_blank'>details</a>"
"1325","SR-3306","[SR-3306]",NA,NA,2,"SR-3306_cellminercdb.html","<a href='https://discovery.nci.nih.gov/drugs/cellminercdb/SR-3306_cellminercdb.html' target='_blank'>details</a>"
"1326","PFK-158","[PFK-158]",NA,NA,2,"PFK-158_cellminercdb.html","<a href='https://discovery.nci.nih.gov/drugs/cellminercdb/PFK-158_cellminercdb.html' target='_blank'>details</a>"
"1327","MK-8931","[MK-8931, VERUBECESTAT]",NA,NA,2,"MK-8931_cellminercdb.html","<a href='https://discovery.nci.nih.gov/drugs/cellminercdb/MK-8931_cellminercdb.html' target='_blank'>details</a>"
"1328","CCT137690","[CCT-137690, CCT137690]",NA,NA,3,"CCT137690_cellminercdb.html","<a href='https://discovery.nci.nih.gov/drugs/cellminercdb/CCT137690_cellminercdb.html' target='_blank'>details</a>"
"1329","BAY-588","[BAY-588]",NA,NA,2,"BAY-588_cellminercdb.html","<a href='https://discovery.nci.nih.gov/drugs/cellminercdb/BAY-588_cellminercdb.html' target='_blank'>details</a>"
"1330","BMS-983970","[BMS-983970, 785222]","APH1|Gamma secretase","Clinical trial",3,"BMS-983970_cellminercdb.html","<a href='https://discovery.nci.nih.gov/drugs/cellminercdb/BMS-983970_cellminercdb.html' target='_blank'>details</a>"
"1331","AMG-47A","[AMG-47A]",NA,NA,2,"AMG-47A_cellminercdb.html","<a href='https://discovery.nci.nih.gov/drugs/cellminercdb/AMG-47A_cellminercdb.html' target='_blank'>details</a>"
"1332","PD173955","[PD173955, PD-173955]",NA,NA,2,"PD173955_cellminercdb.html","<a href='https://discovery.nci.nih.gov/drugs/cellminercdb/PD173955_cellminercdb.html' target='_blank'>details</a>"
"1333","GNF-7","[GNF-7, GNF 7]",NA,NA,2,"GNF-7_cellminercdb.html","<a href='https://discovery.nci.nih.gov/drugs/cellminercdb/GNF-7_cellminercdb.html' target='_blank'>details</a>"
"1334","CPI-360","[CPI-360]",NA,NA,2,"CPI-360_cellminercdb.html","<a href='https://discovery.nci.nih.gov/drugs/cellminercdb/CPI-360_cellminercdb.html' target='_blank'>details</a>"
"1335","WAY-262611","[WAY-262611]",NA,NA,2,"WAY-262611_cellminercdb.html","<a href='https://discovery.nci.nih.gov/drugs/cellminercdb/WAY-262611_cellminercdb.html' target='_blank'>details</a>"
"1336","A-419259","[A-419259]",NA,NA,2,"A-419259_cellminercdb.html","<a href='https://discovery.nci.nih.gov/drugs/cellminercdb/A-419259_cellminercdb.html' target='_blank'>details</a>"
"1337","PAPAVERINE HYDROCHLORIDE","[PAPAVERINE HYDROCHLORIDE]",NA,NA,3,"PAPAVERINE_HYDROCHLORIDE_cellminercdb.html","<a href='https://discovery.nci.nih.gov/drugs/cellminercdb/PAPAVERINE_HYDROCHLORIDE_cellminercdb.html' target='_blank'>details</a>"
"1338","GENTAMICIN SULFATE","[GENTAMICIN SULFATE]",NA,NA,2,"GENTAMICIN_SULFATE_cellminercdb.html","<a href='https://discovery.nci.nih.gov/drugs/cellminercdb/GENTAMICIN_SULFATE_cellminercdb.html' target='_blank'>details</a>"
"1339","WDR5-C47","[WDR5-C47]",NA,NA,2,"WDR5-C47_cellminercdb.html","<a href='https://discovery.nci.nih.gov/drugs/cellminercdb/WDR5-C47_cellminercdb.html' target='_blank'>details</a>"
"1340","PIK-293","[PIK-293]",NA,NA,2,"PIK-293_cellminercdb.html","<a href='https://discovery.nci.nih.gov/drugs/cellminercdb/PIK-293_cellminercdb.html' target='_blank'>details</a>"
"1341","TOCERANIB","[TOCERANIB]",NA,NA,2,"TOCERANIB_cellminercdb.html","<a href='https://discovery.nci.nih.gov/drugs/cellminercdb/TOCERANIB_cellminercdb.html' target='_blank'>details</a>"
"1342","PD-128907","[PD-128907]",NA,NA,2,"PD-128907_cellminercdb.html","<a href='https://discovery.nci.nih.gov/drugs/cellminercdb/PD-128907_cellminercdb.html' target='_blank'>details</a>"
"1343","WZ8040","[WZ-8040, WZ8040]",NA,NA,3,"WZ8040_cellminercdb.html","<a href='https://discovery.nci.nih.gov/drugs/cellminercdb/WZ8040_cellminercdb.html' target='_blank'>details</a>"
"1344","CALCITRIOL","[CALCITRIOL (RO-21-5535), CALCITRIOL]",NA,NA,3,"CALCITRIOL_cellminercdb.html","<a href='https://discovery.nci.nih.gov/drugs/cellminercdb/CALCITRIOL_cellminercdb.html' target='_blank'>details</a>"
"1345","BMS-5","[BMS-5]",NA,NA,2,"BMS-5_cellminercdb.html","<a href='https://discovery.nci.nih.gov/drugs/cellminercdb/BMS-5_cellminercdb.html' target='_blank'>details</a>"
"1346","MOLIDUSTAT","[MOLIDUSTAT]",NA,NA,2,"MOLIDUSTAT_cellminercdb.html","<a href='https://discovery.nci.nih.gov/drugs/cellminercdb/MOLIDUSTAT_cellminercdb.html' target='_blank'>details</a>"
"1347","CEVIPABULIN","[CEVIPABULIN SUCCINATE, CEVIPABULIN]",NA,NA,2,"CEVIPABULIN_cellminercdb.html","<a href='https://discovery.nci.nih.gov/drugs/cellminercdb/CEVIPABULIN_cellminercdb.html' target='_blank'>details</a>"
"1348","CPI-703","[CPI-703]",NA,NA,2,"CPI-703_cellminercdb.html","<a href='https://discovery.nci.nih.gov/drugs/cellminercdb/CPI-703_cellminercdb.html' target='_blank'>details</a>"
"1349","UNC2250","[UNC2250]",NA,NA,3,"UNC2250_cellminercdb.html","<a href='https://discovery.nci.nih.gov/drugs/cellminercdb/UNC2250_cellminercdb.html' target='_blank'>details</a>"
"1350","ESTRONE","[ESTRONE]",NA,NA,3,"ESTRONE_cellminercdb.html","<a href='https://discovery.nci.nih.gov/drugs/cellminercdb/ESTRONE_cellminercdb.html' target='_blank'>details</a>"
"1351","CHLORAMPHENICOL","[CHLORAMPHENICOL]",NA,NA,2,"CHLORAMPHENICOL_cellminercdb.html","<a href='https://discovery.nci.nih.gov/drugs/cellminercdb/CHLORAMPHENICOL_cellminercdb.html' target='_blank'>details</a>"
"1352","ELTROMBOPAG","[ELTROMBOPAG, ELTROMBOPAG OLAMINE]",NA,NA,3,"ELTROMBOPAG_cellminercdb.html","<a href='https://discovery.nci.nih.gov/drugs/cellminercdb/ELTROMBOPAG_cellminercdb.html' target='_blank'>details</a>"
"1353","MEROPENEM","[MEROPENEM]",NA,NA,2,"MEROPENEM_cellminercdb.html","<a href='https://discovery.nci.nih.gov/drugs/cellminercdb/MEROPENEM_cellminercdb.html' target='_blank'>details</a>"
"1354",NA,"[TAK-285, NA, 800938]",NA,NA,4,"NA_cellminercdb.html","<a href='https://discovery.nci.nih.gov/drugs/cellminercdb/NA_cellminercdb.html' target='_blank'>details</a>"
"1355","WNK-463","[WNK-463]",NA,NA,2,"WNK-463_cellminercdb.html","<a href='https://discovery.nci.nih.gov/drugs/cellminercdb/WNK-463_cellminercdb.html' target='_blank'>details</a>"
"1356","A-66","[A-66]",NA,NA,2,"A-66_cellminercdb.html","<a href='https://discovery.nci.nih.gov/drugs/cellminercdb/A-66_cellminercdb.html' target='_blank'>details</a>"
"1357","ICI-D7288","[ZD7288 HYDRATE, ICI-D7288]",NA,NA,2,"ICI-D7288_cellminercdb.html","<a href='https://discovery.nci.nih.gov/drugs/cellminercdb/ICI-D7288_cellminercdb.html' target='_blank'>details</a>"
"1358","NCB-1026","[NCB-1026]",NA,NA,2,"NCB-1026_cellminercdb.html","<a href='https://discovery.nci.nih.gov/drugs/cellminercdb/NCB-1026_cellminercdb.html' target='_blank'>details</a>"
"1359","NICORANDIL","[NICORANDIL]",NA,NA,3,"NICORANDIL_cellminercdb.html","<a href='https://discovery.nci.nih.gov/drugs/cellminercdb/NICORANDIL_cellminercdb.html' target='_blank'>details</a>"
"1360","FISETIN","[FISETIN]",NA,NA,2,"FISETIN_cellminercdb.html","<a href='https://discovery.nci.nih.gov/drugs/cellminercdb/FISETIN_cellminercdb.html' target='_blank'>details</a>"
"1361","CPI-1205","[CPI-1205, 793430]","EZH2","Clinical trial",3,"CPI-1205_cellminercdb.html","<a href='https://discovery.nci.nih.gov/drugs/cellminercdb/CPI-1205_cellminercdb.html' target='_blank'>details</a>"
"1362","INDINAVIR","[INDINAVIR, INDINAVIR SULFATE]",NA,NA,2,"INDINAVIR_cellminercdb.html","<a href='https://discovery.nci.nih.gov/drugs/cellminercdb/INDINAVIR_cellminercdb.html' target='_blank'>details</a>"
"1363","BALICATIB","[BALICATIB]",NA,NA,2,"BALICATIB_cellminercdb.html","<a href='https://discovery.nci.nih.gov/drugs/cellminercdb/BALICATIB_cellminercdb.html' target='_blank'>details</a>"
"1364","mifepristone","[MIFEPRISTONE, 17-.BETA.-HYDROXY-11-.BETA.-(4-DIMETHYLAMINOPHENYL)-17-...., 652104, 759862]",NA,"FDA approved",4,"mifepristone_cellminercdb.html","<a href='https://discovery.nci.nih.gov/drugs/cellminercdb/mifepristone_cellminercdb.html' target='_blank'>details</a>"
"1365",NA,"[AZD-5438, NA, 799348, AZD5438]",NA,NA,6,"NA_cellminercdb.html","<a href='https://discovery.nci.nih.gov/drugs/cellminercdb/NA_cellminercdb.html' target='_blank'>details</a>"
"1366","HG-10-102-01","[HG-10-102-01]",NA,NA,2,"HG-10-102-01_cellminercdb.html","<a href='https://discovery.nci.nih.gov/drugs/cellminercdb/HG-10-102-01_cellminercdb.html' target='_blank'>details</a>"
"1367","GLPG-0187","[GLPG-0187]",NA,NA,2,"GLPG-0187_cellminercdb.html","<a href='https://discovery.nci.nih.gov/drugs/cellminercdb/GLPG-0187_cellminercdb.html' target='_blank'>details</a>"
"1368","Talmapimod","[TALMAPIMOD, 777446]","PK:MAPK14","Clinical trial",4,"Talmapimod_cellminercdb.html","<a href='https://discovery.nci.nih.gov/drugs/cellminercdb/Talmapimod_cellminercdb.html' target='_blank'>details</a>"
"1369","VU0483488-1","[VU0483488-1]",NA,NA,2,"VU0483488-1_cellminercdb.html","<a href='https://discovery.nci.nih.gov/drugs/cellminercdb/VU0483488-1_cellminercdb.html' target='_blank'>details</a>"
"1370","TESTOSTERONE","[EPITESTOSTERONE, TESTOSTERONE]",NA,NA,2,"TESTOSTERONE_cellminercdb.html","<a href='https://discovery.nci.nih.gov/drugs/cellminercdb/TESTOSTERONE_cellminercdb.html' target='_blank'>details</a>"
"1371","ITK INHIBITOR","[ITK INHIBITOR]",NA,NA,2,"ITK_INHIBITOR_cellminercdb.html","<a href='https://discovery.nci.nih.gov/drugs/cellminercdb/ITK_INHIBITOR_cellminercdb.html' target='_blank'>details</a>"
"1372","IPRATROPIUM BROMIDE","[IPRATROPIUM BROMIDE HYDRATE, IPRATROPIUM BROMIDE]",NA,NA,2,"IPRATROPIUM_BROMIDE_cellminercdb.html","<a href='https://discovery.nci.nih.gov/drugs/cellminercdb/IPRATROPIUM_BROMIDE_cellminercdb.html' target='_blank'>details</a>"
"1373","BMS-986020","[BMS-986020]",NA,NA,2,"BMS-986020_cellminercdb.html","<a href='https://discovery.nci.nih.gov/drugs/cellminercdb/BMS-986020_cellminercdb.html' target='_blank'>details</a>"
"1374","AVASIMIBE","[AVASIMIBE]",NA,NA,2,"AVASIMIBE_cellminercdb.html","<a href='https://discovery.nci.nih.gov/drugs/cellminercdb/AVASIMIBE_cellminercdb.html' target='_blank'>details</a>"
"1375","TROXACITABINE","[TROXACITABINE]",NA,NA,2,"TROXACITABINE_cellminercdb.html","<a href='https://discovery.nci.nih.gov/drugs/cellminercdb/TROXACITABINE_cellminercdb.html' target='_blank'>details</a>"
"1376","PIBOSEROD","[PIBOSEROD, PIBOSEROD HYDROCHLORIDE]",NA,NA,2,"PIBOSEROD_cellminercdb.html","<a href='https://discovery.nci.nih.gov/drugs/cellminercdb/PIBOSEROD_cellminercdb.html' target='_blank'>details</a>"
"1377","ACY-775","[ACY-775]",NA,NA,2,"ACY-775_cellminercdb.html","<a href='https://discovery.nci.nih.gov/drugs/cellminercdb/ACY-775_cellminercdb.html' target='_blank'>details</a>"
"1378","LY310762","[LY310762]",NA,NA,2,"LY310762_cellminercdb.html","<a href='https://discovery.nci.nih.gov/drugs/cellminercdb/LY310762_cellminercdb.html' target='_blank'>details</a>"
"1379","CDK9 INHIBITOR","[CDK9 INHIBITOR]",NA,NA,2,"CDK9_INHIBITOR_cellminercdb.html","<a href='https://discovery.nci.nih.gov/drugs/cellminercdb/CDK9_INHIBITOR_cellminercdb.html' target='_blank'>details</a>"
"1380","CHRYSOPHANOL","[CHRYSOPHANOL]",NA,NA,2,"CHRYSOPHANOL_cellminercdb.html","<a href='https://discovery.nci.nih.gov/drugs/cellminercdb/CHRYSOPHANOL_cellminercdb.html' target='_blank'>details</a>"
"1381","CGP-74588 (N-DESMETHYL IMATINIB)","[CGP-74588 (N-DESMETHYL IMATINIB)]",NA,NA,2,"CGP-74588_(N-DESMETHYL_IMATINIB)_cellminercdb.html","<a href='https://discovery.nci.nih.gov/drugs/cellminercdb/CGP-74588_(N-DESMETHYL_IMATINIB)_cellminercdb.html' target='_blank'>details</a>"
"1382","NEPAFENAC","[NEPAFENAC]",NA,NA,2,"NEPAFENAC_cellminercdb.html","<a href='https://discovery.nci.nih.gov/drugs/cellminercdb/NEPAFENAC_cellminercdb.html' target='_blank'>details</a>"
"1383","PF-06250112","[PF-06250112]",NA,NA,2,"PF-06250112_cellminercdb.html","<a href='https://discovery.nci.nih.gov/drugs/cellminercdb/PF-06250112_cellminercdb.html' target='_blank'>details</a>"
"1384","Encorafenib","[ENCORAFENIB, LGX-818, 778304]","PK:BRAF","FDA approved",4,"Encorafenib_cellminercdb.html","<a href='https://discovery.nci.nih.gov/drugs/cellminercdb/Encorafenib_cellminercdb.html' target='_blank'>details</a>"
"1385","CHEM DIV,N050-0005","[CHEM DIV,N050-0005, METHYLTESTOSTERONE]",NA,NA,2,"CHEM_DIV,N050-0005_cellminercdb.html","<a href='https://discovery.nci.nih.gov/drugs/cellminercdb/CHEM_DIV,N050-0005_cellminercdb.html' target='_blank'>details</a>"
"1386","NCGC00249661","[NCGC00249661]",NA,NA,2,"NCGC00249661_cellminercdb.html","<a href='https://discovery.nci.nih.gov/drugs/cellminercdb/NCGC00249661_cellminercdb.html' target='_blank'>details</a>"
"1387","SU11274","[SU-11274, SU11274]",NA,NA,3,"SU11274_cellminercdb.html","<a href='https://discovery.nci.nih.gov/drugs/cellminercdb/SU11274_cellminercdb.html' target='_blank'>details</a>"
"1388","NAFAMOSTAT MESYLATE","[NAFAMOSTAT MESYLATE, NAFAMOSTAT MESILATE]",NA,NA,2,"NAFAMOSTAT_MESYLATE_cellminercdb.html","<a href='https://discovery.nci.nih.gov/drugs/cellminercdb/NAFAMOSTAT_MESYLATE_cellminercdb.html' target='_blank'>details</a>"
"1389","PURMORPHAMINE","[PURMORPHAMINE]",NA,NA,2,"PURMORPHAMINE_cellminercdb.html","<a href='https://discovery.nci.nih.gov/drugs/cellminercdb/PURMORPHAMINE_cellminercdb.html' target='_blank'>details</a>"
"1390","VADADUSTAT","[VADADUSTAT]",NA,NA,2,"VADADUSTAT_cellminercdb.html","<a href='https://discovery.nci.nih.gov/drugs/cellminercdb/VADADUSTAT_cellminercdb.html' target='_blank'>details</a>"
"1391","KUC107871N","[KUC107871N-04, KUC107871N]",NA,NA,2,"KUC107871N_cellminercdb.html","<a href='https://discovery.nci.nih.gov/drugs/cellminercdb/KUC107871N_cellminercdb.html' target='_blank'>details</a>"
"1392","CEFOPERAZONE SODIUM","[CEFOPERAZONE SODIUM]",NA,NA,2,"CEFOPERAZONE_SODIUM_cellminercdb.html","<a href='https://discovery.nci.nih.gov/drugs/cellminercdb/CEFOPERAZONE_SODIUM_cellminercdb.html' target='_blank'>details</a>"
"1393","D-942","[D-942]",NA,NA,2,"D-942_cellminercdb.html","<a href='https://discovery.nci.nih.gov/drugs/cellminercdb/D-942_cellminercdb.html' target='_blank'>details</a>"
"1394","VERDINEXOR","[VERDINEXOR]",NA,NA,2,"VERDINEXOR_cellminercdb.html","<a href='https://discovery.nci.nih.gov/drugs/cellminercdb/VERDINEXOR_cellminercdb.html' target='_blank'>details</a>"
"1395","801812","[CPI-444, CIFORADENANT, 801812]",NA,NA,2,"801812_cellminercdb.html","<a href='https://discovery.nci.nih.gov/drugs/cellminercdb/801812_cellminercdb.html' target='_blank'>details</a>"
"1396","TAK-875","[TAK-875]",NA,NA,2,"TAK-875_cellminercdb.html","<a href='https://discovery.nci.nih.gov/drugs/cellminercdb/TAK-875_cellminercdb.html' target='_blank'>details</a>"
"1397",NA,"[ZANUBRUTINIB, BGB3111, CS-0021869, BGB-3111, 823807, NA]",NA,NA,4,"NA_cellminercdb.html","<a href='https://discovery.nci.nih.gov/drugs/cellminercdb/NA_cellminercdb.html' target='_blank'>details</a>"
"1398","REPARIXIN","[REPARIXIN]",NA,NA,2,"REPARIXIN_cellminercdb.html","<a href='https://discovery.nci.nih.gov/drugs/cellminercdb/REPARIXIN_cellminercdb.html' target='_blank'>details</a>"
"1399","AST-487","[AST-487]",NA,NA,2,"AST-487_cellminercdb.html","<a href='https://discovery.nci.nih.gov/drugs/cellminercdb/AST-487_cellminercdb.html' target='_blank'>details</a>"
"1400","JNJ-42165279","[JNJ-42165279]",NA,NA,2,"JNJ-42165279_cellminercdb.html","<a href='https://discovery.nci.nih.gov/drugs/cellminercdb/JNJ-42165279_cellminercdb.html' target='_blank'>details</a>"
"1401","DEFEROXAMINE MESYLATE","[DEFEROXAMINE MESYLATE]",NA,NA,2,"DEFEROXAMINE_MESYLATE_cellminercdb.html","<a href='https://discovery.nci.nih.gov/drugs/cellminercdb/DEFEROXAMINE_MESYLATE_cellminercdb.html' target='_blank'>details</a>"
"1402","ELIPRODIL","[ELIPRODIL]",NA,NA,2,"ELIPRODIL_cellminercdb.html","<a href='https://discovery.nci.nih.gov/drugs/cellminercdb/ELIPRODIL_cellminercdb.html' target='_blank'>details</a>"
"1403","FESOTERODINE FUMARATE","[FESOTERODINE FUMARATE]",NA,NA,2,"FESOTERODINE_FUMARATE_cellminercdb.html","<a href='https://discovery.nci.nih.gov/drugs/cellminercdb/FESOTERODINE_FUMARATE_cellminercdb.html' target='_blank'>details</a>"
"1404","TRILOSTANE","[TRILOSTANE]",NA,NA,2,"TRILOSTANE_cellminercdb.html","<a href='https://discovery.nci.nih.gov/drugs/cellminercdb/TRILOSTANE_cellminercdb.html' target='_blank'>details</a>"
"1405","PRAMIPEXOLE","[PRAMIPEXOLE HYDROCHLORIDE, PRAMIPEXOLE]",NA,NA,2,"PRAMIPEXOLE_cellminercdb.html","<a href='https://discovery.nci.nih.gov/drugs/cellminercdb/PRAMIPEXOLE_cellminercdb.html' target='_blank'>details</a>"
"1406",NA,"[DAROLUTAMIDE, DAROLUTAMIDE (ODM-201), BAY-1841788, BAY1841788, CS-5174, 825331, NA]",NA,NA,4,"NA_cellminercdb.html","<a href='https://discovery.nci.nih.gov/drugs/cellminercdb/NA_cellminercdb.html' target='_blank'>details</a>"
"1407","XRP-44X","[XRP-44X]",NA,NA,2,"XRP-44X_cellminercdb.html","<a href='https://discovery.nci.nih.gov/drugs/cellminercdb/XRP-44X_cellminercdb.html' target='_blank'>details</a>"
"1408","EPZ011989","[EPZ011989]",NA,NA,2,"EPZ011989_cellminercdb.html","<a href='https://discovery.nci.nih.gov/drugs/cellminercdb/EPZ011989_cellminercdb.html' target='_blank'>details</a>"
"1409","CGI-1746","[CGI-1746]",NA,NA,2,"CGI-1746_cellminercdb.html","<a href='https://discovery.nci.nih.gov/drugs/cellminercdb/CGI-1746_cellminercdb.html' target='_blank'>details</a>"
"1410","ROSE BENGAL","[ROSE BENGAL DISODIUM, ROSE BENGAL]",NA,NA,2,"ROSE_BENGAL_cellminercdb.html","<a href='https://discovery.nci.nih.gov/drugs/cellminercdb/ROSE_BENGAL_cellminercdb.html' target='_blank'>details</a>"
"1411","TOLNAFTATE","[TOLNAFTATE]",NA,NA,2,"TOLNAFTATE_cellminercdb.html","<a href='https://discovery.nci.nih.gov/drugs/cellminercdb/TOLNAFTATE_cellminercdb.html' target='_blank'>details</a>"
"1412","TRANYLCYPROMINE HYDROCHLORIDE","[TRANYLCYPROMINE HYDROCHLORIDE]",NA,NA,2,"TRANYLCYPROMINE_HYDROCHLORIDE_cellminercdb.html","<a href='https://discovery.nci.nih.gov/drugs/cellminercdb/TRANYLCYPROMINE_HYDROCHLORIDE_cellminercdb.html' target='_blank'>details</a>"
"1413","PREGABALIN","[PREGABALIN]",NA,NA,2,"PREGABALIN_cellminercdb.html","<a href='https://discovery.nci.nih.gov/drugs/cellminercdb/PREGABALIN_cellminercdb.html' target='_blank'>details</a>"
"1414","A-366","[A-366]",NA,NA,3,"A-366_cellminercdb.html","<a href='https://discovery.nci.nih.gov/drugs/cellminercdb/A-366_cellminercdb.html' target='_blank'>details</a>"
"1415","GSK-2981278","[GSK-2981278]",NA,NA,2,"GSK-2981278_cellminercdb.html","<a href='https://discovery.nci.nih.gov/drugs/cellminercdb/GSK-2981278_cellminercdb.html' target='_blank'>details</a>"
"1416","R-268712","[R-268712]",NA,NA,2,"R-268712_cellminercdb.html","<a href='https://discovery.nci.nih.gov/drugs/cellminercdb/R-268712_cellminercdb.html' target='_blank'>details</a>"
"1417","BMS-587101","[BMS-587101]",NA,NA,2,"BMS-587101_cellminercdb.html","<a href='https://discovery.nci.nih.gov/drugs/cellminercdb/BMS-587101_cellminercdb.html' target='_blank'>details</a>"
"1418","S31-201","[S31-201]",NA,NA,2,"S31-201_cellminercdb.html","<a href='https://discovery.nci.nih.gov/drugs/cellminercdb/S31-201_cellminercdb.html' target='_blank'>details</a>"
"1419","ergosterol","[ERGOSTEROL, 62791]",NA,"FDA approved",3,"ergosterol_cellminercdb.html","<a href='https://discovery.nci.nih.gov/drugs/cellminercdb/ergosterol_cellminercdb.html' target='_blank'>details</a>"
"1420","ML-119","[ML-119]",NA,NA,2,"ML-119_cellminercdb.html","<a href='https://discovery.nci.nih.gov/drugs/cellminercdb/ML-119_cellminercdb.html' target='_blank'>details</a>"
"1421","TAMSULOSIN HYDROCHLORIDE","[TAMSULOSIN HYDROCHLORIDE]",NA,NA,2,"TAMSULOSIN_HYDROCHLORIDE_cellminercdb.html","<a href='https://discovery.nci.nih.gov/drugs/cellminercdb/TAMSULOSIN_HYDROCHLORIDE_cellminercdb.html' target='_blank'>details</a>"
"1422","ERTEBEREL","[ERTEBEREL]",NA,NA,3,"ERTEBEREL_cellminercdb.html","<a href='https://discovery.nci.nih.gov/drugs/cellminercdb/ERTEBEREL_cellminercdb.html' target='_blank'>details</a>"
"1423","DINOPROSTONE","[15(R)-PROSTAGLANDIN E2, DINOPROSTONE]",NA,NA,2,"DINOPROSTONE_cellminercdb.html","<a href='https://discovery.nci.nih.gov/drugs/cellminercdb/DINOPROSTONE_cellminercdb.html' target='_blank'>details</a>"
"1424","BIOCHANIN A","[BIOCHANIN A, 4-METHYLGENISTEIN]",NA,NA,3,"BIOCHANIN_A_cellminercdb.html","<a href='https://discovery.nci.nih.gov/drugs/cellminercdb/BIOCHANIN_A_cellminercdb.html' target='_blank'>details</a>"
"1425","SB-525334","[SB-525334]",NA,NA,3,"SB-525334_cellminercdb.html","<a href='https://discovery.nci.nih.gov/drugs/cellminercdb/SB-525334_cellminercdb.html' target='_blank'>details</a>"
"1426","AT-IAP","[AT-IAP]",NA,NA,2,"AT-IAP_cellminercdb.html","<a href='https://discovery.nci.nih.gov/drugs/cellminercdb/AT-IAP_cellminercdb.html' target='_blank'>details</a>"
"1427","GSK-2250665A","[GSK-2250665A]",NA,NA,2,"GSK-2250665A_cellminercdb.html","<a href='https://discovery.nci.nih.gov/drugs/cellminercdb/GSK-2250665A_cellminercdb.html' target='_blank'>details</a>"
"1428","CI-988","[PD-137337, CI-988]",NA,NA,2,"CI-988_cellminercdb.html","<a href='https://discovery.nci.nih.gov/drugs/cellminercdb/CI-988_cellminercdb.html' target='_blank'>details</a>"
"1429","BMS-378806","[BMS-378806]",NA,NA,2,"BMS-378806_cellminercdb.html","<a href='https://discovery.nci.nih.gov/drugs/cellminercdb/BMS-378806_cellminercdb.html' target='_blank'>details</a>"
"1430","BAY-1895344","[BAY1895344, BAY-1895344, CT-BAY189, 817275, 800525]","PK:ATR","Clinical trial",4,"BAY-1895344_cellminercdb.html","<a href='https://discovery.nci.nih.gov/drugs/cellminercdb/BAY-1895344_cellminercdb.html' target='_blank'>details</a>"
"1431","BG-15A","[BG-15A]",NA,NA,2,"BG-15A_cellminercdb.html","<a href='https://discovery.nci.nih.gov/drugs/cellminercdb/BG-15A_cellminercdb.html' target='_blank'>details</a>"
"1432","NEBIVOLOL","[NEBIVOLOL]",NA,NA,2,"NEBIVOLOL_cellminercdb.html","<a href='https://discovery.nci.nih.gov/drugs/cellminercdb/NEBIVOLOL_cellminercdb.html' target='_blank'>details</a>"
"1433","NIFLUMIC ACID","[NIFLUMIC ACID]",NA,NA,2,"NIFLUMIC_ACID_cellminercdb.html","<a href='https://discovery.nci.nih.gov/drugs/cellminercdb/NIFLUMIC_ACID_cellminercdb.html' target='_blank'>details</a>"
"1434","PAEONIFLORIN","[PAEONIFLORIN]",NA,NA,2,"PAEONIFLORIN_cellminercdb.html","<a href='https://discovery.nci.nih.gov/drugs/cellminercdb/PAEONIFLORIN_cellminercdb.html' target='_blank'>details</a>"
"1435","VU0483486-1","[VU0483486-1]",NA,NA,2,"VU0483486-1_cellminercdb.html","<a href='https://discovery.nci.nih.gov/drugs/cellminercdb/VU0483486-1_cellminercdb.html' target='_blank'>details</a>"
"1436","DESFESOTERODINE","[5-HYDROXYMETHYL TOLTERODINE (PNU 200577, 5-HMT, 5-HM), DESFESOTERODINE]",NA,NA,2,"DESFESOTERODINE_cellminercdb.html","<a href='https://discovery.nci.nih.gov/drugs/cellminercdb/DESFESOTERODINE_cellminercdb.html' target='_blank'>details</a>"
"1437","APIXABAN","[APIXABAN]",NA,NA,2,"APIXABAN_cellminercdb.html","<a href='https://discovery.nci.nih.gov/drugs/cellminercdb/APIXABAN_cellminercdb.html' target='_blank'>details</a>"
"1438","FRAX-597","[FRAX-597]",NA,NA,2,"FRAX-597_cellminercdb.html","<a href='https://discovery.nci.nih.gov/drugs/cellminercdb/FRAX-597_cellminercdb.html' target='_blank'>details</a>"
"1439","BS-194","[BS-194]",NA,NA,2,"BS-194_cellminercdb.html","<a href='https://discovery.nci.nih.gov/drugs/cellminercdb/BS-194_cellminercdb.html' target='_blank'>details</a>"
"1440","SIBUTRAMINE HYDROCHLORIDE","[SIBUTRAMINE HYDROCHLORIDE]",NA,NA,2,"SIBUTRAMINE_HYDROCHLORIDE_cellminercdb.html","<a href='https://discovery.nci.nih.gov/drugs/cellminercdb/SIBUTRAMINE_HYDROCHLORIDE_cellminercdb.html' target='_blank'>details</a>"
"1441","VESNARINONE","[VESNARINONE]",NA,NA,2,"VESNARINONE_cellminercdb.html","<a href='https://discovery.nci.nih.gov/drugs/cellminercdb/VESNARINONE_cellminercdb.html' target='_blank'>details</a>"
"1442","GSK-2837808A","[GSK-2837808A]",NA,NA,2,"GSK-2837808A_cellminercdb.html","<a href='https://discovery.nci.nih.gov/drugs/cellminercdb/GSK-2837808A_cellminercdb.html' target='_blank'>details</a>"
"1443","ANDARINE","[ANDARINE]",NA,NA,2,"ANDARINE_cellminercdb.html","<a href='https://discovery.nci.nih.gov/drugs/cellminercdb/ANDARINE_cellminercdb.html' target='_blank'>details</a>"
"1444","OMECAMTIV MECARBIL","[OMECAMTIV MECARBIL]",NA,NA,2,"OMECAMTIV_MECARBIL_cellminercdb.html","<a href='https://discovery.nci.nih.gov/drugs/cellminercdb/OMECAMTIV_MECARBIL_cellminercdb.html' target='_blank'>details</a>"
"1446","ETHISTERONE","[ETHISTERONE]",NA,NA,2,"ETHISTERONE_cellminercdb.html","<a href='https://discovery.nci.nih.gov/drugs/cellminercdb/ETHISTERONE_cellminercdb.html' target='_blank'>details</a>"
"1447","ROFLUMILAST","[ROFLUMILAST]",NA,NA,2,"ROFLUMILAST_cellminercdb.html","<a href='https://discovery.nci.nih.gov/drugs/cellminercdb/ROFLUMILAST_cellminercdb.html' target='_blank'>details</a>"
"1448","BMS-906024","[BMS-906024, 780812]","APH1|Gamma secretase","Clinical trial",3,"BMS-906024_cellminercdb.html","<a href='https://discovery.nci.nih.gov/drugs/cellminercdb/BMS-906024_cellminercdb.html' target='_blank'>details</a>"
"1449","CNX-2006","[CNX-2006]",NA,NA,3,"CNX-2006_cellminercdb.html","<a href='https://discovery.nci.nih.gov/drugs/cellminercdb/CNX-2006_cellminercdb.html' target='_blank'>details</a>"
"1450","URB597","[URB597, URB-597]",NA,NA,2,"URB597_cellminercdb.html","<a href='https://discovery.nci.nih.gov/drugs/cellminercdb/URB597_cellminercdb.html' target='_blank'>details</a>"
"1451","NCGC00189393","[NCGC00189393]",NA,NA,2,"NCGC00189393_cellminercdb.html","<a href='https://discovery.nci.nih.gov/drugs/cellminercdb/NCGC00189393_cellminercdb.html' target='_blank'>details</a>"
"1452","GZD824","[GZD-824, GZD824]",NA,NA,3,"GZD824_cellminercdb.html","<a href='https://discovery.nci.nih.gov/drugs/cellminercdb/GZD824_cellminercdb.html' target='_blank'>details</a>"
"1453","CONIVAPTAN","[CONIVAPTAN, CONIVAPTAN HYDROCHLORIDE]",NA,NA,2,"CONIVAPTAN_cellminercdb.html","<a href='https://discovery.nci.nih.gov/drugs/cellminercdb/CONIVAPTAN_cellminercdb.html' target='_blank'>details</a>"
"1454","PK-11195","[(R)PK-11195, PK-11195]",NA,NA,2,"PK-11195_cellminercdb.html","<a href='https://discovery.nci.nih.gov/drugs/cellminercdb/PK-11195_cellminercdb.html' target='_blank'>details</a>"
"1455","AMPANEL","[AMPANEL, TALAMPANEL]",NA,NA,2,"AMPANEL_cellminercdb.html","<a href='https://discovery.nci.nih.gov/drugs/cellminercdb/AMPANEL_cellminercdb.html' target='_blank'>details</a>"
"1456","ATROPINE","[ENDO-ATROPINE SULFATE, ATROPINE]",NA,NA,2,"ATROPINE_cellminercdb.html","<a href='https://discovery.nci.nih.gov/drugs/cellminercdb/ATROPINE_cellminercdb.html' target='_blank'>details</a>"
"1457","NCGC00378588","[NCGC00378588]",NA,NA,2,"NCGC00378588_cellminercdb.html","<a href='https://discovery.nci.nih.gov/drugs/cellminercdb/NCGC00378588_cellminercdb.html' target='_blank'>details</a>"
"1458","FOTEMUSTINE","[FOTEMUSTINE]",NA,NA,2,"FOTEMUSTINE_cellminercdb.html","<a href='https://discovery.nci.nih.gov/drugs/cellminercdb/FOTEMUSTINE_cellminercdb.html' target='_blank'>details</a>"
"1459","NEC-1S","[NEC-1S]",NA,NA,2,"NEC-1S_cellminercdb.html","<a href='https://discovery.nci.nih.gov/drugs/cellminercdb/NEC-1S_cellminercdb.html' target='_blank'>details</a>"
"1460","GSK-2982772","[GSK-2982772]",NA,NA,2,"GSK-2982772_cellminercdb.html","<a href='https://discovery.nci.nih.gov/drugs/cellminercdb/GSK-2982772_cellminercdb.html' target='_blank'>details</a>"
"1461","HH-AG1.5","[HH-AG1.5]",NA,NA,2,"HH-AG1.5_cellminercdb.html","<a href='https://discovery.nci.nih.gov/drugs/cellminercdb/HH-AG1.5_cellminercdb.html' target='_blank'>details</a>"
"1462","MLN-120B","[MLN-120B]",NA,NA,2,"MLN-120B_cellminercdb.html","<a href='https://discovery.nci.nih.gov/drugs/cellminercdb/MLN-120B_cellminercdb.html' target='_blank'>details</a>"
"1463","TP-0903","[TP-0903, TP0903, CS-4281, 798200, DUBERMATINIB]","PK:AXL","Clinical trial",4,"TP-0903_cellminercdb.html","<a href='https://discovery.nci.nih.gov/drugs/cellminercdb/TP-0903_cellminercdb.html' target='_blank'>details</a>"
"1464","ROFECOXIB","[ROFECOXIB]",NA,NA,2,"ROFECOXIB_cellminercdb.html","<a href='https://discovery.nci.nih.gov/drugs/cellminercdb/ROFECOXIB_cellminercdb.html' target='_blank'>details</a>"
"1465","OICR-9429","[OICR-9429, 788992]","WDR5","Clinical trial",3,"OICR-9429_cellminercdb.html","<a href='https://discovery.nci.nih.gov/drugs/cellminercdb/OICR-9429_cellminercdb.html' target='_blank'>details</a>"
"1466","COMPOUND 22D","[COMPOUND 22D]",NA,NA,2,"COMPOUND_22D_cellminercdb.html","<a href='https://discovery.nci.nih.gov/drugs/cellminercdb/COMPOUND_22D_cellminercdb.html' target='_blank'>details</a>"
"1467","ASPIRIN","[ASPIRIN]",NA,NA,3,"ASPIRIN_cellminercdb.html","<a href='https://discovery.nci.nih.gov/drugs/cellminercdb/ASPIRIN_cellminercdb.html' target='_blank'>details</a>"
"1468","PHENFORMIN HYDROCHLORIDE","[PHENFORMIN HYDROCHLORIDE]",NA,NA,2,"PHENFORMIN_HYDROCHLORIDE_cellminercdb.html","<a href='https://discovery.nci.nih.gov/drugs/cellminercdb/PHENFORMIN_HYDROCHLORIDE_cellminercdb.html' target='_blank'>details</a>"
"1469","CEBRANOPADOL","[CEBRANOPADOL]",NA,NA,3,"CEBRANOPADOL_cellminercdb.html","<a href='https://discovery.nci.nih.gov/drugs/cellminercdb/CEBRANOPADOL_cellminercdb.html' target='_blank'>details</a>"
"1470","CP-456773","[CRID3 SODIUM SALT, CP-456773]",NA,NA,2,"CP-456773_cellminercdb.html","<a href='https://discovery.nci.nih.gov/drugs/cellminercdb/CP-456773_cellminercdb.html' target='_blank'>details</a>"
"1471","CYCLOVIROBUXIN D","[CYCLOVIROBUXIN D, CYCLOVIROBUXIN-D]",NA,NA,3,"CYCLOVIROBUXIN_D_cellminercdb.html","<a href='https://discovery.nci.nih.gov/drugs/cellminercdb/CYCLOVIROBUXIN_D_cellminercdb.html' target='_blank'>details</a>"
"1472","itacitinib","[ITACITINIB ADIPATE, ITACITINIB, 792849]","PK:JAK1","Clinical trial",3,"itacitinib_cellminercdb.html","<a href='https://discovery.nci.nih.gov/drugs/cellminercdb/itacitinib_cellminercdb.html' target='_blank'>details</a>"
"1473","BRICICLIB","[BRICICLIB SODIUM, BRICICLIB]",NA,NA,2,"BRICICLIB_cellminercdb.html","<a href='https://discovery.nci.nih.gov/drugs/cellminercdb/BRICICLIB_cellminercdb.html' target='_blank'>details</a>"
"1474","HSP-990","[NVP-HSP990, HSP-990]",NA,NA,2,"HSP-990_cellminercdb.html","<a href='https://discovery.nci.nih.gov/drugs/cellminercdb/HSP-990_cellminercdb.html' target='_blank'>details</a>"
"1475","PROCATEROL","[PROCATEROL HYDROCHLORIDE, PROCATEROL]",NA,NA,2,"PROCATEROL_cellminercdb.html","<a href='https://discovery.nci.nih.gov/drugs/cellminercdb/PROCATEROL_cellminercdb.html' target='_blank'>details</a>"
"1476","BAY-418543","[BAY-418543, BAY-41-8543]",NA,NA,2,"BAY-418543_cellminercdb.html","<a href='https://discovery.nci.nih.gov/drugs/cellminercdb/BAY-418543_cellminercdb.html' target='_blank'>details</a>"
"1477","KUC103669N","[KUC103669N]",NA,NA,2,"KUC103669N_cellminercdb.html","<a href='https://discovery.nci.nih.gov/drugs/cellminercdb/KUC103669N_cellminercdb.html' target='_blank'>details</a>"
"1478","ISRADIPINE","[ISRADIPINE]",NA,NA,2,"ISRADIPINE_cellminercdb.html","<a href='https://discovery.nci.nih.gov/drugs/cellminercdb/ISRADIPINE_cellminercdb.html' target='_blank'>details</a>"
"1479","DORSOMORPHIN","[DORSOMORPHIN]",NA,NA,2,"DORSOMORPHIN_cellminercdb.html","<a href='https://discovery.nci.nih.gov/drugs/cellminercdb/DORSOMORPHIN_cellminercdb.html' target='_blank'>details</a>"
"1480","LACTOBIONIC ACID","[LACTOBIONIC ACID]",NA,NA,2,"LACTOBIONIC_ACID_cellminercdb.html","<a href='https://discovery.nci.nih.gov/drugs/cellminercdb/LACTOBIONIC_ACID_cellminercdb.html' target='_blank'>details</a>"
"1481","DB-07268","[2-({2-[(3-HYDROXYPHENYL)AMINO]PYRIMIDIN-4-YL}AMINO)BENZAMIDE, DB-07268]",NA,NA,2,"DB-07268_cellminercdb.html","<a href='https://discovery.nci.nih.gov/drugs/cellminercdb/DB-07268_cellminercdb.html' target='_blank'>details</a>"
"1482","DIOSMETIN","[DIOSMETIN]",NA,NA,2,"DIOSMETIN_cellminercdb.html","<a href='https://discovery.nci.nih.gov/drugs/cellminercdb/DIOSMETIN_cellminercdb.html' target='_blank'>details</a>"
"1483","ENALAPRIL MALEATE","[ENALAPRIL MALEATE]",NA,NA,2,"ENALAPRIL_MALEATE_cellminercdb.html","<a href='https://discovery.nci.nih.gov/drugs/cellminercdb/ENALAPRIL_MALEATE_cellminercdb.html' target='_blank'>details</a>"
"1484","GW-6471","[GW-6471]",NA,NA,2,"GW-6471_cellminercdb.html","<a href='https://discovery.nci.nih.gov/drugs/cellminercdb/GW-6471_cellminercdb.html' target='_blank'>details</a>"
"1485","MECARBINATE","[MECARBINATE]",NA,NA,2,"MECARBINATE_cellminercdb.html","<a href='https://discovery.nci.nih.gov/drugs/cellminercdb/MECARBINATE_cellminercdb.html' target='_blank'>details</a>"
"1486","2-METHYL-6-(PHENYLETHYNYL)PYRIDINE","[6-METHYL-2-(PHENYLETHYNYL)PYRIDINE HYDROCHLORIDE, 2-METHYL-6-(PHENYLETHYNYL)PYRIDINE]",NA,NA,2,"2-METHYL-6-(PHENYLETHYNYL)PYRIDINE_cellminercdb.html","<a href='https://discovery.nci.nih.gov/drugs/cellminercdb/2-METHYL-6-(PHENYLETHYNYL)PYRIDINE_cellminercdb.html' target='_blank'>details</a>"
"1487","IKK-2 INHIBITOR VIII","[IKK-2 INHIBITOR VIII]",NA,NA,2,"IKK-2_INHIBITOR_VIII_cellminercdb.html","<a href='https://discovery.nci.nih.gov/drugs/cellminercdb/IKK-2_INHIBITOR_VIII_cellminercdb.html' target='_blank'>details</a>"
"1488","DOBUTAMINE HYDROCHLORIDE","[LEVDOBUTAMINE LACTOBIONATE, DOBUTAMINE HYDROCHLORIDE]",NA,NA,2,"DOBUTAMINE_HYDROCHLORIDE_cellminercdb.html","<a href='https://discovery.nci.nih.gov/drugs/cellminercdb/DOBUTAMINE_HYDROCHLORIDE_cellminercdb.html' target='_blank'>details</a>"
"1489","KUC111774N","[KUC111774N]",NA,NA,2,"KUC111774N_cellminercdb.html","<a href='https://discovery.nci.nih.gov/drugs/cellminercdb/KUC111774N_cellminercdb.html' target='_blank'>details</a>"
"1490","GELIOMYCIN","[GELIOMYCIN, HELIOMYCIN]",NA,NA,2,"GELIOMYCIN_cellminercdb.html","<a href='https://discovery.nci.nih.gov/drugs/cellminercdb/GELIOMYCIN_cellminercdb.html' target='_blank'>details</a>"
"1491","SAR-260301 (enantiomer 1)","[SAR-260301 (ENANTIOMER 1), SAR-260301, ENANTIOMER P1 OF SAR-260301, A-1301, , A-1301, ENANTIOMER P1 OF SAR-260301, SAR-260301 (ENANTIOMER 2), ENANTIOMER P2 OF SAR-260301, A-1301, ENANTIOMER P2 OF SAR-260301, , ENANTIOMER P2 OF SAR-260301, A-1301, 780290, 780291]","PI3KB","Clinical trial",4,"SAR-260301_(enantiomer_1)_cellminercdb.html","<a href='https://discovery.nci.nih.gov/drugs/cellminercdb/SAR-260301_(enantiomer_1)_cellminercdb.html' target='_blank'>details</a>"
"1492","DARUNAVIR","[DARUNAVIR ETHANOLATE, DARUNAVIR]",NA,NA,2,"DARUNAVIR_cellminercdb.html","<a href='https://discovery.nci.nih.gov/drugs/cellminercdb/DARUNAVIR_cellminercdb.html' target='_blank'>details</a>"
"1493","BIOYMIFI","[BIOYMIFI]",NA,NA,2,"BIOYMIFI_cellminercdb.html","<a href='https://discovery.nci.nih.gov/drugs/cellminercdb/BIOYMIFI_cellminercdb.html' target='_blank'>details</a>"
"1494","XMD8-87","[XMD8-87]",NA,NA,2,"XMD8-87_cellminercdb.html","<a href='https://discovery.nci.nih.gov/drugs/cellminercdb/XMD8-87_cellminercdb.html' target='_blank'>details</a>"
"1495","PURFALCAMINE","[PURFALCAMINE]",NA,NA,2,"PURFALCAMINE_cellminercdb.html","<a href='https://discovery.nci.nih.gov/drugs/cellminercdb/PURFALCAMINE_cellminercdb.html' target='_blank'>details</a>"
"1496","GW-791343","[GW-791343]",NA,NA,2,"GW-791343_cellminercdb.html","<a href='https://discovery.nci.nih.gov/drugs/cellminercdb/GW-791343_cellminercdb.html' target='_blank'>details</a>"
"1497","KUC107887N","[KUC107887N-03, KUC107887N]",NA,NA,2,"KUC107887N_cellminercdb.html","<a href='https://discovery.nci.nih.gov/drugs/cellminercdb/KUC107887N_cellminercdb.html' target='_blank'>details</a>"
"1498","PANCURONIUM BROMIDE","[PANCURONIUM BROMIDE]",NA,NA,2,"PANCURONIUM_BROMIDE_cellminercdb.html","<a href='https://discovery.nci.nih.gov/drugs/cellminercdb/PANCURONIUM_BROMIDE_cellminercdb.html' target='_blank'>details</a>"
"1499","DOUBLE JS-K","[DOUBLE JS-K]",NA,NA,2,"DOUBLE_JS-K_cellminercdb.html","<a href='https://discovery.nci.nih.gov/drugs/cellminercdb/DOUBLE_JS-K_cellminercdb.html' target='_blank'>details</a>"
"1500","FLUNARIZINE","[FLUNARIZINE, FLUNARIZINE DIHYDROCHLORIDE]",NA,NA,2,"FLUNARIZINE_cellminercdb.html","<a href='https://discovery.nci.nih.gov/drugs/cellminercdb/FLUNARIZINE_cellminercdb.html' target='_blank'>details</a>"
"1501","NCGC00037850","[NCGC00037850]",NA,NA,2,"NCGC00037850_cellminercdb.html","<a href='https://discovery.nci.nih.gov/drugs/cellminercdb/NCGC00037850_cellminercdb.html' target='_blank'>details</a>"
"1502","CEP-33779","[CEP-33779]",NA,NA,3,"CEP-33779_cellminercdb.html","<a href='https://discovery.nci.nih.gov/drugs/cellminercdb/CEP-33779_cellminercdb.html' target='_blank'>details</a>"
"1503","CORTISONE ACETATE","[CORTISONE ACETATE]",NA,NA,2,"CORTISONE_ACETATE_cellminercdb.html","<a href='https://discovery.nci.nih.gov/drugs/cellminercdb/CORTISONE_ACETATE_cellminercdb.html' target='_blank'>details</a>"
"1504","VACTOSERTIB","[VACTOSERTIB]",NA,NA,2,"VACTOSERTIB_cellminercdb.html","<a href='https://discovery.nci.nih.gov/drugs/cellminercdb/VACTOSERTIB_cellminercdb.html' target='_blank'>details</a>"
"1505","BVT-3498","[BVT-3498]",NA,NA,2,"BVT-3498_cellminercdb.html","<a href='https://discovery.nci.nih.gov/drugs/cellminercdb/BVT-3498_cellminercdb.html' target='_blank'>details</a>"
"1506","FOLITIXORIN","[FOLITIXORIN]",NA,NA,2,"FOLITIXORIN_cellminercdb.html","<a href='https://discovery.nci.nih.gov/drugs/cellminercdb/FOLITIXORIN_cellminercdb.html' target='_blank'>details</a>"
"1507","ASP-9521","[ASP-9521]",NA,NA,2,"ASP-9521_cellminercdb.html","<a href='https://discovery.nci.nih.gov/drugs/cellminercdb/ASP-9521_cellminercdb.html' target='_blank'>details</a>"
"1508","AZ 11645373","[AZ 11645373, AZ-11645373]",NA,NA,2,"AZ_11645373_cellminercdb.html","<a href='https://discovery.nci.nih.gov/drugs/cellminercdb/AZ_11645373_cellminercdb.html' target='_blank'>details</a>"
"1509","L-THYROXINE","[L-THYROXINE, LEVOTHYROXINE]",NA,NA,2,"L-THYROXINE_cellminercdb.html","<a href='https://discovery.nci.nih.gov/drugs/cellminercdb/L-THYROXINE_cellminercdb.html' target='_blank'>details</a>"
"1510","BISINDOLYLMALEIMIDE","[BISINDOLYLMALEIMIDE]",NA,NA,2,"BISINDOLYLMALEIMIDE_cellminercdb.html","<a href='https://discovery.nci.nih.gov/drugs/cellminercdb/BISINDOLYLMALEIMIDE_cellminercdb.html' target='_blank'>details</a>"
"1511","JNJ-38158471","[JNJ-38158471]",NA,NA,2,"JNJ-38158471_cellminercdb.html","<a href='https://discovery.nci.nih.gov/drugs/cellminercdb/JNJ-38158471_cellminercdb.html' target='_blank'>details</a>"
"1512","VESATOLIMOD","[VESATOLIMOD]",NA,NA,2,"VESATOLIMOD_cellminercdb.html","<a href='https://discovery.nci.nih.gov/drugs/cellminercdb/VESATOLIMOD_cellminercdb.html' target='_blank'>details</a>"
"1513","HMSL10088","[HMSL10088]",NA,NA,2,"HMSL10088_cellminercdb.html","<a href='https://discovery.nci.nih.gov/drugs/cellminercdb/HMSL10088_cellminercdb.html' target='_blank'>details</a>"
"1514",NA,"[TAK-593, NA, 800939]",NA,NA,3,"NA_cellminercdb.html","<a href='https://discovery.nci.nih.gov/drugs/cellminercdb/NA_cellminercdb.html' target='_blank'>details</a>"
"1515","WAY-600","[WAY-600]",NA,NA,3,"WAY-600_cellminercdb.html","<a href='https://discovery.nci.nih.gov/drugs/cellminercdb/WAY-600_cellminercdb.html' target='_blank'>details</a>"
"1516","PYRIDOSTATIN","[PYRIDOSTATIN]",NA,NA,3,"PYRIDOSTATIN_cellminercdb.html","<a href='https://discovery.nci.nih.gov/drugs/cellminercdb/PYRIDOSTATIN_cellminercdb.html' target='_blank'>details</a>"
"1517","LB-100","[LB-100]",NA,NA,2,"LB-100_cellminercdb.html","<a href='https://discovery.nci.nih.gov/drugs/cellminercdb/LB-100_cellminercdb.html' target='_blank'>details</a>"
"1518","CITCO","[CITCO]",NA,NA,2,"CITCO_cellminercdb.html","<a href='https://discovery.nci.nih.gov/drugs/cellminercdb/CITCO_cellminercdb.html' target='_blank'>details</a>"
"1519","BIPERIDEN","[BIPERIDEN HYDROCHLORIDE, BIPERIDEN]",NA,NA,2,"BIPERIDEN_cellminercdb.html","<a href='https://discovery.nci.nih.gov/drugs/cellminercdb/BIPERIDEN_cellminercdb.html' target='_blank'>details</a>"
"1520","NCGC00188382-01","[NCGC00188382-01]",NA,NA,2,"NCGC00188382-01_cellminercdb.html","<a href='https://discovery.nci.nih.gov/drugs/cellminercdb/NCGC00188382-01_cellminercdb.html' target='_blank'>details</a>"
"1521","HALOFANTRINE","[HALOFANTRINE HYDROCHLORIDE, HALOFANTRINE]",NA,NA,3,"HALOFANTRINE_cellminercdb.html","<a href='https://discovery.nci.nih.gov/drugs/cellminercdb/HALOFANTRINE_cellminercdb.html' target='_blank'>details</a>"
"1522","ITD-1","[ITD-1]",NA,NA,2,"ITD-1_cellminercdb.html","<a href='https://discovery.nci.nih.gov/drugs/cellminercdb/ITD-1_cellminercdb.html' target='_blank'>details</a>"
"1523","STANOZOLOL","[STANOZOLOL]",NA,NA,2,"STANOZOLOL_cellminercdb.html","<a href='https://discovery.nci.nih.gov/drugs/cellminercdb/STANOZOLOL_cellminercdb.html' target='_blank'>details</a>"
"1524","ERLOSAMIDE","[ERLOSAMIDE, LACOSAMIDE]",NA,NA,2,"ERLOSAMIDE_cellminercdb.html","<a href='https://discovery.nci.nih.gov/drugs/cellminercdb/ERLOSAMIDE_cellminercdb.html' target='_blank'>details</a>"
"1525","GSK-2194069","[GSK-2194069, GSK2194069, A-6000, 792955]","FAS|FASN","Clinical trial",4,"GSK-2194069_cellminercdb.html","<a href='https://discovery.nci.nih.gov/drugs/cellminercdb/GSK-2194069_cellminercdb.html' target='_blank'>details</a>"
"1526","ACC-789","[ACC-789]",NA,NA,2,"ACC-789_cellminercdb.html","<a href='https://discovery.nci.nih.gov/drugs/cellminercdb/ACC-789_cellminercdb.html' target='_blank'>details</a>"
"1527","DOMPERIDONE","[DOMPERIDONE]",NA,NA,3,"DOMPERIDONE_cellminercdb.html","<a href='https://discovery.nci.nih.gov/drugs/cellminercdb/DOMPERIDONE_cellminercdb.html' target='_blank'>details</a>"
"1528","GIVINOSTAT","[GIVINOSTAT HYDROCHLORIDE, GIVINOSTAT]",NA,NA,3,"GIVINOSTAT_cellminercdb.html","<a href='https://discovery.nci.nih.gov/drugs/cellminercdb/GIVINOSTAT_cellminercdb.html' target='_blank'>details</a>"
"1529","3-DEAZANEPLANOCIN A","[3-DEAZANEPLANOCIN A (DZNEP) HYDROCHLORIDE, 3-DEAZANEPLANOCIN A]",NA,NA,2,"3-DEAZANEPLANOCIN_A_cellminercdb.html","<a href='https://discovery.nci.nih.gov/drugs/cellminercdb/3-DEAZANEPLANOCIN_A_cellminercdb.html' target='_blank'>details</a>"
"1530","SC-12267","[VIDOFLUDIMUS, SC-12267]",NA,NA,3,"SC-12267_cellminercdb.html","<a href='https://discovery.nci.nih.gov/drugs/cellminercdb/SC-12267_cellminercdb.html' target='_blank'>details</a>"
"1531","PCI-34051","[PCI-34051]",NA,NA,3,"PCI-34051_cellminercdb.html","<a href='https://discovery.nci.nih.gov/drugs/cellminercdb/PCI-34051_cellminercdb.html' target='_blank'>details</a>"
"1532","IVABRADINE","[IVABRADINE HCL, IVABRADINE]",NA,NA,2,"IVABRADINE_cellminercdb.html","<a href='https://discovery.nci.nih.gov/drugs/cellminercdb/IVABRADINE_cellminercdb.html' target='_blank'>details</a>"
"1533","MOXIFLOXACIN HYDROCHLORIDE","[MOXIFLOXACIN HYDROCHLORIDE HYDRATE, MOXIFLOXACIN HYDROCHLORIDE]",NA,NA,2,"MOXIFLOXACIN_HYDROCHLORIDE_cellminercdb.html","<a href='https://discovery.nci.nih.gov/drugs/cellminercdb/MOXIFLOXACIN_HYDROCHLORIDE_cellminercdb.html' target='_blank'>details</a>"
"1534","DANOPREVIR","[DANOPREVIR]",NA,NA,2,"DANOPREVIR_cellminercdb.html","<a href='https://discovery.nci.nih.gov/drugs/cellminercdb/DANOPREVIR_cellminercdb.html' target='_blank'>details</a>"
"1535","NCGC00183434-01","[NCGC00183434-01]",NA,NA,2,"NCGC00183434-01_cellminercdb.html","<a href='https://discovery.nci.nih.gov/drugs/cellminercdb/NCGC00183434-01_cellminercdb.html' target='_blank'>details</a>"
"1536","MIR96-IN-1","[MIR96-IN-1]",NA,NA,2,"MIR96-IN-1_cellminercdb.html","<a href='https://discovery.nci.nih.gov/drugs/cellminercdb/MIR96-IN-1_cellminercdb.html' target='_blank'>details</a>"
"1537","MORIN HYDRATE","[MORIN HYDRATE]",NA,NA,3,"MORIN_HYDRATE_cellminercdb.html","<a href='https://discovery.nci.nih.gov/drugs/cellminercdb/MORIN_HYDRATE_cellminercdb.html' target='_blank'>details</a>"
"1538","UK-371804","[UK-371804]",NA,NA,2,"UK-371804_cellminercdb.html","<a href='https://discovery.nci.nih.gov/drugs/cellminercdb/UK-371804_cellminercdb.html' target='_blank'>details</a>"
"1539","LEVOCETIRIZINE","[CETIRIZINE HYDROCHLORIDE, LEVOCETIRIZINE]",NA,NA,3,"LEVOCETIRIZINE_cellminercdb.html","<a href='https://discovery.nci.nih.gov/drugs/cellminercdb/LEVOCETIRIZINE_cellminercdb.html' target='_blank'>details</a>"
"1540","DABIGATRAN ETEXILATE","[DABIGATRAN ETEXILATE]",NA,NA,2,"DABIGATRAN_ETEXILATE_cellminercdb.html","<a href='https://discovery.nci.nih.gov/drugs/cellminercdb/DABIGATRAN_ETEXILATE_cellminercdb.html' target='_blank'>details</a>"
"1541","LP-533401","[LP-533401]",NA,NA,2,"LP-533401_cellminercdb.html","<a href='https://discovery.nci.nih.gov/drugs/cellminercdb/LP-533401_cellminercdb.html' target='_blank'>details</a>"
"1542","KI-696","[KI-696]",NA,NA,2,"KI-696_cellminercdb.html","<a href='https://discovery.nci.nih.gov/drugs/cellminercdb/KI-696_cellminercdb.html' target='_blank'>details</a>"
"1543","SULINDAC","[SULINDAC]",NA,NA,2,"SULINDAC_cellminercdb.html","<a href='https://discovery.nci.nih.gov/drugs/cellminercdb/SULINDAC_cellminercdb.html' target='_blank'>details</a>"
"1544","HALOPERIDOL","[HALOPERIDOL HYDROCHLORIDE, HALOPERIDOL]",NA,NA,2,"HALOPERIDOL_cellminercdb.html","<a href='https://discovery.nci.nih.gov/drugs/cellminercdb/HALOPERIDOL_cellminercdb.html' target='_blank'>details</a>"
"1545","MK0859","[MK0859, ANACETRAPIB]",NA,NA,2,"MK0859_cellminercdb.html","<a href='https://discovery.nci.nih.gov/drugs/cellminercdb/MK0859_cellminercdb.html' target='_blank'>details</a>"
"1546","OTS-514","[OTS-514]",NA,NA,2,"OTS-514_cellminercdb.html","<a href='https://discovery.nci.nih.gov/drugs/cellminercdb/OTS-514_cellminercdb.html' target='_blank'>details</a>"
"1547","ML327","[ML327]",NA,NA,2,"ML327_cellminercdb.html","<a href='https://discovery.nci.nih.gov/drugs/cellminercdb/ML327_cellminercdb.html' target='_blank'>details</a>"
"1548","PLX-7904","[PLX-7904]",NA,NA,2,"PLX-7904_cellminercdb.html","<a href='https://discovery.nci.nih.gov/drugs/cellminercdb/PLX-7904_cellminercdb.html' target='_blank'>details</a>"
"1549","Ancitabine hydrochloride","[ANCITABINE HYDROCHLORIDE, CYCLOCYTIDINE, CYCLOCYTIDINE HYDROCHLORIDE, CYCLOCYTIDINE HYDROCHLORIDE, CYTOSINE, 1.BETA.-D-ARABINOFURANOSYL-2,2'-ANHYDRO-, HYDR..., 2,2'-ANHYDROARABINOSYLCYTOSINE HYDROCHLORIDE, CYCLOCMP HYDROCHLORIDE, 2,2'-O-CYCLOCYTIDINE HYDROCHLORIDE, 2,2'-O-CYCLOCYTIDINE, 2,2'-ANHYDROCYTARABINE HCL, 1.BETA.-D-ARABINOFURANOSYLCYTOSINE, 2,2'-ANHYDRO-, HYDRO..., 6H-FURO[2',3':4,5]OXAZOLO[3,2-A]PYRIMIDINE-2-METHANOL, 2..., 2,2'-ANHYDROCYTIDINE HYDROCHLORIDE, 2,2'-ANHYDROCYTARABINE HYDROCHLORIDE, OCTD HYDROCHLORIDE, 2,2'-ANHYDRO-1.BETA.-D-ARABINOFURANOSYLCYTOSINE HYDROCHL..., 2,2'-ANHYDROARACYTIDINE HYDROCHLORIDE, NSC-145668, O2,2'-CYCLOCYTIDINE, MONOHYDROCHLORIDE, 2,2'-CYCLOCYTIDINE HYDROCHLORIDE, 758671, 145668]","Ds","FDA approved",4,"Ancitabine_hydrochloride_cellminercdb.html","<a href='https://discovery.nci.nih.gov/drugs/cellminercdb/Ancitabine_hydrochloride_cellminercdb.html' target='_blank'>details</a>"
"1550","TICLOPIDINE HYDROCHLORIDE","[TICLOPIDINE HYDROCHLORIDE]",NA,NA,2,"TICLOPIDINE_HYDROCHLORIDE_cellminercdb.html","<a href='https://discovery.nci.nih.gov/drugs/cellminercdb/TICLOPIDINE_HYDROCHLORIDE_cellminercdb.html' target='_blank'>details</a>"
"1551","D-159687","[D-159687]",NA,NA,2,"D-159687_cellminercdb.html","<a href='https://discovery.nci.nih.gov/drugs/cellminercdb/D-159687_cellminercdb.html' target='_blank'>details</a>"
"1552","DAPRODUSTAT","[DAPRODUSTAT]",NA,NA,2,"DAPRODUSTAT_cellminercdb.html","<a href='https://discovery.nci.nih.gov/drugs/cellminercdb/DAPRODUSTAT_cellminercdb.html' target='_blank'>details</a>"
"1553","RESMINOSTAT","[RESMINOSTAT]",NA,NA,3,"RESMINOSTAT_cellminercdb.html","<a href='https://discovery.nci.nih.gov/drugs/cellminercdb/RESMINOSTAT_cellminercdb.html' target='_blank'>details</a>"
"1554","RESIQUIMOD","[RESIQUIMOD]",NA,NA,3,"RESIQUIMOD_cellminercdb.html","<a href='https://discovery.nci.nih.gov/drugs/cellminercdb/RESIQUIMOD_cellminercdb.html' target='_blank'>details</a>"
"1555","PRASUGREL","[PRASUGREL]",NA,NA,2,"PRASUGREL_cellminercdb.html","<a href='https://discovery.nci.nih.gov/drugs/cellminercdb/PRASUGREL_cellminercdb.html' target='_blank'>details</a>"
"1556","LGH-447","[LGH-447, LGH-447 2HCL, PIM447 DIHYDROCHLORIDE, CS-5941, LGH447 2HCL, PIM-447 DIHYDROCHLORIDE, PIM-447, 794109]","PK:PIM1","Clinical trial",4,"LGH-447_cellminercdb.html","<a href='https://discovery.nci.nih.gov/drugs/cellminercdb/LGH-447_cellminercdb.html' target='_blank'>details</a>"
"1557","URIDINE TRIACETATE","[URIDINE TRIACETATE]",NA,NA,2,"URIDINE_TRIACETATE_cellminercdb.html","<a href='https://discovery.nci.nih.gov/drugs/cellminercdb/URIDINE_TRIACETATE_cellminercdb.html' target='_blank'>details</a>"
"1558","LY-341495","[LY-341495]",NA,NA,2,"LY-341495_cellminercdb.html","<a href='https://discovery.nci.nih.gov/drugs/cellminercdb/LY-341495_cellminercdb.html' target='_blank'>details</a>"
"1559","AMISELIMOD","[AMISELIMOD, AMISELIMOD HYDROCHLORIDE]",NA,NA,2,"AMISELIMOD_cellminercdb.html","<a href='https://discovery.nci.nih.gov/drugs/cellminercdb/AMISELIMOD_cellminercdb.html' target='_blank'>details</a>"
"1560","SU-6656","[SU-6656]",NA,NA,2,"SU-6656_cellminercdb.html","<a href='https://discovery.nci.nih.gov/drugs/cellminercdb/SU-6656_cellminercdb.html' target='_blank'>details</a>"
"1561","E5555","[E5555]",NA,NA,2,"E5555_cellminercdb.html","<a href='https://discovery.nci.nih.gov/drugs/cellminercdb/E5555_cellminercdb.html' target='_blank'>details</a>"
"1562","SECOISOLARICIRESINOL","[SECOISOLARICIRESINOL]",NA,NA,2,"SECOISOLARICIRESINOL_cellminercdb.html","<a href='https://discovery.nci.nih.gov/drugs/cellminercdb/SECOISOLARICIRESINOL_cellminercdb.html' target='_blank'>details</a>"
"1563","OSTHOLE","[OSTHOLE]",NA,NA,2,"OSTHOLE_cellminercdb.html","<a href='https://discovery.nci.nih.gov/drugs/cellminercdb/OSTHOLE_cellminercdb.html' target='_blank'>details</a>"
"1564","NCGC00505117","[NCGC00505117]",NA,NA,2,"NCGC00505117_cellminercdb.html","<a href='https://discovery.nci.nih.gov/drugs/cellminercdb/NCGC00505117_cellminercdb.html' target='_blank'>details</a>"
"1565","AMBRISENTAN","[AMBRISENTAN]",NA,NA,2,"AMBRISENTAN_cellminercdb.html","<a href='https://discovery.nci.nih.gov/drugs/cellminercdb/AMBRISENTAN_cellminercdb.html' target='_blank'>details</a>"
"1566","CANNABIDIOL","[CANNABIDIOL]",NA,NA,2,"CANNABIDIOL_cellminercdb.html","<a href='https://discovery.nci.nih.gov/drugs/cellminercdb/CANNABIDIOL_cellminercdb.html' target='_blank'>details</a>"
"1567","SCLAREOLIDE","[VITAS-M LABORATORY,STK802504, SCLAREOLIDE]",NA,NA,3,"SCLAREOLIDE_cellminercdb.html","<a href='https://discovery.nci.nih.gov/drugs/cellminercdb/SCLAREOLIDE_cellminercdb.html' target='_blank'>details</a>"
"1568","JS-59-4","[JS-59-4]",NA,NA,2,"JS-59-4_cellminercdb.html","<a href='https://discovery.nci.nih.gov/drugs/cellminercdb/JS-59-4_cellminercdb.html' target='_blank'>details</a>"
"1569","ATRASENTAN","[ATRASENTAN]",NA,NA,2,"ATRASENTAN_cellminercdb.html","<a href='https://discovery.nci.nih.gov/drugs/cellminercdb/ATRASENTAN_cellminercdb.html' target='_blank'>details</a>"
"1570","FASN BI","[FASN BI]",NA,NA,2,"FASN_BI_cellminercdb.html","<a href='https://discovery.nci.nih.gov/drugs/cellminercdb/FASN_BI_cellminercdb.html' target='_blank'>details</a>"
"1571","ALVIMOPAN","[ALVIMOPAN]",NA,NA,2,"ALVIMOPAN_cellminercdb.html","<a href='https://discovery.nci.nih.gov/drugs/cellminercdb/ALVIMOPAN_cellminercdb.html' target='_blank'>details</a>"
"1572","PHA-690509","[PHA-690509]",NA,NA,2,"PHA-690509_cellminercdb.html","<a href='https://discovery.nci.nih.gov/drugs/cellminercdb/PHA-690509_cellminercdb.html' target='_blank'>details</a>"
"1573","RHEIN","[RHEIN]",NA,NA,2,"RHEIN_cellminercdb.html","<a href='https://discovery.nci.nih.gov/drugs/cellminercdb/RHEIN_cellminercdb.html' target='_blank'>details</a>"
"1574","ALIBENDOL","[ALIBENDOL]",NA,NA,2,"ALIBENDOL_cellminercdb.html","<a href='https://discovery.nci.nih.gov/drugs/cellminercdb/ALIBENDOL_cellminercdb.html' target='_blank'>details</a>"
"1575","GLYCYL-H-1152","[GLYCYL-H-1152]",NA,NA,2,"GLYCYL-H-1152_cellminercdb.html","<a href='https://discovery.nci.nih.gov/drugs/cellminercdb/GLYCYL-H-1152_cellminercdb.html' target='_blank'>details</a>"
"1576","XL-784","[XL-784]",NA,NA,2,"XL-784_cellminercdb.html","<a href='https://discovery.nci.nih.gov/drugs/cellminercdb/XL-784_cellminercdb.html' target='_blank'>details</a>"
"1577","PHA-767491A","[PHA-767491A]",NA,NA,3,"PHA-767491A_cellminercdb.html","<a href='https://discovery.nci.nih.gov/drugs/cellminercdb/PHA-767491A_cellminercdb.html' target='_blank'>details</a>"
"1578","INC-280","[CAPMATINIB, INC-280]",NA,NA,3,"INC-280_cellminercdb.html","<a href='https://discovery.nci.nih.gov/drugs/cellminercdb/INC-280_cellminercdb.html' target='_blank'>details</a>"
"1579","DEFLAZACORT","[DEFLAZACORT]",NA,NA,3,"DEFLAZACORT_cellminercdb.html","<a href='https://discovery.nci.nih.gov/drugs/cellminercdb/DEFLAZACORT_cellminercdb.html' target='_blank'>details</a>"
"1580","HMSL10077","[HMSL10077]",NA,NA,2,"HMSL10077_cellminercdb.html","<a href='https://discovery.nci.nih.gov/drugs/cellminercdb/HMSL10077_cellminercdb.html' target='_blank'>details</a>"
"1581","YU-238259","[YU-238259]",NA,NA,2,"YU-238259_cellminercdb.html","<a href='https://discovery.nci.nih.gov/drugs/cellminercdb/YU-238259_cellminercdb.html' target='_blank'>details</a>"
"1582","GW-788388","[GW-788388]",NA,NA,3,"GW-788388_cellminercdb.html","<a href='https://discovery.nci.nih.gov/drugs/cellminercdb/GW-788388_cellminercdb.html' target='_blank'>details</a>"
"1583","CC-401","[CC-401]",NA,NA,2,"CC-401_cellminercdb.html","<a href='https://discovery.nci.nih.gov/drugs/cellminercdb/CC-401_cellminercdb.html' target='_blank'>details</a>"
"1584","KN-93","[KN-93]",NA,NA,2,"KN-93_cellminercdb.html","<a href='https://discovery.nci.nih.gov/drugs/cellminercdb/KN-93_cellminercdb.html' target='_blank'>details</a>"
"1585","CURCUMOL","[CURCUMOL]",NA,NA,2,"CURCUMOL_cellminercdb.html","<a href='https://discovery.nci.nih.gov/drugs/cellminercdb/CURCUMOL_cellminercdb.html' target='_blank'>details</a>"
"1586","PF-956980","[PF-956980]",NA,NA,2,"PF-956980_cellminercdb.html","<a href='https://discovery.nci.nih.gov/drugs/cellminercdb/PF-956980_cellminercdb.html' target='_blank'>details</a>"
"1587","MOXONIDINE HYDROCHLORIDE","[MOXONIDINE HYDROCHLORIDE]",NA,NA,2,"MOXONIDINE_HYDROCHLORIDE_cellminercdb.html","<a href='https://discovery.nci.nih.gov/drugs/cellminercdb/MOXONIDINE_HYDROCHLORIDE_cellminercdb.html' target='_blank'>details</a>"
"1588","PRAZOSIN HYDROCHLORIDE","[PRAZOSIN HYDROCHLORIDE]",NA,NA,3,"PRAZOSIN_HYDROCHLORIDE_cellminercdb.html","<a href='https://discovery.nci.nih.gov/drugs/cellminercdb/PRAZOSIN_HYDROCHLORIDE_cellminercdb.html' target='_blank'>details</a>"
"1589","DAPT","[DAPT, GSI-IX]",NA,NA,2,"DAPT_cellminercdb.html","<a href='https://discovery.nci.nih.gov/drugs/cellminercdb/DAPT_cellminercdb.html' target='_blank'>details</a>"
"1590","BENAZEPRIL HYDROCHLORIDE","[BENAZEPRIL HYDROCHLORIDE]",NA,NA,2,"BENAZEPRIL_HYDROCHLORIDE_cellminercdb.html","<a href='https://discovery.nci.nih.gov/drugs/cellminercdb/BENAZEPRIL_HYDROCHLORIDE_cellminercdb.html' target='_blank'>details</a>"
"1591","AZ-23","[AZ-23]",NA,NA,2,"AZ-23_cellminercdb.html","<a href='https://discovery.nci.nih.gov/drugs/cellminercdb/AZ-23_cellminercdb.html' target='_blank'>details</a>"
"1592","NECROSTATIN","[NECROSTATIN]",NA,NA,2,"NECROSTATIN_cellminercdb.html","<a href='https://discovery.nci.nih.gov/drugs/cellminercdb/NECROSTATIN_cellminercdb.html' target='_blank'>details</a>"
"1593","ECDYSONE","[ECDYSONE]",NA,NA,2,"ECDYSONE_cellminercdb.html","<a href='https://discovery.nci.nih.gov/drugs/cellminercdb/ECDYSONE_cellminercdb.html' target='_blank'>details</a>"
"1594","COMPOUND 2","[COMPOUND 2]",NA,NA,2,"COMPOUND_2_cellminercdb.html","<a href='https://discovery.nci.nih.gov/drugs/cellminercdb/COMPOUND_2_cellminercdb.html' target='_blank'>details</a>"
"1595","MIZOLASTINE","[MIZOLASTINE]",NA,NA,2,"MIZOLASTINE_cellminercdb.html","<a href='https://discovery.nci.nih.gov/drugs/cellminercdb/MIZOLASTINE_cellminercdb.html' target='_blank'>details</a>"
"1596","DEXANABINOL","[DEXANABINOL]",NA,NA,2,"DEXANABINOL_cellminercdb.html","<a href='https://discovery.nci.nih.gov/drugs/cellminercdb/DEXANABINOL_cellminercdb.html' target='_blank'>details</a>"
"1597","CHLOROPYRAMINE","[CHLOROPYRAMINE HYDROCHLORIDE, CHLOROPYRAMINE]",NA,NA,3,"CHLOROPYRAMINE_cellminercdb.html","<a href='https://discovery.nci.nih.gov/drugs/cellminercdb/CHLOROPYRAMINE_cellminercdb.html' target='_blank'>details</a>"
"1598","CIPROFIBRATE","[CIPROFIBRATE]",NA,NA,3,"CIPROFIBRATE_cellminercdb.html","<a href='https://discovery.nci.nih.gov/drugs/cellminercdb/CIPROFIBRATE_cellminercdb.html' target='_blank'>details</a>"
"1599","GSK2795039","[GSK2795039]",NA,NA,2,"GSK2795039_cellminercdb.html","<a href='https://discovery.nci.nih.gov/drugs/cellminercdb/GSK2795039_cellminercdb.html' target='_blank'>details</a>"
"1600","HYMECROMONE","[4-METHYLUMBELLIFERONE, HYMECROMONE]",NA,NA,2,"HYMECROMONE_cellminercdb.html","<a href='https://discovery.nci.nih.gov/drugs/cellminercdb/HYMECROMONE_cellminercdb.html' target='_blank'>details</a>"
"1601","DALCETRAPIB","[DALCETRAPIB]",NA,NA,3,"DALCETRAPIB_cellminercdb.html","<a href='https://discovery.nci.nih.gov/drugs/cellminercdb/DALCETRAPIB_cellminercdb.html' target='_blank'>details</a>"
"1602","VADIMEZAN","[VADIMEZAN]",NA,NA,2,"VADIMEZAN_cellminercdb.html","<a href='https://discovery.nci.nih.gov/drugs/cellminercdb/VADIMEZAN_cellminercdb.html' target='_blank'>details</a>"
"1603","LICOFELONE","[LICOFELONE]",NA,NA,2,"LICOFELONE_cellminercdb.html","<a href='https://discovery.nci.nih.gov/drugs/cellminercdb/LICOFELONE_cellminercdb.html' target='_blank'>details</a>"
"1604","AIM-100","[AIM-100]",NA,NA,2,"AIM-100_cellminercdb.html","<a href='https://discovery.nci.nih.gov/drugs/cellminercdb/AIM-100_cellminercdb.html' target='_blank'>details</a>"
"1605","GAVESTINEL","[GAVESTINEL SODIUM, GAVESTINEL]",NA,NA,2,"GAVESTINEL_cellminercdb.html","<a href='https://discovery.nci.nih.gov/drugs/cellminercdb/GAVESTINEL_cellminercdb.html' target='_blank'>details</a>"
"1606","PEMAFIBRATE","[PEMAFIBRATE]",NA,NA,2,"PEMAFIBRATE_cellminercdb.html","<a href='https://discovery.nci.nih.gov/drugs/cellminercdb/PEMAFIBRATE_cellminercdb.html' target='_blank'>details</a>"
"1607","AS-604850","[(5E)-5-[(2,2-DIFLUORO-1,3-BENZODIOXOL-5-YL)METHYLENE]-1,3-THIAZOLIDINE-2,4-DIONE, AS-604850]",NA,NA,2,"AS-604850_cellminercdb.html","<a href='https://discovery.nci.nih.gov/drugs/cellminercdb/AS-604850_cellminercdb.html' target='_blank'>details</a>"
"1608","MAPROTILINE","[MAPROTILINE, MAPROTILINE HYDROCHLORIDE]",NA,NA,3,"MAPROTILINE_cellminercdb.html","<a href='https://discovery.nci.nih.gov/drugs/cellminercdb/MAPROTILINE_cellminercdb.html' target='_blank'>details</a>"
"1609","MELATONIN","[MELATONIN]",NA,NA,2,"MELATONIN_cellminercdb.html","<a href='https://discovery.nci.nih.gov/drugs/cellminercdb/MELATONIN_cellminercdb.html' target='_blank'>details</a>"
"1610","TAMIBAROTENE","[TAMIBAROTENE]",NA,NA,3,"TAMIBAROTENE_cellminercdb.html","<a href='https://discovery.nci.nih.gov/drugs/cellminercdb/TAMIBAROTENE_cellminercdb.html' target='_blank'>details</a>"
"1611","NIFEKALANT","[NIFEKALANT]",NA,NA,2,"NIFEKALANT_cellminercdb.html","<a href='https://discovery.nci.nih.gov/drugs/cellminercdb/NIFEKALANT_cellminercdb.html' target='_blank'>details</a>"
"1612","BIO","[(3E)-6'-BROMO-2,3'-BIINDOLE-2',3(1H,1'H)-DIONE 3-OXIME, BIO]",NA,NA,2,"BIO_cellminercdb.html","<a href='https://discovery.nci.nih.gov/drugs/cellminercdb/BIO_cellminercdb.html' target='_blank'>details</a>"
"1613","782579","[PCI-27483, 782579]",NA,NA,2,"782579_cellminercdb.html","<a href='https://discovery.nci.nih.gov/drugs/cellminercdb/782579_cellminercdb.html' target='_blank'>details</a>"
"1614","PD 169316","[PD 169316, PD-169316]",NA,NA,2,"PD_169316_cellminercdb.html","<a href='https://discovery.nci.nih.gov/drugs/cellminercdb/PD_169316_cellminercdb.html' target='_blank'>details</a>"
"1615","BUFEXAMAC","[BUFEXAMAC]",NA,NA,2,"BUFEXAMAC_cellminercdb.html","<a href='https://discovery.nci.nih.gov/drugs/cellminercdb/BUFEXAMAC_cellminercdb.html' target='_blank'>details</a>"
"1616","NSC-75503","[NSC-75503]",NA,NA,2,"NSC-75503_cellminercdb.html","<a href='https://discovery.nci.nih.gov/drugs/cellminercdb/NSC-75503_cellminercdb.html' target='_blank'>details</a>"
"1617","METHOCARBAMOL","[METHOCARBAMOL]",NA,NA,3,"METHOCARBAMOL_cellminercdb.html","<a href='https://discovery.nci.nih.gov/drugs/cellminercdb/METHOCARBAMOL_cellminercdb.html' target='_blank'>details</a>"
"1618","MK-886","[MK-886, 736463]",NA,NA,3,"MK-886_cellminercdb.html","<a href='https://discovery.nci.nih.gov/drugs/cellminercdb/MK-886_cellminercdb.html' target='_blank'>details</a>"
"1619","UNC-0646","[UNC-0646]",NA,NA,2,"UNC-0646_cellminercdb.html","<a href='https://discovery.nci.nih.gov/drugs/cellminercdb/UNC-0646_cellminercdb.html' target='_blank'>details</a>"
"1620","M-475271","[M-475271]",NA,NA,2,"M-475271_cellminercdb.html","<a href='https://discovery.nci.nih.gov/drugs/cellminercdb/M-475271_cellminercdb.html' target='_blank'>details</a>"
"1621","SULFADOXINE","[SULFADOXINE]",NA,NA,2,"SULFADOXINE_cellminercdb.html","<a href='https://discovery.nci.nih.gov/drugs/cellminercdb/SULFADOXINE_cellminercdb.html' target='_blank'>details</a>"
"1622","BI-7273","[BI-7273]",NA,NA,2,"BI-7273_cellminercdb.html","<a href='https://discovery.nci.nih.gov/drugs/cellminercdb/BI-7273_cellminercdb.html' target='_blank'>details</a>"
"1623","SILYBIN","[SILYBIN, SILIBININ]",NA,NA,2,"SILYBIN_cellminercdb.html","<a href='https://discovery.nci.nih.gov/drugs/cellminercdb/SILYBIN_cellminercdb.html' target='_blank'>details</a>"
"1624","GNE-317","[GNE-317]",NA,NA,3,"GNE-317_cellminercdb.html","<a href='https://discovery.nci.nih.gov/drugs/cellminercdb/GNE-317_cellminercdb.html' target='_blank'>details</a>"
"1625","APILIMOD","[APILIMOD, STA-5326]",NA,NA,3,"APILIMOD_cellminercdb.html","<a href='https://discovery.nci.nih.gov/drugs/cellminercdb/APILIMOD_cellminercdb.html' target='_blank'>details</a>"
"1626","SINOMENINE","[SINOMENINE]",NA,NA,2,"SINOMENINE_cellminercdb.html","<a href='https://discovery.nci.nih.gov/drugs/cellminercdb/SINOMENINE_cellminercdb.html' target='_blank'>details</a>"
"1627","PF-04457845","[PF-04457845]",NA,NA,3,"PF-04457845_cellminercdb.html","<a href='https://discovery.nci.nih.gov/drugs/cellminercdb/PF-04457845_cellminercdb.html' target='_blank'>details</a>"
"1628","Cerulenin","[CERULENIN, 764755]","FAS|FASN|HMGCS1/2","Clinical trial",4,"Cerulenin_cellminercdb.html","<a href='https://discovery.nci.nih.gov/drugs/cellminercdb/Cerulenin_cellminercdb.html' target='_blank'>details</a>"
"1629","AZOMYCIN","[AZOMYCIN, AZOMYCIN-(2-NITROIMIDAZOLE)]",NA,NA,3,"AZOMYCIN_cellminercdb.html","<a href='https://discovery.nci.nih.gov/drugs/cellminercdb/AZOMYCIN_cellminercdb.html' target='_blank'>details</a>"
"1630","ENDOXIFEN","[ENDOXIFEN]",NA,NA,2,"ENDOXIFEN_cellminercdb.html","<a href='https://discovery.nci.nih.gov/drugs/cellminercdb/ENDOXIFEN_cellminercdb.html' target='_blank'>details</a>"
"1631","TNKS-656","[TNKS-656]",NA,NA,2,"TNKS-656_cellminercdb.html","<a href='https://discovery.nci.nih.gov/drugs/cellminercdb/TNKS-656_cellminercdb.html' target='_blank'>details</a>"
"1632","TG100-801","[TG100-801]",NA,NA,2,"TG100-801_cellminercdb.html","<a href='https://discovery.nci.nih.gov/drugs/cellminercdb/TG100-801_cellminercdb.html' target='_blank'>details</a>"
"1633","AZ-191","[AZ-191]",NA,NA,2,"AZ-191_cellminercdb.html","<a href='https://discovery.nci.nih.gov/drugs/cellminercdb/AZ-191_cellminercdb.html' target='_blank'>details</a>"
"1634","AST-1306","[AST-1306]",NA,NA,4,"AST-1306_cellminercdb.html","<a href='https://discovery.nci.nih.gov/drugs/cellminercdb/AST-1306_cellminercdb.html' target='_blank'>details</a>"
"1635","PRIMIDONE","[PRIMACLONE, PRIMIDONE]",NA,NA,2,"PRIMIDONE_cellminercdb.html","<a href='https://discovery.nci.nih.gov/drugs/cellminercdb/PRIMIDONE_cellminercdb.html' target='_blank'>details</a>"
"1636","LDN-212854","[LDN-212854, LDN-193189]",NA,NA,4,"LDN-212854_cellminercdb.html","<a href='https://discovery.nci.nih.gov/drugs/cellminercdb/LDN-212854_cellminercdb.html' target='_blank'>details</a>"
"1637","CDIBA","[CDIBA]",NA,NA,2,"CDIBA_cellminercdb.html","<a href='https://discovery.nci.nih.gov/drugs/cellminercdb/CDIBA_cellminercdb.html' target='_blank'>details</a>"
"1638","MEDROXYPROGESTERONE ACETATE","[MEDROXYPROGESTERONE ACETATE]",NA,NA,2,"MEDROXYPROGESTERONE_ACETATE_cellminercdb.html","<a href='https://discovery.nci.nih.gov/drugs/cellminercdb/MEDROXYPROGESTERONE_ACETATE_cellminercdb.html' target='_blank'>details</a>"
"1639","OMAVELOXOLONE","[OMAVELOXOLONE]",NA,NA,2,"OMAVELOXOLONE_cellminercdb.html","<a href='https://discovery.nci.nih.gov/drugs/cellminercdb/OMAVELOXOLONE_cellminercdb.html' target='_blank'>details</a>"
"1640","HA-130","[HA-130]",NA,NA,2,"HA-130_cellminercdb.html","<a href='https://discovery.nci.nih.gov/drugs/cellminercdb/HA-130_cellminercdb.html' target='_blank'>details</a>"
"1641","GM 6001","[GM 6001, ILOMASTAT]",NA,NA,3,"GM_6001_cellminercdb.html","<a href='https://discovery.nci.nih.gov/drugs/cellminercdb/GM_6001_cellminercdb.html' target='_blank'>details</a>"
"1642","LEVAMISOLE HYDROCHLORIDE","[LEVAMISOLE HYDROCHLORIDE, TETRAMISOLE HYDROCHLORIDE]",NA,NA,2,"LEVAMISOLE_HYDROCHLORIDE_cellminercdb.html","<a href='https://discovery.nci.nih.gov/drugs/cellminercdb/LEVAMISOLE_HYDROCHLORIDE_cellminercdb.html' target='_blank'>details</a>"
"1643","CYCLOSERINE","[D-CYCLOSERINE, CYCLOSERINE]",NA,NA,2,"CYCLOSERINE_cellminercdb.html","<a href='https://discovery.nci.nih.gov/drugs/cellminercdb/CYCLOSERINE_cellminercdb.html' target='_blank'>details</a>"
"1644","GSK2801","[GSK-2801, GSK2801]",NA,NA,3,"GSK2801_cellminercdb.html","<a href='https://discovery.nci.nih.gov/drugs/cellminercdb/GSK2801_cellminercdb.html' target='_blank'>details</a>"
"1645","PF-5006739","[PF-5006739]",NA,NA,2,"PF-5006739_cellminercdb.html","<a href='https://discovery.nci.nih.gov/drugs/cellminercdb/PF-5006739_cellminercdb.html' target='_blank'>details</a>"
"1646","GSK-682753A","[GSK-682753A]",NA,NA,2,"GSK-682753A_cellminercdb.html","<a href='https://discovery.nci.nih.gov/drugs/cellminercdb/GSK-682753A_cellminercdb.html' target='_blank'>details</a>"
"1647","AMLEXANOX","[AMLEXANOX]",NA,NA,2,"AMLEXANOX_cellminercdb.html","<a href='https://discovery.nci.nih.gov/drugs/cellminercdb/AMLEXANOX_cellminercdb.html' target='_blank'>details</a>"
"1648","DIMESNA","[MESNA DISULFIDE, DIMESNA]",NA,NA,2,"DIMESNA_cellminercdb.html","<a href='https://discovery.nci.nih.gov/drugs/cellminercdb/DIMESNA_cellminercdb.html' target='_blank'>details</a>"
"1649","ARGLABIN","[ARGLABIN]",NA,NA,2,"ARGLABIN_cellminercdb.html","<a href='https://discovery.nci.nih.gov/drugs/cellminercdb/ARGLABIN_cellminercdb.html' target='_blank'>details</a>"
"1650","H3B-6527","[H3B-6527, 800283]","PK:FGFR","Clinical trial",3,"H3B-6527_cellminercdb.html","<a href='https://discovery.nci.nih.gov/drugs/cellminercdb/H3B-6527_cellminercdb.html' target='_blank'>details</a>"
"1651","LINEZOLID","[LINEZOLID]",NA,NA,2,"LINEZOLID_cellminercdb.html","<a href='https://discovery.nci.nih.gov/drugs/cellminercdb/LINEZOLID_cellminercdb.html' target='_blank'>details</a>"
"1652","FLUCYTOSINE","[FLUCYTOSINE]",NA,NA,2,"FLUCYTOSINE_cellminercdb.html","<a href='https://discovery.nci.nih.gov/drugs/cellminercdb/FLUCYTOSINE_cellminercdb.html' target='_blank'>details</a>"
"1653","IBIGLUSTAT","[IBIGLUSTAT, VENGLUSTAT]",NA,NA,2,"IBIGLUSTAT_cellminercdb.html","<a href='https://discovery.nci.nih.gov/drugs/cellminercdb/IBIGLUSTAT_cellminercdb.html' target='_blank'>details</a>"
"1654","PIM 1 INHIBITOR 2","[PIM 1 INHIBITOR 2]",NA,NA,2,"PIM_1_INHIBITOR_2_cellminercdb.html","<a href='https://discovery.nci.nih.gov/drugs/cellminercdb/PIM_1_INHIBITOR_2_cellminercdb.html' target='_blank'>details</a>"
"1655","RGB-286147","[RGB-286147]",NA,NA,2,"RGB-286147_cellminercdb.html","<a href='https://discovery.nci.nih.gov/drugs/cellminercdb/RGB-286147_cellminercdb.html' target='_blank'>details</a>"
"1656","TANSHINONE IIA","[TANSHINONE IIA]",NA,NA,2,"TANSHINONE_IIA_cellminercdb.html","<a href='https://discovery.nci.nih.gov/drugs/cellminercdb/TANSHINONE_IIA_cellminercdb.html' target='_blank'>details</a>"
"1657","VINDESINE","[SEQUOIA RESEARCH PRODUCTS LTD.,SRP01038V, VINDESINE]",NA,NA,3,"VINDESINE_cellminercdb.html","<a href='https://discovery.nci.nih.gov/drugs/cellminercdb/VINDESINE_cellminercdb.html' target='_blank'>details</a>"
"1658","MRT-67307","[MRT-67307]",NA,NA,2,"MRT-67307_cellminercdb.html","<a href='https://discovery.nci.nih.gov/drugs/cellminercdb/MRT-67307_cellminercdb.html' target='_blank'>details</a>"
"1659","ziprasidone","[GEODON, , ZIPRASIDONE HYDROCHLORIDE]",NA,NA,3,"ziprasidone_cellminercdb.html","<a href='https://discovery.nci.nih.gov/drugs/cellminercdb/ziprasidone_cellminercdb.html' target='_blank'>details</a>"
"1660","CLOXACILLIN SODIUM","[CLOXACILLIN (SODIUM MONOHYDRATE), CLOXACILLIN SODIUM]",NA,NA,2,"CLOXACILLIN_SODIUM_cellminercdb.html","<a href='https://discovery.nci.nih.gov/drugs/cellminercdb/CLOXACILLIN_SODIUM_cellminercdb.html' target='_blank'>details</a>"
"1661","Tirapazamine","[TIRAPAZAMINE, 130181]","DDI","Clinical trial",4,"Tirapazamine_cellminercdb.html","<a href='https://discovery.nci.nih.gov/drugs/cellminercdb/Tirapazamine_cellminercdb.html' target='_blank'>details</a>"
"1662","BERGENIN","[BERGENIN MONOHYDRATE, BERGENIN]",NA,NA,2,"BERGENIN_cellminercdb.html","<a href='https://discovery.nci.nih.gov/drugs/cellminercdb/BERGENIN_cellminercdb.html' target='_blank'>details</a>"
"1663","L-NAME","[L-NAME, NG-NITROARGININE METHYL ESTER, L-NAME]",NA,NA,2,"L-NAME_cellminercdb.html","<a href='https://discovery.nci.nih.gov/drugs/cellminercdb/L-NAME_cellminercdb.html' target='_blank'>details</a>"
"1664","PRUCALOPRIDE","[PRUCALOPRIDE]",NA,NA,2,"PRUCALOPRIDE_cellminercdb.html","<a href='https://discovery.nci.nih.gov/drugs/cellminercdb/PRUCALOPRIDE_cellminercdb.html' target='_blank'>details</a>"
"1665","RAF-709","[RAF-709]",NA,NA,2,"RAF-709_cellminercdb.html","<a href='https://discovery.nci.nih.gov/drugs/cellminercdb/RAF-709_cellminercdb.html' target='_blank'>details</a>"
"1666","PYRONARIDINE","[PYRONARIDINE]",NA,NA,2,"PYRONARIDINE_cellminercdb.html","<a href='https://discovery.nci.nih.gov/drugs/cellminercdb/PYRONARIDINE_cellminercdb.html' target='_blank'>details</a>"
"1667","BREFELDIN A","[BREFELDIN A, BREFELDIN-A]",NA,NA,3,"BREFELDIN_A_cellminercdb.html","<a href='https://discovery.nci.nih.gov/drugs/cellminercdb/BREFELDIN_A_cellminercdb.html' target='_blank'>details</a>"
"1668","TORSEMIDE","[TORSEMIDE, TORASEMIDE]",NA,NA,3,"TORSEMIDE_cellminercdb.html","<a href='https://discovery.nci.nih.gov/drugs/cellminercdb/TORSEMIDE_cellminercdb.html' target='_blank'>details</a>"
"1669","SD-169","[SD-169]",NA,NA,2,"SD-169_cellminercdb.html","<a href='https://discovery.nci.nih.gov/drugs/cellminercdb/SD-169_cellminercdb.html' target='_blank'>details</a>"
"1670","SERTRALINE HYDROCHLORIDE","[SERTRALINE HYDROCHLORIDE]",NA,NA,2,"SERTRALINE_HYDROCHLORIDE_cellminercdb.html","<a href='https://discovery.nci.nih.gov/drugs/cellminercdb/SERTRALINE_HYDROCHLORIDE_cellminercdb.html' target='_blank'>details</a>"
"1671","TESTOSTERONE CYPIONATE","[TESTOSTERONE CYPIONATE]",NA,NA,2,"TESTOSTERONE_CYPIONATE_cellminercdb.html","<a href='https://discovery.nci.nih.gov/drugs/cellminercdb/TESTOSTERONE_CYPIONATE_cellminercdb.html' target='_blank'>details</a>"
"1672","NMP","[NMP]",NA,NA,2,"NMP_cellminercdb.html","<a href='https://discovery.nci.nih.gov/drugs/cellminercdb/NMP_cellminercdb.html' target='_blank'>details</a>"
"1673","RO8994","[RO8994]",NA,NA,2,"RO8994_cellminercdb.html","<a href='https://discovery.nci.nih.gov/drugs/cellminercdb/RO8994_cellminercdb.html' target='_blank'>details</a>"
"1674","CAY10505","[CAY10505]",NA,NA,2,"CAY10505_cellminercdb.html","<a href='https://discovery.nci.nih.gov/drugs/cellminercdb/CAY10505_cellminercdb.html' target='_blank'>details</a>"
"1675","SCOPOLAMINE","[SCOPOLAMINE]",NA,NA,2,"SCOPOLAMINE_cellminercdb.html","<a href='https://discovery.nci.nih.gov/drugs/cellminercdb/SCOPOLAMINE_cellminercdb.html' target='_blank'>details</a>"
"1676","UBENIMEX","[EPIBESTATIN HYDROCHLORIDE, UBENIMEX]",NA,NA,3,"UBENIMEX_cellminercdb.html","<a href='https://discovery.nci.nih.gov/drugs/cellminercdb/UBENIMEX_cellminercdb.html' target='_blank'>details</a>"
"1677","ELACESTRANT","[ELACESTRANT]",NA,NA,2,"ELACESTRANT_cellminercdb.html","<a href='https://discovery.nci.nih.gov/drugs/cellminercdb/ELACESTRANT_cellminercdb.html' target='_blank'>details</a>"
"1678","BLU-554","[BLU-554, 795718]","PK:FGFR,FGFR4","Clinical trial",3,"BLU-554_cellminercdb.html","<a href='https://discovery.nci.nih.gov/drugs/cellminercdb/BLU-554_cellminercdb.html' target='_blank'>details</a>"
"1679","GOLVATINIB","[GOLVATINIB TARTRATE, GOLVATINIB]",NA,NA,3,"GOLVATINIB_cellminercdb.html","<a href='https://discovery.nci.nih.gov/drugs/cellminercdb/GOLVATINIB_cellminercdb.html' target='_blank'>details</a>"
"1680","ELN-441958","[ELN-441958]",NA,NA,2,"ELN-441958_cellminercdb.html","<a href='https://discovery.nci.nih.gov/drugs/cellminercdb/ELN-441958_cellminercdb.html' target='_blank'>details</a>"
"1681","LUPEOL","[LUPEOL]",NA,NA,2,"LUPEOL_cellminercdb.html","<a href='https://discovery.nci.nih.gov/drugs/cellminercdb/LUPEOL_cellminercdb.html' target='_blank'>details</a>"
"1682","REPAGLINIDE","[REPAGLINIDE]",NA,NA,3,"REPAGLINIDE_cellminercdb.html","<a href='https://discovery.nci.nih.gov/drugs/cellminercdb/REPAGLINIDE_cellminercdb.html' target='_blank'>details</a>"
"1683","AMG-925","[AMG-925 (FLX925), 781514]","PK:CDK,CDK4,CDK6,FLT3","Clinical trial",3,"AMG-925_cellminercdb.html","<a href='https://discovery.nci.nih.gov/drugs/cellminercdb/AMG-925_cellminercdb.html' target='_blank'>details</a>"
"1684","AVACOPAN","[AVACOPAN]",NA,NA,2,"AVACOPAN_cellminercdb.html","<a href='https://discovery.nci.nih.gov/drugs/cellminercdb/AVACOPAN_cellminercdb.html' target='_blank'>details</a>"
"1685","CANAGLIFLOZIN","[CANAGLIFLOZIN]",NA,NA,2,"CANAGLIFLOZIN_cellminercdb.html","<a href='https://discovery.nci.nih.gov/drugs/cellminercdb/CANAGLIFLOZIN_cellminercdb.html' target='_blank'>details</a>"
"1686","RG108","[NSC-401077, RG108]",NA,NA,3,"RG108_cellminercdb.html","<a href='https://discovery.nci.nih.gov/drugs/cellminercdb/RG108_cellminercdb.html' target='_blank'>details</a>"
"1687","SR-9243","[SR-9243]",NA,NA,2,"SR-9243_cellminercdb.html","<a href='https://discovery.nci.nih.gov/drugs/cellminercdb/SR-9243_cellminercdb.html' target='_blank'>details</a>"
"1688","TUBACIN","[TUBACIN]",NA,NA,2,"TUBACIN_cellminercdb.html","<a href='https://discovery.nci.nih.gov/drugs/cellminercdb/TUBACIN_cellminercdb.html' target='_blank'>details</a>"
"1689","EDARAVONE","[EDARAVONE]",NA,NA,2,"EDARAVONE_cellminercdb.html","<a href='https://discovery.nci.nih.gov/drugs/cellminercdb/EDARAVONE_cellminercdb.html' target='_blank'>details</a>"
"1690","NITROFURAZONE","[NITROFURAZONE]",NA,NA,2,"NITROFURAZONE_cellminercdb.html","<a href='https://discovery.nci.nih.gov/drugs/cellminercdb/NITROFURAZONE_cellminercdb.html' target='_blank'>details</a>"
"1691","PANTOTHENIC ACID","[SODIUM PANTOTHENATE, PANTOTHENIC ACID]",NA,NA,2,"PANTOTHENIC_ACID_cellminercdb.html","<a href='https://discovery.nci.nih.gov/drugs/cellminercdb/PANTOTHENIC_ACID_cellminercdb.html' target='_blank'>details</a>"
"1692","AS-252424","[AS-252424]",NA,NA,2,"AS-252424_cellminercdb.html","<a href='https://discovery.nci.nih.gov/drugs/cellminercdb/AS-252424_cellminercdb.html' target='_blank'>details</a>"
"1693","MASLINIC ACID","[MASLINIC ACID]",NA,NA,2,"MASLINIC_ACID_cellminercdb.html","<a href='https://discovery.nci.nih.gov/drugs/cellminercdb/MASLINIC_ACID_cellminercdb.html' target='_blank'>details</a>"
"1694","MARAVIROC","[CELSENTRI (MARAVIROC), MARAVIROC]",NA,NA,2,"MARAVIROC_cellminercdb.html","<a href='https://discovery.nci.nih.gov/drugs/cellminercdb/MARAVIROC_cellminercdb.html' target='_blank'>details</a>"
"1695","SULBACTAM","[SULBACTAM]",NA,NA,2,"SULBACTAM_cellminercdb.html","<a href='https://discovery.nci.nih.gov/drugs/cellminercdb/SULBACTAM_cellminercdb.html' target='_blank'>details</a>"
"1697","NARATRIPTAN","[NARATRIPTAN, NARATRIPTAN HYDROCHLORIDE]",NA,NA,2,"NARATRIPTAN_cellminercdb.html","<a href='https://discovery.nci.nih.gov/drugs/cellminercdb/NARATRIPTAN_cellminercdb.html' target='_blank'>details</a>"
"1698","ATRACTYLENOLIDE I","[ATRACTYLENOLIDE I]",NA,NA,2,"ATRACTYLENOLIDE_I_cellminercdb.html","<a href='https://discovery.nci.nih.gov/drugs/cellminercdb/ATRACTYLENOLIDE_I_cellminercdb.html' target='_blank'>details</a>"
"1699","VERAPAMIL","[VERAPAMIL, VERAPAMIL HCL]",NA,NA,2,"VERAPAMIL_cellminercdb.html","<a href='https://discovery.nci.nih.gov/drugs/cellminercdb/VERAPAMIL_cellminercdb.html' target='_blank'>details</a>"
"1700","METHYLDOPA","[L-ALPHA-METHYL DOPA, METHYLDOPA]",NA,NA,3,"METHYLDOPA_cellminercdb.html","<a href='https://discovery.nci.nih.gov/drugs/cellminercdb/METHYLDOPA_cellminercdb.html' target='_blank'>details</a>"
"1701","BETHANECHOL","[BETHANECHOL, BETHANECHOL CHLORIDE]",NA,NA,2,"BETHANECHOL_cellminercdb.html","<a href='https://discovery.nci.nih.gov/drugs/cellminercdb/BETHANECHOL_cellminercdb.html' target='_blank'>details</a>"
"1702","VLX-1570","[VLX-1570]",NA,NA,2,"VLX-1570_cellminercdb.html","<a href='https://discovery.nci.nih.gov/drugs/cellminercdb/VLX-1570_cellminercdb.html' target='_blank'>details</a>"
"1703","AZD-9496","[AZD-9496 MALEATE, AZD-9496, 786959]","SERD","Clinical trial",4,"AZD-9496_cellminercdb.html","<a href='https://discovery.nci.nih.gov/drugs/cellminercdb/AZD-9496_cellminercdb.html' target='_blank'>details</a>"
"1704","LACTULOSE","[MALTULOSE MONOHYDRATE, LACTULOSE]",NA,NA,2,"LACTULOSE_cellminercdb.html","<a href='https://discovery.nci.nih.gov/drugs/cellminercdb/LACTULOSE_cellminercdb.html' target='_blank'>details</a>"
"1705","DOXOFYLLINE","[DOXOFYLLINE]",NA,NA,2,"DOXOFYLLINE_cellminercdb.html","<a href='https://discovery.nci.nih.gov/drugs/cellminercdb/DOXOFYLLINE_cellminercdb.html' target='_blank'>details</a>"
"1706","BMS-265246","[BMS-265246]",NA,NA,3,"BMS-265246_cellminercdb.html","<a href='https://discovery.nci.nih.gov/drugs/cellminercdb/BMS-265246_cellminercdb.html' target='_blank'>details</a>"
"1707","ALOPERINE","[ALOPERINE]",NA,NA,2,"ALOPERINE_cellminercdb.html","<a href='https://discovery.nci.nih.gov/drugs/cellminercdb/ALOPERINE_cellminercdb.html' target='_blank'>details</a>"
"1708","HUPERZINE A","[HUPERZINE A]",NA,NA,2,"HUPERZINE_A_cellminercdb.html","<a href='https://discovery.nci.nih.gov/drugs/cellminercdb/HUPERZINE_A_cellminercdb.html' target='_blank'>details</a>"
"1709","CAFFEINE","[CAFFEINE]",NA,NA,2,"CAFFEINE_cellminercdb.html","<a href='https://discovery.nci.nih.gov/drugs/cellminercdb/CAFFEINE_cellminercdb.html' target='_blank'>details</a>"
"1710","METFORMIN","[METFORMIN, METFORMIN HYDROCHLORIDE]",NA,NA,2,"METFORMIN_cellminercdb.html","<a href='https://discovery.nci.nih.gov/drugs/cellminercdb/METFORMIN_cellminercdb.html' target='_blank'>details</a>"
"1711","INDIRUBIN","[INDIRUBIN]",NA,NA,3,"INDIRUBIN_cellminercdb.html","<a href='https://discovery.nci.nih.gov/drugs/cellminercdb/INDIRUBIN_cellminercdb.html' target='_blank'>details</a>"
"1712","CILOMILAST","[CILOMILAST]",NA,NA,2,"CILOMILAST_cellminercdb.html","<a href='https://discovery.nci.nih.gov/drugs/cellminercdb/CILOMILAST_cellminercdb.html' target='_blank'>details</a>"
"1713","PF-06651600","[PF-06651600]",NA,NA,2,"PF-06651600_cellminercdb.html","<a href='https://discovery.nci.nih.gov/drugs/cellminercdb/PF-06651600_cellminercdb.html' target='_blank'>details</a>"
"1714","IBERDOMIDE","[IBERDOMIDE]",NA,NA,2,"IBERDOMIDE_cellminercdb.html","<a href='https://discovery.nci.nih.gov/drugs/cellminercdb/IBERDOMIDE_cellminercdb.html' target='_blank'>details</a>"
"1715","WZ4003","[WZ-4003, WZ4003]",NA,NA,3,"WZ4003_cellminercdb.html","<a href='https://discovery.nci.nih.gov/drugs/cellminercdb/WZ4003_cellminercdb.html' target='_blank'>details</a>"
"1716","ALISKIREN","[ALISKIREN HEMIFUMARATE, ALISKIREN]",NA,NA,2,"ALISKIREN_cellminercdb.html","<a href='https://discovery.nci.nih.gov/drugs/cellminercdb/ALISKIREN_cellminercdb.html' target='_blank'>details</a>"
"1717","AG-1024","[AG-1024]",NA,NA,2,"AG-1024_cellminercdb.html","<a href='https://discovery.nci.nih.gov/drugs/cellminercdb/AG-1024_cellminercdb.html' target='_blank'>details</a>"
"1718","SCOPINE","[SCOPINE]",NA,NA,2,"SCOPINE_cellminercdb.html","<a href='https://discovery.nci.nih.gov/drugs/cellminercdb/SCOPINE_cellminercdb.html' target='_blank'>details</a>"
"1719","SCH-79797","[SCH-79797]",NA,NA,2,"SCH-79797_cellminercdb.html","<a href='https://discovery.nci.nih.gov/drugs/cellminercdb/SCH-79797_cellminercdb.html' target='_blank'>details</a>"
"1720","CPI-203","[CPI-203]",NA,NA,2,"CPI-203_cellminercdb.html","<a href='https://discovery.nci.nih.gov/drugs/cellminercdb/CPI-203_cellminercdb.html' target='_blank'>details</a>"
"1721","LEVISOPRENALINE","[LEVISOPRENALINE, (-)-ISOPROTERENOL HYDROCHLORIDE]",NA,NA,2,"LEVISOPRENALINE_cellminercdb.html","<a href='https://discovery.nci.nih.gov/drugs/cellminercdb/LEVISOPRENALINE_cellminercdb.html' target='_blank'>details</a>"
"1722","DAIDZIN","[DAIDZIN]",NA,NA,2,"DAIDZIN_cellminercdb.html","<a href='https://discovery.nci.nih.gov/drugs/cellminercdb/DAIDZIN_cellminercdb.html' target='_blank'>details</a>"
"1723","ECADOTRIL","[ECADOTRIL, RACECADOTRIL]",NA,NA,3,"ECADOTRIL_cellminercdb.html","<a href='https://discovery.nci.nih.gov/drugs/cellminercdb/ECADOTRIL_cellminercdb.html' target='_blank'>details</a>"
"1724","PF-06273340","[PF-06273340]",NA,NA,2,"PF-06273340_cellminercdb.html","<a href='https://discovery.nci.nih.gov/drugs/cellminercdb/PF-06273340_cellminercdb.html' target='_blank'>details</a>"
"1725","CARDIOGENOL","[CARDIOGENOL, CARDIOGENOL C]",NA,NA,2,"CARDIOGENOL_cellminercdb.html","<a href='https://discovery.nci.nih.gov/drugs/cellminercdb/CARDIOGENOL_cellminercdb.html' target='_blank'>details</a>"
"1726","CUTAMESINE HYDROCHLORIDE","[CUTAMESINE HYDROCHLORIDE]",NA,NA,2,"CUTAMESINE_HYDROCHLORIDE_cellminercdb.html","<a href='https://discovery.nci.nih.gov/drugs/cellminercdb/CUTAMESINE_HYDROCHLORIDE_cellminercdb.html' target='_blank'>details</a>"
"1727","SU-014813","[SU-014813]",NA,NA,2,"SU-014813_cellminercdb.html","<a href='https://discovery.nci.nih.gov/drugs/cellminercdb/SU-014813_cellminercdb.html' target='_blank'>details</a>"
"1728","GSK-1995010","[GSK-1995010]",NA,NA,2,"GSK-1995010_cellminercdb.html","<a href='https://discovery.nci.nih.gov/drugs/cellminercdb/GSK-1995010_cellminercdb.html' target='_blank'>details</a>"
"1729","BETAXOLOL","[BETAXOLOL]",NA,NA,2,"BETAXOLOL_cellminercdb.html","<a href='https://discovery.nci.nih.gov/drugs/cellminercdb/BETAXOLOL_cellminercdb.html' target='_blank'>details</a>"
"1730","HMSL10087","[HMSL10087]",NA,NA,2,"HMSL10087_cellminercdb.html","<a href='https://discovery.nci.nih.gov/drugs/cellminercdb/HMSL10087_cellminercdb.html' target='_blank'>details</a>"
"1731","RSL3","[RSL3]",NA,NA,2,"RSL3_cellminercdb.html","<a href='https://discovery.nci.nih.gov/drugs/cellminercdb/RSL3_cellminercdb.html' target='_blank'>details</a>"
"1732","POSACONAZOLE","[POSACONAZOLE]",NA,NA,3,"POSACONAZOLE_cellminercdb.html","<a href='https://discovery.nci.nih.gov/drugs/cellminercdb/POSACONAZOLE_cellminercdb.html' target='_blank'>details</a>"
"1733","UNC-0224","[UNC-0224]",NA,NA,2,"UNC-0224_cellminercdb.html","<a href='https://discovery.nci.nih.gov/drugs/cellminercdb/UNC-0224_cellminercdb.html' target='_blank'>details</a>"
"1734","ALOE-EMODIN","[ALOE-EMODIN]",NA,NA,2,"ALOE-EMODIN_cellminercdb.html","<a href='https://discovery.nci.nih.gov/drugs/cellminercdb/ALOE-EMODIN_cellminercdb.html' target='_blank'>details</a>"
"1735","MONOBENZONE","[MONOBENZONE]",NA,NA,3,"MONOBENZONE_cellminercdb.html","<a href='https://discovery.nci.nih.gov/drugs/cellminercdb/MONOBENZONE_cellminercdb.html' target='_blank'>details</a>"
"1736","BISOPROLOL","[BISOPROLOL FUMARATE, BISOPROLOL]",NA,NA,2,"BISOPROLOL_cellminercdb.html","<a href='https://discovery.nci.nih.gov/drugs/cellminercdb/BISOPROLOL_cellminercdb.html' target='_blank'>details</a>"
"1737","VENLAFAXINE HYDROCHLORIDE","[VENLAFAXINE HYDROCHLORIDE]",NA,NA,2,"VENLAFAXINE_HYDROCHLORIDE_cellminercdb.html","<a href='https://discovery.nci.nih.gov/drugs/cellminercdb/VENLAFAXINE_HYDROCHLORIDE_cellminercdb.html' target='_blank'>details</a>"
"1738","PD-150606","[PD-150606]",NA,NA,2,"PD-150606_cellminercdb.html","<a href='https://discovery.nci.nih.gov/drugs/cellminercdb/PD-150606_cellminercdb.html' target='_blank'>details</a>"
"1739","A922500","[A922500, A-922500]",NA,NA,2,"A922500_cellminercdb.html","<a href='https://discovery.nci.nih.gov/drugs/cellminercdb/A922500_cellminercdb.html' target='_blank'>details</a>"
"1740","EZOGABINE","[EZOGABINE]",NA,NA,2,"EZOGABINE_cellminercdb.html","<a href='https://discovery.nci.nih.gov/drugs/cellminercdb/EZOGABINE_cellminercdb.html' target='_blank'>details</a>"
"1741",NA,"[ACTB-1003, NA, 799324]",NA,NA,3,"NA_cellminercdb.html","<a href='https://discovery.nci.nih.gov/drugs/cellminercdb/NA_cellminercdb.html' target='_blank'>details</a>"
"1742","napabucasin","[NAPABUCASIN, , NAPABUCASIN, A-1960, A-1960, BBI-608, 788900]","CTNNB1|STAT3","Clinical trial",5,"napabucasin_cellminercdb.html","<a href='https://discovery.nci.nih.gov/drugs/cellminercdb/napabucasin_cellminercdb.html' target='_blank'>details</a>"
"1743","ROSIGLITAZONE","[ROSIGLITAZONE]",NA,NA,2,"ROSIGLITAZONE_cellminercdb.html","<a href='https://discovery.nci.nih.gov/drugs/cellminercdb/ROSIGLITAZONE_cellminercdb.html' target='_blank'>details</a>"
"1744","JS-K","[NSC-724771, JS-K]",NA,NA,2,"JS-K_cellminercdb.html","<a href='https://discovery.nci.nih.gov/drugs/cellminercdb/JS-K_cellminercdb.html' target='_blank'>details</a>"
"1745","KRP 203","[KRP 203, KNF-299]",NA,NA,2,"KRP_203_cellminercdb.html","<a href='https://discovery.nci.nih.gov/drugs/cellminercdb/KRP_203_cellminercdb.html' target='_blank'>details</a>"
"1746","BACITRACIN","[BACITRACIN (ZINC), BACITRACIN]",NA,NA,2,"BACITRACIN_cellminercdb.html","<a href='https://discovery.nci.nih.gov/drugs/cellminercdb/BACITRACIN_cellminercdb.html' target='_blank'>details</a>"
"1747","MKC-3946","[MKC-3946]",NA,NA,2,"MKC-3946_cellminercdb.html","<a href='https://discovery.nci.nih.gov/drugs/cellminercdb/MKC-3946_cellminercdb.html' target='_blank'>details</a>"
"1748","COMPOUND 7","[COMPOUND 7]",NA,NA,2,"COMPOUND_7_cellminercdb.html","<a href='https://discovery.nci.nih.gov/drugs/cellminercdb/COMPOUND_7_cellminercdb.html' target='_blank'>details</a>"
"1749","L-690330","[L-690330]",NA,NA,2,"L-690330_cellminercdb.html","<a href='https://discovery.nci.nih.gov/drugs/cellminercdb/L-690330_cellminercdb.html' target='_blank'>details</a>"
"1750","CRIDANIMOD","[CRIDANIMOD]",NA,NA,2,"CRIDANIMOD_cellminercdb.html","<a href='https://discovery.nci.nih.gov/drugs/cellminercdb/CRIDANIMOD_cellminercdb.html' target='_blank'>details</a>"
"1751","ATACIGUAT","[ATACIGUAT]",NA,NA,2,"ATACIGUAT_cellminercdb.html","<a href='https://discovery.nci.nih.gov/drugs/cellminercdb/ATACIGUAT_cellminercdb.html' target='_blank'>details</a>"
"1752","GRANISETRON (AB-1001)","[GRANISETRON (AB-1001), GRANISETRON HYDROCHLORIDE]",NA,NA,2,"GRANISETRON_(AB-1001)_cellminercdb.html","<a href='https://discovery.nci.nih.gov/drugs/cellminercdb/GRANISETRON_(AB-1001)_cellminercdb.html' target='_blank'>details</a>"
"1753","NCGC00188866","[NCGC00188866]",NA,NA,2,"NCGC00188866_cellminercdb.html","<a href='https://discovery.nci.nih.gov/drugs/cellminercdb/NCGC00188866_cellminercdb.html' target='_blank'>details</a>"
"1754","PHA-680632","[PHA-680632]",NA,NA,3,"PHA-680632_cellminercdb.html","<a href='https://discovery.nci.nih.gov/drugs/cellminercdb/PHA-680632_cellminercdb.html' target='_blank'>details</a>"
"1755","DYPHYLLINE","[DYPHYLLINE]",NA,NA,2,"DYPHYLLINE_cellminercdb.html","<a href='https://discovery.nci.nih.gov/drugs/cellminercdb/DYPHYLLINE_cellminercdb.html' target='_blank'>details</a>"
"1756","RO-51","[RO-51]",NA,NA,2,"RO-51_cellminercdb.html","<a href='https://discovery.nci.nih.gov/drugs/cellminercdb/RO-51_cellminercdb.html' target='_blank'>details</a>"
"1757","ETIRACETAM","[ETIRACETAM, LEVETIRACETAM]",NA,NA,2,"ETIRACETAM_cellminercdb.html","<a href='https://discovery.nci.nih.gov/drugs/cellminercdb/ETIRACETAM_cellminercdb.html' target='_blank'>details</a>"
"1758","SCH-51344","[SCH-51344]",NA,NA,2,"SCH-51344_cellminercdb.html","<a href='https://discovery.nci.nih.gov/drugs/cellminercdb/SCH-51344_cellminercdb.html' target='_blank'>details</a>"
"1759","OXAMFLATIN","[OXAMFLATIN]",NA,NA,2,"OXAMFLATIN_cellminercdb.html","<a href='https://discovery.nci.nih.gov/drugs/cellminercdb/OXAMFLATIN_cellminercdb.html' target='_blank'>details</a>"
"1760","NOVOBIOCIN","[NOVOBIOCIN, NOVOBIOCIN SODIUM]",NA,NA,3,"NOVOBIOCIN_cellminercdb.html","<a href='https://discovery.nci.nih.gov/drugs/cellminercdb/NOVOBIOCIN_cellminercdb.html' target='_blank'>details</a>"
"1761","NEPICASTAT HYDROCHLORIDE","[NEPICASTAT HYDROCHLORIDE]",NA,NA,2,"NEPICASTAT_HYDROCHLORIDE_cellminercdb.html","<a href='https://discovery.nci.nih.gov/drugs/cellminercdb/NEPICASTAT_HYDROCHLORIDE_cellminercdb.html' target='_blank'>details</a>"
"1762","PRAZIQUANTEL","[PRAZIQUANTEL]",NA,NA,2,"PRAZIQUANTEL_cellminercdb.html","<a href='https://discovery.nci.nih.gov/drugs/cellminercdb/PRAZIQUANTEL_cellminercdb.html' target='_blank'>details</a>"
"1763","MESNA","[MESNA]",NA,NA,3,"MESNA_cellminercdb.html","<a href='https://discovery.nci.nih.gov/drugs/cellminercdb/MESNA_cellminercdb.html' target='_blank'>details</a>"
"1764","NU-6102","[O6-CYCLOHEXYLMETHOXY-2-(4'-SULPHAMOYLANILINO) PURINE, NU-6102]",NA,NA,2,"NU-6102_cellminercdb.html","<a href='https://discovery.nci.nih.gov/drugs/cellminercdb/NU-6102_cellminercdb.html' target='_blank'>details</a>"
"1765","HA14-1","[HA14-1, HA-14-1]",NA,NA,3,"HA14-1_cellminercdb.html","<a href='https://discovery.nci.nih.gov/drugs/cellminercdb/HA14-1_cellminercdb.html' target='_blank'>details</a>"
"1766","CIALIS","[CIALIS, TADALAFIL]",NA,NA,2,"CIALIS_cellminercdb.html","<a href='https://discovery.nci.nih.gov/drugs/cellminercdb/CIALIS_cellminercdb.html' target='_blank'>details</a>"
"1767","BAY-41-2272","[BAY-41-2272]",NA,NA,2,"BAY-41-2272_cellminercdb.html","<a href='https://discovery.nci.nih.gov/drugs/cellminercdb/BAY-41-2272_cellminercdb.html' target='_blank'>details</a>"
"1768","PURVALANOL B","[PURVALANOL B]",NA,NA,2,"PURVALANOL_B_cellminercdb.html","<a href='https://discovery.nci.nih.gov/drugs/cellminercdb/PURVALANOL_B_cellminercdb.html' target='_blank'>details</a>"
"1769","EPIBLASTIN A","[EPIBLASTIN A]",NA,NA,2,"EPIBLASTIN_A_cellminercdb.html","<a href='https://discovery.nci.nih.gov/drugs/cellminercdb/EPIBLASTIN_A_cellminercdb.html' target='_blank'>details</a>"
"1770","ESOMEPRAZOLE MAGNESIUM DIHYDRATE","[ESOMEPRAZOLE MAGNESIUM DIHYDRATE]",NA,NA,2,"ESOMEPRAZOLE_MAGNESIUM_DIHYDRATE_cellminercdb.html","<a href='https://discovery.nci.nih.gov/drugs/cellminercdb/ESOMEPRAZOLE_MAGNESIUM_DIHYDRATE_cellminercdb.html' target='_blank'>details</a>"
"1771","NILUTAMIDE","[NILUTAMIDE]",NA,NA,3,"NILUTAMIDE_cellminercdb.html","<a href='https://discovery.nci.nih.gov/drugs/cellminercdb/NILUTAMIDE_cellminercdb.html' target='_blank'>details</a>"
"1772","LAMOTRIGINE","[LAMOTRIGINE]",NA,NA,2,"LAMOTRIGINE_cellminercdb.html","<a href='https://discovery.nci.nih.gov/drugs/cellminercdb/LAMOTRIGINE_cellminercdb.html' target='_blank'>details</a>"
"1773","JK-184","[JK-184]",NA,NA,3,"JK-184_cellminercdb.html","<a href='https://discovery.nci.nih.gov/drugs/cellminercdb/JK-184_cellminercdb.html' target='_blank'>details</a>"
"1774","TM-30089","[TM-30089]",NA,NA,2,"TM-30089_cellminercdb.html","<a href='https://discovery.nci.nih.gov/drugs/cellminercdb/TM-30089_cellminercdb.html' target='_blank'>details</a>"
"1775","PSI-7976","[SOFOSBUVIR, PSI-7976]",NA,NA,3,"PSI-7976_cellminercdb.html","<a href='https://discovery.nci.nih.gov/drugs/cellminercdb/PSI-7976_cellminercdb.html' target='_blank'>details</a>"
"1776","KAEMPFEROL","[KAEMPFEROL]",NA,NA,2,"KAEMPFEROL_cellminercdb.html","<a href='https://discovery.nci.nih.gov/drugs/cellminercdb/KAEMPFEROL_cellminercdb.html' target='_blank'>details</a>"
"1777","JX401","[JX401, JX-401]",NA,NA,2,"JX401_cellminercdb.html","<a href='https://discovery.nci.nih.gov/drugs/cellminercdb/JX401_cellminercdb.html' target='_blank'>details</a>"
"1778","T-00127-HEV1","[T-00127-HEV1]",NA,NA,2,"T-00127-HEV1_cellminercdb.html","<a href='https://discovery.nci.nih.gov/drugs/cellminercdb/T-00127-HEV1_cellminercdb.html' target='_blank'>details</a>"
"1779","VORICONAZOLE","[VORICONAZOLE]",NA,NA,2,"VORICONAZOLE_cellminercdb.html","<a href='https://discovery.nci.nih.gov/drugs/cellminercdb/VORICONAZOLE_cellminercdb.html' target='_blank'>details</a>"
"1780","CLINDAMYCIN","[CLINDAMYCIN, CLINDAMYCIN HYDROCHLORIDE, CLINDAMYCIN-PHOSPHATE]",NA,NA,3,"CLINDAMYCIN_cellminercdb.html","<a href='https://discovery.nci.nih.gov/drugs/cellminercdb/CLINDAMYCIN_cellminercdb.html' target='_blank'>details</a>"
"1781","MOTOLIMOD","[MOTOLIMOD]",NA,NA,2,"MOTOLIMOD_cellminercdb.html","<a href='https://discovery.nci.nih.gov/drugs/cellminercdb/MOTOLIMOD_cellminercdb.html' target='_blank'>details</a>"
"1782","TCS-2312","[TCS-2312]",NA,NA,2,"TCS-2312_cellminercdb.html","<a href='https://discovery.nci.nih.gov/drugs/cellminercdb/TCS-2312_cellminercdb.html' target='_blank'>details</a>"
"1783","VLX-600","[DNDI1417324, VLX-600]",NA,NA,2,"VLX-600_cellminercdb.html","<a href='https://discovery.nci.nih.gov/drugs/cellminercdb/VLX-600_cellminercdb.html' target='_blank'>details</a>"
"1784","pamiparib","[BGB-290, PAMIPARIB, 804253]","PARP1|PARP2","Clinical trial",3,"pamiparib_cellminercdb.html","<a href='https://discovery.nci.nih.gov/drugs/cellminercdb/pamiparib_cellminercdb.html' target='_blank'>details</a>"
"1785","ARIPIPRAZOLE","[ARIPIPRAZOLE]",NA,NA,3,"ARIPIPRAZOLE_cellminercdb.html","<a href='https://discovery.nci.nih.gov/drugs/cellminercdb/ARIPIPRAZOLE_cellminercdb.html' target='_blank'>details</a>"
"1786","VINFLUNINE","[VINFLUNINE]",NA,NA,3,"VINFLUNINE_cellminercdb.html","<a href='https://discovery.nci.nih.gov/drugs/cellminercdb/VINFLUNINE_cellminercdb.html' target='_blank'>details</a>"
"1787","AR-A014418","[N-(4-METHOXYBENZYL)-N'-(5-NITRO-1,3-THIAZOL-2-YL)UREA, AR-A014418]",NA,NA,2,"AR-A014418_cellminercdb.html","<a href='https://discovery.nci.nih.gov/drugs/cellminercdb/AR-A014418_cellminercdb.html' target='_blank'>details</a>"
"1788","ALFUZOSIN HYDROCHLORIDE","[ALFUZOSIN HYDROCHLORIDE]",NA,NA,2,"ALFUZOSIN_HYDROCHLORIDE_cellminercdb.html","<a href='https://discovery.nci.nih.gov/drugs/cellminercdb/ALFUZOSIN_HYDROCHLORIDE_cellminercdb.html' target='_blank'>details</a>"
"1789","SU-5402","[SU-5402]",NA,NA,2,"SU-5402_cellminercdb.html","<a href='https://discovery.nci.nih.gov/drugs/cellminercdb/SU-5402_cellminercdb.html' target='_blank'>details</a>"
"1790","ICARIIN","[ICARIIN]",NA,NA,2,"ICARIIN_cellminercdb.html","<a href='https://discovery.nci.nih.gov/drugs/cellminercdb/ICARIIN_cellminercdb.html' target='_blank'>details</a>"
"1791","TROGLITAZONE","[TROGLITAZONE]",NA,NA,2,"TROGLITAZONE_cellminercdb.html","<a href='https://discovery.nci.nih.gov/drugs/cellminercdb/TROGLITAZONE_cellminercdb.html' target='_blank'>details</a>"
"1792","PENTAGASTRIN","[PENTAGASTRIN]",NA,NA,3,"PENTAGASTRIN_cellminercdb.html","<a href='https://discovery.nci.nih.gov/drugs/cellminercdb/PENTAGASTRIN_cellminercdb.html' target='_blank'>details</a>"
"1793","PP-121","[PP-121]",NA,NA,3,"PP-121_cellminercdb.html","<a href='https://discovery.nci.nih.gov/drugs/cellminercdb/PP-121_cellminercdb.html' target='_blank'>details</a>"
"1794","VELIFLAPON","[VELIFLAPON]",NA,NA,2,"VELIFLAPON_cellminercdb.html","<a href='https://discovery.nci.nih.gov/drugs/cellminercdb/VELIFLAPON_cellminercdb.html' target='_blank'>details</a>"
"1795","GNF-5837","[GNF-5837]",NA,NA,2,"GNF-5837_cellminercdb.html","<a href='https://discovery.nci.nih.gov/drugs/cellminercdb/GNF-5837_cellminercdb.html' target='_blank'>details</a>"
"1796","ADENOSINE","[ADENOSINE]",NA,NA,2,"ADENOSINE_cellminercdb.html","<a href='https://discovery.nci.nih.gov/drugs/cellminercdb/ADENOSINE_cellminercdb.html' target='_blank'>details</a>"
"1797","NCGC00344999-01","[NCGC00344999-01]",NA,NA,2,"NCGC00344999-01_cellminercdb.html","<a href='https://discovery.nci.nih.gov/drugs/cellminercdb/NCGC00344999-01_cellminercdb.html' target='_blank'>details</a>"
"1798","AMANTADINE","[AMANTADINE, AMANTADINE HYDROCHLORIDE]",NA,NA,2,"AMANTADINE_cellminercdb.html","<a href='https://discovery.nci.nih.gov/drugs/cellminercdb/AMANTADINE_cellminercdb.html' target='_blank'>details</a>"
"1799","AK-7","[AK-7]",NA,NA,2,"AK-7_cellminercdb.html","<a href='https://discovery.nci.nih.gov/drugs/cellminercdb/AK-7_cellminercdb.html' target='_blank'>details</a>"
"1800","ML-228","[ML-228]",NA,NA,2,"ML-228_cellminercdb.html","<a href='https://discovery.nci.nih.gov/drugs/cellminercdb/ML-228_cellminercdb.html' target='_blank'>details</a>"
"1801","SANT-2","[SANT-2]",NA,NA,2,"SANT-2_cellminercdb.html","<a href='https://discovery.nci.nih.gov/drugs/cellminercdb/SANT-2_cellminercdb.html' target='_blank'>details</a>"
"1802","RALTEGRAVIR","[RALTEGRAVIR]",NA,NA,2,"RALTEGRAVIR_cellminercdb.html","<a href='https://discovery.nci.nih.gov/drugs/cellminercdb/RALTEGRAVIR_cellminercdb.html' target='_blank'>details</a>"
"1803","IC-87114","[IC-87114]",NA,NA,3,"IC-87114_cellminercdb.html","<a href='https://discovery.nci.nih.gov/drugs/cellminercdb/IC-87114_cellminercdb.html' target='_blank'>details</a>"
"1804","GSK-5959","[GSK-5959]",NA,NA,2,"GSK-5959_cellminercdb.html","<a href='https://discovery.nci.nih.gov/drugs/cellminercdb/GSK-5959_cellminercdb.html' target='_blank'>details</a>"
"1805","CANADINE","[(+/-)-CANADINE HCL, CANADINE]",NA,NA,2,"CANADINE_cellminercdb.html","<a href='https://discovery.nci.nih.gov/drugs/cellminercdb/CANADINE_cellminercdb.html' target='_blank'>details</a>"
"1806","MI-538","[MI-538]",NA,NA,2,"MI-538_cellminercdb.html","<a href='https://discovery.nci.nih.gov/drugs/cellminercdb/MI-538_cellminercdb.html' target='_blank'>details</a>"
"1807","BANOXANTRONE","[BANOXANTRONE]",NA,NA,2,"BANOXANTRONE_cellminercdb.html","<a href='https://discovery.nci.nih.gov/drugs/cellminercdb/BANOXANTRONE_cellminercdb.html' target='_blank'>details</a>"
"1808","CLORSULON","[CLORSULON]",NA,NA,2,"CLORSULON_cellminercdb.html","<a href='https://discovery.nci.nih.gov/drugs/cellminercdb/CLORSULON_cellminercdb.html' target='_blank'>details</a>"
"1809","OGLUFANIDE","[OGLUFANIDE]",NA,NA,2,"OGLUFANIDE_cellminercdb.html","<a href='https://discovery.nci.nih.gov/drugs/cellminercdb/OGLUFANIDE_cellminercdb.html' target='_blank'>details</a>"
"1810","GANT-61","[GANT-61]",NA,NA,2,"GANT-61_cellminercdb.html","<a href='https://discovery.nci.nih.gov/drugs/cellminercdb/GANT-61_cellminercdb.html' target='_blank'>details</a>"
"1811","Fostamatinib","[R788 DISODIUM, FOSTAMATINIB, 772992, FOSTAMATINIB(R788), R-788, R788, 901119-35-5, UNII-SQ8A3S5101]","Ds|Rs|PK:YK,SYK","Clinical trial",5,"Fostamatinib_cellminercdb.html","<a href='https://discovery.nci.nih.gov/drugs/cellminercdb/Fostamatinib_cellminercdb.html' target='_blank'>details</a>"
"1812","DHEA","[DHEA, PRASTERONE]",NA,NA,2,"DHEA_cellminercdb.html","<a href='https://discovery.nci.nih.gov/drugs/cellminercdb/DHEA_cellminercdb.html' target='_blank'>details</a>"
"1813","INCB8761","[INCB8761, PF-4136309]",NA,NA,2,"INCB8761_cellminercdb.html","<a href='https://discovery.nci.nih.gov/drugs/cellminercdb/INCB8761_cellminercdb.html' target='_blank'>details</a>"
"1814","CEP-32496","[CEP-32496, NA, CEP-32496, CS-1115, 800070, 776043]","PK:BRAF","Clinical trial",5,"CEP-32496_cellminercdb.html","<a href='https://discovery.nci.nih.gov/drugs/cellminercdb/CEP-32496_cellminercdb.html' target='_blank'>details</a>"
"1815","TUSSILAGONE","[TUSSILAGONE]",NA,NA,2,"TUSSILAGONE_cellminercdb.html","<a href='https://discovery.nci.nih.gov/drugs/cellminercdb/TUSSILAGONE_cellminercdb.html' target='_blank'>details</a>"
"1816","ANDROGRAPHOLIDE","[ANDROGRAPHOLIDE]",NA,NA,2,"ANDROGRAPHOLIDE_cellminercdb.html","<a href='https://discovery.nci.nih.gov/drugs/cellminercdb/ANDROGRAPHOLIDE_cellminercdb.html' target='_blank'>details</a>"
"1817","ML323","[ML-323, ML323]",NA,NA,3,"ML323_cellminercdb.html","<a href='https://discovery.nci.nih.gov/drugs/cellminercdb/ML323_cellminercdb.html' target='_blank'>details</a>"
"1818","KUC105555N","[KUC105555N]",NA,NA,2,"KUC105555N_cellminercdb.html","<a href='https://discovery.nci.nih.gov/drugs/cellminercdb/KUC105555N_cellminercdb.html' target='_blank'>details</a>"
"1819","TAK-659 (isomer 1)","[TAK-659 (ISOMER 1), TAK-659, TAK659 2HCL, TAK-659 2HCL, TAK-659 (ISOMER 2), TAK659, TAK-659 (ISOMER 2), 791967, 791968, MIVAVOTINIB]","PK:SYK","Clinical trial",4,"TAK-659_(isomer_1)_cellminercdb.html","<a href='https://discovery.nci.nih.gov/drugs/cellminercdb/TAK-659_(isomer_1)_cellminercdb.html' target='_blank'>details</a>"
"1820","782310","[CPI-169 RACEMATE, 782310]",NA,NA,2,"782310_cellminercdb.html","<a href='https://discovery.nci.nih.gov/drugs/cellminercdb/782310_cellminercdb.html' target='_blank'>details</a>"
"1821","ELTANEXOR","[ELTANEXOR]",NA,NA,2,"ELTANEXOR_cellminercdb.html","<a href='https://discovery.nci.nih.gov/drugs/cellminercdb/ELTANEXOR_cellminercdb.html' target='_blank'>details</a>"
"1822","HLI-373989","[HLI-373989]",NA,NA,2,"HLI-373989_cellminercdb.html","<a href='https://discovery.nci.nih.gov/drugs/cellminercdb/HLI-373989_cellminercdb.html' target='_blank'>details</a>"
"1823","AX-024","[AX-024]",NA,NA,2,"AX-024_cellminercdb.html","<a href='https://discovery.nci.nih.gov/drugs/cellminercdb/AX-024_cellminercdb.html' target='_blank'>details</a>"
"1824","TG-101209","[TG-101209]",NA,NA,3,"TG-101209_cellminercdb.html","<a href='https://discovery.nci.nih.gov/drugs/cellminercdb/TG-101209_cellminercdb.html' target='_blank'>details</a>"
"1825","APY29","[APY29]",NA,NA,2,"APY29_cellminercdb.html","<a href='https://discovery.nci.nih.gov/drugs/cellminercdb/APY29_cellminercdb.html' target='_blank'>details</a>"
"1826","ORPHENADRINE HYDROCHLORIDE","[BUFFER SOLUTION FROM SODIUM CITRATE, ORPHENADRINE HYDROCHLORIDE]",NA,NA,2,"ORPHENADRINE_HYDROCHLORIDE_cellminercdb.html","<a href='https://discovery.nci.nih.gov/drugs/cellminercdb/ORPHENADRINE_HYDROCHLORIDE_cellminercdb.html' target='_blank'>details</a>"
"1827","SSR-504734","[SSR-504734]",NA,NA,2,"SSR-504734_cellminercdb.html","<a href='https://discovery.nci.nih.gov/drugs/cellminercdb/SSR-504734_cellminercdb.html' target='_blank'>details</a>"
"1828","CLINDAMYCIN PALMITATE","[CLINDAMYCIN PALMITATE HYDROCHLORIDE, CLINDAMYCIN PALMITATE]",NA,NA,2,"CLINDAMYCIN_PALMITATE_cellminercdb.html","<a href='https://discovery.nci.nih.gov/drugs/cellminercdb/CLINDAMYCIN_PALMITATE_cellminercdb.html' target='_blank'>details</a>"
"1829","NCGC00262689","[NCGC00262689]",NA,NA,2,"NCGC00262689_cellminercdb.html","<a href='https://discovery.nci.nih.gov/drugs/cellminercdb/NCGC00262689_cellminercdb.html' target='_blank'>details</a>"
"1830","NASTORAZEPIDE","[NASTORAZEPIDE]",NA,NA,2,"NASTORAZEPIDE_cellminercdb.html","<a href='https://discovery.nci.nih.gov/drugs/cellminercdb/NASTORAZEPIDE_cellminercdb.html' target='_blank'>details</a>"
"1831","SULPIRIDE","[(RS)-(+/-)-SULPIRIDE, SULPIRIDE]",NA,NA,2,"SULPIRIDE_cellminercdb.html","<a href='https://discovery.nci.nih.gov/drugs/cellminercdb/SULPIRIDE_cellminercdb.html' target='_blank'>details</a>"
"1832","PD-318088","[PD-318088]",NA,NA,3,"PD-318088_cellminercdb.html","<a href='https://discovery.nci.nih.gov/drugs/cellminercdb/PD-318088_cellminercdb.html' target='_blank'>details</a>"
"1833","789223","[AMG-337, 789223]",NA,NA,2,"789223_cellminercdb.html","<a href='https://discovery.nci.nih.gov/drugs/cellminercdb/789223_cellminercdb.html' target='_blank'>details</a>"
"1834","CYCLOBENZAPRINE","[CYCLOBENZAPRINE, CYCLOBENZAPRINE HYDROCHLORIDE]",NA,NA,2,"CYCLOBENZAPRINE_cellminercdb.html","<a href='https://discovery.nci.nih.gov/drugs/cellminercdb/CYCLOBENZAPRINE_cellminercdb.html' target='_blank'>details</a>"
"1835","AR-7","[AR-7]",NA,NA,2,"AR-7_cellminercdb.html","<a href='https://discovery.nci.nih.gov/drugs/cellminercdb/AR-7_cellminercdb.html' target='_blank'>details</a>"
"1836","ALPROSTADIL","[ALPROSTADIL]",NA,NA,2,"ALPROSTADIL_cellminercdb.html","<a href='https://discovery.nci.nih.gov/drugs/cellminercdb/ALPROSTADIL_cellminercdb.html' target='_blank'>details</a>"
"1837","PD-0166285","[PD-0166285]",NA,NA,2,"PD-0166285_cellminercdb.html","<a href='https://discovery.nci.nih.gov/drugs/cellminercdb/PD-0166285_cellminercdb.html' target='_blank'>details</a>"
"1838","DIMETHYL FUMARATE","[DIMETHYL FUMARATE]",NA,NA,2,"DIMETHYL_FUMARATE_cellminercdb.html","<a href='https://discovery.nci.nih.gov/drugs/cellminercdb/DIMETHYL_FUMARATE_cellminercdb.html' target='_blank'>details</a>"
"1839","tenalisib","[TENALISIB, 803014]",NA,"Clinical trial",3,"tenalisib_cellminercdb.html","<a href='https://discovery.nci.nih.gov/drugs/cellminercdb/tenalisib_cellminercdb.html' target='_blank'>details</a>"
"1840","PD-173955 ANALOGUE 1","[PD-173955 ANALOGUE 1]",NA,NA,2,"PD-173955_ANALOGUE_1_cellminercdb.html","<a href='https://discovery.nci.nih.gov/drugs/cellminercdb/PD-173955_ANALOGUE_1_cellminercdb.html' target='_blank'>details</a>"
"1841","TACEDINALINE","[TACEDINALINE]",NA,NA,3,"TACEDINALINE_cellminercdb.html","<a href='https://discovery.nci.nih.gov/drugs/cellminercdb/TACEDINALINE_cellminercdb.html' target='_blank'>details</a>"
"1842","PRELADENANT","[PRELADENANT]",NA,NA,2,"PRELADENANT_cellminercdb.html","<a href='https://discovery.nci.nih.gov/drugs/cellminercdb/PRELADENANT_cellminercdb.html' target='_blank'>details</a>"
"1843","IVACHTIN","[IVACHTIN]",NA,NA,2,"IVACHTIN_cellminercdb.html","<a href='https://discovery.nci.nih.gov/drugs/cellminercdb/IVACHTIN_cellminercdb.html' target='_blank'>details</a>"
"1844","BIBR-1532","[BIBR-1532]",NA,NA,4,"BIBR-1532_cellminercdb.html","<a href='https://discovery.nci.nih.gov/drugs/cellminercdb/BIBR-1532_cellminercdb.html' target='_blank'>details</a>"
"1845","ABAMETAPIR","[ABAMETAPIR]",NA,NA,2,"ABAMETAPIR_cellminercdb.html","<a href='https://discovery.nci.nih.gov/drugs/cellminercdb/ABAMETAPIR_cellminercdb.html' target='_blank'>details</a>"
"1846","HYDROXOCOBALAMIN","[HYDROXOCOBALAMIN]",NA,NA,2,"HYDROXOCOBALAMIN_cellminercdb.html","<a href='https://discovery.nci.nih.gov/drugs/cellminercdb/HYDROXOCOBALAMIN_cellminercdb.html' target='_blank'>details</a>"
"1847","ST-2825","[ST-2825]",NA,NA,2,"ST-2825_cellminercdb.html","<a href='https://discovery.nci.nih.gov/drugs/cellminercdb/ST-2825_cellminercdb.html' target='_blank'>details</a>"
"1848","FX-9847","[FX-9847]",NA,NA,2,"FX-9847_cellminercdb.html","<a href='https://discovery.nci.nih.gov/drugs/cellminercdb/FX-9847_cellminercdb.html' target='_blank'>details</a>"
"1849","DIPHENHYDRAMINE HYDROCHLORIDE","[DIPHENHYDRAMINE HYDROCHLORIDE]",NA,NA,2,"DIPHENHYDRAMINE_HYDROCHLORIDE_cellminercdb.html","<a href='https://discovery.nci.nih.gov/drugs/cellminercdb/DIPHENHYDRAMINE_HYDROCHLORIDE_cellminercdb.html' target='_blank'>details</a>"
"1850","GSK-2256294A","[GSK-2256294A]",NA,NA,2,"GSK-2256294A_cellminercdb.html","<a href='https://discovery.nci.nih.gov/drugs/cellminercdb/GSK-2256294A_cellminercdb.html' target='_blank'>details</a>"
"1851","CALMIDAZOLIUM CHLORIDE","[CALMIDAZOLIUM CHLORIDE]",NA,NA,2,"CALMIDAZOLIUM_CHLORIDE_cellminercdb.html","<a href='https://discovery.nci.nih.gov/drugs/cellminercdb/CALMIDAZOLIUM_CHLORIDE_cellminercdb.html' target='_blank'>details</a>"
"1852","PERINDOPRIL","[PERINDOPRIL ERBUMINE, PERINDOPRIL]",NA,NA,2,"PERINDOPRIL_cellminercdb.html","<a href='https://discovery.nci.nih.gov/drugs/cellminercdb/PERINDOPRIL_cellminercdb.html' target='_blank'>details</a>"
"1853","SULFAPYRIDINE","[SULFAPYRIDINE]",NA,NA,2,"SULFAPYRIDINE_cellminercdb.html","<a href='https://discovery.nci.nih.gov/drugs/cellminercdb/SULFAPYRIDINE_cellminercdb.html' target='_blank'>details</a>"
"1854","PFI3","[PFI-3, PFI3]",NA,NA,4,"PFI3_cellminercdb.html","<a href='https://discovery.nci.nih.gov/drugs/cellminercdb/PFI3_cellminercdb.html' target='_blank'>details</a>"
"1855","HEXESTROL","[HEXESTROL]",NA,NA,2,"HEXESTROL_cellminercdb.html","<a href='https://discovery.nci.nih.gov/drugs/cellminercdb/HEXESTROL_cellminercdb.html' target='_blank'>details</a>"
"1856","BRINCIDOFOVIR","[BRINCIDOFOVIR]",NA,NA,2,"BRINCIDOFOVIR_cellminercdb.html","<a href='https://discovery.nci.nih.gov/drugs/cellminercdb/BRINCIDOFOVIR_cellminercdb.html' target='_blank'>details</a>"
"1857","ESOMEPRAZOLE MAGNESIUM","[ESOMEPRAZOLE MAGNESIUM HYDRATE, ESOMEPRAZOLE MAGNESIUM]",NA,NA,2,"ESOMEPRAZOLE_MAGNESIUM_cellminercdb.html","<a href='https://discovery.nci.nih.gov/drugs/cellminercdb/ESOMEPRAZOLE_MAGNESIUM_cellminercdb.html' target='_blank'>details</a>"
"1858","TIPLASININ","[TIPLASININ]",NA,NA,2,"TIPLASININ_cellminercdb.html","<a href='https://discovery.nci.nih.gov/drugs/cellminercdb/TIPLASININ_cellminercdb.html' target='_blank'>details</a>"
"1859","AMOXICILLIN SODIUM","[AMOXICILLIN SODIUM]",NA,NA,3,"AMOXICILLIN_SODIUM_cellminercdb.html","<a href='https://discovery.nci.nih.gov/drugs/cellminercdb/AMOXICILLIN_SODIUM_cellminercdb.html' target='_blank'>details</a>"
"1860","UNBS-5162","[UNBS-5162]",NA,NA,3,"UNBS-5162_cellminercdb.html","<a href='https://discovery.nci.nih.gov/drugs/cellminercdb/UNBS-5162_cellminercdb.html' target='_blank'>details</a>"
"1861","APEX BIOTECH,A8205","[APEX BIOTECH,A8205, ATAZANAVIR SULFATE]",NA,NA,2,"APEX_BIOTECH,A8205_cellminercdb.html","<a href='https://discovery.nci.nih.gov/drugs/cellminercdb/APEX_BIOTECH,A8205_cellminercdb.html' target='_blank'>details</a>"
"1862","CLOFIBRATE","[CLOFIBRATE]",NA,NA,3,"CLOFIBRATE_cellminercdb.html","<a href='https://discovery.nci.nih.gov/drugs/cellminercdb/CLOFIBRATE_cellminercdb.html' target='_blank'>details</a>"
"1863","PEXIDARTINIB","[PEXIDARTINIB]",NA,NA,2,"PEXIDARTINIB_cellminercdb.html","<a href='https://discovery.nci.nih.gov/drugs/cellminercdb/PEXIDARTINIB_cellminercdb.html' target='_blank'>details</a>"
"1864",NA,"[OTSSP167, NA, 801013, OTS-167, OTS167]",NA,NA,4,"NA_cellminercdb.html","<a href='https://discovery.nci.nih.gov/drugs/cellminercdb/NA_cellminercdb.html' target='_blank'>details</a>"
"1865","CA-074 ME","[CA-074 ME]",NA,NA,2,"CA-074_ME_cellminercdb.html","<a href='https://discovery.nci.nih.gov/drugs/cellminercdb/CA-074_ME_cellminercdb.html' target='_blank'>details</a>"
"1866","NCGC00238624","[NCGC00238624]",NA,NA,2,"NCGC00238624_cellminercdb.html","<a href='https://discovery.nci.nih.gov/drugs/cellminercdb/NCGC00238624_cellminercdb.html' target='_blank'>details</a>"
"1867","RVX-208","[APABETALONE, RVX-208]",NA,NA,3,"RVX-208_cellminercdb.html","<a href='https://discovery.nci.nih.gov/drugs/cellminercdb/RVX-208_cellminercdb.html' target='_blank'>details</a>"
"1868","CARBONYL CYANIDE P-TRIFLUOROMETHOXYPHENYL HYDRAZONE","[CARBONYL CYANIDE P-TRIFLUOROMETHOXYPHENYL HYDRAZONE]",NA,NA,2,"CARBONYL_CYANIDE_P-TRIFLUOROMETHOXYPHENYL_HYDRAZONE_cellminercdb.html","<a href='https://discovery.nci.nih.gov/drugs/cellminercdb/CARBONYL_CYANIDE_P-TRIFLUOROMETHOXYPHENYL_HYDRAZONE_cellminercdb.html' target='_blank'>details</a>"
"1869","CHIR-124","[4-[(3S)-1-AZABICYCLO[2.2.2]OCT-3-YLAMINO]-3-(1H-BENZIMIDAZOL-2-YL)-6-CHLOROQUINOLIN-2(1H)-ONE, CHIR-124]",NA,NA,3,"CHIR-124_cellminercdb.html","<a href='https://discovery.nci.nih.gov/drugs/cellminercdb/CHIR-124_cellminercdb.html' target='_blank'>details</a>"
"1870","FERULIC ACID","[FERULIC ACID]",NA,NA,2,"FERULIC_ACID_cellminercdb.html","<a href='https://discovery.nci.nih.gov/drugs/cellminercdb/FERULIC_ACID_cellminercdb.html' target='_blank'>details</a>"
"1871","HMSL10083","[HMSL10083]",NA,NA,2,"HMSL10083_cellminercdb.html","<a href='https://discovery.nci.nih.gov/drugs/cellminercdb/HMSL10083_cellminercdb.html' target='_blank'>details</a>"
"1872","INGENOL MEBUTATE","[INGENOL MEBUTATE, INGENOL-MEBUTATE]",NA,NA,3,"INGENOL_MEBUTATE_cellminercdb.html","<a href='https://discovery.nci.nih.gov/drugs/cellminercdb/INGENOL_MEBUTATE_cellminercdb.html' target='_blank'>details</a>"
"1873","RO-4582640","[RO-4582640, NVP-ABE171]",NA,NA,2,"RO-4582640_cellminercdb.html","<a href='https://discovery.nci.nih.gov/drugs/cellminercdb/RO-4582640_cellminercdb.html' target='_blank'>details</a>"
"1874","SULFAMETHOXAZOLE","[SULFAMETHOXAZOLE]",NA,NA,2,"SULFAMETHOXAZOLE_cellminercdb.html","<a href='https://discovery.nci.nih.gov/drugs/cellminercdb/SULFAMETHOXAZOLE_cellminercdb.html' target='_blank'>details</a>"
"1875","DAPAGLIFLOZIN","[DAPAGLIFLOZIN]",NA,NA,2,"DAPAGLIFLOZIN_cellminercdb.html","<a href='https://discovery.nci.nih.gov/drugs/cellminercdb/DAPAGLIFLOZIN_cellminercdb.html' target='_blank'>details</a>"
"1876","ROLOFYLLINE","[ROLOFYLLINE]",NA,NA,2,"ROLOFYLLINE_cellminercdb.html","<a href='https://discovery.nci.nih.gov/drugs/cellminercdb/ROLOFYLLINE_cellminercdb.html' target='_blank'>details</a>"
"1877","NCGC00262398","[NCGC00262398]",NA,NA,2,"NCGC00262398_cellminercdb.html","<a href='https://discovery.nci.nih.gov/drugs/cellminercdb/NCGC00262398_cellminercdb.html' target='_blank'>details</a>"
"1878","ACTIMIS","[ACTIMIS, BI-671800]",NA,NA,2,"ACTIMIS_cellminercdb.html","<a href='https://discovery.nci.nih.gov/drugs/cellminercdb/ACTIMIS_cellminercdb.html' target='_blank'>details</a>"
"1879","AHPN","[AHPN, CD-437]",NA,NA,3,"AHPN_cellminercdb.html","<a href='https://discovery.nci.nih.gov/drugs/cellminercdb/AHPN_cellminercdb.html' target='_blank'>details</a>"
"1880","BMS-2","[BMS-2]",NA,NA,2,"BMS-2_cellminercdb.html","<a href='https://discovery.nci.nih.gov/drugs/cellminercdb/BMS-2_cellminercdb.html' target='_blank'>details</a>"
"1881","OXYMATRINE","[OXYMATRINE]",NA,NA,3,"OXYMATRINE_cellminercdb.html","<a href='https://discovery.nci.nih.gov/drugs/cellminercdb/OXYMATRINE_cellminercdb.html' target='_blank'>details</a>"
"1882","DUTASTERIDE","[DUTASTERIDE]",NA,NA,2,"DUTASTERIDE_cellminercdb.html","<a href='https://discovery.nci.nih.gov/drugs/cellminercdb/DUTASTERIDE_cellminercdb.html' target='_blank'>details</a>"
"1883","enasidenib","[ENASIDENIB MESYLATE, ENASIDENIB, 788120]","IDH1|IDH2","FDA approved",3,"enasidenib_cellminercdb.html","<a href='https://discovery.nci.nih.gov/drugs/cellminercdb/enasidenib_cellminercdb.html' target='_blank'>details</a>"
"1884","TEICOPLANIN","[TEICOPLANIN]",NA,NA,2,"TEICOPLANIN_cellminercdb.html","<a href='https://discovery.nci.nih.gov/drugs/cellminercdb/TEICOPLANIN_cellminercdb.html' target='_blank'>details</a>"
"1885","MK-767","[KRP-297, MK-767]",NA,NA,2,"MK-767_cellminercdb.html","<a href='https://discovery.nci.nih.gov/drugs/cellminercdb/MK-767_cellminercdb.html' target='_blank'>details</a>"
"1886","CLEMIZOL","[CLEMIZOL, CLEMIZOLE HYDROCHLORIDE]",NA,NA,2,"CLEMIZOL_cellminercdb.html","<a href='https://discovery.nci.nih.gov/drugs/cellminercdb/CLEMIZOL_cellminercdb.html' target='_blank'>details</a>"
"1887","SPECTINOMYCIN HYDROCHLORIDE","[SPECTINOMYCIN HYDROCHLORIDE]",NA,NA,2,"SPECTINOMYCIN_HYDROCHLORIDE_cellminercdb.html","<a href='https://discovery.nci.nih.gov/drugs/cellminercdb/SPECTINOMYCIN_HYDROCHLORIDE_cellminercdb.html' target='_blank'>details</a>"
"1888","GESTODENE","[GESTODENE]",NA,NA,2,"GESTODENE_cellminercdb.html","<a href='https://discovery.nci.nih.gov/drugs/cellminercdb/GESTODENE_cellminercdb.html' target='_blank'>details</a>"
"1889","CILLIOBREVIN D","[CILLIOBREVIN D]",NA,NA,2,"CILLIOBREVIN_D_cellminercdb.html","<a href='https://discovery.nci.nih.gov/drugs/cellminercdb/CILLIOBREVIN_D_cellminercdb.html' target='_blank'>details</a>"
"1890","CTS-1027","[CTS-1027]",NA,NA,2,"CTS-1027_cellminercdb.html","<a href='https://discovery.nci.nih.gov/drugs/cellminercdb/CTS-1027_cellminercdb.html' target='_blank'>details</a>"
"1891","GW-501516","[GW-501516]",NA,NA,3,"GW-501516_cellminercdb.html","<a href='https://discovery.nci.nih.gov/drugs/cellminercdb/GW-501516_cellminercdb.html' target='_blank'>details</a>"
"1892","4-DEMETHYLEPIPODOPHYLLOTOXIN","[4-DEMETHYLEPIPODOPHYLLOTOXIN, 4'-DEMETHYLEPIPODOPHYLLOTOXIN]",NA,NA,2,"4-DEMETHYLEPIPODOPHYLLOTOXIN_cellminercdb.html","<a href='https://discovery.nci.nih.gov/drugs/cellminercdb/4-DEMETHYLEPIPODOPHYLLOTOXIN_cellminercdb.html' target='_blank'>details</a>"
"1893","BTZ-10526043","[BTZ-10526043]",NA,NA,2,"BTZ-10526043_cellminercdb.html","<a href='https://discovery.nci.nih.gov/drugs/cellminercdb/BTZ-10526043_cellminercdb.html' target='_blank'>details</a>"
"1894","EVODIAMINE","[EVODIAMINE]",NA,NA,3,"EVODIAMINE_cellminercdb.html","<a href='https://discovery.nci.nih.gov/drugs/cellminercdb/EVODIAMINE_cellminercdb.html' target='_blank'>details</a>"
"1895","CNX-774","[CNX-774]",NA,NA,3,"CNX-774_cellminercdb.html","<a href='https://discovery.nci.nih.gov/drugs/cellminercdb/CNX-774_cellminercdb.html' target='_blank'>details</a>"
"1896","BMS-4","[BMS-4]",NA,NA,2,"BMS-4_cellminercdb.html","<a href='https://discovery.nci.nih.gov/drugs/cellminercdb/BMS-4_cellminercdb.html' target='_blank'>details</a>"
"1897","DASA-58","[DASA-58]",NA,NA,2,"DASA-58_cellminercdb.html","<a href='https://discovery.nci.nih.gov/drugs/cellminercdb/DASA-58_cellminercdb.html' target='_blank'>details</a>"
"1898","C-188-9","[C-188-9]",NA,NA,2,"C-188-9_cellminercdb.html","<a href='https://discovery.nci.nih.gov/drugs/cellminercdb/C-188-9_cellminercdb.html' target='_blank'>details</a>"
"1899","BLU-9931","[BLU-9931, 785300]","PK:FGFR,FGFR1,FGFR2,FGFR3,FGFR4","Clinical trial",3,"BLU-9931_cellminercdb.html","<a href='https://discovery.nci.nih.gov/drugs/cellminercdb/BLU-9931_cellminercdb.html' target='_blank'>details</a>"
"1900","RANOLAZINE","[RANOLAZINE]",NA,NA,2,"RANOLAZINE_cellminercdb.html","<a href='https://discovery.nci.nih.gov/drugs/cellminercdb/RANOLAZINE_cellminercdb.html' target='_blank'>details</a>"
"1901","BETA-CAROTENE","[BETA-CAROTENE, BETA CAROTENE]",NA,NA,2,"BETA-CAROTENE_cellminercdb.html","<a href='https://discovery.nci.nih.gov/drugs/cellminercdb/BETA-CAROTENE_cellminercdb.html' target='_blank'>details</a>"
"1902","BROMHEXINE HYDROCHLORIDE","[BROMHEXINE HYDROCHLORIDE]",NA,NA,2,"BROMHEXINE_HYDROCHLORIDE_cellminercdb.html","<a href='https://discovery.nci.nih.gov/drugs/cellminercdb/BROMHEXINE_HYDROCHLORIDE_cellminercdb.html' target='_blank'>details</a>"
"1903","PHENOXYBENZAMINE HYDROCHLORIDE","[PHENOXYBENZAMINE HYDROCHLORIDE]",NA,NA,2,"PHENOXYBENZAMINE_HYDROCHLORIDE_cellminercdb.html","<a href='https://discovery.nci.nih.gov/drugs/cellminercdb/PHENOXYBENZAMINE_HYDROCHLORIDE_cellminercdb.html' target='_blank'>details</a>"
"1904","DOCOSANOL","[DOCOSANOL]",NA,NA,2,"DOCOSANOL_cellminercdb.html","<a href='https://discovery.nci.nih.gov/drugs/cellminercdb/DOCOSANOL_cellminercdb.html' target='_blank'>details</a>"
"1905","GNE-9605","[GNE-9605]",NA,NA,2,"GNE-9605_cellminercdb.html","<a href='https://discovery.nci.nih.gov/drugs/cellminercdb/GNE-9605_cellminercdb.html' target='_blank'>details</a>"
"1906","GLYCYRRHIZIN","[ISOGLYCIRRHIZINATE, GLYCYRRHIZIN]",NA,NA,2,"GLYCYRRHIZIN_cellminercdb.html","<a href='https://discovery.nci.nih.gov/drugs/cellminercdb/GLYCYRRHIZIN_cellminercdb.html' target='_blank'>details</a>"
"1907","ESCITALOPRAM OXALATE","[ESCITALOPRAM OXALATE, CITALOPRAM HYDROBROMIDE]",NA,NA,2,"ESCITALOPRAM_OXALATE_cellminercdb.html","<a href='https://discovery.nci.nih.gov/drugs/cellminercdb/ESCITALOPRAM_OXALATE_cellminercdb.html' target='_blank'>details</a>"
"1908","ICOTINIB","[ICOTINIB HYDROCHLORIDE, ICOTINIB]",NA,NA,3,"ICOTINIB_cellminercdb.html","<a href='https://discovery.nci.nih.gov/drugs/cellminercdb/ICOTINIB_cellminercdb.html' target='_blank'>details</a>"
"1909","LEVOSIMENDAN","[LEVOSIMENDAN]",NA,NA,2,"LEVOSIMENDAN_cellminercdb.html","<a href='https://discovery.nci.nih.gov/drugs/cellminercdb/LEVOSIMENDAN_cellminercdb.html' target='_blank'>details</a>"
"1910","KU-0060648","[KU-0060648]",NA,NA,2,"KU-0060648_cellminercdb.html","<a href='https://discovery.nci.nih.gov/drugs/cellminercdb/KU-0060648_cellminercdb.html' target='_blank'>details</a>"
"1911","RIPASUDIL","[RIPASUDIL]",NA,NA,2,"RIPASUDIL_cellminercdb.html","<a href='https://discovery.nci.nih.gov/drugs/cellminercdb/RIPASUDIL_cellminercdb.html' target='_blank'>details</a>"
"1912","JNJ-42041935","[JNJ-42041935]",NA,NA,2,"JNJ-42041935_cellminercdb.html","<a href='https://discovery.nci.nih.gov/drugs/cellminercdb/JNJ-42041935_cellminercdb.html' target='_blank'>details</a>"
"1913","ASIATIC ACID","[ASIATIC ACID]",NA,NA,2,"ASIATIC_ACID_cellminercdb.html","<a href='https://discovery.nci.nih.gov/drugs/cellminercdb/ASIATIC_ACID_cellminercdb.html' target='_blank'>details</a>"
"1914","CICLESONIDE","[CICLESONIDE]",NA,NA,3,"CICLESONIDE_cellminercdb.html","<a href='https://discovery.nci.nih.gov/drugs/cellminercdb/CICLESONIDE_cellminercdb.html' target='_blank'>details</a>"
"1915","FG-2216","[FG-2216]",NA,NA,2,"FG-2216_cellminercdb.html","<a href='https://discovery.nci.nih.gov/drugs/cellminercdb/FG-2216_cellminercdb.html' target='_blank'>details</a>"
"1916","ENTECAVIR","[ENTECAVIR]",NA,NA,2,"ENTECAVIR_cellminercdb.html","<a href='https://discovery.nci.nih.gov/drugs/cellminercdb/ENTECAVIR_cellminercdb.html' target='_blank'>details</a>"
"1917","NIGULDIPINE","[(R)-(-)-NIGULDIPINE HYDROCHLORIDE, NIGULDIPINE]",NA,NA,2,"NIGULDIPINE_cellminercdb.html","<a href='https://discovery.nci.nih.gov/drugs/cellminercdb/NIGULDIPINE_cellminercdb.html' target='_blank'>details</a>"
"1918","AG-13958","[AG-13958]",NA,NA,2,"AG-13958_cellminercdb.html","<a href='https://discovery.nci.nih.gov/drugs/cellminercdb/AG-13958_cellminercdb.html' target='_blank'>details</a>"
"1919","NCGC00262228","[NCGC00262228]",NA,NA,2,"NCGC00262228_cellminercdb.html","<a href='https://discovery.nci.nih.gov/drugs/cellminercdb/NCGC00262228_cellminercdb.html' target='_blank'>details</a>"
"1920","PYRAZOLOPYRIMIDINE","[PYRAZOLOPYRIMIDINE]",NA,NA,2,"PYRAZOLOPYRIMIDINE_cellminercdb.html","<a href='https://discovery.nci.nih.gov/drugs/cellminercdb/PYRAZOLOPYRIMIDINE_cellminercdb.html' target='_blank'>details</a>"
"1921","ASPARTAME","[ASPARTAME]",NA,NA,2,"ASPARTAME_cellminercdb.html","<a href='https://discovery.nci.nih.gov/drugs/cellminercdb/ASPARTAME_cellminercdb.html' target='_blank'>details</a>"
"1922","GANCICLOVIR","[GANCICLOVIR]",NA,NA,2,"GANCICLOVIR_cellminercdb.html","<a href='https://discovery.nci.nih.gov/drugs/cellminercdb/GANCICLOVIR_cellminercdb.html' target='_blank'>details</a>"
"1923","HDACI-01","[HDACI-01]",NA,NA,2,"HDACI-01_cellminercdb.html","<a href='https://discovery.nci.nih.gov/drugs/cellminercdb/HDACI-01_cellminercdb.html' target='_blank'>details</a>"
"1924","GSK-481","[GSK-481]",NA,NA,2,"GSK-481_cellminercdb.html","<a href='https://discovery.nci.nih.gov/drugs/cellminercdb/GSK-481_cellminercdb.html' target='_blank'>details</a>"
"1925","GENIPIN","[GENIPIN]",NA,NA,3,"GENIPIN_cellminercdb.html","<a href='https://discovery.nci.nih.gov/drugs/cellminercdb/GENIPIN_cellminercdb.html' target='_blank'>details</a>"
"1926","BMS-707035","[BMS-707035]",NA,NA,3,"BMS-707035_cellminercdb.html","<a href='https://discovery.nci.nih.gov/drugs/cellminercdb/BMS-707035_cellminercdb.html' target='_blank'>details</a>"
"1927","xanthatin","[XANTHATIN, 136704]",NA,NA,3,"xanthatin_cellminercdb.html","<a href='https://discovery.nci.nih.gov/drugs/cellminercdb/xanthatin_cellminercdb.html' target='_blank'>details</a>"
"1928","VITAMIN B12","[CYANOCOBALAMIN, VITAMIN B12]",NA,NA,2,"VITAMIN_B12_cellminercdb.html","<a href='https://discovery.nci.nih.gov/drugs/cellminercdb/VITAMIN_B12_cellminercdb.html' target='_blank'>details</a>"
"1929","AMILORIDE HYDROCHLORIDE","[AMILORIDE HYDROCHLORIDE]",NA,NA,2,"AMILORIDE_HYDROCHLORIDE_cellminercdb.html","<a href='https://discovery.nci.nih.gov/drugs/cellminercdb/AMILORIDE_HYDROCHLORIDE_cellminercdb.html' target='_blank'>details</a>"
"1930","ACYCLOVIR","[ACYCLOVIR]",NA,NA,2,"ACYCLOVIR_cellminercdb.html","<a href='https://discovery.nci.nih.gov/drugs/cellminercdb/ACYCLOVIR_cellminercdb.html' target='_blank'>details</a>"
"1931","TALAROZOLE","[TALAROZOLE]",NA,NA,2,"TALAROZOLE_cellminercdb.html","<a href='https://discovery.nci.nih.gov/drugs/cellminercdb/TALAROZOLE_cellminercdb.html' target='_blank'>details</a>"
"1932","TETRABENAZINE","[TETRABENAZINE]",NA,NA,2,"TETRABENAZINE_cellminercdb.html","<a href='https://discovery.nci.nih.gov/drugs/cellminercdb/TETRABENAZINE_cellminercdb.html' target='_blank'>details</a>"
"1933","NORGESTREL","[NORGESTREL-(-)-D, LEVONORGESTREL, NORGESTREL]",NA,NA,3,"NORGESTREL_cellminercdb.html","<a href='https://discovery.nci.nih.gov/drugs/cellminercdb/NORGESTREL_cellminercdb.html' target='_blank'>details</a>"
"1934","OSPEMIFENE","[OSPEMIFENE]",NA,NA,2,"OSPEMIFENE_cellminercdb.html","<a href='https://discovery.nci.nih.gov/drugs/cellminercdb/OSPEMIFENE_cellminercdb.html' target='_blank'>details</a>"
"1935","DISULFIRAM","[DISULFIRAM]",NA,NA,3,"DISULFIRAM_cellminercdb.html","<a href='https://discovery.nci.nih.gov/drugs/cellminercdb/DISULFIRAM_cellminercdb.html' target='_blank'>details</a>"
"1936","PHENTOLAMINE","[PHENTOLAMINE MESYLATE, PHENTOLAMINE]",NA,NA,2,"PHENTOLAMINE_cellminercdb.html","<a href='https://discovery.nci.nih.gov/drugs/cellminercdb/PHENTOLAMINE_cellminercdb.html' target='_blank'>details</a>"
"1937","ERYTHROMYCIN","[ERYTHROMYCIN]",NA,NA,2,"ERYTHROMYCIN_cellminercdb.html","<a href='https://discovery.nci.nih.gov/drugs/cellminercdb/ERYTHROMYCIN_cellminercdb.html' target='_blank'>details</a>"
"1938","ROQUINIMEX","[ROQUINIMEX]",NA,NA,3,"ROQUINIMEX_cellminercdb.html","<a href='https://discovery.nci.nih.gov/drugs/cellminercdb/ROQUINIMEX_cellminercdb.html' target='_blank'>details</a>"
"1939","CHLORO-IB-MECA","[CHLORO-IB-MECA]",NA,NA,2,"CHLORO-IB-MECA_cellminercdb.html","<a href='https://discovery.nci.nih.gov/drugs/cellminercdb/CHLORO-IB-MECA_cellminercdb.html' target='_blank'>details</a>"
"1940","ACITRETIN","[ACITRETIN]",NA,NA,2,"ACITRETIN_cellminercdb.html","<a href='https://discovery.nci.nih.gov/drugs/cellminercdb/ACITRETIN_cellminercdb.html' target='_blank'>details</a>"
"1941","MEPREDNISONE","[MEPREDNISONE]",NA,NA,2,"MEPREDNISONE_cellminercdb.html","<a href='https://discovery.nci.nih.gov/drugs/cellminercdb/MEPREDNISONE_cellminercdb.html' target='_blank'>details</a>"
"1942","VX-984","[VX-984, 792969]",NA,NA,2,"VX-984_cellminercdb.html","<a href='https://discovery.nci.nih.gov/drugs/cellminercdb/VX-984_cellminercdb.html' target='_blank'>details</a>"
"1943","BFH-772","[BFH-772]",NA,NA,2,"BFH-772_cellminercdb.html","<a href='https://discovery.nci.nih.gov/drugs/cellminercdb/BFH-772_cellminercdb.html' target='_blank'>details</a>"
"1944","DEMECOLCINE","[DEMECOLCINE]",NA,NA,2,"DEMECOLCINE_cellminercdb.html","<a href='https://discovery.nci.nih.gov/drugs/cellminercdb/DEMECOLCINE_cellminercdb.html' target='_blank'>details</a>"
"1945","PF-543","[PF-543, SPHINGOSINE KINASE 1 INHIBITOR II]",NA,NA,3,"PF-543_cellminercdb.html","<a href='https://discovery.nci.nih.gov/drugs/cellminercdb/PF-543_cellminercdb.html' target='_blank'>details</a>"
"1946","MONATEPIL","[MONATEPIL MALEATE, MONATEPIL]",NA,NA,2,"MONATEPIL_cellminercdb.html","<a href='https://discovery.nci.nih.gov/drugs/cellminercdb/MONATEPIL_cellminercdb.html' target='_blank'>details</a>"
"1947","WHI-P97","[WHI-P97]",NA,NA,3,"WHI-P97_cellminercdb.html","<a href='https://discovery.nci.nih.gov/drugs/cellminercdb/WHI-P97_cellminercdb.html' target='_blank'>details</a>"
"1948","CVT-6883","[CVT-6883]",NA,NA,2,"CVT-6883_cellminercdb.html","<a href='https://discovery.nci.nih.gov/drugs/cellminercdb/CVT-6883_cellminercdb.html' target='_blank'>details</a>"
"1949","FLUOCINONIDE","[FLUOCINONIDE]",NA,NA,2,"FLUOCINONIDE_cellminercdb.html","<a href='https://discovery.nci.nih.gov/drugs/cellminercdb/FLUOCINONIDE_cellminercdb.html' target='_blank'>details</a>"
"1950","DOXAZOSIN MESYLATE","[DOXAZOSIN MESYLATE]",NA,NA,2,"DOXAZOSIN_MESYLATE_cellminercdb.html","<a href='https://discovery.nci.nih.gov/drugs/cellminercdb/DOXAZOSIN_MESYLATE_cellminercdb.html' target='_blank'>details</a>"
"1951","GSK9311","[GSK9311]",NA,NA,2,"GSK9311_cellminercdb.html","<a href='https://discovery.nci.nih.gov/drugs/cellminercdb/GSK9311_cellminercdb.html' target='_blank'>details</a>"
"1952","GYKI-52466","[GYKI-52466]",NA,NA,2,"GYKI-52466_cellminercdb.html","<a href='https://discovery.nci.nih.gov/drugs/cellminercdb/GYKI-52466_cellminercdb.html' target='_blank'>details</a>"
"1953","TMP-195","[TMP-195]",NA,NA,2,"TMP-195_cellminercdb.html","<a href='https://discovery.nci.nih.gov/drugs/cellminercdb/TMP-195_cellminercdb.html' target='_blank'>details</a>"
"1954","PRP003-032","[PRP003-032]",NA,NA,2,"PRP003-032_cellminercdb.html","<a href='https://discovery.nci.nih.gov/drugs/cellminercdb/PRP003-032_cellminercdb.html' target='_blank'>details</a>"
"1955","TIAGABINE","[TIAGABINE HYDROCHLORIDE, TIAGABINE]",NA,NA,3,"TIAGABINE_cellminercdb.html","<a href='https://discovery.nci.nih.gov/drugs/cellminercdb/TIAGABINE_cellminercdb.html' target='_blank'>details</a>"
"1956","PF-573228","[PF-573228]",NA,NA,3,"PF-573228_cellminercdb.html","<a href='https://discovery.nci.nih.gov/drugs/cellminercdb/PF-573228_cellminercdb.html' target='_blank'>details</a>"
"1957","DIENESTROL","[DIENESTROL]",NA,NA,2,"DIENESTROL_cellminercdb.html","<a href='https://discovery.nci.nih.gov/drugs/cellminercdb/DIENESTROL_cellminercdb.html' target='_blank'>details</a>"
"1958","GW1929","[GW1929]",NA,NA,2,"GW1929_cellminercdb.html","<a href='https://discovery.nci.nih.gov/drugs/cellminercdb/GW1929_cellminercdb.html' target='_blank'>details</a>"
"1959","PF-4693627","[PF-4693627]",NA,NA,2,"PF-4693627_cellminercdb.html","<a href='https://discovery.nci.nih.gov/drugs/cellminercdb/PF-4693627_cellminercdb.html' target='_blank'>details</a>"
"1960","BMS-595","[BMS-595]",NA,NA,2,"BMS-595_cellminercdb.html","<a href='https://discovery.nci.nih.gov/drugs/cellminercdb/BMS-595_cellminercdb.html' target='_blank'>details</a>"
"1961","ANAMORELIN","[ANAMORELIN]",NA,NA,2,"ANAMORELIN_cellminercdb.html","<a href='https://discovery.nci.nih.gov/drugs/cellminercdb/ANAMORELIN_cellminercdb.html' target='_blank'>details</a>"
"1962","PIK-294","[PIK-294]",NA,NA,2,"PIK-294_cellminercdb.html","<a href='https://discovery.nci.nih.gov/drugs/cellminercdb/PIK-294_cellminercdb.html' target='_blank'>details</a>"
"1963","GSK-1016790A","[GSK-1016790A]",NA,NA,2,"GSK-1016790A_cellminercdb.html","<a href='https://discovery.nci.nih.gov/drugs/cellminercdb/GSK-1016790A_cellminercdb.html' target='_blank'>details</a>"
"1964","CARVEDILOL","[CARVEDILOL]",NA,NA,3,"CARVEDILOL_cellminercdb.html","<a href='https://discovery.nci.nih.gov/drugs/cellminercdb/CARVEDILOL_cellminercdb.html' target='_blank'>details</a>"
"1965","AURORA A INHIBITOR I","[AURORA A INHIBITOR I, AURORA-A-INHIBITOR-I]",NA,NA,3,"AURORA_A_INHIBITOR_I_cellminercdb.html","<a href='https://discovery.nci.nih.gov/drugs/cellminercdb/AURORA_A_INHIBITOR_I_cellminercdb.html' target='_blank'>details</a>"
"1966","TARIQUIDAR","[TARIQUIDAR]",NA,NA,2,"TARIQUIDAR_cellminercdb.html","<a href='https://discovery.nci.nih.gov/drugs/cellminercdb/TARIQUIDAR_cellminercdb.html' target='_blank'>details</a>"
"1967","KY02111","[KY-02111, KY02111]",NA,NA,3,"KY02111_cellminercdb.html","<a href='https://discovery.nci.nih.gov/drugs/cellminercdb/KY02111_cellminercdb.html' target='_blank'>details</a>"
"1968","ZOLMITRIPTAN","[ZOLMITRIPTAN]",NA,NA,3,"ZOLMITRIPTAN_cellminercdb.html","<a href='https://discovery.nci.nih.gov/drugs/cellminercdb/ZOLMITRIPTAN_cellminercdb.html' target='_blank'>details</a>"
"1969","DICLAZURIL","[DICLAZURIL]",NA,NA,3,"DICLAZURIL_cellminercdb.html","<a href='https://discovery.nci.nih.gov/drugs/cellminercdb/DICLAZURIL_cellminercdb.html' target='_blank'>details</a>"
"1970","MK-0557","[MK-0557]",NA,NA,2,"MK-0557_cellminercdb.html","<a href='https://discovery.nci.nih.gov/drugs/cellminercdb/MK-0557_cellminercdb.html' target='_blank'>details</a>"
"1971","VCH-916","[VCH-916]",NA,NA,2,"VCH-916_cellminercdb.html","<a href='https://discovery.nci.nih.gov/drugs/cellminercdb/VCH-916_cellminercdb.html' target='_blank'>details</a>"
"1972","CLEVUDINE","[CLEVUDINE]",NA,NA,2,"CLEVUDINE_cellminercdb.html","<a href='https://discovery.nci.nih.gov/drugs/cellminercdb/CLEVUDINE_cellminercdb.html' target='_blank'>details</a>"
"1973","NPS-R568","[NPS-R568, TECALCET HYDROCHLORIDE]",NA,NA,2,"NPS-R568_cellminercdb.html","<a href='https://discovery.nci.nih.gov/drugs/cellminercdb/NPS-R568_cellminercdb.html' target='_blank'>details</a>"
"1974","ML-141","[ML-141]",NA,NA,2,"ML-141_cellminercdb.html","<a href='https://discovery.nci.nih.gov/drugs/cellminercdb/ML-141_cellminercdb.html' target='_blank'>details</a>"
"1975","MLN8054","[MLN8054, MLN-8054]",NA,NA,3,"MLN8054_cellminercdb.html","<a href='https://discovery.nci.nih.gov/drugs/cellminercdb/MLN8054_cellminercdb.html' target='_blank'>details</a>"
"1976","LOMEFLOXACIN","[LOMEFLOXACIN, LOMEFLOXACIN HYDROCHLORIDE]",NA,NA,3,"LOMEFLOXACIN_cellminercdb.html","<a href='https://discovery.nci.nih.gov/drugs/cellminercdb/LOMEFLOXACIN_cellminercdb.html' target='_blank'>details</a>"
"1977","NVP 231","[NVP 231, NVP-231]",NA,NA,2,"NVP_231_cellminercdb.html","<a href='https://discovery.nci.nih.gov/drugs/cellminercdb/NVP_231_cellminercdb.html' target='_blank'>details</a>"
"1978","CT-98014","[CT-98014, CHIR-98014]",NA,NA,3,"CT-98014_cellminercdb.html","<a href='https://discovery.nci.nih.gov/drugs/cellminercdb/CT-98014_cellminercdb.html' target='_blank'>details</a>"
"1979","DOPAMINE","[DOPAMINE, DOPAMINE HYDROCHLORIDE]",NA,NA,2,"DOPAMINE_cellminercdb.html","<a href='https://discovery.nci.nih.gov/drugs/cellminercdb/DOPAMINE_cellminercdb.html' target='_blank'>details</a>"
"1980","DILTIAZEM HYDROCHLORIDE","[DILTIAZEM HYDROCHLORIDE]",NA,NA,2,"DILTIAZEM_HYDROCHLORIDE_cellminercdb.html","<a href='https://discovery.nci.nih.gov/drugs/cellminercdb/DILTIAZEM_HYDROCHLORIDE_cellminercdb.html' target='_blank'>details</a>"
"1981","CHLORAMPHENICOL PALMITATE","[CHLORAMPHENICOL PALMITATE, CHLORAMPHENICOL-PALMITATE]",NA,NA,3,"CHLORAMPHENICOL_PALMITATE_cellminercdb.html","<a href='https://discovery.nci.nih.gov/drugs/cellminercdb/CHLORAMPHENICOL_PALMITATE_cellminercdb.html' target='_blank'>details</a>"
"1982","RIVASTIGMINE TARTRATE","[(R)-RIVASTIGMINE (D6 TARTRATE), RIVASTIGMINE TARTRATE]",NA,NA,2,"RIVASTIGMINE_TARTRATE_cellminercdb.html","<a href='https://discovery.nci.nih.gov/drugs/cellminercdb/RIVASTIGMINE_TARTRATE_cellminercdb.html' target='_blank'>details</a>"
"1983","CLOPIDOGREL BISULFATE","[CLOPIDOGREL HYDROGEN SULFATE, CLOPIDOGREL BISULFATE]",NA,NA,2,"CLOPIDOGREL_BISULFATE_cellminercdb.html","<a href='https://discovery.nci.nih.gov/drugs/cellminercdb/CLOPIDOGREL_BISULFATE_cellminercdb.html' target='_blank'>details</a>"
"1984","MKC-1","[MKC-1]",NA,NA,2,"MKC-1_cellminercdb.html","<a href='https://discovery.nci.nih.gov/drugs/cellminercdb/MKC-1_cellminercdb.html' target='_blank'>details</a>"
"1985","PEFLOXACIN","[PEFLOXACIN]",NA,NA,2,"PEFLOXACIN_cellminercdb.html","<a href='https://discovery.nci.nih.gov/drugs/cellminercdb/PEFLOXACIN_cellminercdb.html' target='_blank'>details</a>"
"1986","CLINOFIBRATE","[CLINOFIBRATE]",NA,NA,2,"CLINOFIBRATE_cellminercdb.html","<a href='https://discovery.nci.nih.gov/drugs/cellminercdb/CLINOFIBRATE_cellminercdb.html' target='_blank'>details</a>"
"1987","PUERARIN","[PUERARIN]",NA,NA,2,"PUERARIN_cellminercdb.html","<a href='https://discovery.nci.nih.gov/drugs/cellminercdb/PUERARIN_cellminercdb.html' target='_blank'>details</a>"
"1988","MARTINOSTAT","[MARTINOSTAT]",NA,NA,2,"MARTINOSTAT_cellminercdb.html","<a href='https://discovery.nci.nih.gov/drugs/cellminercdb/MARTINOSTAT_cellminercdb.html' target='_blank'>details</a>"
"1989","DEXTROMETHORPHAN HYDROBROMIDE","[DEXTROMETHORPHAN (HYDROBROMIDE HYDRATE), DEXTROMETHORPHAN HYDROBROMIDE]",NA,NA,2,"DEXTROMETHORPHAN_HYDROBROMIDE_cellminercdb.html","<a href='https://discovery.nci.nih.gov/drugs/cellminercdb/DEXTROMETHORPHAN_HYDROBROMIDE_cellminercdb.html' target='_blank'>details</a>"
"1990","PROPARACAINE","[PROPARACAINE, PROPARACAINE HYDROCHLORIDE]",NA,NA,2,"PROPARACAINE_cellminercdb.html","<a href='https://discovery.nci.nih.gov/drugs/cellminercdb/PROPARACAINE_cellminercdb.html' target='_blank'>details</a>"
"1991","CCT-251545","[CCT-251545, CCT 251545, A-1387, CCT251545, 784591]","Wnt|PK:CDK19","Clinical trial",4,"CCT-251545_cellminercdb.html","<a href='https://discovery.nci.nih.gov/drugs/cellminercdb/CCT-251545_cellminercdb.html' target='_blank'>details</a>"
"1992","GSK-583","[GSK-583]",NA,NA,2,"GSK-583_cellminercdb.html","<a href='https://discovery.nci.nih.gov/drugs/cellminercdb/GSK-583_cellminercdb.html' target='_blank'>details</a>"
"1993","aloin","[ALOIN, ALOINS, 4722]",NA,"FDA approved",3,"aloin_cellminercdb.html","<a href='https://discovery.nci.nih.gov/drugs/cellminercdb/aloin_cellminercdb.html' target='_blank'>details</a>"
"1994","PAROGRELIL","[PAROGRELIL]",NA,NA,2,"PAROGRELIL_cellminercdb.html","<a href='https://discovery.nci.nih.gov/drugs/cellminercdb/PAROGRELIL_cellminercdb.html' target='_blank'>details</a>"
"1995","MSC2530818","[MSC2530818]",NA,NA,2,"MSC2530818_cellminercdb.html","<a href='https://discovery.nci.nih.gov/drugs/cellminercdb/MSC2530818_cellminercdb.html' target='_blank'>details</a>"
"1996","TOLCAPONE","[TOLCAPONE]",NA,NA,2,"TOLCAPONE_cellminercdb.html","<a href='https://discovery.nci.nih.gov/drugs/cellminercdb/TOLCAPONE_cellminercdb.html' target='_blank'>details</a>"
"1997","ARQ-087","[ARQ-087, ARQ-087(DERAZANTINIB), ARQ-087_PEAK 1, 792996, DERAZANTINIB]","PK:FGFR","Clinical trial",4,"ARQ-087_cellminercdb.html","<a href='https://discovery.nci.nih.gov/drugs/cellminercdb/ARQ-087_cellminercdb.html' target='_blank'>details</a>"
"1998","ML324","[ML324]",NA,NA,2,"ML324_cellminercdb.html","<a href='https://discovery.nci.nih.gov/drugs/cellminercdb/ML324_cellminercdb.html' target='_blank'>details</a>"
"1999","CEPHALEXIN","[CEPHALEXIN HYDROCHLORIDE, CEPHALEXIN]",NA,NA,2,"CEPHALEXIN_cellminercdb.html","<a href='https://discovery.nci.nih.gov/drugs/cellminercdb/CEPHALEXIN_cellminercdb.html' target='_blank'>details</a>"
"2000","LY-2409881","[LY-2409881]",NA,NA,2,"LY-2409881_cellminercdb.html","<a href='https://discovery.nci.nih.gov/drugs/cellminercdb/LY-2409881_cellminercdb.html' target='_blank'>details</a>"
"2001","VANOXERINE","[VANOXEAMINE, VANOXERINE]",NA,NA,3,"VANOXERINE_cellminercdb.html","<a href='https://discovery.nci.nih.gov/drugs/cellminercdb/VANOXERINE_cellminercdb.html' target='_blank'>details</a>"
"2002","OSELTAMIVIR PHOSPHATE","[OSELTAMIVIR PHOSPHATE, OSELTAMIVIR-PHOSPHATE]",NA,NA,3,"OSELTAMIVIR_PHOSPHATE_cellminercdb.html","<a href='https://discovery.nci.nih.gov/drugs/cellminercdb/OSELTAMIVIR_PHOSPHATE_cellminercdb.html' target='_blank'>details</a>"
"2003","ABT-751","[ABT-751]",NA,NA,3,"ABT-751_cellminercdb.html","<a href='https://discovery.nci.nih.gov/drugs/cellminercdb/ABT-751_cellminercdb.html' target='_blank'>details</a>"
"2004","MANOALIDE","[MANOALIDE]",NA,NA,2,"MANOALIDE_cellminercdb.html","<a href='https://discovery.nci.nih.gov/drugs/cellminercdb/MANOALIDE_cellminercdb.html' target='_blank'>details</a>"
"2005",NA,"[CERDULATINIB, CT-CERD, PRT2070, PRT062070, 825827, NA]",NA,NA,5,"NA_cellminercdb.html","<a href='https://discovery.nci.nih.gov/drugs/cellminercdb/NA_cellminercdb.html' target='_blank'>details</a>"
"2006","LONAFARNIB","[LONAFARNIB]",NA,NA,3,"LONAFARNIB_cellminercdb.html","<a href='https://discovery.nci.nih.gov/drugs/cellminercdb/LONAFARNIB_cellminercdb.html' target='_blank'>details</a>"
"2007","SUPLATAST TOSYLATE","[SUPLATAST TOSYLATE]",NA,NA,2,"SUPLATAST_TOSYLATE_cellminercdb.html","<a href='https://discovery.nci.nih.gov/drugs/cellminercdb/SUPLATAST_TOSYLATE_cellminercdb.html' target='_blank'>details</a>"
"2008","WNT-C59","[WNT-C59]",NA,NA,4,"WNT-C59_cellminercdb.html","<a href='https://discovery.nci.nih.gov/drugs/cellminercdb/WNT-C59_cellminercdb.html' target='_blank'>details</a>"
"2009","AMINOGLUTETHIMIDE","[AMINOGLUTETHIMIDE]",NA,NA,3,"AMINOGLUTETHIMIDE_cellminercdb.html","<a href='https://discovery.nci.nih.gov/drugs/cellminercdb/AMINOGLUTETHIMIDE_cellminercdb.html' target='_blank'>details</a>"
"2010","PDHK RIKEN","[PDHK RIKEN]",NA,NA,2,"PDHK_RIKEN_cellminercdb.html","<a href='https://discovery.nci.nih.gov/drugs/cellminercdb/PDHK_RIKEN_cellminercdb.html' target='_blank'>details</a>"
"2011","KETOTIFEN","[KETOTIFEN]",NA,NA,2,"KETOTIFEN_cellminercdb.html","<a href='https://discovery.nci.nih.gov/drugs/cellminercdb/KETOTIFEN_cellminercdb.html' target='_blank'>details</a>"
"2012","CBL-0137","[CBL-0137, 789040]",NA,"Clinical trial",3,"CBL-0137_cellminercdb.html","<a href='https://discovery.nci.nih.gov/drugs/cellminercdb/CBL-0137_cellminercdb.html' target='_blank'>details</a>"
"2013","PRP003-013","[PRP003-013]",NA,NA,2,"PRP003-013_cellminercdb.html","<a href='https://discovery.nci.nih.gov/drugs/cellminercdb/PRP003-013_cellminercdb.html' target='_blank'>details</a>"
"2014","YKL-05-099","[YKL-05-099]",NA,NA,2,"YKL-05-099_cellminercdb.html","<a href='https://discovery.nci.nih.gov/drugs/cellminercdb/YKL-05-099_cellminercdb.html' target='_blank'>details</a>"
"2015","SB-705498","[SB-705498]",NA,NA,2,"SB-705498_cellminercdb.html","<a href='https://discovery.nci.nih.gov/drugs/cellminercdb/SB-705498_cellminercdb.html' target='_blank'>details</a>"
"2016","TOLVAPTAN","[TOLVAPTAN]",NA,NA,2,"TOLVAPTAN_cellminercdb.html","<a href='https://discovery.nci.nih.gov/drugs/cellminercdb/TOLVAPTAN_cellminercdb.html' target='_blank'>details</a>"
"2017","PF-3644022","[(10R)-10-METHYL-3-(6-METHYLPYRIDIN-3-YL)-9,10,11,12-TETRAHYDRO-8H-[1,4]DIAZEPINO[5',6':4,5]THIENO[3,2-F]QUINOLIN-8-ONE, PF-3644022]",NA,NA,2,"PF-3644022_cellminercdb.html","<a href='https://discovery.nci.nih.gov/drugs/cellminercdb/PF-3644022_cellminercdb.html' target='_blank'>details</a>"
"2018","JS-65-103","[JS-65-103]",NA,NA,2,"JS-65-103_cellminercdb.html","<a href='https://discovery.nci.nih.gov/drugs/cellminercdb/JS-65-103_cellminercdb.html' target='_blank'>details</a>"
"2019","CLEMASTINE FUMARATE","[CLEMASTINE FUMARATE]",NA,NA,2,"CLEMASTINE_FUMARATE_cellminercdb.html","<a href='https://discovery.nci.nih.gov/drugs/cellminercdb/CLEMASTINE_FUMARATE_cellminercdb.html' target='_blank'>details</a>"
"2020","ABT-702","[ABT-702]",NA,NA,3,"ABT-702_cellminercdb.html","<a href='https://discovery.nci.nih.gov/drugs/cellminercdb/ABT-702_cellminercdb.html' target='_blank'>details</a>"
"2021","CARBOXYAMIDOTRIAZOLE","[CARBOXYAMIDOTRIAZOLE]",NA,NA,3,"CARBOXYAMIDOTRIAZOLE_cellminercdb.html","<a href='https://discovery.nci.nih.gov/drugs/cellminercdb/CARBOXYAMIDOTRIAZOLE_cellminercdb.html' target='_blank'>details</a>"
"2022","OLMESARTAN","[OLMESARTAN]",NA,NA,2,"OLMESARTAN_cellminercdb.html","<a href='https://discovery.nci.nih.gov/drugs/cellminercdb/OLMESARTAN_cellminercdb.html' target='_blank'>details</a>"
"2023","PRP01-012","[PRP01-012]",NA,NA,2,"PRP01-012_cellminercdb.html","<a href='https://discovery.nci.nih.gov/drugs/cellminercdb/PRP01-012_cellminercdb.html' target='_blank'>details</a>"
"2024","BIX-02188","[NCGC00346543, BIX-02188]",NA,NA,3,"BIX-02188_cellminercdb.html","<a href='https://discovery.nci.nih.gov/drugs/cellminercdb/BIX-02188_cellminercdb.html' target='_blank'>details</a>"
"2025","LY-2811376","[LY-2811376]",NA,NA,2,"LY-2811376_cellminercdb.html","<a href='https://discovery.nci.nih.gov/drugs/cellminercdb/LY-2811376_cellminercdb.html' target='_blank'>details</a>"
"2026","APRATASTAT","[APRATASTAT]",NA,NA,2,"APRATASTAT_cellminercdb.html","<a href='https://discovery.nci.nih.gov/drugs/cellminercdb/APRATASTAT_cellminercdb.html' target='_blank'>details</a>"
"2027","WP1066","[WP-1066, WP 1066, WP1066]",NA,NA,3,"WP1066_cellminercdb.html","<a href='https://discovery.nci.nih.gov/drugs/cellminercdb/WP1066_cellminercdb.html' target='_blank'>details</a>"
"2028","VX-222","[VX-222, LOMIBUVIR]",NA,NA,2,"VX-222_cellminercdb.html","<a href='https://discovery.nci.nih.gov/drugs/cellminercdb/VX-222_cellminercdb.html' target='_blank'>details</a>"
"2029","ASENAPINE","[ASENAPINE]",NA,NA,2,"ASENAPINE_cellminercdb.html","<a href='https://discovery.nci.nih.gov/drugs/cellminercdb/ASENAPINE_cellminercdb.html' target='_blank'>details</a>"
"2030","TESTOSTERONE PROPIONATE","[TESTOSTERONE PROPIONATE]",NA,NA,2,"TESTOSTERONE_PROPIONATE_cellminercdb.html","<a href='https://discovery.nci.nih.gov/drugs/cellminercdb/TESTOSTERONE_PROPIONATE_cellminercdb.html' target='_blank'>details</a>"
"2031","AG-1478","[TYRPHOSTIN, AG-1478, TYRPHOSTIN-AG-1478]",NA,NA,3,"AG-1478_cellminercdb.html","<a href='https://discovery.nci.nih.gov/drugs/cellminercdb/AG-1478_cellminercdb.html' target='_blank'>details</a>"
"2032","YK-72","[YK-72]",NA,NA,2,"YK-72_cellminercdb.html","<a href='https://discovery.nci.nih.gov/drugs/cellminercdb/YK-72_cellminercdb.html' target='_blank'>details</a>"
"2033","LUBIPROSTONE","[LUBIPROSTONE]",NA,NA,2,"LUBIPROSTONE_cellminercdb.html","<a href='https://discovery.nci.nih.gov/drugs/cellminercdb/LUBIPROSTONE_cellminercdb.html' target='_blank'>details</a>"
"2034","NAFTOPIDIL","[NAFTOPIDIL DIHYDROCHLORIDE, NAFTOPIDIL]",NA,NA,2,"NAFTOPIDIL_cellminercdb.html","<a href='https://discovery.nci.nih.gov/drugs/cellminercdb/NAFTOPIDIL_cellminercdb.html' target='_blank'>details</a>"
"2035","RO 28-0450","[RO 28-0450]",NA,NA,2,"RO_28-0450_cellminercdb.html","<a href='https://discovery.nci.nih.gov/drugs/cellminercdb/RO_28-0450_cellminercdb.html' target='_blank'>details</a>"
"2036","PIOGLITAZONE HYDROCHLORIDE","[PIOGLITAZONE HYDROCHLORIDE]",NA,NA,2,"PIOGLITAZONE_HYDROCHLORIDE_cellminercdb.html","<a href='https://discovery.nci.nih.gov/drugs/cellminercdb/PIOGLITAZONE_HYDROCHLORIDE_cellminercdb.html' target='_blank'>details</a>"
"2037","TELAPREVIR","[TELAPREVIR (VX-950), TELAPREVIR]",NA,NA,2,"TELAPREVIR_cellminercdb.html","<a href='https://discovery.nci.nih.gov/drugs/cellminercdb/TELAPREVIR_cellminercdb.html' target='_blank'>details</a>"
"2038","SPC-839","[SPC-839]",NA,NA,2,"SPC-839_cellminercdb.html","<a href='https://discovery.nci.nih.gov/drugs/cellminercdb/SPC-839_cellminercdb.html' target='_blank'>details</a>"
"2039","MIGLITOL","[MIGLITOL]",NA,NA,2,"MIGLITOL_cellminercdb.html","<a href='https://discovery.nci.nih.gov/drugs/cellminercdb/MIGLITOL_cellminercdb.html' target='_blank'>details</a>"
"2040","TAURINE","[TAURINE]",NA,NA,3,"TAURINE_cellminercdb.html","<a href='https://discovery.nci.nih.gov/drugs/cellminercdb/TAURINE_cellminercdb.html' target='_blank'>details</a>"
"2041","NCGC00408930","[NCGC00408930]",NA,NA,2,"NCGC00408930_cellminercdb.html","<a href='https://discovery.nci.nih.gov/drugs/cellminercdb/NCGC00408930_cellminercdb.html' target='_blank'>details</a>"
"2042","FASN MRK","[FASN MRK]",NA,NA,2,"FASN_MRK_cellminercdb.html","<a href='https://discovery.nci.nih.gov/drugs/cellminercdb/FASN_MRK_cellminercdb.html' target='_blank'>details</a>"
"2043","RITODRINE","[RITODRINE, RITODRINE HYDROCHLORIDE]",NA,NA,3,"RITODRINE_cellminercdb.html","<a href='https://discovery.nci.nih.gov/drugs/cellminercdb/RITODRINE_cellminercdb.html' target='_blank'>details</a>"
"2044","umbralisib","[UMBRALISIB, CS-5243, TGR1202, TGR-1202, 800405]",NA,"FDA approved",4,"umbralisib_cellminercdb.html","<a href='https://discovery.nci.nih.gov/drugs/cellminercdb/umbralisib_cellminercdb.html' target='_blank'>details</a>"
"2045",NA,"[RGB-286638, NA, 800866]",NA,NA,3,"NA_cellminercdb.html","<a href='https://discovery.nci.nih.gov/drugs/cellminercdb/NA_cellminercdb.html' target='_blank'>details</a>"
"2046","YM-511","[YM-511]",NA,NA,2,"YM-511_cellminercdb.html","<a href='https://discovery.nci.nih.gov/drugs/cellminercdb/YM-511_cellminercdb.html' target='_blank'>details</a>"
"2047","NAQUOTINIB","[NAQUOTINIB, NAQUOTINIB MESYLATE]",NA,NA,2,"NAQUOTINIB_cellminercdb.html","<a href='https://discovery.nci.nih.gov/drugs/cellminercdb/NAQUOTINIB_cellminercdb.html' target='_blank'>details</a>"
"2048","BAG-956","[BAG-956]",NA,NA,2,"BAG-956_cellminercdb.html","<a href='https://discovery.nci.nih.gov/drugs/cellminercdb/BAG-956_cellminercdb.html' target='_blank'>details</a>"
"2049","BMS-833923","[BMS-833923, 781469]","SMO","Clinical trial",3,"BMS-833923_cellminercdb.html","<a href='https://discovery.nci.nih.gov/drugs/cellminercdb/BMS-833923_cellminercdb.html' target='_blank'>details</a>"
"2050","ACOLBIFENE","[ACOLBIFENE]",NA,NA,2,"ACOLBIFENE_cellminercdb.html","<a href='https://discovery.nci.nih.gov/drugs/cellminercdb/ACOLBIFENE_cellminercdb.html' target='_blank'>details</a>"
"2051","SL-327","[SL-327]",NA,NA,2,"SL-327_cellminercdb.html","<a href='https://discovery.nci.nih.gov/drugs/cellminercdb/SL-327_cellminercdb.html' target='_blank'>details</a>"
"2052","IPRIFLAVONE","[IPRIFLAVONE]",NA,NA,2,"IPRIFLAVONE_cellminercdb.html","<a href='https://discovery.nci.nih.gov/drugs/cellminercdb/IPRIFLAVONE_cellminercdb.html' target='_blank'>details</a>"
"2053","EPZ004777","[EPZ004777]",NA,NA,3,"EPZ004777_cellminercdb.html","<a href='https://discovery.nci.nih.gov/drugs/cellminercdb/EPZ004777_cellminercdb.html' target='_blank'>details</a>"
"2054","EAI045","[EAI045]",NA,NA,2,"EAI045_cellminercdb.html","<a href='https://discovery.nci.nih.gov/drugs/cellminercdb/EAI045_cellminercdb.html' target='_blank'>details</a>"
"2055","PD-166793","[PD-166793]",NA,NA,2,"PD-166793_cellminercdb.html","<a href='https://discovery.nci.nih.gov/drugs/cellminercdb/PD-166793_cellminercdb.html' target='_blank'>details</a>"
"2056","METHACYCLINE HYDROCHLORIDE","[METHACYCLINE HYDROCHLORIDE]",NA,NA,3,"METHACYCLINE_HYDROCHLORIDE_cellminercdb.html","<a href='https://discovery.nci.nih.gov/drugs/cellminercdb/METHACYCLINE_HYDROCHLORIDE_cellminercdb.html' target='_blank'>details</a>"
"2057","SMI-4A","[SMI-4A]",NA,NA,3,"SMI-4A_cellminercdb.html","<a href='https://discovery.nci.nih.gov/drugs/cellminercdb/SMI-4A_cellminercdb.html' target='_blank'>details</a>"
"2058","PNU-120596","[PNU-120596]",NA,NA,2,"PNU-120596_cellminercdb.html","<a href='https://discovery.nci.nih.gov/drugs/cellminercdb/PNU-120596_cellminercdb.html' target='_blank'>details</a>"
"2059","WEHI-345","[WEHI-345]",NA,NA,2,"WEHI-345_cellminercdb.html","<a href='https://discovery.nci.nih.gov/drugs/cellminercdb/WEHI-345_cellminercdb.html' target='_blank'>details</a>"
"2060","CILOSTAZOL","[CILOSTAZOL]",NA,NA,2,"CILOSTAZOL_cellminercdb.html","<a href='https://discovery.nci.nih.gov/drugs/cellminercdb/CILOSTAZOL_cellminercdb.html' target='_blank'>details</a>"
"2061","BAYER-18","[BAYER-18]",NA,NA,2,"BAYER-18_cellminercdb.html","<a href='https://discovery.nci.nih.gov/drugs/cellminercdb/BAYER-18_cellminercdb.html' target='_blank'>details</a>"
"2062","PF-CBP1","[PF-CBP1]",NA,NA,2,"PF-CBP1_cellminercdb.html","<a href='https://discovery.nci.nih.gov/drugs/cellminercdb/PF-CBP1_cellminercdb.html' target='_blank'>details</a>"
"2063","BMS-3","[BMS-3]",NA,NA,2,"BMS-3_cellminercdb.html","<a href='https://discovery.nci.nih.gov/drugs/cellminercdb/BMS-3_cellminercdb.html' target='_blank'>details</a>"
"2064","MARIMASTAT","[MARIMASTAT]",NA,NA,3,"MARIMASTAT_cellminercdb.html","<a href='https://discovery.nci.nih.gov/drugs/cellminercdb/MARIMASTAT_cellminercdb.html' target='_blank'>details</a>"
"2065","SETANAXIB","[GKT-137831, SETANAXIB]",NA,NA,2,"SETANAXIB_cellminercdb.html","<a href='https://discovery.nci.nih.gov/drugs/cellminercdb/SETANAXIB_cellminercdb.html' target='_blank'>details</a>"
"2066","TIDEGLUSIB","[TIDEGLUSIB]",NA,NA,3,"TIDEGLUSIB_cellminercdb.html","<a href='https://discovery.nci.nih.gov/drugs/cellminercdb/TIDEGLUSIB_cellminercdb.html' target='_blank'>details</a>"
"2067","BILOBALIDE","[BILOBALIDE]",NA,NA,2,"BILOBALIDE_cellminercdb.html","<a href='https://discovery.nci.nih.gov/drugs/cellminercdb/BILOBALIDE_cellminercdb.html' target='_blank'>details</a>"
"2068","20-HYDROXYECDYSONE","[20-HYDROXYECDYSONE]",NA,NA,2,"20-HYDROXYECDYSONE_cellminercdb.html","<a href='https://discovery.nci.nih.gov/drugs/cellminercdb/20-HYDROXYECDYSONE_cellminercdb.html' target='_blank'>details</a>"
"2069","OCTOCRYLENE","[2-ETHYLHEXYL-2-CYANO-3,3-DIPHENYLACRYLATE, OCTOCRYLENE]",NA,NA,2,"OCTOCRYLENE_cellminercdb.html","<a href='https://discovery.nci.nih.gov/drugs/cellminercdb/OCTOCRYLENE_cellminercdb.html' target='_blank'>details</a>"
"2070","MINOCYCLINE","[MINOCYCLINE, MINOCYCLINE HYDROCHLORIDE]",NA,NA,3,"MINOCYCLINE_cellminercdb.html","<a href='https://discovery.nci.nih.gov/drugs/cellminercdb/MINOCYCLINE_cellminercdb.html' target='_blank'>details</a>"
"2071","J113397","[J113397, J-113397]",NA,NA,2,"J113397_cellminercdb.html","<a href='https://discovery.nci.nih.gov/drugs/cellminercdb/J113397_cellminercdb.html' target='_blank'>details</a>"
"2072","AC-SAH-P53-8","[AC-SAH-P53-8]",NA,NA,2,"AC-SAH-P53-8_cellminercdb.html","<a href='https://discovery.nci.nih.gov/drugs/cellminercdb/AC-SAH-P53-8_cellminercdb.html' target='_blank'>details</a>"
"2073","ADERBASIB","[ADERBASIB]",NA,NA,2,"ADERBASIB_cellminercdb.html","<a href='https://discovery.nci.nih.gov/drugs/cellminercdb/ADERBASIB_cellminercdb.html' target='_blank'>details</a>"
"2074","MI-2","[MI-2]",NA,NA,2,"MI-2_cellminercdb.html","<a href='https://discovery.nci.nih.gov/drugs/cellminercdb/MI-2_cellminercdb.html' target='_blank'>details</a>"
"2075","GW842166","[GW842166, GW-842166]",NA,NA,3,"GW842166_cellminercdb.html","<a href='https://discovery.nci.nih.gov/drugs/cellminercdb/GW842166_cellminercdb.html' target='_blank'>details</a>"
"2076","LY-3314814","[LY-3314814]",NA,NA,2,"LY-3314814_cellminercdb.html","<a href='https://discovery.nci.nih.gov/drugs/cellminercdb/LY-3314814_cellminercdb.html' target='_blank'>details</a>"
"2077","MEMANTINE","[MEMANTINE HYDROCHLORIDE, MEMANTINE]",NA,NA,2,"MEMANTINE_cellminercdb.html","<a href='https://discovery.nci.nih.gov/drugs/cellminercdb/MEMANTINE_cellminercdb.html' target='_blank'>details</a>"
"2078","ERASTIN","[ERASTIN]",NA,NA,3,"ERASTIN_cellminercdb.html","<a href='https://discovery.nci.nih.gov/drugs/cellminercdb/ERASTIN_cellminercdb.html' target='_blank'>details</a>"
"2079","BUTYLSCOPOLAMINE BROMIDE","[BUTYLSCOPOLAMINE BROMIDE, HYOSCINE N-BUTYL BROMIDE, BUTYLSCOPOLAMINE-BROMIDE]",NA,NA,3,"BUTYLSCOPOLAMINE_BROMIDE_cellminercdb.html","<a href='https://discovery.nci.nih.gov/drugs/cellminercdb/BUTYLSCOPOLAMINE_BROMIDE_cellminercdb.html' target='_blank'>details</a>"
"2080","GSK1292263","[GSK-1292263A, GSK-1292263, GSK1292263]",NA,NA,3,"GSK1292263_cellminercdb.html","<a href='https://discovery.nci.nih.gov/drugs/cellminercdb/GSK1292263_cellminercdb.html' target='_blank'>details</a>"
"2081","ONDANSETRON","[ONDANSETRON HYDROCHLORIDE, ONDANSETRON]",NA,NA,2,"ONDANSETRON_cellminercdb.html","<a href='https://discovery.nci.nih.gov/drugs/cellminercdb/ONDANSETRON_cellminercdb.html' target='_blank'>details</a>"
"2082","PTC-124","[PTC-124, ATALUREN]",NA,NA,2,"PTC-124_cellminercdb.html","<a href='https://discovery.nci.nih.gov/drugs/cellminercdb/PTC-124_cellminercdb.html' target='_blank'>details</a>"
"2083","SODIUM DANSHENSU","[SODIUM DANSHENSU]",NA,NA,2,"SODIUM_DANSHENSU_cellminercdb.html","<a href='https://discovery.nci.nih.gov/drugs/cellminercdb/SODIUM_DANSHENSU_cellminercdb.html' target='_blank'>details</a>"
"2084","MYCOPHENOLATE MOFETIL","[MYCOPHENOLATE MOFETIL HYDROCHLORIDE, MYCOPHENOLATE MOFETIL, MYCOPHENOLATE-MOFETIL]",NA,NA,3,"MYCOPHENOLATE_MOFETIL_cellminercdb.html","<a href='https://discovery.nci.nih.gov/drugs/cellminercdb/MYCOPHENOLATE_MOFETIL_cellminercdb.html' target='_blank'>details</a>"
"2085","MPT-0B098","[MPT-0B098]",NA,NA,2,"MPT-0B098_cellminercdb.html","<a href='https://discovery.nci.nih.gov/drugs/cellminercdb/MPT-0B098_cellminercdb.html' target='_blank'>details</a>"
"2086","LOPINAVIR","[LOPINAVIR]",NA,NA,2,"LOPINAVIR_cellminercdb.html","<a href='https://discovery.nci.nih.gov/drugs/cellminercdb/LOPINAVIR_cellminercdb.html' target='_blank'>details</a>"
"2087","IDH-001","[IDH-001]",NA,NA,2,"IDH-001_cellminercdb.html","<a href='https://discovery.nci.nih.gov/drugs/cellminercdb/IDH-001_cellminercdb.html' target='_blank'>details</a>"
"2088","RONICICLIB","[RONICICLIB]",NA,NA,2,"RONICICLIB_cellminercdb.html","<a href='https://discovery.nci.nih.gov/drugs/cellminercdb/RONICICLIB_cellminercdb.html' target='_blank'>details</a>"
"2089","FAMOTIDINE","[FAMOTIDINE]",NA,NA,3,"FAMOTIDINE_cellminercdb.html","<a href='https://discovery.nci.nih.gov/drugs/cellminercdb/FAMOTIDINE_cellminercdb.html' target='_blank'>details</a>"
"2090","MOMETASONE FUROATE","[MOMETASONE FUROATE]",NA,NA,2,"MOMETASONE_FUROATE_cellminercdb.html","<a href='https://discovery.nci.nih.gov/drugs/cellminercdb/MOMETASONE_FUROATE_cellminercdb.html' target='_blank'>details</a>"
"2091","PEFICITINIB","[PEFICITINIB HYDROBROMIDE, PEFICITINIB]",NA,NA,2,"PEFICITINIB_cellminercdb.html","<a href='https://discovery.nci.nih.gov/drugs/cellminercdb/PEFICITINIB_cellminercdb.html' target='_blank'>details</a>"
"2092","CASIN","[CASIN]",NA,NA,2,"CASIN_cellminercdb.html","<a href='https://discovery.nci.nih.gov/drugs/cellminercdb/CASIN_cellminercdb.html' target='_blank'>details</a>"
"2093","SILODOSIN","[SILODOSIN]",NA,NA,2,"SILODOSIN_cellminercdb.html","<a href='https://discovery.nci.nih.gov/drugs/cellminercdb/SILODOSIN_cellminercdb.html' target='_blank'>details</a>"
"2094","AMG PERK 44","[AMG PERK 44]",NA,NA,2,"AMG_PERK_44_cellminercdb.html","<a href='https://discovery.nci.nih.gov/drugs/cellminercdb/AMG_PERK_44_cellminercdb.html' target='_blank'>details</a>"
"2095","LEVODOPA","[L-3,4-DIHYDROXYPHENYLALANINE, LEVODOPA]",NA,NA,2,"LEVODOPA_cellminercdb.html","<a href='https://discovery.nci.nih.gov/drugs/cellminercdb/LEVODOPA_cellminercdb.html' target='_blank'>details</a>"
"2096","DEGUELIN","[DEGUELIN]",NA,NA,2,"DEGUELIN_cellminercdb.html","<a href='https://discovery.nci.nih.gov/drugs/cellminercdb/DEGUELIN_cellminercdb.html' target='_blank'>details</a>"
"2097","IOX-1","[IOX-1]",NA,NA,2,"IOX-1_cellminercdb.html","<a href='https://discovery.nci.nih.gov/drugs/cellminercdb/IOX-1_cellminercdb.html' target='_blank'>details</a>"
"2098","TERAZOSIN HYDROCHLORIDE","[TERAZOSIN HYDROCHLORIDE]",NA,NA,2,"TERAZOSIN_HYDROCHLORIDE_cellminercdb.html","<a href='https://discovery.nci.nih.gov/drugs/cellminercdb/TERAZOSIN_HYDROCHLORIDE_cellminercdb.html' target='_blank'>details</a>"
"2099","PRAVADOLINE","[PRAVADOLINE]",NA,NA,2,"PRAVADOLINE_cellminercdb.html","<a href='https://discovery.nci.nih.gov/drugs/cellminercdb/PRAVADOLINE_cellminercdb.html' target='_blank'>details</a>"
"2100","ETORICOXIB","[ETORICOXIB]",NA,NA,2,"ETORICOXIB_cellminercdb.html","<a href='https://discovery.nci.nih.gov/drugs/cellminercdb/ETORICOXIB_cellminercdb.html' target='_blank'>details</a>"
"2101","RABEPRAZOLE","[DEXRABEPRAZOLE, RABEPRAZOLE]",NA,NA,3,"RABEPRAZOLE_cellminercdb.html","<a href='https://discovery.nci.nih.gov/drugs/cellminercdb/RABEPRAZOLE_cellminercdb.html' target='_blank'>details</a>"
"2102","GSK319347A","[IKK-3 INHIBITOR IX, GSK319347A]",NA,NA,3,"GSK319347A_cellminercdb.html","<a href='https://discovery.nci.nih.gov/drugs/cellminercdb/GSK319347A_cellminercdb.html' target='_blank'>details</a>"
"2103","LY-2365109 HYDROCHLORIDE","[LY-2365109 HYDROCHLORIDE]",NA,NA,2,"LY-2365109_HYDROCHLORIDE_cellminercdb.html","<a href='https://discovery.nci.nih.gov/drugs/cellminercdb/LY-2365109_HYDROCHLORIDE_cellminercdb.html' target='_blank'>details</a>"
"2104","CARBIDOPA","[CARBIDOPA]",NA,NA,2,"CARBIDOPA_cellminercdb.html","<a href='https://discovery.nci.nih.gov/drugs/cellminercdb/CARBIDOPA_cellminercdb.html' target='_blank'>details</a>"
"2105",NA,"[IMD-0354, NA, 800773]",NA,NA,4,"NA_cellminercdb.html","<a href='https://discovery.nci.nih.gov/drugs/cellminercdb/NA_cellminercdb.html' target='_blank'>details</a>"
"2106","DOFEQUIDAR","[DOFEQUIDAR]",NA,NA,2,"DOFEQUIDAR_cellminercdb.html","<a href='https://discovery.nci.nih.gov/drugs/cellminercdb/DOFEQUIDAR_cellminercdb.html' target='_blank'>details</a>"
"2107","AMISULPRIDE","[AMISULPRIDE]",NA,NA,3,"AMISULPRIDE_cellminercdb.html","<a href='https://discovery.nci.nih.gov/drugs/cellminercdb/AMISULPRIDE_cellminercdb.html' target='_blank'>details</a>"
"2108","gw768505a","[GW768505A, , GW768505A, 756332]",NA,NA,3,"gw768505a_cellminercdb.html","<a href='https://discovery.nci.nih.gov/drugs/cellminercdb/gw768505a_cellminercdb.html' target='_blank'>details</a>"
"2109","ACC1 BMS","[ACC1 BMS]",NA,NA,2,"ACC1_BMS_cellminercdb.html","<a href='https://discovery.nci.nih.gov/drugs/cellminercdb/ACC1_BMS_cellminercdb.html' target='_blank'>details</a>"
"2110","WHI-P154","[WHI-P154]",NA,NA,3,"WHI-P154_cellminercdb.html","<a href='https://discovery.nci.nih.gov/drugs/cellminercdb/WHI-P154_cellminercdb.html' target='_blank'>details</a>"
"2111","VU0661013","[VU0661013]",NA,NA,2,"VU0661013_cellminercdb.html","<a href='https://discovery.nci.nih.gov/drugs/cellminercdb/VU0661013_cellminercdb.html' target='_blank'>details</a>"
"2112","BQU-57","[BQU-57]",NA,NA,2,"BQU-57_cellminercdb.html","<a href='https://discovery.nci.nih.gov/drugs/cellminercdb/BQU-57_cellminercdb.html' target='_blank'>details</a>"
"2113","ensartinib","[ENSARTINIB, X-396, A-6020, X396, 793150]","PK:ALK","Clinical trial",4,"ensartinib_cellminercdb.html","<a href='https://discovery.nci.nih.gov/drugs/cellminercdb/ensartinib_cellminercdb.html' target='_blank'>details</a>"
"2114","IPFK2","[IPFK2]",NA,NA,2,"IPFK2_cellminercdb.html","<a href='https://discovery.nci.nih.gov/drugs/cellminercdb/IPFK2_cellminercdb.html' target='_blank'>details</a>"
"2115","DESONIDE","[DESONIDE]",NA,NA,3,"DESONIDE_cellminercdb.html","<a href='https://discovery.nci.nih.gov/drugs/cellminercdb/DESONIDE_cellminercdb.html' target='_blank'>details</a>"
"2116","ACY-738","[ACY-738]",NA,NA,2,"ACY-738_cellminercdb.html","<a href='https://discovery.nci.nih.gov/drugs/cellminercdb/ACY-738_cellminercdb.html' target='_blank'>details</a>"
"2117","LONIDAMINE","[LONIDAMINE]",NA,NA,2,"LONIDAMINE_cellminercdb.html","<a href='https://discovery.nci.nih.gov/drugs/cellminercdb/LONIDAMINE_cellminercdb.html' target='_blank'>details</a>"
"2118","GINKGOLIDE B","[GINKGOLIDE B]",NA,NA,2,"GINKGOLIDE_B_cellminercdb.html","<a href='https://discovery.nci.nih.gov/drugs/cellminercdb/GINKGOLIDE_B_cellminercdb.html' target='_blank'>details</a>"
"2119","NVS-PAK1-1","[NVS-PAK1-1]",NA,NA,2,"NVS-PAK1-1_cellminercdb.html","<a href='https://discovery.nci.nih.gov/drugs/cellminercdb/NVS-PAK1-1_cellminercdb.html' target='_blank'>details</a>"
"2120","EOS-200271","[EOS-200271, PF-06840003]",NA,NA,2,"EOS-200271_cellminercdb.html","<a href='https://discovery.nci.nih.gov/drugs/cellminercdb/EOS-200271_cellminercdb.html' target='_blank'>details</a>"
"2121","FLUPHENAZINE HYDROCHLORIDE","[FLUPHENAZINE DIHYDROCHLORIDE, FLUPHENAZINE HYDROCHLORIDE]",NA,NA,2,"FLUPHENAZINE_HYDROCHLORIDE_cellminercdb.html","<a href='https://discovery.nci.nih.gov/drugs/cellminercdb/FLUPHENAZINE_HYDROCHLORIDE_cellminercdb.html' target='_blank'>details</a>"
"2122","ETODOLAC","[ETODOLAC]",NA,NA,2,"ETODOLAC_cellminercdb.html","<a href='https://discovery.nci.nih.gov/drugs/cellminercdb/ETODOLAC_cellminercdb.html' target='_blank'>details</a>"
"2123","DRONEDARONE","[DRONEDARONE HYDROCHLORIDE, DRONEDARONE]",NA,NA,3,"DRONEDARONE_cellminercdb.html","<a href='https://discovery.nci.nih.gov/drugs/cellminercdb/DRONEDARONE_cellminercdb.html' target='_blank'>details</a>"
"2124","OTILONIUM BROMIDE","[OTILONIUM BROMIDE]",NA,NA,2,"OTILONIUM_BROMIDE_cellminercdb.html","<a href='https://discovery.nci.nih.gov/drugs/cellminercdb/OTILONIUM_BROMIDE_cellminercdb.html' target='_blank'>details</a>"
"2125","SJ 172550","[SJ 172550, SJ-172550]",NA,NA,2,"SJ_172550_cellminercdb.html","<a href='https://discovery.nci.nih.gov/drugs/cellminercdb/SJ_172550_cellminercdb.html' target='_blank'>details</a>"
"2126","ARGATROBAN","[ARGATROBAN MONOHYDRATE, ARGATROBAN]",NA,NA,2,"ARGATROBAN_cellminercdb.html","<a href='https://discovery.nci.nih.gov/drugs/cellminercdb/ARGATROBAN_cellminercdb.html' target='_blank'>details</a>"
"2127","GW9508","[GW-9508, GW9508]",NA,NA,2,"GW9508_cellminercdb.html","<a href='https://discovery.nci.nih.gov/drugs/cellminercdb/GW9508_cellminercdb.html' target='_blank'>details</a>"
"2128","VER-82576","[VER-82576]",NA,NA,2,"VER-82576_cellminercdb.html","<a href='https://discovery.nci.nih.gov/drugs/cellminercdb/VER-82576_cellminercdb.html' target='_blank'>details</a>"
"2129","ISOLIQUIRITIGENIN","[2',4,4'-TRIHYDROXYCHALCONE, ISOLIQUIRITIGENIN]",NA,NA,2,"ISOLIQUIRITIGENIN_cellminercdb.html","<a href='https://discovery.nci.nih.gov/drugs/cellminercdb/ISOLIQUIRITIGENIN_cellminercdb.html' target='_blank'>details</a>"
"2130","TRAVOPROST","[TRAVOPROST]",NA,NA,2,"TRAVOPROST_cellminercdb.html","<a href='https://discovery.nci.nih.gov/drugs/cellminercdb/TRAVOPROST_cellminercdb.html' target='_blank'>details</a>"
"2131","HMSL10038","[HMSL10038]",NA,NA,2,"HMSL10038_cellminercdb.html","<a href='https://discovery.nci.nih.gov/drugs/cellminercdb/HMSL10038_cellminercdb.html' target='_blank'>details</a>"
"2132","CARBAZOCHROME SODIUM SULFONATE","[CARBAZOCHROME SODIUM SULFONATE]",NA,NA,2,"CARBAZOCHROME_SODIUM_SULFONATE_cellminercdb.html","<a href='https://discovery.nci.nih.gov/drugs/cellminercdb/CARBAZOCHROME_SODIUM_SULFONATE_cellminercdb.html' target='_blank'>details</a>"
"2133","WYE-125132","[WYE-125132]",NA,NA,4,"WYE-125132_cellminercdb.html","<a href='https://discovery.nci.nih.gov/drugs/cellminercdb/WYE-125132_cellminercdb.html' target='_blank'>details</a>"
"2134","MK-8245","[MK-8245]",NA,NA,3,"MK-8245_cellminercdb.html","<a href='https://discovery.nci.nih.gov/drugs/cellminercdb/MK-8245_cellminercdb.html' target='_blank'>details</a>"
"2135","MECLINERTANT","[MECLINERTANT]",NA,NA,2,"MECLINERTANT_cellminercdb.html","<a href='https://discovery.nci.nih.gov/drugs/cellminercdb/MECLINERTANT_cellminercdb.html' target='_blank'>details</a>"
"2136","ZEBULARINE","[ZEBULARINE]",NA,NA,2,"ZEBULARINE_cellminercdb.html","<a href='https://discovery.nci.nih.gov/drugs/cellminercdb/ZEBULARINE_cellminercdb.html' target='_blank'>details</a>"
"2137","METRONIDAZOLE","[METRONIDAZOLE (FLAGYL), METRONIDAZOLE]",NA,NA,3,"METRONIDAZOLE_cellminercdb.html","<a href='https://discovery.nci.nih.gov/drugs/cellminercdb/METRONIDAZOLE_cellminercdb.html' target='_blank'>details</a>"
"2138","MITAPIVAT","[MITAPIVAT]",NA,NA,2,"MITAPIVAT_cellminercdb.html","<a href='https://discovery.nci.nih.gov/drugs/cellminercdb/MITAPIVAT_cellminercdb.html' target='_blank'>details</a>"
"2139","EPZ-031686","[EPZ-031686, 804862]","SMYD3","Clinical trial",3,"EPZ-031686_cellminercdb.html","<a href='https://discovery.nci.nih.gov/drugs/cellminercdb/EPZ-031686_cellminercdb.html' target='_blank'>details</a>"
"2140","LEUCOVORIN","[(6R)-FOLINIC ACID, LEUCOVORIN]",NA,NA,3,"LEUCOVORIN_cellminercdb.html","<a href='https://discovery.nci.nih.gov/drugs/cellminercdb/LEUCOVORIN_cellminercdb.html' target='_blank'>details</a>"
"2141","A 740003","[A 740003]",NA,NA,2,"A_740003_cellminercdb.html","<a href='https://discovery.nci.nih.gov/drugs/cellminercdb/A_740003_cellminercdb.html' target='_blank'>details</a>"
"2142","RO495","[RO495]",NA,NA,2,"RO495_cellminercdb.html","<a href='https://discovery.nci.nih.gov/drugs/cellminercdb/RO495_cellminercdb.html' target='_blank'>details</a>"
"2143","SECIN H3","[SECIN H3]",NA,NA,2,"SECIN_H3_cellminercdb.html","<a href='https://discovery.nci.nih.gov/drugs/cellminercdb/SECIN_H3_cellminercdb.html' target='_blank'>details</a>"
"2144","GNE-495","[GNE-495]",NA,NA,2,"GNE-495_cellminercdb.html","<a href='https://discovery.nci.nih.gov/drugs/cellminercdb/GNE-495_cellminercdb.html' target='_blank'>details</a>"
"2145","CCT251236","[CCT251236]",NA,NA,2,"CCT251236_cellminercdb.html","<a href='https://discovery.nci.nih.gov/drugs/cellminercdb/CCT251236_cellminercdb.html' target='_blank'>details</a>"
"2146","POMAGLUMETAD METHIONIL","[POMAGLUMETAD METHIONIL]",NA,NA,2,"POMAGLUMETAD_METHIONIL_cellminercdb.html","<a href='https://discovery.nci.nih.gov/drugs/cellminercdb/POMAGLUMETAD_METHIONIL_cellminercdb.html' target='_blank'>details</a>"
"2147","PIMOBENDAN","[PIMOBENDAN]",NA,NA,2,"PIMOBENDAN_cellminercdb.html","<a href='https://discovery.nci.nih.gov/drugs/cellminercdb/PIMOBENDAN_cellminercdb.html' target='_blank'>details</a>"
"2148","REPSOX","[GW786460X, REPSOX]",NA,NA,3,"REPSOX_cellminercdb.html","<a href='https://discovery.nci.nih.gov/drugs/cellminercdb/REPSOX_cellminercdb.html' target='_blank'>details</a>"
"2149","GSK343","[GSK-343, GSK343]",NA,NA,3,"GSK343_cellminercdb.html","<a href='https://discovery.nci.nih.gov/drugs/cellminercdb/GSK343_cellminercdb.html' target='_blank'>details</a>"
"2150","RETASPIMYCIN","[RETASPIMYCIN, RETASPIMYCIN HYDROCHLORIDE]",NA,NA,2,"RETASPIMYCIN_cellminercdb.html","<a href='https://discovery.nci.nih.gov/drugs/cellminercdb/RETASPIMYCIN_cellminercdb.html' target='_blank'>details</a>"
"2151","CAY-10626","[CAY-10626]",NA,NA,2,"CAY-10626_cellminercdb.html","<a href='https://discovery.nci.nih.gov/drugs/cellminercdb/CAY-10626_cellminercdb.html' target='_blank'>details</a>"
"2152","EZETIMIBE","[EZETIMIBE]",NA,NA,2,"EZETIMIBE_cellminercdb.html","<a href='https://discovery.nci.nih.gov/drugs/cellminercdb/EZETIMIBE_cellminercdb.html' target='_blank'>details</a>"
"2153","GDC-0834 RACEMATE","[GDC-0834 RACEMATE]",NA,NA,2,"GDC-0834_RACEMATE_cellminercdb.html","<a href='https://discovery.nci.nih.gov/drugs/cellminercdb/GDC-0834_RACEMATE_cellminercdb.html' target='_blank'>details</a>"
"2154","TWS119","[TWS-119, TWS119]",NA,NA,4,"TWS119_cellminercdb.html","<a href='https://discovery.nci.nih.gov/drugs/cellminercdb/TWS119_cellminercdb.html' target='_blank'>details</a>"
"2155","CEFACLOR","[LORACARBEF, CEFACLOR]",NA,NA,2,"CEFACLOR_cellminercdb.html","<a href='https://discovery.nci.nih.gov/drugs/cellminercdb/CEFACLOR_cellminercdb.html' target='_blank'>details</a>"
"2156","QUINIDINE","[QUINIDINE]",NA,NA,3,"QUINIDINE_cellminercdb.html","<a href='https://discovery.nci.nih.gov/drugs/cellminercdb/QUINIDINE_cellminercdb.html' target='_blank'>details</a>"
"2157","ZANAMIVIR","[ZANAMIVIR TFA, ZANAMIVIR]",NA,NA,2,"ZANAMIVIR_cellminercdb.html","<a href='https://discovery.nci.nih.gov/drugs/cellminercdb/ZANAMIVIR_cellminercdb.html' target='_blank'>details</a>"
"2158","RAF-265 DERIVATIVE","[RAF-265 DERIVATIVE]",NA,NA,2,"RAF-265_DERIVATIVE_cellminercdb.html","<a href='https://discovery.nci.nih.gov/drugs/cellminercdb/RAF-265_DERIVATIVE_cellminercdb.html' target='_blank'>details</a>"
"2159","PF-184","[PF-184]",NA,NA,2,"PF-184_cellminercdb.html","<a href='https://discovery.nci.nih.gov/drugs/cellminercdb/PF-184_cellminercdb.html' target='_blank'>details</a>"
"2160","D-NMAPPD","[D-NMAPPD]",NA,NA,2,"D-NMAPPD_cellminercdb.html","<a href='https://discovery.nci.nih.gov/drugs/cellminercdb/D-NMAPPD_cellminercdb.html' target='_blank'>details</a>"
"2161","TERBINAFINE","[TERBINAFINE, TERBINAFINE HYDROCHLORIDE]",NA,NA,2,"TERBINAFINE_cellminercdb.html","<a href='https://discovery.nci.nih.gov/drugs/cellminercdb/TERBINAFINE_cellminercdb.html' target='_blank'>details</a>"
"2162","WIN-55212-2","[WIN-55212-2 MESYLATE, WIN-55212-2]",NA,NA,2,"WIN-55212-2_cellminercdb.html","<a href='https://discovery.nci.nih.gov/drugs/cellminercdb/WIN-55212-2_cellminercdb.html' target='_blank'>details</a>"
"2163","WYETH COT INHIBITOR 2","[WYETH COT INHIBITOR 2]",NA,NA,2,"WYETH_COT_INHIBITOR_2_cellminercdb.html","<a href='https://discovery.nci.nih.gov/drugs/cellminercdb/WYETH_COT_INHIBITOR_2_cellminercdb.html' target='_blank'>details</a>"
"2164","GO-6976","[GO-6976]",NA,NA,2,"GO-6976_cellminercdb.html","<a href='https://discovery.nci.nih.gov/drugs/cellminercdb/GO-6976_cellminercdb.html' target='_blank'>details</a>"
"2165","MUBRITINIB","[MUBRITINIB]",NA,NA,3,"MUBRITINIB_cellminercdb.html","<a href='https://discovery.nci.nih.gov/drugs/cellminercdb/MUBRITINIB_cellminercdb.html' target='_blank'>details</a>"
"2166","IBUTAMOREN MESYLATE","[IBUTAMOREN MESYLATE, IBUTAMOREN MESILATE]",NA,NA,2,"IBUTAMOREN_MESYLATE_cellminercdb.html","<a href='https://discovery.nci.nih.gov/drugs/cellminercdb/IBUTAMOREN_MESYLATE_cellminercdb.html' target='_blank'>details</a>"
"2167","PARECOXIB","[PARECOXIB SODIUM, PARECOXIB]",NA,NA,2,"PARECOXIB_cellminercdb.html","<a href='https://discovery.nci.nih.gov/drugs/cellminercdb/PARECOXIB_cellminercdb.html' target='_blank'>details</a>"
"2168","NMS-P118","[NMS-P118]",NA,NA,2,"NMS-P118_cellminercdb.html","<a href='https://discovery.nci.nih.gov/drugs/cellminercdb/NMS-P118_cellminercdb.html' target='_blank'>details</a>"
"2169","AR-C155858","[AR-C155858]",NA,NA,2,"AR-C155858_cellminercdb.html","<a href='https://discovery.nci.nih.gov/drugs/cellminercdb/AR-C155858_cellminercdb.html' target='_blank'>details</a>"
"2170","CC-885","[CC-885]",NA,NA,2,"CC-885_cellminercdb.html","<a href='https://discovery.nci.nih.gov/drugs/cellminercdb/CC-885_cellminercdb.html' target='_blank'>details</a>"
"2171","SULFAMETER","[SULFAMETER]",NA,NA,2,"SULFAMETER_cellminercdb.html","<a href='https://discovery.nci.nih.gov/drugs/cellminercdb/SULFAMETER_cellminercdb.html' target='_blank'>details</a>"
"2172","MANASSANTIN A","[MANASSANTIN A]",NA,NA,2,"MANASSANTIN_A_cellminercdb.html","<a href='https://discovery.nci.nih.gov/drugs/cellminercdb/MANASSANTIN_A_cellminercdb.html' target='_blank'>details</a>"
"2173","OTENABANT","[OTENABANT, CP-945,598]",NA,NA,3,"OTENABANT_cellminercdb.html","<a href='https://discovery.nci.nih.gov/drugs/cellminercdb/OTENABANT_cellminercdb.html' target='_blank'>details</a>"
"2174","17-HYDROXY WORTMANNIN","[17_-HYDROXY WORTMANNIN, 17-HYDROXY WORTMANNIN]",NA,NA,2,"17-HYDROXY_WORTMANNIN_cellminercdb.html","<a href='https://discovery.nci.nih.gov/drugs/cellminercdb/17-HYDROXY_WORTMANNIN_cellminercdb.html' target='_blank'>details</a>"
"2175","787253","[LY-3039478, CRENIGACESTAT, 787253]",NA,NA,2,"787253_cellminercdb.html","<a href='https://discovery.nci.nih.gov/drugs/cellminercdb/787253_cellminercdb.html' target='_blank'>details</a>"
"2176","BENSERAZIDE","[BENSERAZIDE]",NA,NA,2,"BENSERAZIDE_cellminercdb.html","<a href='https://discovery.nci.nih.gov/drugs/cellminercdb/BENSERAZIDE_cellminercdb.html' target='_blank'>details</a>"
"2177","AVADOMIDE","[AVADOMIDE]",NA,NA,2,"AVADOMIDE_cellminercdb.html","<a href='https://discovery.nci.nih.gov/drugs/cellminercdb/AVADOMIDE_cellminercdb.html' target='_blank'>details</a>"
"2178","AQX-MN-100","[AQX-MN-100]",NA,NA,2,"AQX-MN-100_cellminercdb.html","<a href='https://discovery.nci.nih.gov/drugs/cellminercdb/AQX-MN-100_cellminercdb.html' target='_blank'>details</a>"
"2179","CGS-21680","[CGS-21680]",NA,NA,2,"CGS-21680_cellminercdb.html","<a href='https://discovery.nci.nih.gov/drugs/cellminercdb/CGS-21680_cellminercdb.html' target='_blank'>details</a>"
"2180","RELUGOLIX","[RELUGOLIX]",NA,NA,2,"RELUGOLIX_cellminercdb.html","<a href='https://discovery.nci.nih.gov/drugs/cellminercdb/RELUGOLIX_cellminercdb.html' target='_blank'>details</a>"
"2181","ACETAMINOPHEN","[ACETAMINOPHEN]",NA,NA,2,"ACETAMINOPHEN_cellminercdb.html","<a href='https://discovery.nci.nih.gov/drugs/cellminercdb/ACETAMINOPHEN_cellminercdb.html' target='_blank'>details</a>"
"2182","EFAPROXIRAL","[EFAPROXIRAL SODIUM, EFAPROXIRAL]",NA,NA,2,"EFAPROXIRAL_cellminercdb.html","<a href='https://discovery.nci.nih.gov/drugs/cellminercdb/EFAPROXIRAL_cellminercdb.html' target='_blank'>details</a>"
"2183","OZANIMOD","[OZANIMOD]",NA,NA,2,"OZANIMOD_cellminercdb.html","<a href='https://discovery.nci.nih.gov/drugs/cellminercdb/OZANIMOD_cellminercdb.html' target='_blank'>details</a>"
"2184","OXTRIPHYLLINE","[THEOPHYLLINE GLYCINATE, OXTRIPHYLLINE, AMINOPHYLLINE]",NA,NA,3,"OXTRIPHYLLINE_cellminercdb.html","<a href='https://discovery.nci.nih.gov/drugs/cellminercdb/OXTRIPHYLLINE_cellminercdb.html' target='_blank'>details</a>"
"2185","AG-14361","[AG-14361]",NA,NA,3,"AG-14361_cellminercdb.html","<a href='https://discovery.nci.nih.gov/drugs/cellminercdb/AG-14361_cellminercdb.html' target='_blank'>details</a>"
"2186","SB-242235","[SB-242235]",NA,NA,3,"SB-242235_cellminercdb.html","<a href='https://discovery.nci.nih.gov/drugs/cellminercdb/SB-242235_cellminercdb.html' target='_blank'>details</a>"
"2187","GLIPIZIDE","[GLIPIZIDE]",NA,NA,2,"GLIPIZIDE_cellminercdb.html","<a href='https://discovery.nci.nih.gov/drugs/cellminercdb/GLIPIZIDE_cellminercdb.html' target='_blank'>details</a>"
"2188","ACAMPROSATE CALCIUM","[ACAMPROSATE CALCIUM]",NA,NA,2,"ACAMPROSATE_CALCIUM_cellminercdb.html","<a href='https://discovery.nci.nih.gov/drugs/cellminercdb/ACAMPROSATE_CALCIUM_cellminercdb.html' target='_blank'>details</a>"
"2189","ENOXACIN","[ENOXACIN]",NA,NA,2,"ENOXACIN_cellminercdb.html","<a href='https://discovery.nci.nih.gov/drugs/cellminercdb/ENOXACIN_cellminercdb.html' target='_blank'>details</a>"
"2190","VALACYCLOVIR HYDROCHLORIDE","[VALACYCLOVIR HYDROCHLORIDE]",NA,NA,2,"VALACYCLOVIR_HYDROCHLORIDE_cellminercdb.html","<a href='https://discovery.nci.nih.gov/drugs/cellminercdb/VALACYCLOVIR_HYDROCHLORIDE_cellminercdb.html' target='_blank'>details</a>"
"2191","PIZOTYLINE","[PIZOTYLINE]",NA,NA,2,"PIZOTYLINE_cellminercdb.html","<a href='https://discovery.nci.nih.gov/drugs/cellminercdb/PIZOTYLINE_cellminercdb.html' target='_blank'>details</a>"
"2192","SUMANIROLE","[SUMANIROLE MALEATE, SUMANIROLE]",NA,NA,2,"SUMANIROLE_cellminercdb.html","<a href='https://discovery.nci.nih.gov/drugs/cellminercdb/SUMANIROLE_cellminercdb.html' target='_blank'>details</a>"
"2193","SULFANILAMIDE","[SULFANILAMIDE]",NA,NA,3,"SULFANILAMIDE_cellminercdb.html","<a href='https://discovery.nci.nih.gov/drugs/cellminercdb/SULFANILAMIDE_cellminercdb.html' target='_blank'>details</a>"
"2194","SR-2211","[SR-2211]",NA,NA,2,"SR-2211_cellminercdb.html","<a href='https://discovery.nci.nih.gov/drugs/cellminercdb/SR-2211_cellminercdb.html' target='_blank'>details</a>"
"2195","LAFUTIDINE","[LAFUTIDINE]",NA,NA,3,"LAFUTIDINE_cellminercdb.html","<a href='https://discovery.nci.nih.gov/drugs/cellminercdb/LAFUTIDINE_cellminercdb.html' target='_blank'>details</a>"
"2196","EPZ5676","[EPZ5676, PINOMETOSTAT]",NA,NA,3,"EPZ5676_cellminercdb.html","<a href='https://discovery.nci.nih.gov/drugs/cellminercdb/EPZ5676_cellminercdb.html' target='_blank'>details</a>"
"2197","NCGC00263015","[NCGC00263015]",NA,NA,2,"NCGC00263015_cellminercdb.html","<a href='https://discovery.nci.nih.gov/drugs/cellminercdb/NCGC00263015_cellminercdb.html' target='_blank'>details</a>"
"2198","RO-31-8425","[RO-31-8425, BISINDOLYLMALEIMIDE-IX]",NA,NA,3,"RO-31-8425_cellminercdb.html","<a href='https://discovery.nci.nih.gov/drugs/cellminercdb/RO-31-8425_cellminercdb.html' target='_blank'>details</a>"
"2199","STEMREGENIN 1","[STEMREGENIN 1, STEMREGENIN-1]",NA,NA,3,"STEMREGENIN_1_cellminercdb.html","<a href='https://discovery.nci.nih.gov/drugs/cellminercdb/STEMREGENIN_1_cellminercdb.html' target='_blank'>details</a>"
"2200","PHENYLEPHRINE HYDROCHLORIDE","[PHENYLEPHRINE HYDROCHLORIDE]",NA,NA,2,"PHENYLEPHRINE_HYDROCHLORIDE_cellminercdb.html","<a href='https://discovery.nci.nih.gov/drugs/cellminercdb/PHENYLEPHRINE_HYDROCHLORIDE_cellminercdb.html' target='_blank'>details</a>"
"2201","RISEDRONATE SODIUM","[RISEDRONATE SODIUM]",NA,NA,2,"RISEDRONATE_SODIUM_cellminercdb.html","<a href='https://discovery.nci.nih.gov/drugs/cellminercdb/RISEDRONATE_SODIUM_cellminercdb.html' target='_blank'>details</a>"
"2202","TAME","[TAME, METHYL P-TOLUENESULFONYL-L-ARGININATE]",NA,NA,3,"TAME_cellminercdb.html","<a href='https://discovery.nci.nih.gov/drugs/cellminercdb/TAME_cellminercdb.html' target='_blank'>details</a>"
"2203","BI09","[BI09]",NA,NA,2,"BI09_cellminercdb.html","<a href='https://discovery.nci.nih.gov/drugs/cellminercdb/BI09_cellminercdb.html' target='_blank'>details</a>"
"2204","CROTAMITON","[CROTAMITON]",NA,NA,2,"CROTAMITON_cellminercdb.html","<a href='https://discovery.nci.nih.gov/drugs/cellminercdb/CROTAMITON_cellminercdb.html' target='_blank'>details</a>"
"2205","METENKEFALIN","[MET-ENKEPHALIN, METENKEFALIN]",NA,NA,2,"METENKEFALIN_cellminercdb.html","<a href='https://discovery.nci.nih.gov/drugs/cellminercdb/METENKEFALIN_cellminercdb.html' target='_blank'>details</a>"
"2206","SUMATRIPTAN SUCCINATE","[SUMATRIPTAN SUCCINATE]",NA,NA,2,"SUMATRIPTAN_SUCCINATE_cellminercdb.html","<a href='https://discovery.nci.nih.gov/drugs/cellminercdb/SUMATRIPTAN_SUCCINATE_cellminercdb.html' target='_blank'>details</a>"
"2207","AM-630","[AM-630]",NA,NA,2,"AM-630_cellminercdb.html","<a href='https://discovery.nci.nih.gov/drugs/cellminercdb/AM-630_cellminercdb.html' target='_blank'>details</a>"
"2208","AG-490","[AG-490]",NA,NA,2,"AG-490_cellminercdb.html","<a href='https://discovery.nci.nih.gov/drugs/cellminercdb/AG-490_cellminercdb.html' target='_blank'>details</a>"
"2209","COSTUNOLIDE","[COSTUNOLIDE]",NA,NA,3,"COSTUNOLIDE_cellminercdb.html","<a href='https://discovery.nci.nih.gov/drugs/cellminercdb/COSTUNOLIDE_cellminercdb.html' target='_blank'>details</a>"
"2210","BMS-986205","[BMS-986205]",NA,NA,2,"BMS-986205_cellminercdb.html","<a href='https://discovery.nci.nih.gov/drugs/cellminercdb/BMS-986205_cellminercdb.html' target='_blank'>details</a>"
"2211","ABC-294640","[ABC-294640, 796101]","SPHK2","Clinical trial",3,"ABC-294640_cellminercdb.html","<a href='https://discovery.nci.nih.gov/drugs/cellminercdb/ABC-294640_cellminercdb.html' target='_blank'>details</a>"
"2212","BUPROPION HYDROCHLORIDE","[BUPROPION HYDROCHLORIDE]",NA,NA,2,"BUPROPION_HYDROCHLORIDE_cellminercdb.html","<a href='https://discovery.nci.nih.gov/drugs/cellminercdb/BUPROPION_HYDROCHLORIDE_cellminercdb.html' target='_blank'>details</a>"
"2213","PARIETIN","[PARIETIN, RHEOCHRYSIDIN]",NA,NA,3,"PARIETIN_cellminercdb.html","<a href='https://discovery.nci.nih.gov/drugs/cellminercdb/PARIETIN_cellminercdb.html' target='_blank'>details</a>"
"2214","VAPIPROST HYDROCHLORIDE","[VAPIPROST HYDROCHLORIDE]",NA,NA,2,"VAPIPROST_HYDROCHLORIDE_cellminercdb.html","<a href='https://discovery.nci.nih.gov/drugs/cellminercdb/VAPIPROST_HYDROCHLORIDE_cellminercdb.html' target='_blank'>details</a>"
"2215","TIOCONAZOLE","[TIOCONAZOLE]",NA,NA,2,"TIOCONAZOLE_cellminercdb.html","<a href='https://discovery.nci.nih.gov/drugs/cellminercdb/TIOCONAZOLE_cellminercdb.html' target='_blank'>details</a>"
"2216","IBUPROFEN","[IBUPROFEN SODIUM, IBUPROFEN]",NA,NA,2,"IBUPROFEN_cellminercdb.html","<a href='https://discovery.nci.nih.gov/drugs/cellminercdb/IBUPROFEN_cellminercdb.html' target='_blank'>details</a>"
"2217","PIROXICAM","[PIROXICAM]",NA,NA,3,"PIROXICAM_cellminercdb.html","<a href='https://discovery.nci.nih.gov/drugs/cellminercdb/PIROXICAM_cellminercdb.html' target='_blank'>details</a>"
"2218","OXYMETAZOLINE HYDROCHLORIDE","[OXYMETAZOLINE HYDROCHLORIDE]",NA,NA,3,"OXYMETAZOLINE_HYDROCHLORIDE_cellminercdb.html","<a href='https://discovery.nci.nih.gov/drugs/cellminercdb/OXYMETAZOLINE_HYDROCHLORIDE_cellminercdb.html' target='_blank'>details</a>"
"2219","DOFETILIDE","[DOFETILIDE]",NA,NA,3,"DOFETILIDE_cellminercdb.html","<a href='https://discovery.nci.nih.gov/drugs/cellminercdb/DOFETILIDE_cellminercdb.html' target='_blank'>details</a>"
"2220","SOPHOCARPINE","[SOPHOCARPINE]",NA,NA,2,"SOPHOCARPINE_cellminercdb.html","<a href='https://discovery.nci.nih.gov/drugs/cellminercdb/SOPHOCARPINE_cellminercdb.html' target='_blank'>details</a>"
"2221","SENEXIN-B","[SENEXIN-B]",NA,NA,2,"SENEXIN-B_cellminercdb.html","<a href='https://discovery.nci.nih.gov/drugs/cellminercdb/SENEXIN-B_cellminercdb.html' target='_blank'>details</a>"
"2222","SILVESTROL","[5'-EPISILVESTROL, SILVESTROL]",NA,NA,2,"SILVESTROL_cellminercdb.html","<a href='https://discovery.nci.nih.gov/drugs/cellminercdb/SILVESTROL_cellminercdb.html' target='_blank'>details</a>"
"2223","ALW-II-41-27","[ALW-II-41-27]",NA,NA,2,"ALW-II-41-27_cellminercdb.html","<a href='https://discovery.nci.nih.gov/drugs/cellminercdb/ALW-II-41-27_cellminercdb.html' target='_blank'>details</a>"
"2224","TIOTROPIUM BROMIDE","[TIOTROPIUM BROMIDE]",NA,NA,2,"TIOTROPIUM_BROMIDE_cellminercdb.html","<a href='https://discovery.nci.nih.gov/drugs/cellminercdb/TIOTROPIUM_BROMIDE_cellminercdb.html' target='_blank'>details</a>"
"2225","CABERGOLINE","[CABERGOLINE]",NA,NA,2,"CABERGOLINE_cellminercdb.html","<a href='https://discovery.nci.nih.gov/drugs/cellminercdb/CABERGOLINE_cellminercdb.html' target='_blank'>details</a>"
"2226","SULFISOXAZOLE","[SULFISOXAZOLE DIOLAMINE, SULFISOXAZOLE]",NA,NA,2,"SULFISOXAZOLE_cellminercdb.html","<a href='https://discovery.nci.nih.gov/drugs/cellminercdb/SULFISOXAZOLE_cellminercdb.html' target='_blank'>details</a>"
"2227","EVOFOSFAMIDE","[EVOFOSFAMIDE]",NA,NA,2,"EVOFOSFAMIDE_cellminercdb.html","<a href='https://discovery.nci.nih.gov/drugs/cellminercdb/EVOFOSFAMIDE_cellminercdb.html' target='_blank'>details</a>"
"2228","PF-04937319","[PF-04937319]",NA,NA,2,"PF-04937319_cellminercdb.html","<a href='https://discovery.nci.nih.gov/drugs/cellminercdb/PF-04937319_cellminercdb.html' target='_blank'>details</a>"
"2229","AZ960","[AZ-960, AZ960]",NA,NA,4,"AZ960_cellminercdb.html","<a href='https://discovery.nci.nih.gov/drugs/cellminercdb/AZ960_cellminercdb.html' target='_blank'>details</a>"
"2230","AZELASTINE","[AZELASTINE, AZELASTINE HYDROCHLORIDE]",NA,NA,2,"AZELASTINE_cellminercdb.html","<a href='https://discovery.nci.nih.gov/drugs/cellminercdb/AZELASTINE_cellminercdb.html' target='_blank'>details</a>"
"2231","PF-03758309","[PF-03758309, A-1091, PF-3758309, 781470]","PK:PAK4","Clinical trial",5,"PF-03758309_cellminercdb.html","<a href='https://discovery.nci.nih.gov/drugs/cellminercdb/PF-03758309_cellminercdb.html' target='_blank'>details</a>"
"2232","VU0482089-2","[VU0482089-2]",NA,NA,2,"VU0482089-2_cellminercdb.html","<a href='https://discovery.nci.nih.gov/drugs/cellminercdb/VU0482089-2_cellminercdb.html' target='_blank'>details</a>"
"2233","AMG-1","[AMG-1]",NA,NA,2,"AMG-1_cellminercdb.html","<a href='https://discovery.nci.nih.gov/drugs/cellminercdb/AMG-1_cellminercdb.html' target='_blank'>details</a>"
"2234","ACALISIB","[ACALISIB]",NA,NA,2,"ACALISIB_cellminercdb.html","<a href='https://discovery.nci.nih.gov/drugs/cellminercdb/ACALISIB_cellminercdb.html' target='_blank'>details</a>"
"2235","NORFLOXACIN","[NORFLOXACIN]",NA,NA,3,"NORFLOXACIN_cellminercdb.html","<a href='https://discovery.nci.nih.gov/drugs/cellminercdb/NORFLOXACIN_cellminercdb.html' target='_blank'>details</a>"
"2236","ZILPATEROL","[ZILPATEROL]",NA,NA,2,"ZILPATEROL_cellminercdb.html","<a href='https://discovery.nci.nih.gov/drugs/cellminercdb/ZILPATEROL_cellminercdb.html' target='_blank'>details</a>"
"2237","SD-208","[SD-208]",NA,NA,2,"SD-208_cellminercdb.html","<a href='https://discovery.nci.nih.gov/drugs/cellminercdb/SD-208_cellminercdb.html' target='_blank'>details</a>"
"2238","L-779450","[L-779450]",NA,NA,2,"L-779450_cellminercdb.html","<a href='https://discovery.nci.nih.gov/drugs/cellminercdb/L-779450_cellminercdb.html' target='_blank'>details</a>"
"2239","PHT-427","[PHT-427]",NA,NA,2,"PHT-427_cellminercdb.html","<a href='https://discovery.nci.nih.gov/drugs/cellminercdb/PHT-427_cellminercdb.html' target='_blank'>details</a>"
"2240","MATRINE","[LEONTINE, MATRINE]",NA,NA,2,"MATRINE_cellminercdb.html","<a href='https://discovery.nci.nih.gov/drugs/cellminercdb/MATRINE_cellminercdb.html' target='_blank'>details</a>"
"2241","ZOLEDRONATE DISODIUM","[ZOLEDRONATE DISODIUM, ZOLEDRONIC ACID MONOHYDRATE]",NA,NA,2,"ZOLEDRONATE_DISODIUM_cellminercdb.html","<a href='https://discovery.nci.nih.gov/drugs/cellminercdb/ZOLEDRONATE_DISODIUM_cellminercdb.html' target='_blank'>details</a>"
"2242","(-)-INDOLACTAM V","[(-)-INDOLACTAM V]",NA,NA,2,"(-)-INDOLACTAM_V_cellminercdb.html","<a href='https://discovery.nci.nih.gov/drugs/cellminercdb/(-)-INDOLACTAM_V_cellminercdb.html' target='_blank'>details</a>"
"2243","NCGC00263018-01","[NCGC00263018-01]",NA,NA,2,"NCGC00263018-01_cellminercdb.html","<a href='https://discovery.nci.nih.gov/drugs/cellminercdb/NCGC00263018-01_cellminercdb.html' target='_blank'>details</a>"
"2244","ANAGRELIDE","[ANAGRELIDE HYDROCHLORIDE, ANAGRELIDE]",NA,NA,3,"ANAGRELIDE_cellminercdb.html","<a href='https://discovery.nci.nih.gov/drugs/cellminercdb/ANAGRELIDE_cellminercdb.html' target='_blank'>details</a>"
"2245","LG100268","[LG100268, LG-100268]",NA,NA,2,"LG100268_cellminercdb.html","<a href='https://discovery.nci.nih.gov/drugs/cellminercdb/LG100268_cellminercdb.html' target='_blank'>details</a>"
"2246","AZALOMYCIN-B","[AZALOMYCIN-B]",NA,NA,3,"AZALOMYCIN-B_cellminercdb.html","<a href='https://discovery.nci.nih.gov/drugs/cellminercdb/AZALOMYCIN-B_cellminercdb.html' target='_blank'>details</a>"
"2247","WIKI4","[WIKI4]",NA,NA,3,"WIKI4_cellminercdb.html","<a href='https://discovery.nci.nih.gov/drugs/cellminercdb/WIKI4_cellminercdb.html' target='_blank'>details</a>"
"2248","RESERPINE","[RESERPINE]",NA,NA,2,"RESERPINE_cellminercdb.html","<a href='https://discovery.nci.nih.gov/drugs/cellminercdb/RESERPINE_cellminercdb.html' target='_blank'>details</a>"
"2249","SR-9011","[SR-9011]",NA,NA,2,"SR-9011_cellminercdb.html","<a href='https://discovery.nci.nih.gov/drugs/cellminercdb/SR-9011_cellminercdb.html' target='_blank'>details</a>"
"2250","NCGC00262376","[NCGC00262376]",NA,NA,2,"NCGC00262376_cellminercdb.html","<a href='https://discovery.nci.nih.gov/drugs/cellminercdb/NCGC00262376_cellminercdb.html' target='_blank'>details</a>"
"2251","RIFAXIMIN","[RIFAXIMIN (XIFAXAN), RIFAXIMIN]",NA,NA,2,"RIFAXIMIN_cellminercdb.html","<a href='https://discovery.nci.nih.gov/drugs/cellminercdb/RIFAXIMIN_cellminercdb.html' target='_blank'>details</a>"
"2252","UNC-3866","[UNC-3866]",NA,NA,2,"UNC-3866_cellminercdb.html","<a href='https://discovery.nci.nih.gov/drugs/cellminercdb/UNC-3866_cellminercdb.html' target='_blank'>details</a>"
"2253","artemether","[ARTEMETHER, 665970]","NonCan:Mal","FDA approved",3,"artemether_cellminercdb.html","<a href='https://discovery.nci.nih.gov/drugs/cellminercdb/artemether_cellminercdb.html' target='_blank'>details</a>"
"2254","MG-149","[MG-149]",NA,NA,2,"MG-149_cellminercdb.html","<a href='https://discovery.nci.nih.gov/drugs/cellminercdb/MG-149_cellminercdb.html' target='_blank'>details</a>"
"2255","KI-8751","[KI-8751]",NA,NA,3,"KI-8751_cellminercdb.html","<a href='https://discovery.nci.nih.gov/drugs/cellminercdb/KI-8751_cellminercdb.html' target='_blank'>details</a>"
"2256","UNC-669","[UNC-669]",NA,NA,2,"UNC-669_cellminercdb.html","<a href='https://discovery.nci.nih.gov/drugs/cellminercdb/UNC-669_cellminercdb.html' target='_blank'>details</a>"
"2257","PD-198306","[PD-198306]",NA,NA,3,"PD-198306_cellminercdb.html","<a href='https://discovery.nci.nih.gov/drugs/cellminercdb/PD-198306_cellminercdb.html' target='_blank'>details</a>"
"2258","PF-06282999","[PF-06282999]",NA,NA,2,"PF-06282999_cellminercdb.html","<a href='https://discovery.nci.nih.gov/drugs/cellminercdb/PF-06282999_cellminercdb.html' target='_blank'>details</a>"
"2259","NIACIN","[NICOTINIC ACID, NIACIN]",NA,NA,3,"NIACIN_cellminercdb.html","<a href='https://discovery.nci.nih.gov/drugs/cellminercdb/NIACIN_cellminercdb.html' target='_blank'>details</a>"
"2260","KETOCONAZOLE","[LEVOKETOCONAZOLE, KETOCONAZOLE]",NA,NA,3,"KETOCONAZOLE_cellminercdb.html","<a href='https://discovery.nci.nih.gov/drugs/cellminercdb/KETOCONAZOLE_cellminercdb.html' target='_blank'>details</a>"
"2261","TROPISETRON","[TROPISETRON]",NA,NA,3,"TROPISETRON_cellminercdb.html","<a href='https://discovery.nci.nih.gov/drugs/cellminercdb/TROPISETRON_cellminercdb.html' target='_blank'>details</a>"
"2262","NBI-74330","[NBI-74330]",NA,NA,2,"NBI-74330_cellminercdb.html","<a href='https://discovery.nci.nih.gov/drugs/cellminercdb/NBI-74330_cellminercdb.html' target='_blank'>details</a>"
"2263","ICRF-193","[ICRF-193]",NA,NA,2,"ICRF-193_cellminercdb.html","<a href='https://discovery.nci.nih.gov/drugs/cellminercdb/ICRF-193_cellminercdb.html' target='_blank'>details</a>"
"2264","2-IMINOBIOTIN","[2-IMINOBIOTIN]",NA,NA,2,"2-IMINOBIOTIN_cellminercdb.html","<a href='https://discovery.nci.nih.gov/drugs/cellminercdb/2-IMINOBIOTIN_cellminercdb.html' target='_blank'>details</a>"
"2265","KU-60019","[KU-60019]",NA,NA,3,"KU-60019_cellminercdb.html","<a href='https://discovery.nci.nih.gov/drugs/cellminercdb/KU-60019_cellminercdb.html' target='_blank'>details</a>"
"2266","AKT-I-1,2","[AKT-I-1,2]",NA,NA,2,"AKT-I-1,2_cellminercdb.html","<a href='https://discovery.nci.nih.gov/drugs/cellminercdb/AKT-I-1,2_cellminercdb.html' target='_blank'>details</a>"
"2267","SECNIDAZOLE","[SECNIDAZOLE]",NA,NA,3,"SECNIDAZOLE_cellminercdb.html","<a href='https://discovery.nci.nih.gov/drugs/cellminercdb/SECNIDAZOLE_cellminercdb.html' target='_blank'>details</a>"
"2268","AMPRENAVIR","[AMPRENAVIR]",NA,NA,2,"AMPRENAVIR_cellminercdb.html","<a href='https://discovery.nci.nih.gov/drugs/cellminercdb/AMPRENAVIR_cellminercdb.html' target='_blank'>details</a>"
"2269","6-n-[2-[5-(diethylamino)pentan-2-ylamino]-6-methylpyrimi...","[NSC-23766, 23766]",NA,NA,4,"6-n-[2-[5-(diethylamino)pentan-2-ylamino]-6-methylpyrimi..._cellminercdb.html","<a href='https://discovery.nci.nih.gov/drugs/cellminercdb/6-n-[2-[5-(diethylamino)pentan-2-ylamino]-6-methylpyrimi..._cellminercdb.html' target='_blank'>details</a>"
"2270","PF-04979064","[PF-04979064]",NA,NA,2,"PF-04979064_cellminercdb.html","<a href='https://discovery.nci.nih.gov/drugs/cellminercdb/PF-04979064_cellminercdb.html' target='_blank'>details</a>"
"2271","GINKGOLIDE A","[GINKGOLIDE A, GINKGOLIDE-A]",NA,NA,3,"GINKGOLIDE_A_cellminercdb.html","<a href='https://discovery.nci.nih.gov/drugs/cellminercdb/GINKGOLIDE_A_cellminercdb.html' target='_blank'>details</a>"
"2272","SB-415286","[SB-415286]",NA,NA,2,"SB-415286_cellminercdb.html","<a href='https://discovery.nci.nih.gov/drugs/cellminercdb/SB-415286_cellminercdb.html' target='_blank'>details</a>"
"2273","TAKEDA-6D","[TAKEDA-6D]",NA,NA,2,"TAKEDA-6D_cellminercdb.html","<a href='https://discovery.nci.nih.gov/drugs/cellminercdb/TAKEDA-6D_cellminercdb.html' target='_blank'>details</a>"
"2274","PRAMIRACETAM","[PRAMIRACETAM]",NA,NA,2,"PRAMIRACETAM_cellminercdb.html","<a href='https://discovery.nci.nih.gov/drugs/cellminercdb/PRAMIRACETAM_cellminercdb.html' target='_blank'>details</a>"
"2275","TG-89","[TG-89]",NA,NA,2,"TG-89_cellminercdb.html","<a href='https://discovery.nci.nih.gov/drugs/cellminercdb/TG-89_cellminercdb.html' target='_blank'>details</a>"
"2276","PROPOFOL","[TRIDEUTERATED PROPOFOL, PROPOFOL]",NA,NA,2,"PROPOFOL_cellminercdb.html","<a href='https://discovery.nci.nih.gov/drugs/cellminercdb/PROPOFOL_cellminercdb.html' target='_blank'>details</a>"
"2277","TEMOCAPRIL HYDROCHLORIDE","[TEMOCAPRIL (HYDROCHLORIDE), TEMOCAPRIL HYDROCHLORIDE]",NA,NA,3,"TEMOCAPRIL_HYDROCHLORIDE_cellminercdb.html","<a href='https://discovery.nci.nih.gov/drugs/cellminercdb/TEMOCAPRIL_HYDROCHLORIDE_cellminercdb.html' target='_blank'>details</a>"
"2278","AL-8697","[AL-8697]",NA,NA,2,"AL-8697_cellminercdb.html","<a href='https://discovery.nci.nih.gov/drugs/cellminercdb/AL-8697_cellminercdb.html' target='_blank'>details</a>"
"2279","RUPINTRIVIR","[RUPINTRIVIR]",NA,NA,2,"RUPINTRIVIR_cellminercdb.html","<a href='https://discovery.nci.nih.gov/drugs/cellminercdb/RUPINTRIVIR_cellminercdb.html' target='_blank'>details</a>"
"2280","YO-01027","[?-SECRETASE INHIBITOR DBZ, YO-01027]",NA,NA,3,"YO-01027_cellminercdb.html","<a href='https://discovery.nci.nih.gov/drugs/cellminercdb/YO-01027_cellminercdb.html' target='_blank'>details</a>"
"2281","MCOPPB","[MCOPPB]",NA,NA,2,"MCOPPB_cellminercdb.html","<a href='https://discovery.nci.nih.gov/drugs/cellminercdb/MCOPPB_cellminercdb.html' target='_blank'>details</a>"
"2282","BUFLOMEDIL HYDROCHLORIDE","[BUFLOMEDIL HYDROCHLORIDE]",NA,NA,2,"BUFLOMEDIL_HYDROCHLORIDE_cellminercdb.html","<a href='https://discovery.nci.nih.gov/drugs/cellminercdb/BUFLOMEDIL_HYDROCHLORIDE_cellminercdb.html' target='_blank'>details</a>"
"2283","ALVELESTAT","[ALVELESTAT (AZD9668), ALVELESTAT]",NA,NA,3,"ALVELESTAT_cellminercdb.html","<a href='https://discovery.nci.nih.gov/drugs/cellminercdb/ALVELESTAT_cellminercdb.html' target='_blank'>details</a>"
"2284","KETANSERIN","[KETANSERIN]",NA,NA,2,"KETANSERIN_cellminercdb.html","<a href='https://discovery.nci.nih.gov/drugs/cellminercdb/KETANSERIN_cellminercdb.html' target='_blank'>details</a>"
"2285","ETHIONAMIDE","[ETHIONAMIDE]",NA,NA,2,"ETHIONAMIDE_cellminercdb.html","<a href='https://discovery.nci.nih.gov/drugs/cellminercdb/ETHIONAMIDE_cellminercdb.html' target='_blank'>details</a>"
"2286","PRP003-062","[PRP003-062]",NA,NA,2,"PRP003-062_cellminercdb.html","<a href='https://discovery.nci.nih.gov/drugs/cellminercdb/PRP003-062_cellminercdb.html' target='_blank'>details</a>"
"2287","ZOPICLONE","[ZOPICLONE]",NA,NA,2,"ZOPICLONE_cellminercdb.html","<a href='https://discovery.nci.nih.gov/drugs/cellminercdb/ZOPICLONE_cellminercdb.html' target='_blank'>details</a>"
"2288","COMPOUND 36","[COMPOUND 36]",NA,NA,2,"COMPOUND_36_cellminercdb.html","<a href='https://discovery.nci.nih.gov/drugs/cellminercdb/COMPOUND_36_cellminercdb.html' target='_blank'>details</a>"
"2289","TRIAMCINOLONE ACETONIDE","[TRIAMCINOLONE ACETONIDE, TRIAMCINOLONE-ACETONIDE]",NA,NA,3,"TRIAMCINOLONE_ACETONIDE_cellminercdb.html","<a href='https://discovery.nci.nih.gov/drugs/cellminercdb/TRIAMCINOLONE_ACETONIDE_cellminercdb.html' target='_blank'>details</a>"
"2290","SITAXENTAN","[SITAXENTAN]",NA,NA,2,"SITAXENTAN_cellminercdb.html","<a href='https://discovery.nci.nih.gov/drugs/cellminercdb/SITAXENTAN_cellminercdb.html' target='_blank'>details</a>"
"2291","CAY-10581","[CAY-10581]",NA,NA,2,"CAY-10581_cellminercdb.html","<a href='https://discovery.nci.nih.gov/drugs/cellminercdb/CAY-10581_cellminercdb.html' target='_blank'>details</a>"
"2292","CPI-1189","[CPI-1189]",NA,NA,3,"CPI-1189_cellminercdb.html","<a href='https://discovery.nci.nih.gov/drugs/cellminercdb/CPI-1189_cellminercdb.html' target='_blank'>details</a>"
"2293","ERDOSTEINE","[ERDOSTEINE]",NA,NA,2,"ERDOSTEINE_cellminercdb.html","<a href='https://discovery.nci.nih.gov/drugs/cellminercdb/ERDOSTEINE_cellminercdb.html' target='_blank'>details</a>"
"2294","BETANIN","[BETANIN]",NA,NA,2,"BETANIN_cellminercdb.html","<a href='https://discovery.nci.nih.gov/drugs/cellminercdb/BETANIN_cellminercdb.html' target='_blank'>details</a>"
"2295","TUROFEXORATE ISOPROPYL","[TUROFEXORATE ISOPROPYL]",NA,NA,2,"TUROFEXORATE_ISOPROPYL_cellminercdb.html","<a href='https://discovery.nci.nih.gov/drugs/cellminercdb/TUROFEXORATE_ISOPROPYL_cellminercdb.html' target='_blank'>details</a>"
"2296","VTP-194204","[VTP-194204, AGN-194204]",NA,NA,2,"VTP-194204_cellminercdb.html","<a href='https://discovery.nci.nih.gov/drugs/cellminercdb/VTP-194204_cellminercdb.html' target='_blank'>details</a>"
"2297","ESTETROL","[ESTETROL]",NA,NA,2,"ESTETROL_cellminercdb.html","<a href='https://discovery.nci.nih.gov/drugs/cellminercdb/ESTETROL_cellminercdb.html' target='_blank'>details</a>"
"2298","NYSTATIN","[NYSTATIN]",NA,NA,2,"NYSTATIN_cellminercdb.html","<a href='https://discovery.nci.nih.gov/drugs/cellminercdb/NYSTATIN_cellminercdb.html' target='_blank'>details</a>"
"2299","LINOPIRDINE","[LINOPIRDINE]",NA,NA,2,"LINOPIRDINE_cellminercdb.html","<a href='https://discovery.nci.nih.gov/drugs/cellminercdb/LINOPIRDINE_cellminercdb.html' target='_blank'>details</a>"
"2300","FORMONONETIN","[FORMONONETIN]",NA,NA,2,"FORMONONETIN_cellminercdb.html","<a href='https://discovery.nci.nih.gov/drugs/cellminercdb/FORMONONETIN_cellminercdb.html' target='_blank'>details</a>"
"2301","AVITINIB","[AVITINIB, ABIVERTINIB]",NA,NA,2,"AVITINIB_cellminercdb.html","<a href='https://discovery.nci.nih.gov/drugs/cellminercdb/AVITINIB_cellminercdb.html' target='_blank'>details</a>"
"2302","Terameprocol","[TERAMEPROCOL, DIMETHYLDIHYDROGUAIARETIC ACID, TETRA-O-METHYL NORDIHYDROGUAIARETIC ACID, BUTANE, 1,4-BIS(3,4-DIMETHOXYPHENYL)-2,3-DIMETHYL-, BENZENE, 1,1'-(2,3-DIMETHYL-1,4-BUTANEDIYL)BIS[3,4-DIMET..., 1,4-BIS(3,4-DIMETHOXYPHENTL)-2,3-DIMETHYLBUTANE, 136955]",NA,NA,3,"Terameprocol_cellminercdb.html","<a href='https://discovery.nci.nih.gov/drugs/cellminercdb/Terameprocol_cellminercdb.html' target='_blank'>details</a>"
"2303","DCC-2618","[DCC-2618]",NA,NA,2,"DCC-2618_cellminercdb.html","<a href='https://discovery.nci.nih.gov/drugs/cellminercdb/DCC-2618_cellminercdb.html' target='_blank'>details</a>"
"2304","MERCK-22-6","[MERCK-22-6]",NA,NA,2,"MERCK-22-6_cellminercdb.html","<a href='https://discovery.nci.nih.gov/drugs/cellminercdb/MERCK-22-6_cellminercdb.html' target='_blank'>details</a>"
"2305","ANLOTINIB","[ANLOTINIB, CATEQUENTINIB]",NA,NA,2,"ANLOTINIB_cellminercdb.html","<a href='https://discovery.nci.nih.gov/drugs/cellminercdb/ANLOTINIB_cellminercdb.html' target='_blank'>details</a>"
"2306","LIRANAFTATE","[LIRANAFTATE]",NA,NA,2,"LIRANAFTATE_cellminercdb.html","<a href='https://discovery.nci.nih.gov/drugs/cellminercdb/LIRANAFTATE_cellminercdb.html' target='_blank'>details</a>"
"2307","EPLERENONE","[EPLERENONE]",NA,NA,3,"EPLERENONE_cellminercdb.html","<a href='https://discovery.nci.nih.gov/drugs/cellminercdb/EPLERENONE_cellminercdb.html' target='_blank'>details</a>"
"2308","GW-0742","[GW-0742]",NA,NA,2,"GW-0742_cellminercdb.html","<a href='https://discovery.nci.nih.gov/drugs/cellminercdb/GW-0742_cellminercdb.html' target='_blank'>details</a>"
"2309","PF-4800567","[PF-4800567]",NA,NA,2,"PF-4800567_cellminercdb.html","<a href='https://discovery.nci.nih.gov/drugs/cellminercdb/PF-4800567_cellminercdb.html' target='_blank'>details</a>"
"2310","SKLB4771","[SKLB4771]",NA,NA,2,"SKLB4771_cellminercdb.html","<a href='https://discovery.nci.nih.gov/drugs/cellminercdb/SKLB4771_cellminercdb.html' target='_blank'>details</a>"
"2311","MIRANSERTIB","[MIRANSERTIB]",NA,NA,2,"MIRANSERTIB_cellminercdb.html","<a href='https://discovery.nci.nih.gov/drugs/cellminercdb/MIRANSERTIB_cellminercdb.html' target='_blank'>details</a>"
"2312","R-1487","[R-1487]",NA,NA,2,"R-1487_cellminercdb.html","<a href='https://discovery.nci.nih.gov/drugs/cellminercdb/R-1487_cellminercdb.html' target='_blank'>details</a>"
"2313","G-007-LK","[G-007-LK]",NA,NA,2,"G-007-LK_cellminercdb.html","<a href='https://discovery.nci.nih.gov/drugs/cellminercdb/G-007-LK_cellminercdb.html' target='_blank'>details</a>"
"2314","BS-181","[BS-181]",NA,NA,2,"BS-181_cellminercdb.html","<a href='https://discovery.nci.nih.gov/drugs/cellminercdb/BS-181_cellminercdb.html' target='_blank'>details</a>"
"2315","JNK INHIBITOR V","[JNK INHIBITOR V]",NA,NA,2,"JNK_INHIBITOR_V_cellminercdb.html","<a href='https://discovery.nci.nih.gov/drugs/cellminercdb/JNK_INHIBITOR_V_cellminercdb.html' target='_blank'>details</a>"
"2316","TALTIRELIN","[TALTIRELIN]",NA,NA,3,"TALTIRELIN_cellminercdb.html","<a href='https://discovery.nci.nih.gov/drugs/cellminercdb/TALTIRELIN_cellminercdb.html' target='_blank'>details</a>"
"2317","KARTOGENIN","[KARTOGENIN]",NA,NA,2,"KARTOGENIN_cellminercdb.html","<a href='https://discovery.nci.nih.gov/drugs/cellminercdb/KARTOGENIN_cellminercdb.html' target='_blank'>details</a>"
"2318","GSK-J4","[GSK-J4]",NA,NA,4,"GSK-J4_cellminercdb.html","<a href='https://discovery.nci.nih.gov/drugs/cellminercdb/GSK-J4_cellminercdb.html' target='_blank'>details</a>"
"2319","RISPERIDONE","[RISPERIDONE]",NA,NA,2,"RISPERIDONE_cellminercdb.html","<a href='https://discovery.nci.nih.gov/drugs/cellminercdb/RISPERIDONE_cellminercdb.html' target='_blank'>details</a>"
"2320","PHA-408","[PHA-408]",NA,NA,2,"PHA-408_cellminercdb.html","<a href='https://discovery.nci.nih.gov/drugs/cellminercdb/PHA-408_cellminercdb.html' target='_blank'>details</a>"
"2321","DANIRIXIN","[DANIRIXIN]",NA,NA,2,"DANIRIXIN_cellminercdb.html","<a href='https://discovery.nci.nih.gov/drugs/cellminercdb/DANIRIXIN_cellminercdb.html' target='_blank'>details</a>"
"2322","tirabrutinib","[TIRABRUTINIB, 797933]","PK:BTK","Clinical trial",3,"tirabrutinib_cellminercdb.html","<a href='https://discovery.nci.nih.gov/drugs/cellminercdb/tirabrutinib_cellminercdb.html' target='_blank'>details</a>"
"2323","LIRIMILAST","[LIRIMILAST]",NA,NA,2,"LIRIMILAST_cellminercdb.html","<a href='https://discovery.nci.nih.gov/drugs/cellminercdb/LIRIMILAST_cellminercdb.html' target='_blank'>details</a>"
"2324","PENICILLAMINE","[PENICILLAMINE, PENICILLAMINE-(D)]",NA,NA,3,"PENICILLAMINE_cellminercdb.html","<a href='https://discovery.nci.nih.gov/drugs/cellminercdb/PENICILLAMINE_cellminercdb.html' target='_blank'>details</a>"
"2325","BIAPENEM","[BIAPENEM]",NA,NA,2,"BIAPENEM_cellminercdb.html","<a href='https://discovery.nci.nih.gov/drugs/cellminercdb/BIAPENEM_cellminercdb.html' target='_blank'>details</a>"
"2326","A-769662","[A-769662]",NA,NA,2,"A-769662_cellminercdb.html","<a href='https://discovery.nci.nih.gov/drugs/cellminercdb/A-769662_cellminercdb.html' target='_blank'>details</a>"
"2327","PF-06454589","[PF-06454589]",NA,NA,2,"PF-06454589_cellminercdb.html","<a href='https://discovery.nci.nih.gov/drugs/cellminercdb/PF-06454589_cellminercdb.html' target='_blank'>details</a>"
"2328","RAMATROBAN","[RAMATROBAN]",NA,NA,3,"RAMATROBAN_cellminercdb.html","<a href='https://discovery.nci.nih.gov/drugs/cellminercdb/RAMATROBAN_cellminercdb.html' target='_blank'>details</a>"
"2329","775351","[POMALIDOMIDE, 775351]",NA,NA,3,"775351_cellminercdb.html","<a href='https://discovery.nci.nih.gov/drugs/cellminercdb/775351_cellminercdb.html' target='_blank'>details</a>"
"2330","SGC-0946","[SGC-0946]",NA,NA,2,"SGC-0946_cellminercdb.html","<a href='https://discovery.nci.nih.gov/drugs/cellminercdb/SGC-0946_cellminercdb.html' target='_blank'>details</a>"
"2331","IBANDRONATE","[IBANDRONATE, IBANDRONATE SODIUM]",NA,NA,2,"IBANDRONATE_cellminercdb.html","<a href='https://discovery.nci.nih.gov/drugs/cellminercdb/IBANDRONATE_cellminercdb.html' target='_blank'>details</a>"
"2332","VINPOCETINE","[VINPOCETINE]",NA,NA,2,"VINPOCETINE_cellminercdb.html","<a href='https://discovery.nci.nih.gov/drugs/cellminercdb/VINPOCETINE_cellminercdb.html' target='_blank'>details</a>"
"2333","CPI-455","[CPI-455]",NA,NA,2,"CPI-455_cellminercdb.html","<a href='https://discovery.nci.nih.gov/drugs/cellminercdb/CPI-455_cellminercdb.html' target='_blank'>details</a>"
"2334","TOBRAMYCIN","[TOBRAMYCIN]",NA,NA,2,"TOBRAMYCIN_cellminercdb.html","<a href='https://discovery.nci.nih.gov/drugs/cellminercdb/TOBRAMYCIN_cellminercdb.html' target='_blank'>details</a>"
"2335","KN-62","[KN-62]",NA,NA,2,"KN-62_cellminercdb.html","<a href='https://discovery.nci.nih.gov/drugs/cellminercdb/KN-62_cellminercdb.html' target='_blank'>details</a>"
"2336","782351","[TASOCITINIB, TOFACITINIB, 782351]",NA,NA,2,"782351_cellminercdb.html","<a href='https://discovery.nci.nih.gov/drugs/cellminercdb/782351_cellminercdb.html' target='_blank'>details</a>"
"2337","VX-765","[VX-765]",NA,NA,3,"VX-765_cellminercdb.html","<a href='https://discovery.nci.nih.gov/drugs/cellminercdb/VX-765_cellminercdb.html' target='_blank'>details</a>"
"2338","GSK-4112","[GSK-4112]",NA,NA,2,"GSK-4112_cellminercdb.html","<a href='https://discovery.nci.nih.gov/drugs/cellminercdb/GSK-4112_cellminercdb.html' target='_blank'>details</a>"
"2339","EPZ-005687","[EPZ-005687]",NA,NA,2,"EPZ-005687_cellminercdb.html","<a href='https://discovery.nci.nih.gov/drugs/cellminercdb/EPZ-005687_cellminercdb.html' target='_blank'>details</a>"
"2340","BENZAMIL","[BENZAMIL]",NA,NA,2,"BENZAMIL_cellminercdb.html","<a href='https://discovery.nci.nih.gov/drugs/cellminercdb/BENZAMIL_cellminercdb.html' target='_blank'>details</a>"
"2341","TAXIFOLIN","[(+)-TAXIFOLIN, TAXIFOLIN]",NA,NA,2,"TAXIFOLIN_cellminercdb.html","<a href='https://discovery.nci.nih.gov/drugs/cellminercdb/TAXIFOLIN_cellminercdb.html' target='_blank'>details</a>"
"2342","DIENOGEST","[DIENOGEST]",NA,NA,3,"DIENOGEST_cellminercdb.html","<a href='https://discovery.nci.nih.gov/drugs/cellminercdb/DIENOGEST_cellminercdb.html' target='_blank'>details</a>"
"2343","U-0126","[U-0126]",NA,NA,3,"U-0126_cellminercdb.html","<a href='https://discovery.nci.nih.gov/drugs/cellminercdb/U-0126_cellminercdb.html' target='_blank'>details</a>"
"2344","AMRUBICIN","[AMRUBICIN HYDROCHLORIDE, AMRUBICIN]",NA,NA,2,"AMRUBICIN_cellminercdb.html","<a href='https://discovery.nci.nih.gov/drugs/cellminercdb/AMRUBICIN_cellminercdb.html' target='_blank'>details</a>"
"2345","PIPERAQUINE","[PIPERAQUINE]",NA,NA,2,"PIPERAQUINE_cellminercdb.html","<a href='https://discovery.nci.nih.gov/drugs/cellminercdb/PIPERAQUINE_cellminercdb.html' target='_blank'>details</a>"
"2346","BUDESONIDE","[BUDESONIDE]",NA,NA,2,"BUDESONIDE_cellminercdb.html","<a href='https://discovery.nci.nih.gov/drugs/cellminercdb/BUDESONIDE_cellminercdb.html' target='_blank'>details</a>"
"2347","BVT-14225","[BVT-14225]",NA,NA,2,"BVT-14225_cellminercdb.html","<a href='https://discovery.nci.nih.gov/drugs/cellminercdb/BVT-14225_cellminercdb.html' target='_blank'>details</a>"
"2348","REVERSINE","[REVERSINE]",NA,NA,2,"REVERSINE_cellminercdb.html","<a href='https://discovery.nci.nih.gov/drugs/cellminercdb/REVERSINE_cellminercdb.html' target='_blank'>details</a>"
"2349","ADAPALENE","[ADAPALENE]",NA,NA,3,"ADAPALENE_cellminercdb.html","<a href='https://discovery.nci.nih.gov/drugs/cellminercdb/ADAPALENE_cellminercdb.html' target='_blank'>details</a>"
"2350","MT-DADME-IMMA","[MT-DADME-IMMA]",NA,NA,2,"MT-DADME-IMMA_cellminercdb.html","<a href='https://discovery.nci.nih.gov/drugs/cellminercdb/MT-DADME-IMMA_cellminercdb.html' target='_blank'>details</a>"
"2351","TRIPTERIN","[TRIPTERIN, CELASTROL]",NA,NA,2,"TRIPTERIN_cellminercdb.html","<a href='https://discovery.nci.nih.gov/drugs/cellminercdb/TRIPTERIN_cellminercdb.html' target='_blank'>details</a>"
"2352","GENIPOSIDIC ACID","[GENIPOSIDIC ACID]",NA,NA,2,"GENIPOSIDIC_ACID_cellminercdb.html","<a href='https://discovery.nci.nih.gov/drugs/cellminercdb/GENIPOSIDIC_ACID_cellminercdb.html' target='_blank'>details</a>"
"2353","NATEGLINIDE","[NATEGLINIDE]",NA,NA,2,"NATEGLINIDE_cellminercdb.html","<a href='https://discovery.nci.nih.gov/drugs/cellminercdb/NATEGLINIDE_cellminercdb.html' target='_blank'>details</a>"
"2354","OCTREOTIDE","[OCTREOTIDE ACETATE, OCTREOTIDE]",NA,NA,2,"OCTREOTIDE_cellminercdb.html","<a href='https://discovery.nci.nih.gov/drugs/cellminercdb/OCTREOTIDE_cellminercdb.html' target='_blank'>details</a>"
"2355","NALTREXONE HYDROCHLORIDE","[NALTREXONE HYDROCHLORIDE]",NA,NA,3,"NALTREXONE_HYDROCHLORIDE_cellminercdb.html","<a href='https://discovery.nci.nih.gov/drugs/cellminercdb/NALTREXONE_HYDROCHLORIDE_cellminercdb.html' target='_blank'>details</a>"
"2356","PF-5274857","[PF-5274857]",NA,NA,2,"PF-5274857_cellminercdb.html","<a href='https://discovery.nci.nih.gov/drugs/cellminercdb/PF-5274857_cellminercdb.html' target='_blank'>details</a>"
"2357","4SC-202","[4SC-202, , 4SC-202, (E)-2-(3-(1-((4-(1-METHYL-1H-PYRAZOL-4-YL)PHENY..., (E)-2-(3-(1-((4-(1-METHYL-1H-PYRAZOL-4-YL)PHENYL)SULFONY..., 759905]","HDAC","Clinical trial",4,"4SC-202_cellminercdb.html","<a href='https://discovery.nci.nih.gov/drugs/cellminercdb/4SC-202_cellminercdb.html' target='_blank'>details</a>"
"2358","CROMOLYN","[CROMOLYN, CROMOLYN SODIUM]",NA,NA,2,"CROMOLYN_cellminercdb.html","<a href='https://discovery.nci.nih.gov/drugs/cellminercdb/CROMOLYN_cellminercdb.html' target='_blank'>details</a>"
"2359","BINDARIT","[BINDARIT]",NA,NA,3,"BINDARIT_cellminercdb.html","<a href='https://discovery.nci.nih.gov/drugs/cellminercdb/BINDARIT_cellminercdb.html' target='_blank'>details</a>"
"2360","METOLAZONE","[METOLAZONE]",NA,NA,2,"METOLAZONE_cellminercdb.html","<a href='https://discovery.nci.nih.gov/drugs/cellminercdb/METOLAZONE_cellminercdb.html' target='_blank'>details</a>"
"2361","SR 33805","[SR 33805]",NA,NA,2,"SR_33805_cellminercdb.html","<a href='https://discovery.nci.nih.gov/drugs/cellminercdb/SR_33805_cellminercdb.html' target='_blank'>details</a>"
"2362","DROXINOSTAT","[DROXINOSTAT]",NA,NA,2,"DROXINOSTAT_cellminercdb.html","<a href='https://discovery.nci.nih.gov/drugs/cellminercdb/DROXINOSTAT_cellminercdb.html' target='_blank'>details</a>"
"2363","PF-06439015","[PF-06439015]",NA,NA,2,"PF-06439015_cellminercdb.html","<a href='https://discovery.nci.nih.gov/drugs/cellminercdb/PF-06439015_cellminercdb.html' target='_blank'>details</a>"
"2364","FLUTICASONE FUROATE","[FLUTICASONE FUROATE]",NA,NA,2,"FLUTICASONE_FUROATE_cellminercdb.html","<a href='https://discovery.nci.nih.gov/drugs/cellminercdb/FLUTICASONE_FUROATE_cellminercdb.html' target='_blank'>details</a>"
"2365","GLPG-0974","[GLPG-0974]",NA,NA,2,"GLPG-0974_cellminercdb.html","<a href='https://discovery.nci.nih.gov/drugs/cellminercdb/GLPG-0974_cellminercdb.html' target='_blank'>details</a>"
"2366","PD-153035","[PD-153035]",NA,NA,3,"PD-153035_cellminercdb.html","<a href='https://discovery.nci.nih.gov/drugs/cellminercdb/PD-153035_cellminercdb.html' target='_blank'>details</a>"
"2367","VANCOMYCIN HYDROCHLORIDE","[VANCOMYCIN HYDROCHLORIDE]",NA,NA,2,"VANCOMYCIN_HYDROCHLORIDE_cellminercdb.html","<a href='https://discovery.nci.nih.gov/drugs/cellminercdb/VANCOMYCIN_HYDROCHLORIDE_cellminercdb.html' target='_blank'>details</a>"
"2368","TRIPTONIDE","[TRIPTONIDE]",NA,NA,2,"TRIPTONIDE_cellminercdb.html","<a href='https://discovery.nci.nih.gov/drugs/cellminercdb/TRIPTONIDE_cellminercdb.html' target='_blank'>details</a>"
"2369","LAPPACONITE","[LAPPACONITINE HYDROBROMIDE, LAPPACONITINE, LAPPACONITE]",NA,NA,3,"LAPPACONITE_cellminercdb.html","<a href='https://discovery.nci.nih.gov/drugs/cellminercdb/LAPPACONITE_cellminercdb.html' target='_blank'>details</a>"
"2370","DAIDZEIN","[4',7-DIHYDROXYISOFLAVANONE, DAIDZEIN]",NA,NA,2,"DAIDZEIN_cellminercdb.html","<a href='https://discovery.nci.nih.gov/drugs/cellminercdb/DAIDZEIN_cellminercdb.html' target='_blank'>details</a>"
"2371","BEPRIDIL","[BEPRIDIL]",NA,NA,2,"BEPRIDIL_cellminercdb.html","<a href='https://discovery.nci.nih.gov/drugs/cellminercdb/BEPRIDIL_cellminercdb.html' target='_blank'>details</a>"
"2372","JPH203","[JPH203]",NA,NA,2,"JPH203_cellminercdb.html","<a href='https://discovery.nci.nih.gov/drugs/cellminercdb/JPH203_cellminercdb.html' target='_blank'>details</a>"
"2373","GALLAMINE TRIETHIODIDE","[GALLAMINE TRIETHIODIDE]",NA,NA,2,"GALLAMINE_TRIETHIODIDE_cellminercdb.html","<a href='https://discovery.nci.nih.gov/drugs/cellminercdb/GALLAMINE_TRIETHIODIDE_cellminercdb.html' target='_blank'>details</a>"
"2374","SESAMIN","[ASARININ, SESAMIN]",NA,NA,2,"SESAMIN_cellminercdb.html","<a href='https://discovery.nci.nih.gov/drugs/cellminercdb/SESAMIN_cellminercdb.html' target='_blank'>details</a>"
"2375","TRICHOSTATIN A","[TRICHOSTATIN A, TRICHOSTATIN-A]",NA,NA,4,"TRICHOSTATIN_A_cellminercdb.html","<a href='https://discovery.nci.nih.gov/drugs/cellminercdb/TRICHOSTATIN_A_cellminercdb.html' target='_blank'>details</a>"
"2376","WAY-100635","[WAY-100635]",NA,NA,2,"WAY-100635_cellminercdb.html","<a href='https://discovery.nci.nih.gov/drugs/cellminercdb/WAY-100635_cellminercdb.html' target='_blank'>details</a>"
"2377","ONO-4059 ANALOG","[ONO-4059 ANALOG]",NA,NA,2,"ONO-4059_ANALOG_cellminercdb.html","<a href='https://discovery.nci.nih.gov/drugs/cellminercdb/ONO-4059_ANALOG_cellminercdb.html' target='_blank'>details</a>"
"2378","HMSL10089","[HMSL10089]",NA,NA,2,"HMSL10089_cellminercdb.html","<a href='https://discovery.nci.nih.gov/drugs/cellminercdb/HMSL10089_cellminercdb.html' target='_blank'>details</a>"
"2379","D 106669","[D 106669, D-106669]",NA,NA,2,"D_106669_cellminercdb.html","<a href='https://discovery.nci.nih.gov/drugs/cellminercdb/D_106669_cellminercdb.html' target='_blank'>details</a>"
"2380","NCGC00372530","[NCGC00372530]",NA,NA,2,"NCGC00372530_cellminercdb.html","<a href='https://discovery.nci.nih.gov/drugs/cellminercdb/NCGC00372530_cellminercdb.html' target='_blank'>details</a>"
"2381","CYPROTERONE ACETATE","[CYPROTERONE ACETATE, CYPROTERONE-ACETATE]",NA,NA,3,"CYPROTERONE_ACETATE_cellminercdb.html","<a href='https://discovery.nci.nih.gov/drugs/cellminercdb/CYPROTERONE_ACETATE_cellminercdb.html' target='_blank'>details</a>"
"2382","DROSPIRENONE","[DROSPIRENONE]",NA,NA,3,"DROSPIRENONE_cellminercdb.html","<a href='https://discovery.nci.nih.gov/drugs/cellminercdb/DROSPIRENONE_cellminercdb.html' target='_blank'>details</a>"
"2383","AGI-6780","[AGI-6780, 781409]","IDH2","Clinical trial",5,"AGI-6780_cellminercdb.html","<a href='https://discovery.nci.nih.gov/drugs/cellminercdb/AGI-6780_cellminercdb.html' target='_blank'>details</a>"
"2384","ATN-161","[ATN-161]",NA,NA,2,"ATN-161_cellminercdb.html","<a href='https://discovery.nci.nih.gov/drugs/cellminercdb/ATN-161_cellminercdb.html' target='_blank'>details</a>"
"2385","JTC-801","[JTC-801]",NA,NA,3,"JTC-801_cellminercdb.html","<a href='https://discovery.nci.nih.gov/drugs/cellminercdb/JTC-801_cellminercdb.html' target='_blank'>details</a>"
"2386","BAICALIN","[BAICALIN]",NA,NA,3,"BAICALIN_cellminercdb.html","<a href='https://discovery.nci.nih.gov/drugs/cellminercdb/BAICALIN_cellminercdb.html' target='_blank'>details</a>"
"2387","IKK-16","[IKK-16]",NA,NA,3,"IKK-16_cellminercdb.html","<a href='https://discovery.nci.nih.gov/drugs/cellminercdb/IKK-16_cellminercdb.html' target='_blank'>details</a>"
"2388","MERCK 5","[MERCK 5, 2-TERT-BUTYL-9-FLUORO-1,6-DIHYDROBENZO[H]IMIDAZO[4,5-F]ISOQUINOLIN-7-ONE]",NA,NA,2,"MERCK_5_cellminercdb.html","<a href='https://discovery.nci.nih.gov/drugs/cellminercdb/MERCK_5_cellminercdb.html' target='_blank'>details</a>"
"2390","DECERNOTINIB","[DECERNOTINIB]",NA,NA,2,"DECERNOTINIB_cellminercdb.html","<a href='https://discovery.nci.nih.gov/drugs/cellminercdb/DECERNOTINIB_cellminercdb.html' target='_blank'>details</a>"
"2391","RESVERATROL","[CIS-RESVERATROL, RESVERATROL]",NA,NA,2,"RESVERATROL_cellminercdb.html","<a href='https://discovery.nci.nih.gov/drugs/cellminercdb/RESVERATROL_cellminercdb.html' target='_blank'>details</a>"
"2392","RUSKI-201","[RUSKI-201]",NA,NA,2,"RUSKI-201_cellminercdb.html","<a href='https://discovery.nci.nih.gov/drugs/cellminercdb/RUSKI-201_cellminercdb.html' target='_blank'>details</a>"
"2393","HYDROCHLOROTHIAZIDE","[HYDROCHLOROTHIAZIDE]",NA,NA,2,"HYDROCHLOROTHIAZIDE_cellminercdb.html","<a href='https://discovery.nci.nih.gov/drugs/cellminercdb/HYDROCHLOROTHIAZIDE_cellminercdb.html' target='_blank'>details</a>"
"2394","LANSOPRAZOLE","[DEXLANSOPRAZOLE, LANSOPRAZOLE]",NA,NA,2,"LANSOPRAZOLE_cellminercdb.html","<a href='https://discovery.nci.nih.gov/drugs/cellminercdb/LANSOPRAZOLE_cellminercdb.html' target='_blank'>details</a>"
"2395","S-99","[S-99]",NA,NA,2,"S-99_cellminercdb.html","<a href='https://discovery.nci.nih.gov/drugs/cellminercdb/S-99_cellminercdb.html' target='_blank'>details</a>"
"2396","AG-494","[AG-494, KETOPROFEN]",NA,NA,3,"AG-494_cellminercdb.html","<a href='https://discovery.nci.nih.gov/drugs/cellminercdb/AG-494_cellminercdb.html' target='_blank'>details</a>"
"2397","AT7867","[4-(4-CHLOROPHENYL)-4-[4-(1H-PYRAZOL-4-YL)PHENYL]PIPERIDINE, AT-7867, AT7867]",NA,NA,4,"AT7867_cellminercdb.html","<a href='https://discovery.nci.nih.gov/drugs/cellminercdb/AT7867_cellminercdb.html' target='_blank'>details</a>"
"2398","AMOXAPINE","[AMOXAPINE]",NA,NA,2,"AMOXAPINE_cellminercdb.html","<a href='https://discovery.nci.nih.gov/drugs/cellminercdb/AMOXAPINE_cellminercdb.html' target='_blank'>details</a>"
"2399","PD-0220245","[PD-0220245]",NA,NA,2,"PD-0220245_cellminercdb.html","<a href='https://discovery.nci.nih.gov/drugs/cellminercdb/PD-0220245_cellminercdb.html' target='_blank'>details</a>"
"2400","GINSENOSIDE RB1","[GINSENOSIDE RB1]",NA,NA,2,"GINSENOSIDE_RB1_cellminercdb.html","<a href='https://discovery.nci.nih.gov/drugs/cellminercdb/GINSENOSIDE_RB1_cellminercdb.html' target='_blank'>details</a>"
"2401","TCN-201","[TCN-201]",NA,NA,2,"TCN-201_cellminercdb.html","<a href='https://discovery.nci.nih.gov/drugs/cellminercdb/TCN-201_cellminercdb.html' target='_blank'>details</a>"
"2402","GNF-6231","[GNF-6231]",NA,NA,2,"GNF-6231_cellminercdb.html","<a href='https://discovery.nci.nih.gov/drugs/cellminercdb/GNF-6231_cellminercdb.html' target='_blank'>details</a>"
"2403","METHSCOPOLAMINE (BROMIDE)","[METHSCOPOLAMINE (BROMIDE), (-)-SCOPOLAMINE METHYL BROMIDE]",NA,NA,3,"METHSCOPOLAMINE_(BROMIDE)_cellminercdb.html","<a href='https://discovery.nci.nih.gov/drugs/cellminercdb/METHSCOPOLAMINE_(BROMIDE)_cellminercdb.html' target='_blank'>details</a>"
"2404","MILRINONE","[MILRINONE]",NA,NA,2,"MILRINONE_cellminercdb.html","<a href='https://discovery.nci.nih.gov/drugs/cellminercdb/MILRINONE_cellminercdb.html' target='_blank'>details</a>"
"2405","787312","[PT-2385, 787312]",NA,NA,2,"787312_cellminercdb.html","<a href='https://discovery.nci.nih.gov/drugs/cellminercdb/787312_cellminercdb.html' target='_blank'>details</a>"
"2406","NCGC00247866","[NCGC00247866]",NA,NA,2,"NCGC00247866_cellminercdb.html","<a href='https://discovery.nci.nih.gov/drugs/cellminercdb/NCGC00247866_cellminercdb.html' target='_blank'>details</a>"
"2407","DIDANOSINE","[DIDANOSINE]",NA,NA,2,"DIDANOSINE_cellminercdb.html","<a href='https://discovery.nci.nih.gov/drugs/cellminercdb/DIDANOSINE_cellminercdb.html' target='_blank'>details</a>"
"2408","BALOFLOXACIN","[BALOFLOXACIN]",NA,NA,2,"BALOFLOXACIN_cellminercdb.html","<a href='https://discovery.nci.nih.gov/drugs/cellminercdb/BALOFLOXACIN_cellminercdb.html' target='_blank'>details</a>"
"2409","SPARFLOXACIN","[SPARFLOXACIN]",NA,NA,3,"SPARFLOXACIN_cellminercdb.html","<a href='https://discovery.nci.nih.gov/drugs/cellminercdb/SPARFLOXACIN_cellminercdb.html' target='_blank'>details</a>"
"2410","DAMINOZIDE","[DAMINOZIDE]",NA,NA,2,"DAMINOZIDE_cellminercdb.html","<a href='https://discovery.nci.nih.gov/drugs/cellminercdb/DAMINOZIDE_cellminercdb.html' target='_blank'>details</a>"
"2411","CDK8I-51","[CDK8I-51]",NA,NA,2,"CDK8I-51_cellminercdb.html","<a href='https://discovery.nci.nih.gov/drugs/cellminercdb/CDK8I-51_cellminercdb.html' target='_blank'>details</a>"
"2412","BMS-202","[BMS-202]",NA,NA,2,"BMS-202_cellminercdb.html","<a href='https://discovery.nci.nih.gov/drugs/cellminercdb/BMS-202_cellminercdb.html' target='_blank'>details</a>"
"2413","TAZAROTENE","[TAZAROTENE]",NA,NA,2,"TAZAROTENE_cellminercdb.html","<a href='https://discovery.nci.nih.gov/drugs/cellminercdb/TAZAROTENE_cellminercdb.html' target='_blank'>details</a>"
"2414","MK-3207","[MK-3207]",NA,NA,3,"MK-3207_cellminercdb.html","<a href='https://discovery.nci.nih.gov/drugs/cellminercdb/MK-3207_cellminercdb.html' target='_blank'>details</a>"
"2415","TAZEMETOSTAT","[TAZEMETOSTAT]",NA,NA,3,"TAZEMETOSTAT_cellminercdb.html","<a href='https://discovery.nci.nih.gov/drugs/cellminercdb/TAZEMETOSTAT_cellminercdb.html' target='_blank'>details</a>"
"2416","TRANEXAMIC ACID","[TRANEXAMIC ACID]",NA,NA,2,"TRANEXAMIC_ACID_cellminercdb.html","<a href='https://discovery.nci.nih.gov/drugs/cellminercdb/TRANEXAMIC_ACID_cellminercdb.html' target='_blank'>details</a>"
"2417","LOSMAPIMOD","[LOSMAPIMOD]",NA,NA,2,"LOSMAPIMOD_cellminercdb.html","<a href='https://discovery.nci.nih.gov/drugs/cellminercdb/LOSMAPIMOD_cellminercdb.html' target='_blank'>details</a>"
"2418","MRT-83","[MRT-83]",NA,NA,2,"MRT-83_cellminercdb.html","<a href='https://discovery.nci.nih.gov/drugs/cellminercdb/MRT-83_cellminercdb.html' target='_blank'>details</a>"
"2419","GGTI-2418","[GGTI-2418]",NA,NA,2,"GGTI-2418_cellminercdb.html","<a href='https://discovery.nci.nih.gov/drugs/cellminercdb/GGTI-2418_cellminercdb.html' target='_blank'>details</a>"
"2420","OTX-008","[OTX-008]",NA,NA,2,"OTX-008_cellminercdb.html","<a href='https://discovery.nci.nih.gov/drugs/cellminercdb/OTX-008_cellminercdb.html' target='_blank'>details</a>"
"2421","JNJ-7706621","[JNJ-7706621]",NA,NA,3,"JNJ-7706621_cellminercdb.html","<a href='https://discovery.nci.nih.gov/drugs/cellminercdb/JNJ-7706621_cellminercdb.html' target='_blank'>details</a>"
"2422","LATREPIRDINE","[LATREPIRDINE HYDROCHLORIDE, LATREPIRDINE]",NA,NA,3,"LATREPIRDINE_cellminercdb.html","<a href='https://discovery.nci.nih.gov/drugs/cellminercdb/LATREPIRDINE_cellminercdb.html' target='_blank'>details</a>"
"2423","DIETHYLSTILBESTROL","[DIETHYLSTILBESTROL [DES], DIETHYLSTILBESTROL]",NA,NA,2,"DIETHYLSTILBESTROL_cellminercdb.html","<a href='https://discovery.nci.nih.gov/drugs/cellminercdb/DIETHYLSTILBESTROL_cellminercdb.html' target='_blank'>details</a>"
"2424","SB-216763","[SB-216763]",NA,NA,2,"SB-216763_cellminercdb.html","<a href='https://discovery.nci.nih.gov/drugs/cellminercdb/SB-216763_cellminercdb.html' target='_blank'>details</a>"
"2425","HESPERIDIN","[METHYL HESPERIDIN, HESPERIDIN]",NA,NA,2,"HESPERIDIN_cellminercdb.html","<a href='https://discovery.nci.nih.gov/drugs/cellminercdb/HESPERIDIN_cellminercdb.html' target='_blank'>details</a>"
"2426","VER155008","[VER155008, VER-155008]",NA,NA,2,"VER155008_cellminercdb.html","<a href='https://discovery.nci.nih.gov/drugs/cellminercdb/VER155008_cellminercdb.html' target='_blank'>details</a>"
"2427","800019","[PF-06821497, 800019]",NA,NA,2,"800019_cellminercdb.html","<a href='https://discovery.nci.nih.gov/drugs/cellminercdb/800019_cellminercdb.html' target='_blank'>details</a>"
"2428","PRALNACASAN","[PRALNACASAN]",NA,NA,2,"PRALNACASAN_cellminercdb.html","<a href='https://discovery.nci.nih.gov/drugs/cellminercdb/PRALNACASAN_cellminercdb.html' target='_blank'>details</a>"
"2429","UMIFENOVIR","[UMIFENOVIR]",NA,NA,2,"UMIFENOVIR_cellminercdb.html","<a href='https://discovery.nci.nih.gov/drugs/cellminercdb/UMIFENOVIR_cellminercdb.html' target='_blank'>details</a>"
"2430","SRT-2104","[SRT-2104]",NA,NA,2,"SRT-2104_cellminercdb.html","<a href='https://discovery.nci.nih.gov/drugs/cellminercdb/SRT-2104_cellminercdb.html' target='_blank'>details</a>"
"2431","ADEFOVIR DIPIVOXIL","[ADEFOVIR DIPIVOXIL, ADEFOVIR-DIPIVOXIL]",NA,NA,3,"ADEFOVIR_DIPIVOXIL_cellminercdb.html","<a href='https://discovery.nci.nih.gov/drugs/cellminercdb/ADEFOVIR_DIPIVOXIL_cellminercdb.html' target='_blank'>details</a>"
"2432","Porfiromycin","[PORFIROMYCIN, METHYL MITOMYCIN C, ENT-50825, N-METHYLMITOMYCIN C, WLN:  T D3 B556 BN EN JV MVTTT&J E1 GO1 H1OVZ KZ L1, PORPHYROMYCIN, METHYLMITOMYCIN, PORFIROMYCINE, MITOMYCIN C, N-METHYL-, AZIRINO[2',3':3,4]PYRROLO[1,2-A]INDOLE-4,7-DIONE,  6-AMI..., PORFIROMYCIN(USAN), 56410]","A7|AlkAg",NA,3,"Porfiromycin_cellminercdb.html","<a href='https://discovery.nci.nih.gov/drugs/cellminercdb/Porfiromycin_cellminercdb.html' target='_blank'>details</a>"
"2433","SOTALOL","[SOTALOL, SOTALOL HYDROCHLORIDE]",NA,NA,2,"SOTALOL_cellminercdb.html","<a href='https://discovery.nci.nih.gov/drugs/cellminercdb/SOTALOL_cellminercdb.html' target='_blank'>details</a>"
"2434","FLUTICASONE PROPIONATE","[FLUTICASONE PROPIONATE, FLUTICASONE-PROPIONATE]",NA,NA,3,"FLUTICASONE_PROPIONATE_cellminercdb.html","<a href='https://discovery.nci.nih.gov/drugs/cellminercdb/FLUTICASONE_PROPIONATE_cellminercdb.html' target='_blank'>details</a>"
"2435","Ofloxacin","[OFLOXACIN, (+/-)-FLOXIN, (+/-)-9-FLUORO-2,3-DIHYDRO-3-METHYL-10-(4-METHYL-1-PIPER..., 727071]",NA,"FDA approved",3,"Ofloxacin_cellminercdb.html","<a href='https://discovery.nci.nih.gov/drugs/cellminercdb/Ofloxacin_cellminercdb.html' target='_blank'>details</a>"
"2436","A 839977","[A 839977, A-839977]",NA,NA,2,"A_839977_cellminercdb.html","<a href='https://discovery.nci.nih.gov/drugs/cellminercdb/A_839977_cellminercdb.html' target='_blank'>details</a>"
"2437","LX-7101","[LX-7101]",NA,NA,2,"LX-7101_cellminercdb.html","<a href='https://discovery.nci.nih.gov/drugs/cellminercdb/LX-7101_cellminercdb.html' target='_blank'>details</a>"
"2438","GSK-2256098","[GSK-2256098, GSK2256098C]",NA,NA,3,"GSK-2256098_cellminercdb.html","<a href='https://discovery.nci.nih.gov/drugs/cellminercdb/GSK-2256098_cellminercdb.html' target='_blank'>details</a>"
"2439","NCGC00510708","[NCGC00510708]",NA,NA,2,"NCGC00510708_cellminercdb.html","<a href='https://discovery.nci.nih.gov/drugs/cellminercdb/NCGC00510708_cellminercdb.html' target='_blank'>details</a>"
"2440","MG-115","[MG-115]",NA,NA,2,"MG-115_cellminercdb.html","<a href='https://discovery.nci.nih.gov/drugs/cellminercdb/MG-115_cellminercdb.html' target='_blank'>details</a>"
"2441","AGOMELATINE","[AGOMELATINE]",NA,NA,2,"AGOMELATINE_cellminercdb.html","<a href='https://discovery.nci.nih.gov/drugs/cellminercdb/AGOMELATINE_cellminercdb.html' target='_blank'>details</a>"
"2442","AZD-8797","[AZD-8797]",NA,NA,2,"AZD-8797_cellminercdb.html","<a href='https://discovery.nci.nih.gov/drugs/cellminercdb/AZD-8797_cellminercdb.html' target='_blank'>details</a>"
"2443","PERHEXILINE","[PERHEXILINE]",NA,NA,2,"PERHEXILINE_cellminercdb.html","<a href='https://discovery.nci.nih.gov/drugs/cellminercdb/PERHEXILINE_cellminercdb.html' target='_blank'>details</a>"
"2444","FAMCICLOVIR","[FAMCICLOVIR]",NA,NA,3,"FAMCICLOVIR_cellminercdb.html","<a href='https://discovery.nci.nih.gov/drugs/cellminercdb/FAMCICLOVIR_cellminercdb.html' target='_blank'>details</a>"
"2445","PF-03716556","[PF-03716556]",NA,NA,2,"PF-03716556_cellminercdb.html","<a href='https://discovery.nci.nih.gov/drugs/cellminercdb/PF-03716556_cellminercdb.html' target='_blank'>details</a>"
"2446","CLASCOTERONE","[17 ALPHA-PROPIONATE, CLASCOTERONE]",NA,NA,2,"CLASCOTERONE_cellminercdb.html","<a href='https://discovery.nci.nih.gov/drugs/cellminercdb/CLASCOTERONE_cellminercdb.html' target='_blank'>details</a>"
"2447","MK-0354","[MK-0354]",NA,NA,2,"MK-0354_cellminercdb.html","<a href='https://discovery.nci.nih.gov/drugs/cellminercdb/MK-0354_cellminercdb.html' target='_blank'>details</a>"
"2448","SITAFLOXACIN","[SITAFLOXACIN]",NA,NA,2,"SITAFLOXACIN_cellminercdb.html","<a href='https://discovery.nci.nih.gov/drugs/cellminercdb/SITAFLOXACIN_cellminercdb.html' target='_blank'>details</a>"
"2449","PRAVASTATIN SODIUM","[PRAVASTATIN SODIUM]",NA,NA,2,"PRAVASTATIN_SODIUM_cellminercdb.html","<a href='https://discovery.nci.nih.gov/drugs/cellminercdb/PRAVASTATIN_SODIUM_cellminercdb.html' target='_blank'>details</a>"
"2450","ETHOSUXIMIDE","[ETHOSUXIMIDE]",NA,NA,2,"ETHOSUXIMIDE_cellminercdb.html","<a href='https://discovery.nci.nih.gov/drugs/cellminercdb/ETHOSUXIMIDE_cellminercdb.html' target='_blank'>details</a>"
"2451","GW-4869","[GW-4869]",NA,NA,2,"GW-4869_cellminercdb.html","<a href='https://discovery.nci.nih.gov/drugs/cellminercdb/GW-4869_cellminercdb.html' target='_blank'>details</a>"
"2452","APIGENIN","[APIGENIN]",NA,NA,2,"APIGENIN_cellminercdb.html","<a href='https://discovery.nci.nih.gov/drugs/cellminercdb/APIGENIN_cellminercdb.html' target='_blank'>details</a>"
"2453","CEPHALOMANNINE","[CEPHALOMANNINE]",NA,NA,3,"CEPHALOMANNINE_cellminercdb.html","<a href='https://discovery.nci.nih.gov/drugs/cellminercdb/CEPHALOMANNINE_cellminercdb.html' target='_blank'>details</a>"
"2454","CLONIDINE","[CLONIDINE HYDROCHLORIDE, CLONIDINE]",NA,NA,2,"CLONIDINE_cellminercdb.html","<a href='https://discovery.nci.nih.gov/drugs/cellminercdb/CLONIDINE_cellminercdb.html' target='_blank'>details</a>"
"2455","SB-265610","[SB-265610]",NA,NA,2,"SB-265610_cellminercdb.html","<a href='https://discovery.nci.nih.gov/drugs/cellminercdb/SB-265610_cellminercdb.html' target='_blank'>details</a>"
"2456","OMIGAPIL","[OMIGAPIL]",NA,NA,2,"OMIGAPIL_cellminercdb.html","<a href='https://discovery.nci.nih.gov/drugs/cellminercdb/OMIGAPIL_cellminercdb.html' target='_blank'>details</a>"
"2457","SB612111","[SB612111]",NA,NA,2,"SB612111_cellminercdb.html","<a href='https://discovery.nci.nih.gov/drugs/cellminercdb/SB612111_cellminercdb.html' target='_blank'>details</a>"
"2458","ASTRAGALOSIDE A","[ASTRAGALOSIDE IV, ASTRAGALOSIDE A]",NA,NA,2,"ASTRAGALOSIDE_A_cellminercdb.html","<a href='https://discovery.nci.nih.gov/drugs/cellminercdb/ASTRAGALOSIDE_A_cellminercdb.html' target='_blank'>details</a>"
"2459","GSK-25","[GSK-25]",NA,NA,2,"GSK-25_cellminercdb.html","<a href='https://discovery.nci.nih.gov/drugs/cellminercdb/GSK-25_cellminercdb.html' target='_blank'>details</a>"
"2460","BIMATOPROST","[BIMATOPROST]",NA,NA,2,"BIMATOPROST_cellminercdb.html","<a href='https://discovery.nci.nih.gov/drugs/cellminercdb/BIMATOPROST_cellminercdb.html' target='_blank'>details</a>"
"2461","ZM 39923","[ZM 39923, ZM-39923]",NA,NA,2,"ZM_39923_cellminercdb.html","<a href='https://discovery.nci.nih.gov/drugs/cellminercdb/ZM_39923_cellminercdb.html' target='_blank'>details</a>"
"2462","FLUVOXAMINE","[FLUVOXAMINE, FLUVOXAMINE MALEATE]",NA,NA,2,"FLUVOXAMINE_cellminercdb.html","<a href='https://discovery.nci.nih.gov/drugs/cellminercdb/FLUVOXAMINE_cellminercdb.html' target='_blank'>details</a>"
"2463","SR-3677","[SR-3677]",NA,NA,2,"SR-3677_cellminercdb.html","<a href='https://discovery.nci.nih.gov/drugs/cellminercdb/SR-3677_cellminercdb.html' target='_blank'>details</a>"
"2464","C 646","[C 646]",NA,NA,2,"C_646_cellminercdb.html","<a href='https://discovery.nci.nih.gov/drugs/cellminercdb/C_646_cellminercdb.html' target='_blank'>details</a>"
"2465",NA,"[THZ-1, THZ1, CS-3167, 825089, NA]",NA,NA,4,"NA_cellminercdb.html","<a href='https://discovery.nci.nih.gov/drugs/cellminercdb/NA_cellminercdb.html' target='_blank'>details</a>"
"2466","MIANSERIN HYDROCHLORIDE","[MIANSERIN HYDROCHLORIDE]",NA,NA,2,"MIANSERIN_HYDROCHLORIDE_cellminercdb.html","<a href='https://discovery.nci.nih.gov/drugs/cellminercdb/MIANSERIN_HYDROCHLORIDE_cellminercdb.html' target='_blank'>details</a>"
"2467","SB-408124","[SB-408124]",NA,NA,2,"SB-408124_cellminercdb.html","<a href='https://discovery.nci.nih.gov/drugs/cellminercdb/SB-408124_cellminercdb.html' target='_blank'>details</a>"
"2468","ENOXOLONE","[GLYCYRRHETINIC ACID, ENOXOLONE]",NA,NA,2,"ENOXOLONE_cellminercdb.html","<a href='https://discovery.nci.nih.gov/drugs/cellminercdb/ENOXOLONE_cellminercdb.html' target='_blank'>details</a>"
"2469","CYPRODIME","[CYPRODIME]",NA,NA,2,"CYPRODIME_cellminercdb.html","<a href='https://discovery.nci.nih.gov/drugs/cellminercdb/CYPRODIME_cellminercdb.html' target='_blank'>details</a>"
"2470","CLOZAPINE","[CLOZAPINE]",NA,NA,2,"CLOZAPINE_cellminercdb.html","<a href='https://discovery.nci.nih.gov/drugs/cellminercdb/CLOZAPINE_cellminercdb.html' target='_blank'>details</a>"
"2471","GB 83","[GB 83]",NA,NA,2,"GB_83_cellminercdb.html","<a href='https://discovery.nci.nih.gov/drugs/cellminercdb/GB_83_cellminercdb.html' target='_blank'>details</a>"
"2472","ELVITEGRAVIR","[ELVITEGRAVIR]",NA,NA,2,"ELVITEGRAVIR_cellminercdb.html","<a href='https://discovery.nci.nih.gov/drugs/cellminercdb/ELVITEGRAVIR_cellminercdb.html' target='_blank'>details</a>"
"2473","PF-3845","[PF-3845]",NA,NA,3,"PF-3845_cellminercdb.html","<a href='https://discovery.nci.nih.gov/drugs/cellminercdb/PF-3845_cellminercdb.html' target='_blank'>details</a>"
"2474","TACRINE HYDROCHLORIDE","[TACRINE HYDROCHLORIDE]",NA,NA,2,"TACRINE_HYDROCHLORIDE_cellminercdb.html","<a href='https://discovery.nci.nih.gov/drugs/cellminercdb/TACRINE_HYDROCHLORIDE_cellminercdb.html' target='_blank'>details</a>"
"2475","DEACETYL CORTIVAZOL","[DEACETYL CORTIVAZOL]",NA,NA,2,"DEACETYL_CORTIVAZOL_cellminercdb.html","<a href='https://discovery.nci.nih.gov/drugs/cellminercdb/DEACETYL_CORTIVAZOL_cellminercdb.html' target='_blank'>details</a>"
"2476","PERAMIVIR","[PERAMIVIR]",NA,NA,2,"PERAMIVIR_cellminercdb.html","<a href='https://discovery.nci.nih.gov/drugs/cellminercdb/PERAMIVIR_cellminercdb.html' target='_blank'>details</a>"
"2477","GSK-864","[GSK-864]",NA,NA,2,"GSK-864_cellminercdb.html","<a href='https://discovery.nci.nih.gov/drugs/cellminercdb/GSK-864_cellminercdb.html' target='_blank'>details</a>"
"2478","JAK3I","[JAK3I]",NA,NA,2,"JAK3I_cellminercdb.html","<a href='https://discovery.nci.nih.gov/drugs/cellminercdb/JAK3I_cellminercdb.html' target='_blank'>details</a>"
"2480","BX-471","[BX-471, ZK-811752]",NA,NA,3,"BX-471_cellminercdb.html","<a href='https://discovery.nci.nih.gov/drugs/cellminercdb/BX-471_cellminercdb.html' target='_blank'>details</a>"
"2481","BRL-15572","[BRL-15572]",NA,NA,2,"BRL-15572_cellminercdb.html","<a href='https://discovery.nci.nih.gov/drugs/cellminercdb/BRL-15572_cellminercdb.html' target='_blank'>details</a>"
"2482","TENATOPRAZOLE","[TENATOPRAZOLE]",NA,NA,2,"TENATOPRAZOLE_cellminercdb.html","<a href='https://discovery.nci.nih.gov/drugs/cellminercdb/TENATOPRAZOLE_cellminercdb.html' target='_blank'>details</a>"
"2483","NIBR-17","[NIBR-17]",NA,NA,2,"NIBR-17_cellminercdb.html","<a href='https://discovery.nci.nih.gov/drugs/cellminercdb/NIBR-17_cellminercdb.html' target='_blank'>details</a>"
"2484","BELIZATINIB","[BELIZATINIB]",NA,NA,2,"BELIZATINIB_cellminercdb.html","<a href='https://discovery.nci.nih.gov/drugs/cellminercdb/BELIZATINIB_cellminercdb.html' target='_blank'>details</a>"
"2485","M-344","[M-344]",NA,NA,3,"M-344_cellminercdb.html","<a href='https://discovery.nci.nih.gov/drugs/cellminercdb/M-344_cellminercdb.html' target='_blank'>details</a>"
"2486","THIAZOVIVIN","[THIAZOVIVIN]",NA,NA,2,"THIAZOVIVIN_cellminercdb.html","<a href='https://discovery.nci.nih.gov/drugs/cellminercdb/THIAZOVIVIN_cellminercdb.html' target='_blank'>details</a>"
"2487","TELOTRISTAT-ETHYL","[TELOTRISTAT ETIPRATE (LX 1606 HIPPURATE), TELOTRISTAT ETIPRATE, TELOTRISTAT-ETHYL]",NA,NA,3,"TELOTRISTAT-ETHYL_cellminercdb.html","<a href='https://discovery.nci.nih.gov/drugs/cellminercdb/TELOTRISTAT-ETHYL_cellminercdb.html' target='_blank'>details</a>"
"2488","TELITHROMYCIN","[TELITHROMYCIN]",NA,NA,2,"TELITHROMYCIN_cellminercdb.html","<a href='https://discovery.nci.nih.gov/drugs/cellminercdb/TELITHROMYCIN_cellminercdb.html' target='_blank'>details</a>"
"2489","TG-46","[TG-46]",NA,NA,2,"TG-46_cellminercdb.html","<a href='https://discovery.nci.nih.gov/drugs/cellminercdb/TG-46_cellminercdb.html' target='_blank'>details</a>"
"2490","POLYMYXIN B SULFATE","[POLYMYXIN B SULFATE, POLYMYXIN B SULPHATE]",NA,NA,2,"POLYMYXIN_B_SULFATE_cellminercdb.html","<a href='https://discovery.nci.nih.gov/drugs/cellminercdb/POLYMYXIN_B_SULFATE_cellminercdb.html' target='_blank'>details</a>"
"2491","ROLAPITANT","[ROLAPITANT]",NA,NA,2,"ROLAPITANT_cellminercdb.html","<a href='https://discovery.nci.nih.gov/drugs/cellminercdb/ROLAPITANT_cellminercdb.html' target='_blank'>details</a>"
"2492","ORY-1001","[ORY-1001]",NA,NA,2,"ORY-1001_cellminercdb.html","<a href='https://discovery.nci.nih.gov/drugs/cellminercdb/ORY-1001_cellminercdb.html' target='_blank'>details</a>"
"2493","SOLCITINIB","[SOLCITINIB]",NA,NA,2,"SOLCITINIB_cellminercdb.html","<a href='https://discovery.nci.nih.gov/drugs/cellminercdb/SOLCITINIB_cellminercdb.html' target='_blank'>details</a>"
"2494","EFT508","[EFT508, TOMIVOSERTIB]",NA,NA,2,"EFT508_cellminercdb.html","<a href='https://discovery.nci.nih.gov/drugs/cellminercdb/EFT508_cellminercdb.html' target='_blank'>details</a>"
"2495","NCGC00244250","[NCGC00244250-01, NCGC00244250]",NA,NA,2,"NCGC00244250_cellminercdb.html","<a href='https://discovery.nci.nih.gov/drugs/cellminercdb/NCGC00244250_cellminercdb.html' target='_blank'>details</a>"
"2496","INDOMETHACIN","[INDOMETHACIN]",NA,NA,2,"INDOMETHACIN_cellminercdb.html","<a href='https://discovery.nci.nih.gov/drugs/cellminercdb/INDOMETHACIN_cellminercdb.html' target='_blank'>details</a>"
"2497","ZOSUQUIDAR TRIHYDROCHLORIDE","[ZOSUQUIDAR TRIHYDROCHLORIDE]",NA,NA,2,"ZOSUQUIDAR_TRIHYDROCHLORIDE_cellminercdb.html","<a href='https://discovery.nci.nih.gov/drugs/cellminercdb/ZOSUQUIDAR_TRIHYDROCHLORIDE_cellminercdb.html' target='_blank'>details</a>"
"2498","NMS-859","[NMS-859]",NA,NA,2,"NMS-859_cellminercdb.html","<a href='https://discovery.nci.nih.gov/drugs/cellminercdb/NMS-859_cellminercdb.html' target='_blank'>details</a>"
"2499","PROPYLTHIOURACIL","[PROPYLTHIOURACIL]",NA,NA,2,"PROPYLTHIOURACIL_cellminercdb.html","<a href='https://discovery.nci.nih.gov/drugs/cellminercdb/PROPYLTHIOURACIL_cellminercdb.html' target='_blank'>details</a>"
"2500","NPS-1034","[NPS-1034]",NA,NA,2,"NPS-1034_cellminercdb.html","<a href='https://discovery.nci.nih.gov/drugs/cellminercdb/NPS-1034_cellminercdb.html' target='_blank'>details</a>"
"2501","MAVACAMTEN","[MAVACAMTEN]",NA,NA,2,"MAVACAMTEN_cellminercdb.html","<a href='https://discovery.nci.nih.gov/drugs/cellminercdb/MAVACAMTEN_cellminercdb.html' target='_blank'>details</a>"
"2502","ATIPRIMOD","[ATIPRIMOD]",NA,NA,3,"ATIPRIMOD_cellminercdb.html","<a href='https://discovery.nci.nih.gov/drugs/cellminercdb/ATIPRIMOD_cellminercdb.html' target='_blank'>details</a>"
"2503","GLASDEGIB","[GLASDEGIB]",NA,NA,2,"GLASDEGIB_cellminercdb.html","<a href='https://discovery.nci.nih.gov/drugs/cellminercdb/GLASDEGIB_cellminercdb.html' target='_blank'>details</a>"
"2504","GNE-493","[GNE-493]",NA,NA,2,"GNE-493_cellminercdb.html","<a href='https://discovery.nci.nih.gov/drugs/cellminercdb/GNE-493_cellminercdb.html' target='_blank'>details</a>"
"2505","SIVELESTAT","[SIVELESTAT]",NA,NA,2,"SIVELESTAT_cellminercdb.html","<a href='https://discovery.nci.nih.gov/drugs/cellminercdb/SIVELESTAT_cellminercdb.html' target='_blank'>details</a>"
"2506","ZALDARIDE MALEATE","[ZALDARIDE MALEATE]",NA,NA,3,"ZALDARIDE_MALEATE_cellminercdb.html","<a href='https://discovery.nci.nih.gov/drugs/cellminercdb/ZALDARIDE_MALEATE_cellminercdb.html' target='_blank'>details</a>"
"2507","CALINDOL","[CALINDOL]",NA,NA,2,"CALINDOL_cellminercdb.html","<a href='https://discovery.nci.nih.gov/drugs/cellminercdb/CALINDOL_cellminercdb.html' target='_blank'>details</a>"
"2508","DORIPENEM","[DORIPENEM]",NA,NA,2,"DORIPENEM_cellminercdb.html","<a href='https://discovery.nci.nih.gov/drugs/cellminercdb/DORIPENEM_cellminercdb.html' target='_blank'>details</a>"
"2509","SPAUTIN-1","[SPAUTIN-1]",NA,NA,2,"SPAUTIN-1_cellminercdb.html","<a href='https://discovery.nci.nih.gov/drugs/cellminercdb/SPAUTIN-1_cellminercdb.html' target='_blank'>details</a>"
"2510","SRT-3025","[SRT-3025]",NA,NA,2,"SRT-3025_cellminercdb.html","<a href='https://discovery.nci.nih.gov/drugs/cellminercdb/SRT-3025_cellminercdb.html' target='_blank'>details</a>"
"2511","PRT062607","[PRT-062607, PRT062607]",NA,NA,4,"PRT062607_cellminercdb.html","<a href='https://discovery.nci.nih.gov/drugs/cellminercdb/PRT062607_cellminercdb.html' target='_blank'>details</a>"
"2512","NCGC00241411-01","[NCGC00241411-01]",NA,NA,2,"NCGC00241411-01_cellminercdb.html","<a href='https://discovery.nci.nih.gov/drugs/cellminercdb/NCGC00241411-01_cellminercdb.html' target='_blank'>details</a>"
"2513","SD-0006","[2-{4-[5-(4-CHLOROPHENYL)-4-PYRIMIDIN-4-YL-1H-PYRAZOL-3-YL]PIPERIDIN-1-YL}-2-OXOETHANOL, SD-0006]",NA,NA,2,"SD-0006_cellminercdb.html","<a href='https://discovery.nci.nih.gov/drugs/cellminercdb/SD-0006_cellminercdb.html' target='_blank'>details</a>"
"2514","IGURATIMOD","[IGURATIMOD]",NA,NA,2,"IGURATIMOD_cellminercdb.html","<a href='https://discovery.nci.nih.gov/drugs/cellminercdb/IGURATIMOD_cellminercdb.html' target='_blank'>details</a>"
"2515","LIAROZOLE","[LIAROZOLE HYDROCHLORIDE, LIAROZOLE]",NA,NA,2,"LIAROZOLE_cellminercdb.html","<a href='https://discovery.nci.nih.gov/drugs/cellminercdb/LIAROZOLE_cellminercdb.html' target='_blank'>details</a>"
"2516","BMS-794833","[BMS-794833]",NA,NA,2,"BMS-794833_cellminercdb.html","<a href='https://discovery.nci.nih.gov/drugs/cellminercdb/BMS-794833_cellminercdb.html' target='_blank'>details</a>"
"2517","AMCASERTIB","[AMCASERTIB]",NA,NA,2,"AMCASERTIB_cellminercdb.html","<a href='https://discovery.nci.nih.gov/drugs/cellminercdb/AMCASERTIB_cellminercdb.html' target='_blank'>details</a>"
"2518","KHS-101","[KHS-101]",NA,NA,2,"KHS-101_cellminercdb.html","<a href='https://discovery.nci.nih.gov/drugs/cellminercdb/KHS-101_cellminercdb.html' target='_blank'>details</a>"
"2519","TEBIPENEM PIVOXIL","[TEBIPENEM PIVOXIL]",NA,NA,2,"TEBIPENEM_PIVOXIL_cellminercdb.html","<a href='https://discovery.nci.nih.gov/drugs/cellminercdb/TEBIPENEM_PIVOXIL_cellminercdb.html' target='_blank'>details</a>"
"2520","HDACI-02","[HDACI-02]",NA,NA,2,"HDACI-02_cellminercdb.html","<a href='https://discovery.nci.nih.gov/drugs/cellminercdb/HDACI-02_cellminercdb.html' target='_blank'>details</a>"
"2521","DIOSCIN","[DIOSCIN]",NA,NA,3,"DIOSCIN_cellminercdb.html","<a href='https://discovery.nci.nih.gov/drugs/cellminercdb/DIOSCIN_cellminercdb.html' target='_blank'>details</a>"
"2522","UNC0631","[UNC-0631, UNC0631]",NA,NA,3,"UNC0631_cellminercdb.html","<a href='https://discovery.nci.nih.gov/drugs/cellminercdb/UNC0631_cellminercdb.html' target='_blank'>details</a>"
"2523","P276-00","[RIVICICLIB, P276-00]",NA,NA,3,"P276-00_cellminercdb.html","<a href='https://discovery.nci.nih.gov/drugs/cellminercdb/P276-00_cellminercdb.html' target='_blank'>details</a>"
"2524","PHLORETIN","[PHLORETIN]",NA,NA,2,"PHLORETIN_cellminercdb.html","<a href='https://discovery.nci.nih.gov/drugs/cellminercdb/PHLORETIN_cellminercdb.html' target='_blank'>details</a>"
"2525","CITARINOSTAT","[CITARINOSTAT]",NA,NA,2,"CITARINOSTAT_cellminercdb.html","<a href='https://discovery.nci.nih.gov/drugs/cellminercdb/CITARINOSTAT_cellminercdb.html' target='_blank'>details</a>"
"2526","GENISTEIN","[GENISTEIN]",NA,NA,2,"GENISTEIN_cellminercdb.html","<a href='https://discovery.nci.nih.gov/drugs/cellminercdb/GENISTEIN_cellminercdb.html' target='_blank'>details</a>"
"2527","SGI-7079","[SGI-7079]",NA,NA,2,"SGI-7079_cellminercdb.html","<a href='https://discovery.nci.nih.gov/drugs/cellminercdb/SGI-7079_cellminercdb.html' target='_blank'>details</a>"
"2528","XYLITOL","[D-XYLITOL, XYLITOL, RIBITOL]",NA,NA,3,"XYLITOL_cellminercdb.html","<a href='https://discovery.nci.nih.gov/drugs/cellminercdb/XYLITOL_cellminercdb.html' target='_blank'>details</a>"
"2529","ZALTOPROFEN","[ZALTOPROFEN]",NA,NA,2,"ZALTOPROFEN_cellminercdb.html","<a href='https://discovery.nci.nih.gov/drugs/cellminercdb/ZALTOPROFEN_cellminercdb.html' target='_blank'>details</a>"
"2530","SIPATRIGINE","[SIPATRIGINE]",NA,NA,2,"SIPATRIGINE_cellminercdb.html","<a href='https://discovery.nci.nih.gov/drugs/cellminercdb/SIPATRIGINE_cellminercdb.html' target='_blank'>details</a>"
"2531","PX-478","[PX-478]",NA,NA,2,"PX-478_cellminercdb.html","<a href='https://discovery.nci.nih.gov/drugs/cellminercdb/PX-478_cellminercdb.html' target='_blank'>details</a>"
"2532","BATIMASTAT","[BATIMASTAT(MMPINHIBITOR), BATIMASTAT]",NA,NA,3,"BATIMASTAT_cellminercdb.html","<a href='https://discovery.nci.nih.gov/drugs/cellminercdb/BATIMASTAT_cellminercdb.html' target='_blank'>details</a>"
"2533","ROBOTNIKININ","[ROBOTNIKININ]",NA,NA,2,"ROBOTNIKININ_cellminercdb.html","<a href='https://discovery.nci.nih.gov/drugs/cellminercdb/ROBOTNIKININ_cellminercdb.html' target='_blank'>details</a>"
"2534",NA,"[BI-847325, NA, 799360]",NA,NA,3,"NA_cellminercdb.html","<a href='https://discovery.nci.nih.gov/drugs/cellminercdb/NA_cellminercdb.html' target='_blank'>details</a>"
"2535","THIAMPHENICOL","[THIAMPHENICOL]",NA,NA,2,"THIAMPHENICOL_cellminercdb.html","<a href='https://discovery.nci.nih.gov/drugs/cellminercdb/THIAMPHENICOL_cellminercdb.html' target='_blank'>details</a>"
"2536","ASR-ISOBUDIMER-SO2PH-4-CH2OC(O)NME2","[ASR-ISOBUDIMER-SO2PH-4-CH2OC(O)NME2]",NA,NA,2,"ASR-ISOBUDIMER-SO2PH-4-CH2OC(O)NME2_cellminercdb.html","<a href='https://discovery.nci.nih.gov/drugs/cellminercdb/ASR-ISOBUDIMER-SO2PH-4-CH2OC(O)NME2_cellminercdb.html' target='_blank'>details</a>"
"2537","TROSPIUM CHLORIDE","[TROSPIUM CHLORIDE]",NA,NA,2,"TROSPIUM_CHLORIDE_cellminercdb.html","<a href='https://discovery.nci.nih.gov/drugs/cellminercdb/TROSPIUM_CHLORIDE_cellminercdb.html' target='_blank'>details</a>"
"2538","SOLANESOL","[SOLANESOL]",NA,NA,2,"SOLANESOL_cellminercdb.html","<a href='https://discovery.nci.nih.gov/drugs/cellminercdb/SOLANESOL_cellminercdb.html' target='_blank'>details</a>"
"2539","CISATRACURIUM","[ATRACURIUM BESYLATE, CISATRACURIUM]",NA,NA,2,"CISATRACURIUM_cellminercdb.html","<a href='https://discovery.nci.nih.gov/drugs/cellminercdb/CISATRACURIUM_cellminercdb.html' target='_blank'>details</a>"
"2540","CI-966","[CI-966]",NA,NA,2,"CI-966_cellminercdb.html","<a href='https://discovery.nci.nih.gov/drugs/cellminercdb/CI-966_cellminercdb.html' target='_blank'>details</a>"
"2541","ROTUNDINE","[ROTUNDINE, TETRAHYDROPALMATINE]",NA,NA,2,"ROTUNDINE_cellminercdb.html","<a href='https://discovery.nci.nih.gov/drugs/cellminercdb/ROTUNDINE_cellminercdb.html' target='_blank'>details</a>"
"2542","BIX-02565","[BIX-02565]",NA,NA,2,"BIX-02565_cellminercdb.html","<a href='https://discovery.nci.nih.gov/drugs/cellminercdb/BIX-02565_cellminercdb.html' target='_blank'>details</a>"
"2543","PROTIONAMIDE","[PROTHIONAMIDE, PROTIONAMIDE]",NA,NA,2,"PROTIONAMIDE_cellminercdb.html","<a href='https://discovery.nci.nih.gov/drugs/cellminercdb/PROTIONAMIDE_cellminercdb.html' target='_blank'>details</a>"
"2544","CP-346086","[CP-346086]",NA,NA,2,"CP-346086_cellminercdb.html","<a href='https://discovery.nci.nih.gov/drugs/cellminercdb/CP-346086_cellminercdb.html' target='_blank'>details</a>"
"2545","NAMODENOSON","[NAMODENOSON]",NA,NA,2,"NAMODENOSON_cellminercdb.html","<a href='https://discovery.nci.nih.gov/drugs/cellminercdb/NAMODENOSON_cellminercdb.html' target='_blank'>details</a>"
"2546","OXACILLIN SODIUM","[OXACILLIN SODIUM SALT, OXACILLIN SODIUM]",NA,NA,2,"OXACILLIN_SODIUM_cellminercdb.html","<a href='https://discovery.nci.nih.gov/drugs/cellminercdb/OXACILLIN_SODIUM_cellminercdb.html' target='_blank'>details</a>"
"2547","CHLOROXINE","[CHLOROXINE]",NA,NA,3,"CHLOROXINE_cellminercdb.html","<a href='https://discovery.nci.nih.gov/drugs/cellminercdb/CHLOROXINE_cellminercdb.html' target='_blank'>details</a>"
"2548","AN-2728","[AN-2728, CRISABOROLE]",NA,NA,2,"AN-2728_cellminercdb.html","<a href='https://discovery.nci.nih.gov/drugs/cellminercdb/AN-2728_cellminercdb.html' target='_blank'>details</a>"
"2549","Noscapine","[NOSCAPINE, NARCOTUSSIN, NARCOTIN, OPIAN, 1(3H)-ISOBENZOFURANONE, 6,7-DIMETHOXY-3-(5,6,7,8-TETRAHY..., NARCOMPREN, WLN: T C566 DO FO KN EH & & TJ HO1 K1 J-DT56 BVO DHJ HO1..., NARCOTINE (8CI), NOSCAPIN, NOSCAPAL, NOSCAPALIN, .ALPHA.-NARCOTINE, NARCOSINE, NIPAXON, COSCOPIN (VAN), PHTHALIDE, 6,7-DIMETHOXY-3-(5,6,7,8-TETRAHYDRO-4-METHOXY..., O-METHYLNARCOTOLINE, OPIANIN, TERBENOL, HEDERIX (FREE BASE), NARKOTIN, METHOXYHYDRASTINE, L-.ALPHA.-NARCOTINE, KEY-TUSSCAPINE, TUSSCAPINE, CAPVAL, LONGATIN, NARCOTINE, OPIANINE, COSCOTABS, NSC 5366, LYOBEX, NECTADON, VADEBEX, NICOLANE, 1-.ALPHA.-NARCOTINE, 5366]",NA,"FDA approved",3,"Noscapine_cellminercdb.html","<a href='https://discovery.nci.nih.gov/drugs/cellminercdb/Noscapine_cellminercdb.html' target='_blank'>details</a>"
"2550","SALICIN","[SALICIN]",NA,NA,2,"SALICIN_cellminercdb.html","<a href='https://discovery.nci.nih.gov/drugs/cellminercdb/SALICIN_cellminercdb.html' target='_blank'>details</a>"
"2551","MUROCHOLIC ACID","[MUROCHOLIC ACID, HYODEOXYCHOLIC ACID]",NA,NA,2,"MUROCHOLIC_ACID_cellminercdb.html","<a href='https://discovery.nci.nih.gov/drugs/cellminercdb/MUROCHOLIC_ACID_cellminercdb.html' target='_blank'>details</a>"
"2552","OSANETANT","[OSANETANT]",NA,NA,2,"OSANETANT_cellminercdb.html","<a href='https://discovery.nci.nih.gov/drugs/cellminercdb/OSANETANT_cellminercdb.html' target='_blank'>details</a>"
"2553","BAF-312","[BAF-312, SIPONIMOD]",NA,NA,2,"BAF-312_cellminercdb.html","<a href='https://discovery.nci.nih.gov/drugs/cellminercdb/BAF-312_cellminercdb.html' target='_blank'>details</a>"
"2554","NANCHANGMYCIN","[NANCHANGMYCIN]",NA,NA,3,"NANCHANGMYCIN_cellminercdb.html","<a href='https://discovery.nci.nih.gov/drugs/cellminercdb/NANCHANGMYCIN_cellminercdb.html' target='_blank'>details</a>"
"2555","HEMATOXYLIN","[HEMATOXYLIN]",NA,NA,2,"HEMATOXYLIN_cellminercdb.html","<a href='https://discovery.nci.nih.gov/drugs/cellminercdb/HEMATOXYLIN_cellminercdb.html' target='_blank'>details</a>"
"2556","AZITHROMYCIN","[AZITHROMYCIN]",NA,NA,3,"AZITHROMYCIN_cellminercdb.html","<a href='https://discovery.nci.nih.gov/drugs/cellminercdb/AZITHROMYCIN_cellminercdb.html' target='_blank'>details</a>"
"2557","GLESATINIB","[GLESATINIB]",NA,NA,2,"GLESATINIB_cellminercdb.html","<a href='https://discovery.nci.nih.gov/drugs/cellminercdb/GLESATINIB_cellminercdb.html' target='_blank'>details</a>"
"2558","SHIKIMIC ACID","[SHIKIMIC ACID]",NA,NA,2,"SHIKIMIC_ACID_cellminercdb.html","<a href='https://discovery.nci.nih.gov/drugs/cellminercdb/SHIKIMIC_ACID_cellminercdb.html' target='_blank'>details</a>"
"2559","INO-1001","[INO-1001, 3-AMINOBENZAMIDE, 3-AMINO-BENZAMIDE]",NA,NA,3,"INO-1001_cellminercdb.html","<a href='https://discovery.nci.nih.gov/drugs/cellminercdb/INO-1001_cellminercdb.html' target='_blank'>details</a>"
"2560","SB-3CT","[SB-3CT]",NA,NA,2,"SB-3CT_cellminercdb.html","<a href='https://discovery.nci.nih.gov/drugs/cellminercdb/SB-3CT_cellminercdb.html' target='_blank'>details</a>"
"2561","MYRICETIN","[MYRICETIN]",NA,NA,2,"MYRICETIN_cellminercdb.html","<a href='https://discovery.nci.nih.gov/drugs/cellminercdb/MYRICETIN_cellminercdb.html' target='_blank'>details</a>"
"2562","EBPC","[EBPC]",NA,NA,2,"EBPC_cellminercdb.html","<a href='https://discovery.nci.nih.gov/drugs/cellminercdb/EBPC_cellminercdb.html' target='_blank'>details</a>"
"2563","TANSHINONE I","[TANSHINONE I, TANSHINONE-I]",NA,NA,3,"TANSHINONE_I_cellminercdb.html","<a href='https://discovery.nci.nih.gov/drugs/cellminercdb/TANSHINONE_I_cellminercdb.html' target='_blank'>details</a>"
"2564","A-196","[A-196]",NA,NA,2,"A-196_cellminercdb.html","<a href='https://discovery.nci.nih.gov/drugs/cellminercdb/A-196_cellminercdb.html' target='_blank'>details</a>"
"2565","ITX3","[ITX3]",NA,NA,2,"ITX3_cellminercdb.html","<a href='https://discovery.nci.nih.gov/drugs/cellminercdb/ITX3_cellminercdb.html' target='_blank'>details</a>"
"2566","WAY-204688","[WAY-204688]",NA,NA,2,"WAY-204688_cellminercdb.html","<a href='https://discovery.nci.nih.gov/drugs/cellminercdb/WAY-204688_cellminercdb.html' target='_blank'>details</a>"
"2567","GW-4064X","[GW-4064X]",NA,NA,2,"GW-4064X_cellminercdb.html","<a href='https://discovery.nci.nih.gov/drugs/cellminercdb/GW-4064X_cellminercdb.html' target='_blank'>details</a>"
"2568","PKI-166","[PKI-166]",NA,NA,2,"PKI-166_cellminercdb.html","<a href='https://discovery.nci.nih.gov/drugs/cellminercdb/PKI-166_cellminercdb.html' target='_blank'>details</a>"
"2569","MK-2048","[MK-2048]",NA,NA,2,"MK-2048_cellminercdb.html","<a href='https://discovery.nci.nih.gov/drugs/cellminercdb/MK-2048_cellminercdb.html' target='_blank'>details</a>"
"2570","FEBUXOSTAT","[FEBUXOSTAT]",NA,NA,2,"FEBUXOSTAT_cellminercdb.html","<a href='https://discovery.nci.nih.gov/drugs/cellminercdb/FEBUXOSTAT_cellminercdb.html' target='_blank'>details</a>"
"2571","D-4476","[D-4476]",NA,NA,3,"D-4476_cellminercdb.html","<a href='https://discovery.nci.nih.gov/drugs/cellminercdb/D-4476_cellminercdb.html' target='_blank'>details</a>"
"2572","CHRYSIN","[5,7-DIHYDROXYFLAVONE, CHRYSIN]",NA,NA,2,"CHRYSIN_cellminercdb.html","<a href='https://discovery.nci.nih.gov/drugs/cellminercdb/CHRYSIN_cellminercdb.html' target='_blank'>details</a>"
"2573","GO-6983","[GO-6983]",NA,NA,2,"GO-6983_cellminercdb.html","<a href='https://discovery.nci.nih.gov/drugs/cellminercdb/GO-6983_cellminercdb.html' target='_blank'>details</a>"
"2574","IBUTILIDE FUMARATE","[IBUTILIDE FUMARATE]",NA,NA,3,"IBUTILIDE_FUMARATE_cellminercdb.html","<a href='https://discovery.nci.nih.gov/drugs/cellminercdb/IBUTILIDE_FUMARATE_cellminercdb.html' target='_blank'>details</a>"
"2575","PD-168393","[PD-168393]",NA,NA,3,"PD-168393_cellminercdb.html","<a href='https://discovery.nci.nih.gov/drugs/cellminercdb/PD-168393_cellminercdb.html' target='_blank'>details</a>"
"2576","XMD17-109 (ERK5-IN-1)","[XMD17-109 (ERK5-IN-1)]",NA,NA,2,"XMD17-109_(ERK5-IN-1)_cellminercdb.html","<a href='https://discovery.nci.nih.gov/drugs/cellminercdb/XMD17-109_(ERK5-IN-1)_cellminercdb.html' target='_blank'>details</a>"
"2577","EED-226","[EED-226, 803408]","EED","Clinical trial",3,"EED-226_cellminercdb.html","<a href='https://discovery.nci.nih.gov/drugs/cellminercdb/EED-226_cellminercdb.html' target='_blank'>details</a>"
"2578","BMS-582949","[BMS-582949]",NA,NA,2,"BMS-582949_cellminercdb.html","<a href='https://discovery.nci.nih.gov/drugs/cellminercdb/BMS-582949_cellminercdb.html' target='_blank'>details</a>"
"2579","BAY-60-7550","[BAY-60-7550]",NA,NA,2,"BAY-60-7550_cellminercdb.html","<a href='https://discovery.nci.nih.gov/drugs/cellminercdb/BAY-60-7550_cellminercdb.html' target='_blank'>details</a>"
"2580","FRAX-1036","[FRAX-1036]",NA,NA,2,"FRAX-1036_cellminercdb.html","<a href='https://discovery.nci.nih.gov/drugs/cellminercdb/FRAX-1036_cellminercdb.html' target='_blank'>details</a>"
"2581","ML-7","[ML-7]",NA,NA,2,"ML-7_cellminercdb.html","<a href='https://discovery.nci.nih.gov/drugs/cellminercdb/ML-7_cellminercdb.html' target='_blank'>details</a>"
"2582","XMD17-109","[XMD17-109]",NA,NA,2,"XMD17-109_cellminercdb.html","<a href='https://discovery.nci.nih.gov/drugs/cellminercdb/XMD17-109_cellminercdb.html' target='_blank'>details</a>"
"2583","KI-16425","[KI-16425]",NA,NA,3,"KI-16425_cellminercdb.html","<a href='https://discovery.nci.nih.gov/drugs/cellminercdb/KI-16425_cellminercdb.html' target='_blank'>details</a>"
"2584","TIOPRONIN","[TIOPRONIN]",NA,NA,2,"TIOPRONIN_cellminercdb.html","<a href='https://discovery.nci.nih.gov/drugs/cellminercdb/TIOPRONIN_cellminercdb.html' target='_blank'>details</a>"
"2585","MPI-0479605","[MPI-0479605]",NA,NA,3,"MPI-0479605_cellminercdb.html","<a href='https://discovery.nci.nih.gov/drugs/cellminercdb/MPI-0479605_cellminercdb.html' target='_blank'>details</a>"
"2586","ACITAZANOLAST","[ACITAZANOLAST]",NA,NA,2,"ACITAZANOLAST_cellminercdb.html","<a href='https://discovery.nci.nih.gov/drugs/cellminercdb/ACITAZANOLAST_cellminercdb.html' target='_blank'>details</a>"
"2587","FUROSEMIDE","[FUROSEMIDE]",NA,NA,2,"FUROSEMIDE_cellminercdb.html","<a href='https://discovery.nci.nih.gov/drugs/cellminercdb/FUROSEMIDE_cellminercdb.html' target='_blank'>details</a>"
"2588","Semaxanib","[SEMAXANIB, 2H-INDOL-2-ONE, 3-[(3,5-DIMETHYL-2-PYRROLYL)METHYLENE]-, 696819]","PK:FLT3",NA,4,"Semaxanib_cellminercdb.html","<a href='https://discovery.nci.nih.gov/drugs/cellminercdb/Semaxanib_cellminercdb.html' target='_blank'>details</a>"
"2589","CEPHRADINE","[CEPHRADINE]",NA,NA,2,"CEPHRADINE_cellminercdb.html","<a href='https://discovery.nci.nih.gov/drugs/cellminercdb/CEPHRADINE_cellminercdb.html' target='_blank'>details</a>"
"2590","ALOXISTATIN","[ALOXISTATIN]",NA,NA,2,"ALOXISTATIN_cellminercdb.html","<a href='https://discovery.nci.nih.gov/drugs/cellminercdb/ALOXISTATIN_cellminercdb.html' target='_blank'>details</a>"
"2591","MARBOFLOXACIN","[MARBOFLOXACIN]",NA,NA,2,"MARBOFLOXACIN_cellminercdb.html","<a href='https://discovery.nci.nih.gov/drugs/cellminercdb/MARBOFLOXACIN_cellminercdb.html' target='_blank'>details</a>"
"2592","2,4-DINITROPHENOL","[2,4-DINITROPHENOL]",NA,NA,2,"2,4-DINITROPHENOL_cellminercdb.html","<a href='https://discovery.nci.nih.gov/drugs/cellminercdb/2,4-DINITROPHENOL_cellminercdb.html' target='_blank'>details</a>"
"2593","TRIOXSALEN","[TRIOXSALEN]",NA,NA,2,"TRIOXSALEN_cellminercdb.html","<a href='https://discovery.nci.nih.gov/drugs/cellminercdb/TRIOXSALEN_cellminercdb.html' target='_blank'>details</a>"
"2594","OXITRIPTAN","[L-5-HYDROXYTRYPTOPHAN, OXITRIPTAN]",NA,NA,2,"OXITRIPTAN_cellminercdb.html","<a href='https://discovery.nci.nih.gov/drugs/cellminercdb/OXITRIPTAN_cellminercdb.html' target='_blank'>details</a>"
"2595","TW-37","[TW-37]",NA,NA,3,"TW-37_cellminercdb.html","<a href='https://discovery.nci.nih.gov/drugs/cellminercdb/TW-37_cellminercdb.html' target='_blank'>details</a>"
"2596","ALMOTRIPTAN","[ALMOTRIPTAN]",NA,NA,2,"ALMOTRIPTAN_cellminercdb.html","<a href='https://discovery.nci.nih.gov/drugs/cellminercdb/ALMOTRIPTAN_cellminercdb.html' target='_blank'>details</a>"
"2597","GSK2830371","[GSK2830371, GSK-2830371, GSK2830371A]",NA,NA,4,"GSK2830371_cellminercdb.html","<a href='https://discovery.nci.nih.gov/drugs/cellminercdb/GSK2830371_cellminercdb.html' target='_blank'>details</a>"
"2598","IMEGLIMIN","[IMEGLIMIN]",NA,NA,2,"IMEGLIMIN_cellminercdb.html","<a href='https://discovery.nci.nih.gov/drugs/cellminercdb/IMEGLIMIN_cellminercdb.html' target='_blank'>details</a>"
"2599","DEGRASYN","[DEGRASYN]",NA,NA,2,"DEGRASYN_cellminercdb.html","<a href='https://discovery.nci.nih.gov/drugs/cellminercdb/DEGRASYN_cellminercdb.html' target='_blank'>details</a>"
"2600","VARESPLADIB","[VARESPLADIB]",NA,NA,2,"VARESPLADIB_cellminercdb.html","<a href='https://discovery.nci.nih.gov/drugs/cellminercdb/VARESPLADIB_cellminercdb.html' target='_blank'>details</a>"
"2601","GDC-0879","[GDC-0879]",NA,NA,3,"GDC-0879_cellminercdb.html","<a href='https://discovery.nci.nih.gov/drugs/cellminercdb/GDC-0879_cellminercdb.html' target='_blank'>details</a>"
"2602","AZ-TAK1 INHIBITOR","[AZ-TAK1 INHIBITOR]",NA,NA,2,"AZ-TAK1_INHIBITOR_cellminercdb.html","<a href='https://discovery.nci.nih.gov/drugs/cellminercdb/AZ-TAK1_INHIBITOR_cellminercdb.html' target='_blank'>details</a>"
"2603","OLANZAPINE","[OLANZAPINE]",NA,NA,2,"OLANZAPINE_cellminercdb.html","<a href='https://discovery.nci.nih.gov/drugs/cellminercdb/OLANZAPINE_cellminercdb.html' target='_blank'>details</a>"
"2604","FLUCONAZOLE","[FLUCONAZOLE]",NA,NA,2,"FLUCONAZOLE_cellminercdb.html","<a href='https://discovery.nci.nih.gov/drugs/cellminercdb/FLUCONAZOLE_cellminercdb.html' target='_blank'>details</a>"
"2605","INDOXIMOD","[INDOXIMOD]",NA,NA,2,"INDOXIMOD_cellminercdb.html","<a href='https://discovery.nci.nih.gov/drugs/cellminercdb/INDOXIMOD_cellminercdb.html' target='_blank'>details</a>"
"2606","GBR 12935","[GBR 12935, GBR-12935]",NA,NA,2,"GBR_12935_cellminercdb.html","<a href='https://discovery.nci.nih.gov/drugs/cellminercdb/GBR_12935_cellminercdb.html' target='_blank'>details</a>"
"2607","FENOLDOPAM","[FENOLDOPAM BROMIDE, FENOLDOPAM]",NA,NA,2,"FENOLDOPAM_cellminercdb.html","<a href='https://discovery.nci.nih.gov/drugs/cellminercdb/FENOLDOPAM_cellminercdb.html' target='_blank'>details</a>"
"2608","A-1210477","[A-1210477, A1210477 HCL, A 1210477 HCL, A-1210477 HCL, A-9036, 784817]","MCL1","Clinical trial",4,"A-1210477_cellminercdb.html","<a href='https://discovery.nci.nih.gov/drugs/cellminercdb/A-1210477_cellminercdb.html' target='_blank'>details</a>"
"2609","HYDRALAZINE HYDROCHLORIDE","[HYDRALAZINE HYDROCHLORIDE]",NA,NA,2,"HYDRALAZINE_HYDROCHLORIDE_cellminercdb.html","<a href='https://discovery.nci.nih.gov/drugs/cellminercdb/HYDRALAZINE_HYDROCHLORIDE_cellminercdb.html' target='_blank'>details</a>"
"2610","SAG","[SAG]",NA,NA,2,"SAG_cellminercdb.html","<a href='https://discovery.nci.nih.gov/drugs/cellminercdb/SAG_cellminercdb.html' target='_blank'>details</a>"
"2611","WYE-687","[WYE-687]",NA,NA,2,"WYE-687_cellminercdb.html","<a href='https://discovery.nci.nih.gov/drugs/cellminercdb/WYE-687_cellminercdb.html' target='_blank'>details</a>"
"2612","METHYL JASMONATE","[METHYL JASMONATE]",NA,NA,2,"METHYL_JASMONATE_cellminercdb.html","<a href='https://discovery.nci.nih.gov/drugs/cellminercdb/METHYL_JASMONATE_cellminercdb.html' target='_blank'>details</a>"
"2613","XL388","[XL-388, XL388]",NA,NA,3,"XL388_cellminercdb.html","<a href='https://discovery.nci.nih.gov/drugs/cellminercdb/XL388_cellminercdb.html' target='_blank'>details</a>"
"2614","PIK-90","[PIK-90]",NA,NA,2,"PIK-90_cellminercdb.html","<a href='https://discovery.nci.nih.gov/drugs/cellminercdb/PIK-90_cellminercdb.html' target='_blank'>details</a>"
"2615","GSK256066","[GSK-256066, GSK256066]",NA,NA,3,"GSK256066_cellminercdb.html","<a href='https://discovery.nci.nih.gov/drugs/cellminercdb/GSK256066_cellminercdb.html' target='_blank'>details</a>"
"2616","GSK-J1","[GSK-J1 (SODIUM SALT), GSK-J1]",NA,NA,2,"GSK-J1_cellminercdb.html","<a href='https://discovery.nci.nih.gov/drugs/cellminercdb/GSK-J1_cellminercdb.html' target='_blank'>details</a>"
"2617","ARV-771","[ARV-771]",NA,NA,2,"ARV-771_cellminercdb.html","<a href='https://discovery.nci.nih.gov/drugs/cellminercdb/ARV-771_cellminercdb.html' target='_blank'>details</a>"
"2618","SAR-405","[SAR-405]",NA,NA,2,"SAR-405_cellminercdb.html","<a href='https://discovery.nci.nih.gov/drugs/cellminercdb/SAR-405_cellminercdb.html' target='_blank'>details</a>"
"2619","BAZEDOXIFENE","[BAZEDOXIFENE]",NA,NA,2,"BAZEDOXIFENE_cellminercdb.html","<a href='https://discovery.nci.nih.gov/drugs/cellminercdb/BAZEDOXIFENE_cellminercdb.html' target='_blank'>details</a>"
"2620","CHLORHEXIDINE","[CHLORHEXIDINE HYDROCHLORIDE, CHLORHEXIDINE]",NA,NA,3,"CHLORHEXIDINE_cellminercdb.html","<a href='https://discovery.nci.nih.gov/drugs/cellminercdb/CHLORHEXIDINE_cellminercdb.html' target='_blank'>details</a>"
"2621","Deltarasin","[DELTARASIN, 779408]","PDE6D","Clinical trial",3,"Deltarasin_cellminercdb.html","<a href='https://discovery.nci.nih.gov/drugs/cellminercdb/Deltarasin_cellminercdb.html' target='_blank'>details</a>"
"2622","PIK-75","[PIK-75]",NA,NA,3,"PIK-75_cellminercdb.html","<a href='https://discovery.nci.nih.gov/drugs/cellminercdb/PIK-75_cellminercdb.html' target='_blank'>details</a>"
"2623","RAMELTEON","[RAMELTEON]",NA,NA,2,"RAMELTEON_cellminercdb.html","<a href='https://discovery.nci.nih.gov/drugs/cellminercdb/RAMELTEON_cellminercdb.html' target='_blank'>details</a>"
"2624","ORIDONIN","[ORIDONIN]",NA,NA,3,"ORIDONIN_cellminercdb.html","<a href='https://discovery.nci.nih.gov/drugs/cellminercdb/ORIDONIN_cellminercdb.html' target='_blank'>details</a>"
"2625","WZ-3146","[WZ-3146]",NA,NA,3,"WZ-3146_cellminercdb.html","<a href='https://discovery.nci.nih.gov/drugs/cellminercdb/WZ-3146_cellminercdb.html' target='_blank'>details</a>"
"2626","RRX-001","[RRX-001]",NA,NA,2,"RRX-001_cellminercdb.html","<a href='https://discovery.nci.nih.gov/drugs/cellminercdb/RRX-001_cellminercdb.html' target='_blank'>details</a>"
"2627","GSK3 INHIBITOR","[GSK3 INHIBITOR]",NA,NA,2,"GSK3_INHIBITOR_cellminercdb.html","<a href='https://discovery.nci.nih.gov/drugs/cellminercdb/GSK3_INHIBITOR_cellminercdb.html' target='_blank'>details</a>"
"2628","10074-G5","[10074-G5, 764609]","MYC","Clinical trial",3,"10074-G5_cellminercdb.html","<a href='https://discovery.nci.nih.gov/drugs/cellminercdb/10074-G5_cellminercdb.html' target='_blank'>details</a>"
"2629","FASCAPLYSIN","[FASCAPLYSIN CHLORIDE, FASCAPLYSIN]",NA,NA,2,"FASCAPLYSIN_cellminercdb.html","<a href='https://discovery.nci.nih.gov/drugs/cellminercdb/FASCAPLYSIN_cellminercdb.html' target='_blank'>details</a>"
"2630","OLTIPRAZ","[OLTIPRAZ]",NA,NA,3,"OLTIPRAZ_cellminercdb.html","<a href='https://discovery.nci.nih.gov/drugs/cellminercdb/OLTIPRAZ_cellminercdb.html' target='_blank'>details</a>"
"2631","SEOCALCITOL","[SEOCALCITOL]",NA,NA,2,"SEOCALCITOL_cellminercdb.html","<a href='https://discovery.nci.nih.gov/drugs/cellminercdb/SEOCALCITOL_cellminercdb.html' target='_blank'>details</a>"
"2632","EXATECAN","[EXATECAN, EXATECAN MESYLATE, EXATECAN-MESYLATE]",NA,NA,4,"EXATECAN_cellminercdb.html","<a href='https://discovery.nci.nih.gov/drugs/cellminercdb/EXATECAN_cellminercdb.html' target='_blank'>details</a>"
"2633","CEFOSELIS SULFATE","[CEFOSELIS SULFATE]",NA,NA,2,"CEFOSELIS_SULFATE_cellminercdb.html","<a href='https://discovery.nci.nih.gov/drugs/cellminercdb/CEFOSELIS_SULFATE_cellminercdb.html' target='_blank'>details</a>"
"2634","TETRAHYDROPAPAVERINE","[TETRAHYDROPAPAVERINE]",NA,NA,3,"TETRAHYDROPAPAVERINE_cellminercdb.html","<a href='https://discovery.nci.nih.gov/drugs/cellminercdb/TETRAHYDROPAPAVERINE_cellminercdb.html' target='_blank'>details</a>"
"2635","STAVUDINE","[STAVUDINE]",NA,NA,2,"STAVUDINE_cellminercdb.html","<a href='https://discovery.nci.nih.gov/drugs/cellminercdb/STAVUDINE_cellminercdb.html' target='_blank'>details</a>"
"2636","FRAX-486","[FRAX-486]",NA,NA,2,"FRAX-486_cellminercdb.html","<a href='https://discovery.nci.nih.gov/drugs/cellminercdb/FRAX-486_cellminercdb.html' target='_blank'>details</a>"
"2637","SULFAMETHIZOLE","[SULFAMETHIZOLE]",NA,NA,2,"SULFAMETHIZOLE_cellminercdb.html","<a href='https://discovery.nci.nih.gov/drugs/cellminercdb/SULFAMETHIZOLE_cellminercdb.html' target='_blank'>details</a>"
"2638","RIMONABANT","[RIMONABANT]",NA,NA,2,"RIMONABANT_cellminercdb.html","<a href='https://discovery.nci.nih.gov/drugs/cellminercdb/RIMONABANT_cellminercdb.html' target='_blank'>details</a>"
"2639","DAPTOMYCIN","[DAPTOMYCIN]",NA,NA,2,"DAPTOMYCIN_cellminercdb.html","<a href='https://discovery.nci.nih.gov/drugs/cellminercdb/DAPTOMYCIN_cellminercdb.html' target='_blank'>details</a>"
"2640","NSC-23925","[NSC-23925]",NA,NA,2,"NSC-23925_cellminercdb.html","<a href='https://discovery.nci.nih.gov/drugs/cellminercdb/NSC-23925_cellminercdb.html' target='_blank'>details</a>"
"2641","HMSL10019","[HMSL10019]",NA,NA,2,"HMSL10019_cellminercdb.html","<a href='https://discovery.nci.nih.gov/drugs/cellminercdb/HMSL10019_cellminercdb.html' target='_blank'>details</a>"
"2642","SR-3029","[SR-3029]",NA,NA,2,"SR-3029_cellminercdb.html","<a href='https://discovery.nci.nih.gov/drugs/cellminercdb/SR-3029_cellminercdb.html' target='_blank'>details</a>"
"2643","CAROVERINE","[CAROVERINE HYDROCHLORIDE, CAROVERINE]",NA,NA,2,"CAROVERINE_cellminercdb.html","<a href='https://discovery.nci.nih.gov/drugs/cellminercdb/CAROVERINE_cellminercdb.html' target='_blank'>details</a>"
"2644","CINACIGUAT","[CINACIGUAT]",NA,NA,2,"CINACIGUAT_cellminercdb.html","<a href='https://discovery.nci.nih.gov/drugs/cellminercdb/CINACIGUAT_cellminercdb.html' target='_blank'>details</a>"
"2645","NCGC00249759","[NCGC00249759]",NA,NA,2,"NCGC00249759_cellminercdb.html","<a href='https://discovery.nci.nih.gov/drugs/cellminercdb/NCGC00249759_cellminercdb.html' target='_blank'>details</a>"
"2646","NAPROXEN","[NAPROXEN SODIUM, NAPROXEN]",NA,NA,3,"NAPROXEN_cellminercdb.html","<a href='https://discovery.nci.nih.gov/drugs/cellminercdb/NAPROXEN_cellminercdb.html' target='_blank'>details</a>"
"2647","PANTOPRAZOLE","[PANTOPRAZOLE]",NA,NA,2,"PANTOPRAZOLE_cellminercdb.html","<a href='https://discovery.nci.nih.gov/drugs/cellminercdb/PANTOPRAZOLE_cellminercdb.html' target='_blank'>details</a>"
"2648","CHLOR-TRIMETON","[(+)-CHLORPHENIRAMINE MALEATE, CHLOR-TRIMETON]",NA,NA,3,"CHLOR-TRIMETON_cellminercdb.html","<a href='https://discovery.nci.nih.gov/drugs/cellminercdb/CHLOR-TRIMETON_cellminercdb.html' target='_blank'>details</a>"
"2649","AS 602801","[AS 602801, BENTAMAPIMOD]",NA,NA,2,"AS_602801_cellminercdb.html","<a href='https://discovery.nci.nih.gov/drugs/cellminercdb/AS_602801_cellminercdb.html' target='_blank'>details</a>"
"2650","HISTAMINE","[HISTAMINE, HISTAMINE DIHYDROCHLORIDE]",NA,NA,2,"HISTAMINE_cellminercdb.html","<a href='https://discovery.nci.nih.gov/drugs/cellminercdb/HISTAMINE_cellminercdb.html' target='_blank'>details</a>"
"2651","ADL5859","[ADL-5859, ADL5859]",NA,NA,3,"ADL5859_cellminercdb.html","<a href='https://discovery.nci.nih.gov/drugs/cellminercdb/ADL5859_cellminercdb.html' target='_blank'>details</a>"
"2652","PROGLUMIDE","[PROGLUMIDE]",NA,NA,2,"PROGLUMIDE_cellminercdb.html","<a href='https://discovery.nci.nih.gov/drugs/cellminercdb/PROGLUMIDE_cellminercdb.html' target='_blank'>details</a>"
"2653","SB-224289","[SB-224289]",NA,NA,2,"SB-224289_cellminercdb.html","<a href='https://discovery.nci.nih.gov/drugs/cellminercdb/SB-224289_cellminercdb.html' target='_blank'>details</a>"
"2654","SGC-707","[SGC-707]",NA,NA,2,"SGC-707_cellminercdb.html","<a href='https://discovery.nci.nih.gov/drugs/cellminercdb/SGC-707_cellminercdb.html' target='_blank'>details</a>"
"2655","MESTRANOL","[MESTRANOL]",NA,NA,2,"MESTRANOL_cellminercdb.html","<a href='https://discovery.nci.nih.gov/drugs/cellminercdb/MESTRANOL_cellminercdb.html' target='_blank'>details</a>"
"2656","M-024","[M-024]",NA,NA,2,"M-024_cellminercdb.html","<a href='https://discovery.nci.nih.gov/drugs/cellminercdb/M-024_cellminercdb.html' target='_blank'>details</a>"
"2657","CYTISINE","[CYTISINE]",NA,NA,2,"CYTISINE_cellminercdb.html","<a href='https://discovery.nci.nih.gov/drugs/cellminercdb/CYTISINE_cellminercdb.html' target='_blank'>details</a>"
"2658","ID-8","[ID-8]",NA,NA,2,"ID-8_cellminercdb.html","<a href='https://discovery.nci.nih.gov/drugs/cellminercdb/ID-8_cellminercdb.html' target='_blank'>details</a>"
"2659","LY-2857785","[LY-2857785]",NA,NA,2,"LY-2857785_cellminercdb.html","<a href='https://discovery.nci.nih.gov/drugs/cellminercdb/LY-2857785_cellminercdb.html' target='_blank'>details</a>"
"2660","FAU","[NSC-678515, FAU]",NA,NA,2,"FAU_cellminercdb.html","<a href='https://discovery.nci.nih.gov/drugs/cellminercdb/FAU_cellminercdb.html' target='_blank'>details</a>"
"2661","TG-003","[TG-003]",NA,NA,2,"TG-003_cellminercdb.html","<a href='https://discovery.nci.nih.gov/drugs/cellminercdb/TG-003_cellminercdb.html' target='_blank'>details</a>"
"2662","CVT-313","[CVT-313]",NA,NA,2,"CVT-313_cellminercdb.html","<a href='https://discovery.nci.nih.gov/drugs/cellminercdb/CVT-313_cellminercdb.html' target='_blank'>details</a>"
"2663","PU-WS-13","[PU-WS-13]",NA,NA,2,"PU-WS-13_cellminercdb.html","<a href='https://discovery.nci.nih.gov/drugs/cellminercdb/PU-WS-13_cellminercdb.html' target='_blank'>details</a>"
"2664","PYRAZINAMIDE","[PYRAZINAMIDE]",NA,NA,2,"PYRAZINAMIDE_cellminercdb.html","<a href='https://discovery.nci.nih.gov/drugs/cellminercdb/PYRAZINAMIDE_cellminercdb.html' target='_blank'>details</a>"
"2665","SSR-69071","[SSR-69071]",NA,NA,2,"SSR-69071_cellminercdb.html","<a href='https://discovery.nci.nih.gov/drugs/cellminercdb/SSR-69071_cellminercdb.html' target='_blank'>details</a>"
"2666","IVX-214","[IVX-214, HMN-214]",NA,NA,3,"IVX-214_cellminercdb.html","<a href='https://discovery.nci.nih.gov/drugs/cellminercdb/IVX-214_cellminercdb.html' target='_blank'>details</a>"
"2667","NCGC00185090-04","[NCGC00185090-04]",NA,NA,2,"NCGC00185090-04_cellminercdb.html","<a href='https://discovery.nci.nih.gov/drugs/cellminercdb/NCGC00185090-04_cellminercdb.html' target='_blank'>details</a>"
"2668","EL-102","[EL-102]",NA,NA,2,"EL-102_cellminercdb.html","<a href='https://discovery.nci.nih.gov/drugs/cellminercdb/EL-102_cellminercdb.html' target='_blank'>details</a>"
"2669","CP-673451","[CP-673451]",NA,NA,3,"CP-673451_cellminercdb.html","<a href='https://discovery.nci.nih.gov/drugs/cellminercdb/CP-673451_cellminercdb.html' target='_blank'>details</a>"
"2670","MACITENTAN","[MACITENTAN]",NA,NA,2,"MACITENTAN_cellminercdb.html","<a href='https://discovery.nci.nih.gov/drugs/cellminercdb/MACITENTAN_cellminercdb.html' target='_blank'>details</a>"
"2671","GSK-872","[GSK-872]",NA,NA,2,"GSK-872_cellminercdb.html","<a href='https://discovery.nci.nih.gov/drugs/cellminercdb/GSK-872_cellminercdb.html' target='_blank'>details</a>"
"2672","16,16-DIMETHYL PGE2","[16,16-DIMETHYL PGE2]",NA,NA,2,"16,16-DIMETHYL_PGE2_cellminercdb.html","<a href='https://discovery.nci.nih.gov/drugs/cellminercdb/16,16-DIMETHYL_PGE2_cellminercdb.html' target='_blank'>details</a>"
"2673","EPROSARTAN","[EPROSARTAN, EPROSARTAN MESYLATE]",NA,NA,3,"EPROSARTAN_cellminercdb.html","<a href='https://discovery.nci.nih.gov/drugs/cellminercdb/EPROSARTAN_cellminercdb.html' target='_blank'>details</a>"
"2674","VERTEPORFIN","[VERTEPORFIN]",NA,NA,2,"VERTEPORFIN_cellminercdb.html","<a href='https://discovery.nci.nih.gov/drugs/cellminercdb/VERTEPORFIN_cellminercdb.html' target='_blank'>details</a>"
"2675","BRIVUDINE","[BRIVUDINE]",NA,NA,2,"BRIVUDINE_cellminercdb.html","<a href='https://discovery.nci.nih.gov/drugs/cellminercdb/BRIVUDINE_cellminercdb.html' target='_blank'>details</a>"
"2676","CPI-637","[CPI-637]",NA,NA,3,"CPI-637_cellminercdb.html","<a href='https://discovery.nci.nih.gov/drugs/cellminercdb/CPI-637_cellminercdb.html' target='_blank'>details</a>"
"2677","BCL6 INHIBITOR","[BCL6 INHIBITOR]",NA,NA,2,"BCL6_INHIBITOR_cellminercdb.html","<a href='https://discovery.nci.nih.gov/drugs/cellminercdb/BCL6_INHIBITOR_cellminercdb.html' target='_blank'>details</a>"
"2678","BAY-1436032","[BAY-1436032, 794487]","IDH1","Clinical trial",3,"BAY-1436032_cellminercdb.html","<a href='https://discovery.nci.nih.gov/drugs/cellminercdb/BAY-1436032_cellminercdb.html' target='_blank'>details</a>"
"2679","CINACALCET HYDROCHLORIDE","[CINACALCET HYDROCHLORIDE]",NA,NA,3,"CINACALCET_HYDROCHLORIDE_cellminercdb.html","<a href='https://discovery.nci.nih.gov/drugs/cellminercdb/CINACALCET_HYDROCHLORIDE_cellminercdb.html' target='_blank'>details</a>"
"2680","RIFAPENTINE","[RIFAPENTINE]",NA,NA,2,"RIFAPENTINE_cellminercdb.html","<a href='https://discovery.nci.nih.gov/drugs/cellminercdb/RIFAPENTINE_cellminercdb.html' target='_blank'>details</a>"
"2681","CEFDITOREN PIVOXIL","[CEFDITOREN PIVOXIL, CEFDITOREN-PIVOXIL]",NA,NA,3,"CEFDITOREN_PIVOXIL_cellminercdb.html","<a href='https://discovery.nci.nih.gov/drugs/cellminercdb/CEFDITOREN_PIVOXIL_cellminercdb.html' target='_blank'>details</a>"
"2682","LUMACAFTOR","[LUMACAFTOR]",NA,NA,2,"LUMACAFTOR_cellminercdb.html","<a href='https://discovery.nci.nih.gov/drugs/cellminercdb/LUMACAFTOR_cellminercdb.html' target='_blank'>details</a>"
"2683","PIPEQUALINE","[PIPEQUALINE]",NA,NA,2,"PIPEQUALINE_cellminercdb.html","<a href='https://discovery.nci.nih.gov/drugs/cellminercdb/PIPEQUALINE_cellminercdb.html' target='_blank'>details</a>"
"2684","PFI-4","[PFI-4]",NA,NA,2,"PFI-4_cellminercdb.html","<a href='https://discovery.nci.nih.gov/drugs/cellminercdb/PFI-4_cellminercdb.html' target='_blank'>details</a>"
"2685","INDIPLON","[INDIPLON]",NA,NA,3,"INDIPLON_cellminercdb.html","<a href='https://discovery.nci.nih.gov/drugs/cellminercdb/INDIPLON_cellminercdb.html' target='_blank'>details</a>"
"2686","EPINEPHRINE","[EPINEPHRINE]",NA,NA,3,"EPINEPHRINE_cellminercdb.html","<a href='https://discovery.nci.nih.gov/drugs/cellminercdb/EPINEPHRINE_cellminercdb.html' target='_blank'>details</a>"
"2687","TIPIRACIL","[TIPIRACIL]",NA,NA,2,"TIPIRACIL_cellminercdb.html","<a href='https://discovery.nci.nih.gov/drugs/cellminercdb/TIPIRACIL_cellminercdb.html' target='_blank'>details</a>"
"2688","NCGC00241036","[NCGC00241036]",NA,NA,2,"NCGC00241036_cellminercdb.html","<a href='https://discovery.nci.nih.gov/drugs/cellminercdb/NCGC00241036_cellminercdb.html' target='_blank'>details</a>"
"2689","ML-246","[METARRESTIN (KUC109088N), ML-246]",NA,NA,2,"ML-246_cellminercdb.html","<a href='https://discovery.nci.nih.gov/drugs/cellminercdb/ML-246_cellminercdb.html' target='_blank'>details</a>"
"2690","LOPERAMIDE","[LOPERAMIDE HYDROCHLORIDE, LOPERAMIDE]",NA,NA,2,"LOPERAMIDE_cellminercdb.html","<a href='https://discovery.nci.nih.gov/drugs/cellminercdb/LOPERAMIDE_cellminercdb.html' target='_blank'>details</a>"
"2691","Z-FL-COCHO","[Z-FL-COCHO, CATHEPSIN S INHIBITOR]",NA,NA,2,"Z-FL-COCHO_cellminercdb.html","<a href='https://discovery.nci.nih.gov/drugs/cellminercdb/Z-FL-COCHO_cellminercdb.html' target='_blank'>details</a>"
"2692","ROCURONIUM","[ROCURONIUM, ROCURONIUM BROMIDE]",NA,NA,2,"ROCURONIUM_cellminercdb.html","<a href='https://discovery.nci.nih.gov/drugs/cellminercdb/ROCURONIUM_cellminercdb.html' target='_blank'>details</a>"
"2693","KL001","[KL001]",NA,NA,2,"KL001_cellminercdb.html","<a href='https://discovery.nci.nih.gov/drugs/cellminercdb/KL001_cellminercdb.html' target='_blank'>details</a>"
"2694","BD-1047","[BD-1047]",NA,NA,2,"BD-1047_cellminercdb.html","<a href='https://discovery.nci.nih.gov/drugs/cellminercdb/BD-1047_cellminercdb.html' target='_blank'>details</a>"
"2695","FLEROXACIN","[FLEROXACIN]",NA,NA,3,"FLEROXACIN_cellminercdb.html","<a href='https://discovery.nci.nih.gov/drugs/cellminercdb/FLEROXACIN_cellminercdb.html' target='_blank'>details</a>"
"2696","SGC-2085","[SGC-2085]",NA,NA,2,"SGC-2085_cellminercdb.html","<a href='https://discovery.nci.nih.gov/drugs/cellminercdb/SGC-2085_cellminercdb.html' target='_blank'>details</a>"
"2697","CPEPCK INHIBITOR","[1-(2-FLUOROBENZYL)-3-BUTYL-8-(N-ACETYL-4-AMINOBENZYL)-XANTHINE, CPEPCK INHIBITOR]",NA,NA,2,"CPEPCK_INHIBITOR_cellminercdb.html","<a href='https://discovery.nci.nih.gov/drugs/cellminercdb/CPEPCK_INHIBITOR_cellminercdb.html' target='_blank'>details</a>"
"2698","PI-3065","[PI-3065]",NA,NA,2,"PI-3065_cellminercdb.html","<a href='https://discovery.nci.nih.gov/drugs/cellminercdb/PI-3065_cellminercdb.html' target='_blank'>details</a>"
"2699","NCGC00263020","[NCGC00263020]",NA,NA,2,"NCGC00263020_cellminercdb.html","<a href='https://discovery.nci.nih.gov/drugs/cellminercdb/NCGC00263020_cellminercdb.html' target='_blank'>details</a>"
"2700","LSD1-C76","[LSD1-C76]",NA,NA,2,"LSD1-C76_cellminercdb.html","<a href='https://discovery.nci.nih.gov/drugs/cellminercdb/LSD1-C76_cellminercdb.html' target='_blank'>details</a>"
"2701","IROSUSTAT","[IROSUSTAT]",NA,NA,2,"IROSUSTAT_cellminercdb.html","<a href='https://discovery.nci.nih.gov/drugs/cellminercdb/IROSUSTAT_cellminercdb.html' target='_blank'>details</a>"
"2702","XYLOMETAZOLINE HYDROCHLORIDE","[XYLOMETAZOLINE HYDROCHLORIDE]",NA,NA,2,"XYLOMETAZOLINE_HYDROCHLORIDE_cellminercdb.html","<a href='https://discovery.nci.nih.gov/drugs/cellminercdb/XYLOMETAZOLINE_HYDROCHLORIDE_cellminercdb.html' target='_blank'>details</a>"
"2703","SKF-89976A","[SKF-89976A]",NA,NA,2,"SKF-89976A_cellminercdb.html","<a href='https://discovery.nci.nih.gov/drugs/cellminercdb/SKF-89976A_cellminercdb.html' target='_blank'>details</a>"
"2704","GNE-490","[GNE-490]",NA,NA,2,"GNE-490_cellminercdb.html","<a href='https://discovery.nci.nih.gov/drugs/cellminercdb/GNE-490_cellminercdb.html' target='_blank'>details</a>"
"2705","TETRAHYDROURIDINE","[TETRAHYDROURIDINE]",NA,NA,3,"TETRAHYDROURIDINE_cellminercdb.html","<a href='https://discovery.nci.nih.gov/drugs/cellminercdb/TETRAHYDROURIDINE_cellminercdb.html' target='_blank'>details</a>"
"2706","CK59","[CK59]",NA,NA,2,"CK59_cellminercdb.html","<a href='https://discovery.nci.nih.gov/drugs/cellminercdb/CK59_cellminercdb.html' target='_blank'>details</a>"
"2707","XMU-MP-1","[XMU-MP-1]",NA,NA,2,"XMU-MP-1_cellminercdb.html","<a href='https://discovery.nci.nih.gov/drugs/cellminercdb/XMU-MP-1_cellminercdb.html' target='_blank'>details</a>"
"2708","CCT-244747","[CCT-244747]",NA,NA,2,"CCT-244747_cellminercdb.html","<a href='https://discovery.nci.nih.gov/drugs/cellminercdb/CCT-244747_cellminercdb.html' target='_blank'>details</a>"
"2709","DEXAMETHASONE-ACETATE","[DEXAMETHASONE VALARATE, BETAMETHASONE VALERATE, DEXAMETHASONE-ACETATE]",NA,NA,3,"DEXAMETHASONE-ACETATE_cellminercdb.html","<a href='https://discovery.nci.nih.gov/drugs/cellminercdb/DEXAMETHASONE-ACETATE_cellminercdb.html' target='_blank'>details</a>"
"2710","GLS968","[GLS968]",NA,NA,2,"GLS968_cellminercdb.html","<a href='https://discovery.nci.nih.gov/drugs/cellminercdb/GLS968_cellminercdb.html' target='_blank'>details</a>"
"2711","MP-412","[MP-412, AV-412]",NA,NA,3,"MP-412_cellminercdb.html","<a href='https://discovery.nci.nih.gov/drugs/cellminercdb/MP-412_cellminercdb.html' target='_blank'>details</a>"
"2712","VORUCICLIB","[VORUCICLIB]",NA,NA,2,"VORUCICLIB_cellminercdb.html","<a href='https://discovery.nci.nih.gov/drugs/cellminercdb/VORUCICLIB_cellminercdb.html' target='_blank'>details</a>"
"2713","TRICHLORMETHIAZIDE","[TRICHLORMETHIAZIDE]",NA,NA,2,"TRICHLORMETHIAZIDE_cellminercdb.html","<a href='https://discovery.nci.nih.gov/drugs/cellminercdb/TRICHLORMETHIAZIDE_cellminercdb.html' target='_blank'>details</a>"
"2714","PF-04620110","[PF-04620110]",NA,NA,2,"PF-04620110_cellminercdb.html","<a href='https://discovery.nci.nih.gov/drugs/cellminercdb/PF-04620110_cellminercdb.html' target='_blank'>details</a>"
"2715","7-AMINOCEPHALOSPORANIC ACID","[7-AMINOCEPHALOSPORANIC ACID]",NA,NA,2,"7-AMINOCEPHALOSPORANIC_ACID_cellminercdb.html","<a href='https://discovery.nci.nih.gov/drugs/cellminercdb/7-AMINOCEPHALOSPORANIC_ACID_cellminercdb.html' target='_blank'>details</a>"
"2716","KUC107550N","[KUC107550N]",NA,NA,2,"KUC107550N_cellminercdb.html","<a href='https://discovery.nci.nih.gov/drugs/cellminercdb/KUC107550N_cellminercdb.html' target='_blank'>details</a>"
"2717","PREGNENOLONE","[PREGNENOLONE]",NA,NA,2,"PREGNENOLONE_cellminercdb.html","<a href='https://discovery.nci.nih.gov/drugs/cellminercdb/PREGNENOLONE_cellminercdb.html' target='_blank'>details</a>"
"2718","STREPTOMYCIN SULFATE","[STREPTOMYCIN SULFATE]",NA,NA,2,"STREPTOMYCIN_SULFATE_cellminercdb.html","<a href='https://discovery.nci.nih.gov/drugs/cellminercdb/STREPTOMYCIN_SULFATE_cellminercdb.html' target='_blank'>details</a>"
"2719","PAEONOL","[PAEONOL]",NA,NA,2,"PAEONOL_cellminercdb.html","<a href='https://discovery.nci.nih.gov/drugs/cellminercdb/PAEONOL_cellminercdb.html' target='_blank'>details</a>"
"2720","ICARITIN","[ICARITIN]",NA,NA,2,"ICARITIN_cellminercdb.html","<a href='https://discovery.nci.nih.gov/drugs/cellminercdb/ICARITIN_cellminercdb.html' target='_blank'>details</a>"
"2721","HMSL10084","[HMSL10084]",NA,NA,2,"HMSL10084_cellminercdb.html","<a href='https://discovery.nci.nih.gov/drugs/cellminercdb/HMSL10084_cellminercdb.html' target='_blank'>details</a>"
"2722","PF-04418948","[PF-04418948]",NA,NA,2,"PF-04418948_cellminercdb.html","<a href='https://discovery.nci.nih.gov/drugs/cellminercdb/PF-04418948_cellminercdb.html' target='_blank'>details</a>"
"2723","LY2484595","[LY2484595, EVACETRAPIB]",NA,NA,3,"LY2484595_cellminercdb.html","<a href='https://discovery.nci.nih.gov/drugs/cellminercdb/LY2484595_cellminercdb.html' target='_blank'>details</a>"
"2724","AMYGDALIN","[AMYGDALIN]",NA,NA,2,"AMYGDALIN_cellminercdb.html","<a href='https://discovery.nci.nih.gov/drugs/cellminercdb/AMYGDALIN_cellminercdb.html' target='_blank'>details</a>"
"2725","NVP-BSK805","[NVP-BSK805]",NA,NA,2,"NVP-BSK805_cellminercdb.html","<a href='https://discovery.nci.nih.gov/drugs/cellminercdb/NVP-BSK805_cellminercdb.html' target='_blank'>details</a>"
"2726","CHLOROTHIAZIDE","[CHLOROTHIAZIDE SODIUM, CHLOROTHIAZIDE]",NA,NA,2,"CHLOROTHIAZIDE_cellminercdb.html","<a href='https://discovery.nci.nih.gov/drugs/cellminercdb/CHLOROTHIAZIDE_cellminercdb.html' target='_blank'>details</a>"
"2727","ARUNDINE","[ARUNDINE, DIINDOLYLMETHANE]",NA,NA,2,"ARUNDINE_cellminercdb.html","<a href='https://discovery.nci.nih.gov/drugs/cellminercdb/ARUNDINE_cellminercdb.html' target='_blank'>details</a>"
"2728","NALIDIXIC ACID","[NALIDIXIC ACID SODIUM, NALIDIXIC ACID]",NA,NA,2,"NALIDIXIC_ACID_cellminercdb.html","<a href='https://discovery.nci.nih.gov/drugs/cellminercdb/NALIDIXIC_ACID_cellminercdb.html' target='_blank'>details</a>"
"2729","ILOPERIDONE","[ILOPERIDONE]",NA,NA,2,"ILOPERIDONE_cellminercdb.html","<a href='https://discovery.nci.nih.gov/drugs/cellminercdb/ILOPERIDONE_cellminercdb.html' target='_blank'>details</a>"
"2730","PHLORIZIN","[PHLORIZIN]",NA,NA,3,"PHLORIZIN_cellminercdb.html","<a href='https://discovery.nci.nih.gov/drugs/cellminercdb/PHLORIZIN_cellminercdb.html' target='_blank'>details</a>"
"2731","LAMIVUDINE","[LAMIVUDINE]",NA,NA,2,"LAMIVUDINE_cellminercdb.html","<a href='https://discovery.nci.nih.gov/drugs/cellminercdb/LAMIVUDINE_cellminercdb.html' target='_blank'>details</a>"
"2732","DE-096","[SA-13353, DE-096]",NA,NA,2,"DE-096_cellminercdb.html","<a href='https://discovery.nci.nih.gov/drugs/cellminercdb/DE-096_cellminercdb.html' target='_blank'>details</a>"
"2733","GSK837941A","[GSK837941A, GSK-837149A]",NA,NA,2,"GSK837941A_cellminercdb.html","<a href='https://discovery.nci.nih.gov/drugs/cellminercdb/GSK837941A_cellminercdb.html' target='_blank'>details</a>"
"2734","CEFTIOFUR SODIUM","[CEFTIOFUR SODIUM SALT, CEFTIOFUR SODIUM]",NA,NA,2,"CEFTIOFUR_SODIUM_cellminercdb.html","<a href='https://discovery.nci.nih.gov/drugs/cellminercdb/CEFTIOFUR_SODIUM_cellminercdb.html' target='_blank'>details</a>"
"2735","HC-067047","[HC-067047]",NA,NA,2,"HC-067047_cellminercdb.html","<a href='https://discovery.nci.nih.gov/drugs/cellminercdb/HC-067047_cellminercdb.html' target='_blank'>details</a>"
"2736","KANAMYCIN A (SULFATE)","[KANAMYCIN A (SULFATE), KANAMYCIN MONOSULFATE]",NA,NA,2,"KANAMYCIN_A_(SULFATE)_cellminercdb.html","<a href='https://discovery.nci.nih.gov/drugs/cellminercdb/KANAMYCIN_A_(SULFATE)_cellminercdb.html' target='_blank'>details</a>"
"2737","ASARALDEHYDE","[ASARALDEHYDE]",NA,NA,2,"ASARALDEHYDE_cellminercdb.html","<a href='https://discovery.nci.nih.gov/drugs/cellminercdb/ASARALDEHYDE_cellminercdb.html' target='_blank'>details</a>"
"2738","CL-82198","[CL-82198]",NA,NA,2,"CL-82198_cellminercdb.html","<a href='https://discovery.nci.nih.gov/drugs/cellminercdb/CL-82198_cellminercdb.html' target='_blank'>details</a>"
"2739","monastrol","[MONASTROL, 716782]","KIF11",NA,3,"monastrol_cellminercdb.html","<a href='https://discovery.nci.nih.gov/drugs/cellminercdb/monastrol_cellminercdb.html' target='_blank'>details</a>"
"2740","TRAM-34","[TRAM-34]",NA,NA,2,"TRAM-34_cellminercdb.html","<a href='https://discovery.nci.nih.gov/drugs/cellminercdb/TRAM-34_cellminercdb.html' target='_blank'>details</a>"
"2741","A-674563","[A-674563]",NA,NA,3,"A-674563_cellminercdb.html","<a href='https://discovery.nci.nih.gov/drugs/cellminercdb/A-674563_cellminercdb.html' target='_blank'>details</a>"
"2742","AC-265347","[AC-265347]",NA,NA,2,"AC-265347_cellminercdb.html","<a href='https://discovery.nci.nih.gov/drugs/cellminercdb/AC-265347_cellminercdb.html' target='_blank'>details</a>"
"2743","GW3965","[GW3965, GSK-3965, GW-3965]",NA,NA,3,"GW3965_cellminercdb.html","<a href='https://discovery.nci.nih.gov/drugs/cellminercdb/GW3965_cellminercdb.html' target='_blank'>details</a>"
"2744","KD025","[KD-025, KD025]",NA,NA,3,"KD025_cellminercdb.html","<a href='https://discovery.nci.nih.gov/drugs/cellminercdb/KD025_cellminercdb.html' target='_blank'>details</a>"
"2745","ARS-853","[ARS-853]",NA,NA,2,"ARS-853_cellminercdb.html","<a href='https://discovery.nci.nih.gov/drugs/cellminercdb/ARS-853_cellminercdb.html' target='_blank'>details</a>"
"2746","SR-1664","[SR-1664]",NA,NA,2,"SR-1664_cellminercdb.html","<a href='https://discovery.nci.nih.gov/drugs/cellminercdb/SR-1664_cellminercdb.html' target='_blank'>details</a>"
"2747","APAZIQUONE","[APAZIQUONE]",NA,NA,2,"APAZIQUONE_cellminercdb.html","<a href='https://discovery.nci.nih.gov/drugs/cellminercdb/APAZIQUONE_cellminercdb.html' target='_blank'>details</a>"
"2748","GSK-503","[GSK-503]",NA,NA,2,"GSK-503_cellminercdb.html","<a href='https://discovery.nci.nih.gov/drugs/cellminercdb/GSK-503_cellminercdb.html' target='_blank'>details</a>"
"2749","KRCA-0008","[KRCA-0008]",NA,NA,2,"KRCA-0008_cellminercdb.html","<a href='https://discovery.nci.nih.gov/drugs/cellminercdb/KRCA-0008_cellminercdb.html' target='_blank'>details</a>"
"2750","COENZYME Q10","[COENZYME Q10, UBIDECARENONE]",NA,NA,2,"COENZYME_Q10_cellminercdb.html","<a href='https://discovery.nci.nih.gov/drugs/cellminercdb/COENZYME_Q10_cellminercdb.html' target='_blank'>details</a>"
"2751","PLX647","[PLX647, PLX-647]",NA,NA,2,"PLX647_cellminercdb.html","<a href='https://discovery.nci.nih.gov/drugs/cellminercdb/PLX647_cellminercdb.html' target='_blank'>details</a>"
"2752","EMRICASAN","[EMRICASAN]",NA,NA,2,"EMRICASAN_cellminercdb.html","<a href='https://discovery.nci.nih.gov/drugs/cellminercdb/EMRICASAN_cellminercdb.html' target='_blank'>details</a>"
"2753","FG-4592","[ROXADUSTAT, FG-4592]",NA,NA,3,"FG-4592_cellminercdb.html","<a href='https://discovery.nci.nih.gov/drugs/cellminercdb/FG-4592_cellminercdb.html' target='_blank'>details</a>"
"2754","ML-364","[ML-364]",NA,NA,2,"ML-364_cellminercdb.html","<a href='https://discovery.nci.nih.gov/drugs/cellminercdb/ML-364_cellminercdb.html' target='_blank'>details</a>"
"2755","TCS-JNK-5A","[TCS-JNK-5A]",NA,NA,2,"TCS-JNK-5A_cellminercdb.html","<a href='https://discovery.nci.nih.gov/drugs/cellminercdb/TCS-JNK-5A_cellminercdb.html' target='_blank'>details</a>"
"2756","ADH-1","[EXHERIN, ADH-1]",NA,NA,2,"ADH-1_cellminercdb.html","<a href='https://discovery.nci.nih.gov/drugs/cellminercdb/ADH-1_cellminercdb.html' target='_blank'>details</a>"
"2757","EMTRICITABINE","[EMTRICITABINE]",NA,NA,2,"EMTRICITABINE_cellminercdb.html","<a href='https://discovery.nci.nih.gov/drugs/cellminercdb/EMTRICITABINE_cellminercdb.html' target='_blank'>details</a>"
"2758","NCGC00262331","[NCGC00262331]",NA,NA,2,"NCGC00262331_cellminercdb.html","<a href='https://discovery.nci.nih.gov/drugs/cellminercdb/NCGC00262331_cellminercdb.html' target='_blank'>details</a>"
"2759","STRONTIUM RANELATE","[STRONTIUM RANELATE]",NA,NA,2,"STRONTIUM_RANELATE_cellminercdb.html","<a href='https://discovery.nci.nih.gov/drugs/cellminercdb/STRONTIUM_RANELATE_cellminercdb.html' target='_blank'>details</a>"
"2760","AMASTATIN","[AMASTATIN]",NA,NA,2,"AMASTATIN_cellminercdb.html","<a href='https://discovery.nci.nih.gov/drugs/cellminercdb/AMASTATIN_cellminercdb.html' target='_blank'>details</a>"
"2761","MEGLUMINE","[MEGLUMINE]",NA,NA,2,"MEGLUMINE_cellminercdb.html","<a href='https://discovery.nci.nih.gov/drugs/cellminercdb/MEGLUMINE_cellminercdb.html' target='_blank'>details</a>"
"2762","KDM5-C70","[KDM5-C70]",NA,NA,2,"KDM5-C70_cellminercdb.html","<a href='https://discovery.nci.nih.gov/drugs/cellminercdb/KDM5-C70_cellminercdb.html' target='_blank'>details</a>"
"2763","ML264","[ML264]",NA,NA,2,"ML264_cellminercdb.html","<a href='https://discovery.nci.nih.gov/drugs/cellminercdb/ML264_cellminercdb.html' target='_blank'>details</a>"
"2764","TETRACYCLINE","[TETRACYCLINE, TETRACYCLINE HYDROCHLORIDE]",NA,NA,2,"TETRACYCLINE_cellminercdb.html","<a href='https://discovery.nci.nih.gov/drugs/cellminercdb/TETRACYCLINE_cellminercdb.html' target='_blank'>details</a>"
"2765","NVS-CECR2-1","[NVS-CECR2-1]",NA,NA,2,"NVS-CECR2-1_cellminercdb.html","<a href='https://discovery.nci.nih.gov/drugs/cellminercdb/NVS-CECR2-1_cellminercdb.html' target='_blank'>details</a>"
"2766","GNE-3511","[GNE-3511]",NA,NA,2,"GNE-3511_cellminercdb.html","<a href='https://discovery.nci.nih.gov/drugs/cellminercdb/GNE-3511_cellminercdb.html' target='_blank'>details</a>"
"2767","TM-5275","[TM-5275]",NA,NA,2,"TM-5275_cellminercdb.html","<a href='https://discovery.nci.nih.gov/drugs/cellminercdb/TM-5275_cellminercdb.html' target='_blank'>details</a>"
"2768","OSU-T315","[OSU-T315]",NA,NA,2,"OSU-T315_cellminercdb.html","<a href='https://discovery.nci.nih.gov/drugs/cellminercdb/OSU-T315_cellminercdb.html' target='_blank'>details</a>"
"2769","GDC-046","[GDC-046]",NA,NA,2,"GDC-046_cellminercdb.html","<a href='https://discovery.nci.nih.gov/drugs/cellminercdb/GDC-046_cellminercdb.html' target='_blank'>details</a>"
"2770","RIMANTADINE","[RIMANTADINE]",NA,NA,2,"RIMANTADINE_cellminercdb.html","<a href='https://discovery.nci.nih.gov/drugs/cellminercdb/RIMANTADINE_cellminercdb.html' target='_blank'>details</a>"
"2771","STK16-IN-1","[STK16-IN-1]",NA,NA,2,"STK16-IN-1_cellminercdb.html","<a href='https://discovery.nci.nih.gov/drugs/cellminercdb/STK16-IN-1_cellminercdb.html' target='_blank'>details</a>"
"2772","PF-03814735","[PF-03814735]",NA,NA,3,"PF-03814735_cellminercdb.html","<a href='https://discovery.nci.nih.gov/drugs/cellminercdb/PF-03814735_cellminercdb.html' target='_blank'>details</a>"
"2773","TPOP-146","[TPOP-146]",NA,NA,2,"TPOP-146_cellminercdb.html","<a href='https://discovery.nci.nih.gov/drugs/cellminercdb/TPOP-146_cellminercdb.html' target='_blank'>details</a>"
"2774","MINOXIDIL","[MINOXIDIL]",NA,NA,2,"MINOXIDIL_cellminercdb.html","<a href='https://discovery.nci.nih.gov/drugs/cellminercdb/MINOXIDIL_cellminercdb.html' target='_blank'>details</a>"
"2775","SULFAPHENAZOLE","[SULFAPHENAZOLE]",NA,NA,2,"SULFAPHENAZOLE_cellminercdb.html","<a href='https://discovery.nci.nih.gov/drugs/cellminercdb/SULFAPHENAZOLE_cellminercdb.html' target='_blank'>details</a>"
"2776","RKI-1447","[RKI-1447]",NA,NA,3,"RKI-1447_cellminercdb.html","<a href='https://discovery.nci.nih.gov/drugs/cellminercdb/RKI-1447_cellminercdb.html' target='_blank'>details</a>"
"2777","GSK2110183B","[GSK2110183 (HYDROCHLORIDE), GSK2110183B]",NA,NA,4,"GSK2110183B_cellminercdb.html","<a href='https://discovery.nci.nih.gov/drugs/cellminercdb/GSK2110183B_cellminercdb.html' target='_blank'>details</a>"
"2778","PF-670462","[PF-670462]",NA,NA,2,"PF-670462_cellminercdb.html","<a href='https://discovery.nci.nih.gov/drugs/cellminercdb/PF-670462_cellminercdb.html' target='_blank'>details</a>"
"2779","VALSPODAR","[VALSPODAR]",NA,NA,2,"VALSPODAR_cellminercdb.html","<a href='https://discovery.nci.nih.gov/drugs/cellminercdb/VALSPODAR_cellminercdb.html' target='_blank'>details</a>"
"2780","OAC1","[OAC1]",NA,NA,2,"OAC1_cellminercdb.html","<a href='https://discovery.nci.nih.gov/drugs/cellminercdb/OAC1_cellminercdb.html' target='_blank'>details</a>"
"2781","PDK1 INHIBITOR","[PDK1 INHIBITOR, PDPK1 INHIBITOR]",NA,NA,2,"PDK1_INHIBITOR_cellminercdb.html","<a href='https://discovery.nci.nih.gov/drugs/cellminercdb/PDK1_INHIBITOR_cellminercdb.html' target='_blank'>details</a>"
"2782","CHIDAMIDE","[CHIDAMIDE, N-(2-AMINO-5-FLUOROPHENYL)-4-(((1-OXO-3-(3-PYRIDINYL)-2-PROPEN-1-YL)AMINO)METHYL)BENZAMIDE]",NA,NA,3,"CHIDAMIDE_cellminercdb.html","<a href='https://discovery.nci.nih.gov/drugs/cellminercdb/CHIDAMIDE_cellminercdb.html' target='_blank'>details</a>"
"2783","METHYLSTAT","[METHYLSTAT]",NA,NA,2,"METHYLSTAT_cellminercdb.html","<a href='https://discovery.nci.nih.gov/drugs/cellminercdb/METHYLSTAT_cellminercdb.html' target='_blank'>details</a>"
"2784","FLUTAMIDE","[FLUTAMIDE]",NA,NA,3,"FLUTAMIDE_cellminercdb.html","<a href='https://discovery.nci.nih.gov/drugs/cellminercdb/FLUTAMIDE_cellminercdb.html' target='_blank'>details</a>"
"2785","GSK-963","[GSK-963]",NA,NA,2,"GSK-963_cellminercdb.html","<a href='https://discovery.nci.nih.gov/drugs/cellminercdb/GSK-963_cellminercdb.html' target='_blank'>details</a>"
"2786","NCGC00346747","[NCGC00346747-02, NCGC00346747]",NA,NA,2,"NCGC00346747_cellminercdb.html","<a href='https://discovery.nci.nih.gov/drugs/cellminercdb/NCGC00346747_cellminercdb.html' target='_blank'>details</a>"
"2787","ROLIPRAM","[S-ROLIPRAM, ROLIPRAM]",NA,NA,2,"ROLIPRAM_cellminercdb.html","<a href='https://discovery.nci.nih.gov/drugs/cellminercdb/ROLIPRAM_cellminercdb.html' target='_blank'>details</a>"
"2788","(R)-PFI-2","[(R)-PFI-2]",NA,NA,2,"(R)-PFI-2_cellminercdb.html","<a href='https://discovery.nci.nih.gov/drugs/cellminercdb/(R)-PFI-2_cellminercdb.html' target='_blank'>details</a>"
"2789","AMINOCAPROIC ACID","[6-AMINOCAPROIC ACID, AMINOCAPROIC ACID]",NA,NA,2,"AMINOCAPROIC_ACID_cellminercdb.html","<a href='https://discovery.nci.nih.gov/drugs/cellminercdb/AMINOCAPROIC_ACID_cellminercdb.html' target='_blank'>details</a>"
"2790","C-FMS INHIBITOR","[C-FMS INHIBITOR]",NA,NA,2,"C-FMS_INHIBITOR_cellminercdb.html","<a href='https://discovery.nci.nih.gov/drugs/cellminercdb/C-FMS_INHIBITOR_cellminercdb.html' target='_blank'>details</a>"
"2791","AG-881","[AG-881, 803600]","IDH1|IDH2","Clinical trial",3,"AG-881_cellminercdb.html","<a href='https://discovery.nci.nih.gov/drugs/cellminercdb/AG-881_cellminercdb.html' target='_blank'>details</a>"
"2792","800404","[GSK-3326595, 800404]",NA,NA,2,"800404_cellminercdb.html","<a href='https://discovery.nci.nih.gov/drugs/cellminercdb/800404_cellminercdb.html' target='_blank'>details</a>"
"2793","ARBUTIN","[ARBUTIN]",NA,NA,2,"ARBUTIN_cellminercdb.html","<a href='https://discovery.nci.nih.gov/drugs/cellminercdb/ARBUTIN_cellminercdb.html' target='_blank'>details</a>"
"2794","GLIMEPIRIDE","[GLIMEPIRIDE]",NA,NA,2,"GLIMEPIRIDE_cellminercdb.html","<a href='https://discovery.nci.nih.gov/drugs/cellminercdb/GLIMEPIRIDE_cellminercdb.html' target='_blank'>details</a>"
"2795","L-165041","[4-[3-(4-ACETYL-3-HYDROXY-2-PROPYLPHENOXY)PROPOXY]PHENOXY-ACETIC ACID, L-165041]",NA,NA,2,"L-165041_cellminercdb.html","<a href='https://discovery.nci.nih.gov/drugs/cellminercdb/L-165041_cellminercdb.html' target='_blank'>details</a>"
"2796","SERATRODAST","[(+-)-7-(3,5,6-TRIMETHYL-1,4-BENZOQUINON-2-YL)-7-PHENYLHEPTANOIC ACID, SERATRODAST]",NA,NA,2,"SERATRODAST_cellminercdb.html","<a href='https://discovery.nci.nih.gov/drugs/cellminercdb/SERATRODAST_cellminercdb.html' target='_blank'>details</a>"
"2797","NMS-873","[NMS-873]",NA,NA,3,"NMS-873_cellminercdb.html","<a href='https://discovery.nci.nih.gov/drugs/cellminercdb/NMS-873_cellminercdb.html' target='_blank'>details</a>"
"2798","VT-464","[VT-464 (R ENANTIOMER), SEVITERONEL, 783294]","CYP17A1","Clinical trial",4,"VT-464_cellminercdb.html","<a href='https://discovery.nci.nih.gov/drugs/cellminercdb/VT-464_cellminercdb.html' target='_blank'>details</a>"
"2799","TOLTERODINE TARTRATE","[TOLTERODINE TARTRATE]",NA,NA,2,"TOLTERODINE_TARTRATE_cellminercdb.html","<a href='https://discovery.nci.nih.gov/drugs/cellminercdb/TOLTERODINE_TARTRATE_cellminercdb.html' target='_blank'>details</a>"
"2800","PRINABEREL","[PRINABEREL]",NA,NA,2,"PRINABEREL_cellminercdb.html","<a href='https://discovery.nci.nih.gov/drugs/cellminercdb/PRINABEREL_cellminercdb.html' target='_blank'>details</a>"
"2801","GM-1489","[GM-1489]",NA,NA,2,"GM-1489_cellminercdb.html","<a href='https://discovery.nci.nih.gov/drugs/cellminercdb/GM-1489_cellminercdb.html' target='_blank'>details</a>"
"2802","GARDIQUIMOD","[GARDIQUIMOD]",NA,NA,2,"GARDIQUIMOD_cellminercdb.html","<a href='https://discovery.nci.nih.gov/drugs/cellminercdb/GARDIQUIMOD_cellminercdb.html' target='_blank'>details</a>"
"2803","EPALRESTAT","[EPALRESTAT]",NA,NA,2,"EPALRESTAT_cellminercdb.html","<a href='https://discovery.nci.nih.gov/drugs/cellminercdb/EPALRESTAT_cellminercdb.html' target='_blank'>details</a>"
"2804","MARIZOMIB","[MARIZOMIB]",NA,NA,2,"MARIZOMIB_cellminercdb.html","<a href='https://discovery.nci.nih.gov/drugs/cellminercdb/MARIZOMIB_cellminercdb.html' target='_blank'>details</a>"
"2805","A-83-01","[A-83-01]",NA,NA,3,"A-83-01_cellminercdb.html","<a href='https://discovery.nci.nih.gov/drugs/cellminercdb/A-83-01_cellminercdb.html' target='_blank'>details</a>"
"2806","VARENICLINE","[VARENICLINE, VARENICLINE TARTRATE]",NA,NA,2,"VARENICLINE_cellminercdb.html","<a href='https://discovery.nci.nih.gov/drugs/cellminercdb/VARENICLINE_cellminercdb.html' target='_blank'>details</a>"
"2807","BI-9564","[BI-9564]",NA,NA,2,"BI-9564_cellminercdb.html","<a href='https://discovery.nci.nih.gov/drugs/cellminercdb/BI-9564_cellminercdb.html' target='_blank'>details</a>"
"2808","RUC-4","[RUC-4]",NA,NA,2,"RUC-4_cellminercdb.html","<a href='https://discovery.nci.nih.gov/drugs/cellminercdb/RUC-4_cellminercdb.html' target='_blank'>details</a>"
"2809","EFLORNITHINE HYDROCHLORIDE","[EFLORNITHINE HYDROCHLORIDE]",NA,NA,3,"EFLORNITHINE_HYDROCHLORIDE_cellminercdb.html","<a href='https://discovery.nci.nih.gov/drugs/cellminercdb/EFLORNITHINE_HYDROCHLORIDE_cellminercdb.html' target='_blank'>details</a>"
"2810","OLOPATADINE","[OLOPATADINE, OLOPATADINE HYDROCHLORIDE]",NA,NA,2,"OLOPATADINE_cellminercdb.html","<a href='https://discovery.nci.nih.gov/drugs/cellminercdb/OLOPATADINE_cellminercdb.html' target='_blank'>details</a>"
"2811","TASQUINIMOD","[TASQUINIMOD]",NA,NA,2,"TASQUINIMOD_cellminercdb.html","<a href='https://discovery.nci.nih.gov/drugs/cellminercdb/TASQUINIMOD_cellminercdb.html' target='_blank'>details</a>"
"2812","ELR-510444","[ELR-510444]",NA,NA,2,"ELR-510444_cellminercdb.html","<a href='https://discovery.nci.nih.gov/drugs/cellminercdb/ELR-510444_cellminercdb.html' target='_blank'>details</a>"
"2813","NEFIRACETAM","[NEFIRACETAM]",NA,NA,3,"NEFIRACETAM_cellminercdb.html","<a href='https://discovery.nci.nih.gov/drugs/cellminercdb/NEFIRACETAM_cellminercdb.html' target='_blank'>details</a>"
"2814","HESPERADIN","[HESPERADIN]",NA,NA,3,"HESPERADIN_cellminercdb.html","<a href='https://discovery.nci.nih.gov/drugs/cellminercdb/HESPERADIN_cellminercdb.html' target='_blank'>details</a>"
"2815","GW7647","[GW7647, GW-7647]",NA,NA,2,"GW7647_cellminercdb.html","<a href='https://discovery.nci.nih.gov/drugs/cellminercdb/GW7647_cellminercdb.html' target='_blank'>details</a>"
"2816","VICRIVIROC","[VICRIVIROCMALATE, VICRIVIROC]",NA,NA,2,"VICRIVIROC_cellminercdb.html","<a href='https://discovery.nci.nih.gov/drugs/cellminercdb/VICRIVIROC_cellminercdb.html' target='_blank'>details</a>"
"2817","AMG-837","[AMG 837 HEMICALCIUM SALT, AMG-837]",NA,NA,2,"AMG-837_cellminercdb.html","<a href='https://discovery.nci.nih.gov/drugs/cellminercdb/AMG-837_cellminercdb.html' target='_blank'>details</a>"
"2818","SB-747651-A","[SB-747651-A]",NA,NA,2,"SB-747651-A_cellminercdb.html","<a href='https://discovery.nci.nih.gov/drugs/cellminercdb/SB-747651-A_cellminercdb.html' target='_blank'>details</a>"
"2819","OXANDROLONE","[OXANDROLONE]",NA,NA,2,"OXANDROLONE_cellminercdb.html","<a href='https://discovery.nci.nih.gov/drugs/cellminercdb/OXANDROLONE_cellminercdb.html' target='_blank'>details</a>"
"2820","EO-1428","[EO-1428]",NA,NA,2,"EO-1428_cellminercdb.html","<a href='https://discovery.nci.nih.gov/drugs/cellminercdb/EO-1428_cellminercdb.html' target='_blank'>details</a>"
"2821","DABIGATRAN","[DABIGATRAN]",NA,NA,2,"DABIGATRAN_cellminercdb.html","<a href='https://discovery.nci.nih.gov/drugs/cellminercdb/DABIGATRAN_cellminercdb.html' target='_blank'>details</a>"
"2822","SAXAGLIPTIN","[SAXAGLIPTIN]",NA,NA,3,"SAXAGLIPTIN_cellminercdb.html","<a href='https://discovery.nci.nih.gov/drugs/cellminercdb/SAXAGLIPTIN_cellminercdb.html' target='_blank'>details</a>"
"2823","TEGASEROD","[TEGASEROD, TEGASEROD MALEATE]",NA,NA,2,"TEGASEROD_cellminercdb.html","<a href='https://discovery.nci.nih.gov/drugs/cellminercdb/TEGASEROD_cellminercdb.html' target='_blank'>details</a>"
"2824","AVOBENZONE","[AVOBENZONE]",NA,NA,2,"AVOBENZONE_cellminercdb.html","<a href='https://discovery.nci.nih.gov/drugs/cellminercdb/AVOBENZONE_cellminercdb.html' target='_blank'>details</a>"
"2825","CPI-4203","[CPI-4203]",NA,NA,2,"CPI-4203_cellminercdb.html","<a href='https://discovery.nci.nih.gov/drugs/cellminercdb/CPI-4203_cellminercdb.html' target='_blank'>details</a>"
"2826","AZ3146","[AZ-3146, AZ3146]",NA,NA,3,"AZ3146_cellminercdb.html","<a href='https://discovery.nci.nih.gov/drugs/cellminercdb/AZ3146_cellminercdb.html' target='_blank'>details</a>"
"2827","PB-28","[PB-28]",NA,NA,2,"PB-28_cellminercdb.html","<a href='https://discovery.nci.nih.gov/drugs/cellminercdb/PB-28_cellminercdb.html' target='_blank'>details</a>"
"2828","PNU-282987","[PNU-282987]",NA,NA,2,"PNU-282987_cellminercdb.html","<a href='https://discovery.nci.nih.gov/drugs/cellminercdb/PNU-282987_cellminercdb.html' target='_blank'>details</a>"
"2829","CARISOPRODOL","[CARISOPRODOL]",NA,NA,2,"CARISOPRODOL_cellminercdb.html","<a href='https://discovery.nci.nih.gov/drugs/cellminercdb/CARISOPRODOL_cellminercdb.html' target='_blank'>details</a>"
"2830","MP-10","[MP-10]",NA,NA,2,"MP-10_cellminercdb.html","<a href='https://discovery.nci.nih.gov/drugs/cellminercdb/MP-10_cellminercdb.html' target='_blank'>details</a>"
"2831","RIVAROXABAN","[APEX BIOTECH,A3126, RIVAROXABAN]",NA,NA,2,"RIVAROXABAN_cellminercdb.html","<a href='https://discovery.nci.nih.gov/drugs/cellminercdb/RIVAROXABAN_cellminercdb.html' target='_blank'>details</a>"
"2832","URSODIOL","[CHENODEOXYCHOLIC ACID, URSODIOL]",NA,NA,2,"URSODIOL_cellminercdb.html","<a href='https://discovery.nci.nih.gov/drugs/cellminercdb/URSODIOL_cellminercdb.html' target='_blank'>details</a>"
"2833","JNJ-16259685","[JNJ-16259685]",NA,NA,3,"JNJ-16259685_cellminercdb.html","<a href='https://discovery.nci.nih.gov/drugs/cellminercdb/JNJ-16259685_cellminercdb.html' target='_blank'>details</a>"
"2834","Trabectedin","[TRABECTEDIN, 813783]","A2","FDA approved",3,"Trabectedin_cellminercdb.html","<a href='https://discovery.nci.nih.gov/drugs/cellminercdb/Trabectedin_cellminercdb.html' target='_blank'>details</a>"
"2835","EPACADOSTAT","[IDO INHIBITOR 1, EPACADOSTAT]",NA,NA,2,"EPACADOSTAT_cellminercdb.html","<a href='https://discovery.nci.nih.gov/drugs/cellminercdb/EPACADOSTAT_cellminercdb.html' target='_blank'>details</a>"
"2836","RIOCIGUAT","[RIOCIGUAT]",NA,NA,3,"RIOCIGUAT_cellminercdb.html","<a href='https://discovery.nci.nih.gov/drugs/cellminercdb/RIOCIGUAT_cellminercdb.html' target='_blank'>details</a>"
"2837","FLUNISOLIDE","[FLUNISOLIDE]",NA,NA,2,"FLUNISOLIDE_cellminercdb.html","<a href='https://discovery.nci.nih.gov/drugs/cellminercdb/FLUNISOLIDE_cellminercdb.html' target='_blank'>details</a>"
"2838","GATIFLOXACIN","[(S)-GATIFLOXACIN, GATIFLOXACIN]",NA,NA,2,"GATIFLOXACIN_cellminercdb.html","<a href='https://discovery.nci.nih.gov/drugs/cellminercdb/GATIFLOXACIN_cellminercdb.html' target='_blank'>details</a>"
"2839","SID 7969543","[SID 7969543, SID-7969543]",NA,NA,3,"SID_7969543_cellminercdb.html","<a href='https://discovery.nci.nih.gov/drugs/cellminercdb/SID_7969543_cellminercdb.html' target='_blank'>details</a>"
"2841","EMD-638683","[EMD638683 (R-FORM), EMD-638683]",NA,NA,2,"EMD-638683_cellminercdb.html","<a href='https://discovery.nci.nih.gov/drugs/cellminercdb/EMD-638683_cellminercdb.html' target='_blank'>details</a>"
"2842","3-METHYLADENINE","[3-METHYLADENINE]",NA,NA,2,"3-METHYLADENINE_cellminercdb.html","<a href='https://discovery.nci.nih.gov/drugs/cellminercdb/3-METHYLADENINE_cellminercdb.html' target='_blank'>details</a>"
"2843","MC-1568","[MC-1568]",NA,NA,2,"MC-1568_cellminercdb.html","<a href='https://discovery.nci.nih.gov/drugs/cellminercdb/MC-1568_cellminercdb.html' target='_blank'>details</a>"
"2844","IWP-2","[IWP-2]",NA,NA,3,"IWP-2_cellminercdb.html","<a href='https://discovery.nci.nih.gov/drugs/cellminercdb/IWP-2_cellminercdb.html' target='_blank'>details</a>"
"2845","RALANITEN (EPI-001)","[RALANITEN (EPI-001)]",NA,NA,2,"RALANITEN_(EPI-001)_cellminercdb.html","<a href='https://discovery.nci.nih.gov/drugs/cellminercdb/RALANITEN_(EPI-001)_cellminercdb.html' target='_blank'>details</a>"
"2846","VU0483487-1","[VU0483487-1]",NA,NA,2,"VU0483487-1_cellminercdb.html","<a href='https://discovery.nci.nih.gov/drugs/cellminercdb/VU0483487-1_cellminercdb.html' target='_blank'>details</a>"
"2847","ROTTLERIN","[ROTTLERIN]",NA,NA,2,"ROTTLERIN_cellminercdb.html","<a href='https://discovery.nci.nih.gov/drugs/cellminercdb/ROTTLERIN_cellminercdb.html' target='_blank'>details</a>"
"2848","TRAZODONE","[TRAZODONE, TRAZODONE HYDROCHLORIDE]",NA,NA,2,"TRAZODONE_cellminercdb.html","<a href='https://discovery.nci.nih.gov/drugs/cellminercdb/TRAZODONE_cellminercdb.html' target='_blank'>details</a>"
"2849","STIGMASTEROL","[STIGMASTEROL]",NA,NA,2,"STIGMASTEROL_cellminercdb.html","<a href='https://discovery.nci.nih.gov/drugs/cellminercdb/STIGMASTEROL_cellminercdb.html' target='_blank'>details</a>"
"2850",NA,"[PEXMETINIB, NA, 800844]",NA,NA,3,"NA_cellminercdb.html","<a href='https://discovery.nci.nih.gov/drugs/cellminercdb/NA_cellminercdb.html' target='_blank'>details</a>"
"2851","NIBR-189","[NIBR-189]",NA,NA,2,"NIBR-189_cellminercdb.html","<a href='https://discovery.nci.nih.gov/drugs/cellminercdb/NIBR-189_cellminercdb.html' target='_blank'>details</a>"
"2852","KETOROLAC","[KETOROLAC]",NA,NA,2,"KETOROLAC_cellminercdb.html","<a href='https://discovery.nci.nih.gov/drugs/cellminercdb/KETOROLAC_cellminercdb.html' target='_blank'>details</a>"
"2853","ER 819762","[ER 819762]",NA,NA,2,"ER_819762_cellminercdb.html","<a href='https://discovery.nci.nih.gov/drugs/cellminercdb/ER_819762_cellminercdb.html' target='_blank'>details</a>"
"2854","TRANILAST","[TRANILAST]",NA,NA,3,"TRANILAST_cellminercdb.html","<a href='https://discovery.nci.nih.gov/drugs/cellminercdb/TRANILAST_cellminercdb.html' target='_blank'>details</a>"
"2855","Alectinib","[ALECTINIB (CH5424802), 1256580-46-7, ALECENSA, ALECTINIB, CH 5424802, CH-5424802, CH5424802, 764040, 764821]","PK:YK,ALK","FDA approved",7,"Alectinib_cellminercdb.html","<a href='https://discovery.nci.nih.gov/drugs/cellminercdb/Alectinib_cellminercdb.html' target='_blank'>details</a>"
"2856","pyrod","[URACIL, PYROD, PIROD, 3970, RU 12709, 2,4-PYRIMIDINEDIOL, 2,4-DIOXOPYRIMIDINE, 2,4(1H,3H)-PYRIMIDINEDIONE]",NA,NA,2,"pyrod_cellminercdb.html","<a href='https://discovery.nci.nih.gov/drugs/cellminercdb/pyrod_cellminercdb.html' target='_blank'>details</a>"
"2857","XR-11576","[XR-11576, 754365]","TOP2|TOP1","Clinical trial",2,"XR-11576_cellminercdb.html","<a href='https://discovery.nci.nih.gov/drugs/cellminercdb/XR-11576_cellminercdb.html' target='_blank'>details</a>"
"2858","sr 13654","[sr 13654, 756662]","BIRC5|PK:YK","Clinical trial",2,"sr_13654_cellminercdb.html","<a href='https://discovery.nci.nih.gov/drugs/cellminercdb/sr_13654_cellminercdb.html' target='_blank'>details</a>"
"2859","KHK-Indazole","[KHK-Indazole, 761931]","PK:YK,IGF1R","Clinical trial",2,"KHK-Indazole_cellminercdb.html","<a href='https://discovery.nci.nih.gov/drugs/cellminercdb/KHK-Indazole_cellminercdb.html' target='_blank'>details</a>"
"2860","t-dcyd","[t-dcyd, 764276]",NA,"Clinical trial",2,"t-dcyd_cellminercdb.html","<a href='https://discovery.nci.nih.gov/drugs/cellminercdb/t-dcyd_cellminercdb.html' target='_blank'>details</a>"
"2862","CEP-14083","[CEP-14083, 766824]","PK:ALK","Clinical trial",2,"CEP-14083_cellminercdb.html","<a href='https://discovery.nci.nih.gov/drugs/cellminercdb/CEP-14083_cellminercdb.html' target='_blank'>details</a>"
"2863","ONX-0805","[ONX-0805, 772920]","PK:JAK,JAK2","Clinical trial",2,"ONX-0805_cellminercdb.html","<a href='https://discovery.nci.nih.gov/drugs/cellminercdb/ONX-0805_cellminercdb.html' target='_blank'>details</a>"
"2864","R-306465","[R-306465, 773264]","HDAC","Clinical trial",2,"R-306465_cellminercdb.html","<a href='https://discovery.nci.nih.gov/drugs/cellminercdb/R-306465_cellminercdb.html' target='_blank'>details</a>"
"2865","AMD-070","[AMD-070, 775637]","CXCR4","Clinical trial",2,"AMD-070_cellminercdb.html","<a href='https://discovery.nci.nih.gov/drugs/cellminercdb/AMD-070_cellminercdb.html' target='_blank'>details</a>"
"2866","MK-0429","[MK-0429, 776790]","ITG","Clinical trial",2,"MK-0429_cellminercdb.html","<a href='https://discovery.nci.nih.gov/drugs/cellminercdb/MK-0429_cellminercdb.html' target='_blank'>details</a>"
"2867","5-aza-T-dCyd","[5-aza-T-dCyd, 777586]",NA,"Clinical trial",2,"5-aza-T-dCyd_cellminercdb.html","<a href='https://discovery.nci.nih.gov/drugs/cellminercdb/5-aza-T-dCyd_cellminercdb.html' target='_blank'>details</a>"
"2868","ARRY-614","[ARRY-614, 778367]","PK:MAPK14","Clinical trial",2,"ARRY-614_cellminercdb.html","<a href='https://discovery.nci.nih.gov/drugs/cellminercdb/ARRY-614_cellminercdb.html' target='_blank'>details</a>"
"2869","FH-535","[FH-535, 778746]","PPARG","Clinical trial",2,"FH-535_cellminercdb.html","<a href='https://discovery.nci.nih.gov/drugs/cellminercdb/FH-535_cellminercdb.html' target='_blank'>details</a>"
"2870","TAK-632","[TAK-632, 778809]","PK:BRAF","Clinical trial",2,"TAK-632_cellminercdb.html","<a href='https://discovery.nci.nih.gov/drugs/cellminercdb/TAK-632_cellminercdb.html' target='_blank'>details</a>"
"2872","PD183805","[PD183805, 780019]","PK:EGFR,ERBB2","Clinical trial",2,"PD183805_cellminercdb.html","<a href='https://discovery.nci.nih.gov/drugs/cellminercdb/PD183805_cellminercdb.html' target='_blank'>details</a>"
"2873","SOMCL-12-81","[SOMCL-12-81, 780163]","PK:ALK","Clinical trial",2,"SOMCL-12-81_cellminercdb.html","<a href='https://discovery.nci.nih.gov/drugs/cellminercdb/SOMCL-12-81_cellminercdb.html' target='_blank'>details</a>"
"2874","dimethylfasudil","[dimethylfasudil, 780205]","RHO","Clinical trial",2,"dimethylfasudil_cellminercdb.html","<a href='https://discovery.nci.nih.gov/drugs/cellminercdb/dimethylfasudil_cellminercdb.html' target='_blank'>details</a>"
"2875","AZD-6738 ( R,S-isomer)","[AZD-6738 ( R,S-isomer), 780250]","PK:ATR","Clinical trial",2,"AZD-6738_(_R,S-isomer)_cellminercdb.html","<a href='https://discovery.nci.nih.gov/drugs/cellminercdb/AZD-6738_(_R,S-isomer)_cellminercdb.html' target='_blank'>details</a>"
"2876","AZ-505","[AZ-505, 780404]","SETD8|SMYD2","Clinical trial",2,"AZ-505_cellminercdb.html","<a href='https://discovery.nci.nih.gov/drugs/cellminercdb/AZ-505_cellminercdb.html' target='_blank'>details</a>"
"2878","maritoclax","[maritoclax, 781008]","MCL1","Clinical trial",2,"maritoclax_cellminercdb.html","<a href='https://discovery.nci.nih.gov/drugs/cellminercdb/maritoclax_cellminercdb.html' target='_blank'>details</a>"
"2879","BAY-87-2243","[BAY-87-2243, 781016]","HIF1","Clinical trial",2,"BAY-87-2243_cellminercdb.html","<a href='https://discovery.nci.nih.gov/drugs/cellminercdb/BAY-87-2243_cellminercdb.html' target='_blank'>details</a>"
"2880","JNJ-54302833","[JNJ-54302833, 782125]","FASN","Clinical trial",2,"JNJ-54302833_cellminercdb.html","<a href='https://discovery.nci.nih.gov/drugs/cellminercdb/JNJ-54302833_cellminercdb.html' target='_blank'>details</a>"
"2881","PWT-33597","[PWT-33597, 782362]","PK:PIK3,MTOR","Clinical trial",2,"PWT-33597_cellminercdb.html","<a href='https://discovery.nci.nih.gov/drugs/cellminercdb/PWT-33597_cellminercdb.html' target='_blank'>details</a>"
"2882","JNJ-26483327","[JNJ-26483327, 783249]","PK:EGFR,ERBB2,SRC,VEGFR,RET,Multikinase","Clinical trial",2,"JNJ-26483327_cellminercdb.html","<a href='https://discovery.nci.nih.gov/drugs/cellminercdb/JNJ-26483327_cellminercdb.html' target='_blank'>details</a>"
"2883","JNJ-47117096","[JNJ-47117096, 783272]","PK:MELK","Clinical trial",2,"JNJ-47117096_cellminercdb.html","<a href='https://discovery.nci.nih.gov/drugs/cellminercdb/JNJ-47117096_cellminercdb.html' target='_blank'>details</a>"
"2884","SGI-1027","[SGI-1027, 783333]","DNMT","Clinical trial",2,"SGI-1027_cellminercdb.html","<a href='https://discovery.nci.nih.gov/drugs/cellminercdb/SGI-1027_cellminercdb.html' target='_blank'>details</a>"
"2885","pyridoclax","[pyridoclax, 783916]","MCL1","Clinical trial",2,"pyridoclax_cellminercdb.html","<a href='https://discovery.nci.nih.gov/drugs/cellminercdb/pyridoclax_cellminercdb.html' target='_blank'>details</a>"
"2886","TAS-115","[TAS-115, 785306]","PK:MET,VEGFR","Clinical trial",2,"TAS-115_cellminercdb.html","<a href='https://discovery.nci.nih.gov/drugs/cellminercdb/TAS-115_cellminercdb.html' target='_blank'>details</a>"
"2888","EGF-816","[EGF-816, 787027]","PK:EGFR","Clinical trial",2,"EGF-816_cellminercdb.html","<a href='https://discovery.nci.nih.gov/drugs/cellminercdb/EGF-816_cellminercdb.html' target='_blank'>details</a>"
"2889","azd5582","[azd5582, 787048]","IAP","Clinical trial",2,"azd5582_cellminercdb.html","<a href='https://discovery.nci.nih.gov/drugs/cellminercdb/azd5582_cellminercdb.html' target='_blank'>details</a>"
"2890","sabutoclax","[sabutoclax, 787780]","MCL1","Clinical trial",2,"sabutoclax_cellminercdb.html","<a href='https://discovery.nci.nih.gov/drugs/cellminercdb/sabutoclax_cellminercdb.html' target='_blank'>details</a>"
"2891","UMI-77","[UMI-77, 787960]","MCL1","Clinical trial",2,"UMI-77_cellminercdb.html","<a href='https://discovery.nci.nih.gov/drugs/cellminercdb/UMI-77_cellminercdb.html' target='_blank'>details</a>"
"2892","A-911","[A-911, 788794]","PK:CDK,CDK9","Clinical trial",2,"A-911_cellminercdb.html","<a href='https://discovery.nci.nih.gov/drugs/cellminercdb/A-911_cellminercdb.html' target='_blank'>details</a>"
"2893","CCT-271850","[CCT-271850, 789044]","IDUA","Clinical trial",2,"CCT-271850_cellminercdb.html","<a href='https://discovery.nci.nih.gov/drugs/cellminercdb/CCT-271850_cellminercdb.html' target='_blank'>details</a>"
"2894","SW-044248","[SW-044248, 789797]","TOP1","Clinical trial",2,"SW-044248_cellminercdb.html","<a href='https://discovery.nci.nih.gov/drugs/cellminercdb/SW-044248_cellminercdb.html' target='_blank'>details</a>"
"2895","RG-7602","[RG-7602, 791163]","PK:CHEK1","Clinical trial",2,"RG-7602_cellminercdb.html","<a href='https://discovery.nci.nih.gov/drugs/cellminercdb/RG-7602_cellminercdb.html' target='_blank'>details</a>"
"2896","ARQ-092","[ARQ-092, 791328]","PK:AKT","Clinical trial",2,"ARQ-092_cellminercdb.html","<a href='https://discovery.nci.nih.gov/drugs/cellminercdb/ARQ-092_cellminercdb.html' target='_blank'>details</a>"
"2897","PF-2771","[PF-2771, 791648]","CENP","Clinical trial",2,"PF-2771_cellminercdb.html","<a href='https://discovery.nci.nih.gov/drugs/cellminercdb/PF-2771_cellminercdb.html' target='_blank'>details</a>"
"2898","Sapacitabine","[Sapacitabine, 791785]","Ds","Clinical trial",2,"Sapacitabine_cellminercdb.html","<a href='https://discovery.nci.nih.gov/drugs/cellminercdb/Sapacitabine_cellminercdb.html' target='_blank'>details</a>"
"2899","INCB-047775","[INCB-047775, 792847]","PK:AKT","Clinical trial",2,"INCB-047775_cellminercdb.html","<a href='https://discovery.nci.nih.gov/drugs/cellminercdb/INCB-047775_cellminercdb.html' target='_blank'>details</a>"
"2900","BGB-283","[BGB-283, 793323]","PK:BRAF","Clinical trial",2,"BGB-283_cellminercdb.html","<a href='https://discovery.nci.nih.gov/drugs/cellminercdb/BGB-283_cellminercdb.html' target='_blank'>details</a>"
"2901","ASP-5878","[ASP-5878, 793677]","PK:FGFR","Clinical trial",2,"ASP-5878_cellminercdb.html","<a href='https://discovery.nci.nih.gov/drugs/cellminercdb/ASP-5878_cellminercdb.html' target='_blank'>details</a>"
"2902","CNDAC","[CNDAC, 793679]",NA,"Clinical trial",2,"CNDAC_cellminercdb.html","<a href='https://discovery.nci.nih.gov/drugs/cellminercdb/CNDAC_cellminercdb.html' target='_blank'>details</a>"
"2903","CCT-245737","[CCT-245737, 793726]","PK:CHEK1","Clinical trial",2,"CCT-245737_cellminercdb.html","<a href='https://discovery.nci.nih.gov/drugs/cellminercdb/CCT-245737_cellminercdb.html' target='_blank'>details</a>"
"2904","PQR-620","[PQR-620, 794442]","PK:MTOR","Clinical trial",2,"PQR-620_cellminercdb.html","<a href='https://discovery.nci.nih.gov/drugs/cellminercdb/PQR-620_cellminercdb.html' target='_blank'>details</a>"
"2905","KPT-8602","[KPT-8602, 794443]","XPO1","Clinical trial",2,"KPT-8602_cellminercdb.html","<a href='https://discovery.nci.nih.gov/drugs/cellminercdb/KPT-8602_cellminercdb.html' target='_blank'>details</a>"
"2906","NTRC-0066-0","[NTRC-0066-0, 794589]","PK:TTK","Clinical trial",2,"NTRC-0066-0_cellminercdb.html","<a href='https://discovery.nci.nih.gov/drugs/cellminercdb/NTRC-0066-0_cellminercdb.html' target='_blank'>details</a>"
"2907","BAY-1082439","[BAY-1082439, 794590]","PK:PIK3","Clinical trial",2,"BAY-1082439_cellminercdb.html","<a href='https://discovery.nci.nih.gov/drugs/cellminercdb/BAY-1082439_cellminercdb.html' target='_blank'>details</a>"
"2908","A-1331852","[A-1331852, 797172]",NA,"Clinical trial",2,"A-1331852_cellminercdb.html","<a href='https://discovery.nci.nih.gov/drugs/cellminercdb/A-1331852_cellminercdb.html' target='_blank'>details</a>"
"2909","ABC-1183","[ABC-1183, 797769]",NA,"Clinical trial",2,"ABC-1183_cellminercdb.html","<a href='https://discovery.nci.nih.gov/drugs/cellminercdb/ABC-1183_cellminercdb.html' target='_blank'>details</a>"
"2910","EC-330","[EC-330, 798304]","MDM2","Clinical trial",2,"EC-330_cellminercdb.html","<a href='https://discovery.nci.nih.gov/drugs/cellminercdb/EC-330_cellminercdb.html' target='_blank'>details</a>"
"2911","SAR-20347","[SAR-20347, 798517]","PK:TYK2","Clinical trial",2,"SAR-20347_cellminercdb.html","<a href='https://discovery.nci.nih.gov/drugs/cellminercdb/SAR-20347_cellminercdb.html' target='_blank'>details</a>"
"2912","GNE-140","[GNE-140, 799908]","LDHA","Clinical trial",2,"GNE-140_cellminercdb.html","<a href='https://discovery.nci.nih.gov/drugs/cellminercdb/GNE-140_cellminercdb.html' target='_blank'>details</a>"
"2913","GDC-0077","[GDC-0077, 800729]",NA,"Clinical trial",2,"GDC-0077_cellminercdb.html","<a href='https://discovery.nci.nih.gov/drugs/cellminercdb/GDC-0077_cellminercdb.html' target='_blank'>details</a>"
"2914","BLU-285","[BLU-285, 801082]",NA,"FDA approved",2,"BLU-285_cellminercdb.html","<a href='https://discovery.nci.nih.gov/drugs/cellminercdb/BLU-285_cellminercdb.html' target='_blank'>details</a>"
"2915","PRN-1371","[PRN-1371, 801089]","PK:FGFR","Clinical trial",2,"PRN-1371_cellminercdb.html","<a href='https://discovery.nci.nih.gov/drugs/cellminercdb/PRN-1371_cellminercdb.html' target='_blank'>details</a>"
"2916","BAY-1251152","[BAY-1251152, 802450]",NA,"Clinical trial",2,"BAY-1251152_cellminercdb.html","<a href='https://discovery.nci.nih.gov/drugs/cellminercdb/BAY-1251152_cellminercdb.html' target='_blank'>details</a>"
"2917","FT-1518","[FT-1518, 802820]","PK:MTOR","Clinical trial",2,"FT-1518_cellminercdb.html","<a href='https://discovery.nci.nih.gov/drugs/cellminercdb/FT-1518_cellminercdb.html' target='_blank'>details</a>"
"2918","PQR-530","[PQR-530, 802821]","PK:MTOR","Clinical trial",2,"PQR-530_cellminercdb.html","<a href='https://discovery.nci.nih.gov/drugs/cellminercdb/PQR-530_cellminercdb.html' target='_blank'>details</a>"
"2919","nedisertib","[nedisertib, 802822]",NA,"Clinical trial",2,"nedisertib_cellminercdb.html","<a href='https://discovery.nci.nih.gov/drugs/cellminercdb/nedisertib_cellminercdb.html' target='_blank'>details</a>"
"2920","MTX-211","[MTX-211, 803248]","PK:EGFR","Clinical trial",2,"MTX-211_cellminercdb.html","<a href='https://discovery.nci.nih.gov/drugs/cellminercdb/MTX-211_cellminercdb.html' target='_blank'>details</a>"
"2921","BAY-1816032","[BAY-1816032, 803409]","PK:BUB1","Clinical trial",2,"BAY-1816032_cellminercdb.html","<a href='https://discovery.nci.nih.gov/drugs/cellminercdb/BAY-1816032_cellminercdb.html' target='_blank'>details</a>"
"2922","AZD-1390","[AZD-1390, 803789]","PK:ATM","Clinical trial",2,"AZD-1390_cellminercdb.html","<a href='https://discovery.nci.nih.gov/drugs/cellminercdb/AZD-1390_cellminercdb.html' target='_blank'>details</a>"
"2923","AMG-176","[AMG-176, 804041]",NA,"Clinical trial",2,"AMG-176_cellminercdb.html","<a href='https://discovery.nci.nih.gov/drugs/cellminercdb/AMG-176_cellminercdb.html' target='_blank'>details</a>"
"2924","BAY-1163877","[BAY-1163877, 804518]","PK:FGFR","Clinical trial",2,"BAY-1163877_cellminercdb.html","<a href='https://discovery.nci.nih.gov/drugs/cellminercdb/BAY-1163877_cellminercdb.html' target='_blank'>details</a>"
"2925","HDM-201","[HDM-201, 804520]","MDM2","Clinical trial",2,"HDM-201_cellminercdb.html","<a href='https://discovery.nci.nih.gov/drugs/cellminercdb/HDM-201_cellminercdb.html' target='_blank'>details</a>"
"2926","S-222611","[S-222611, 804521]","PK:EGFR,ERBB2","Clinical trial",2,"S-222611_cellminercdb.html","<a href='https://discovery.nci.nih.gov/drugs/cellminercdb/S-222611_cellminercdb.html' target='_blank'>details</a>"
"2927","ASTX-660","[ASTX-660, 804861]","IAP","Clinical trial",2,"ASTX-660_cellminercdb.html","<a href='https://discovery.nci.nih.gov/drugs/cellminercdb/ASTX-660_cellminercdb.html' target='_blank'>details</a>"
"2928","SEL-120","[SEL-120, 805500]","PK:CDK","Clinical trial",2,"SEL-120_cellminercdb.html","<a href='https://discovery.nci.nih.gov/drugs/cellminercdb/SEL-120_cellminercdb.html' target='_blank'>details</a>"
"2929","IDF-11774","[IDF-11774, 805596]",NA,"Clinical trial",2,"IDF-11774_cellminercdb.html","<a href='https://discovery.nci.nih.gov/drugs/cellminercdb/IDF-11774_cellminercdb.html' target='_blank'>details</a>"
"2930","CC-671","[CC-671, 805746]","PK:TTK","Clinical trial",2,"CC-671_cellminercdb.html","<a href='https://discovery.nci.nih.gov/drugs/cellminercdb/CC-671_cellminercdb.html' target='_blank'>details</a>"
"2931","CYC-065","[CYC-065, 806387]","PK:CDK","Clinical trial",2,"CYC-065_cellminercdb.html","<a href='https://discovery.nci.nih.gov/drugs/cellminercdb/CYC-065_cellminercdb.html' target='_blank'>details</a>"
"2932","E-7090","[E-7090, 806388]","PK:FGFR","Clinical trial",2,"E-7090_cellminercdb.html","<a href='https://discovery.nci.nih.gov/drugs/cellminercdb/E-7090_cellminercdb.html' target='_blank'>details</a>"
"2933","PLX-51107","[PLX-51107, 806595]",NA,"Clinical trial",2,"PLX-51107_cellminercdb.html","<a href='https://discovery.nci.nih.gov/drugs/cellminercdb/PLX-51107_cellminercdb.html' target='_blank'>details</a>"
"2934","RG-6016","[RG-6016, 806812]",NA,"Clinical trial",2,"RG-6016_cellminercdb.html","<a href='https://discovery.nci.nih.gov/drugs/cellminercdb/RG-6016_cellminercdb.html' target='_blank'>details</a>"
"2935","LXH-254","[LXH-254, 807047]","PK:RAF","Clinical trial",2,"LXH-254_cellminercdb.html","<a href='https://discovery.nci.nih.gov/drugs/cellminercdb/LXH-254_cellminercdb.html' target='_blank'>details</a>"
"2936","AZD-5991","[AZD-5991, 807055]",NA,"Clinical trial",2,"AZD-5991_cellminercdb.html","<a href='https://discovery.nci.nih.gov/drugs/cellminercdb/AZD-5991_cellminercdb.html' target='_blank'>details</a>"
"2937","INCB-057643","[INCB-057643, 807398]",NA,"Clinical trial",2,"INCB-057643_cellminercdb.html","<a href='https://discovery.nci.nih.gov/drugs/cellminercdb/INCB-057643_cellminercdb.html' target='_blank'>details</a>"
"2938","JNJ-3887618","[JNJ-3887618, 807626]",NA,"Clinical trial",2,"JNJ-3887618_cellminercdb.html","<a href='https://discovery.nci.nih.gov/drugs/cellminercdb/JNJ-3887618_cellminercdb.html' target='_blank'>details</a>"
"2939","PF-6459988","[PF-6459988, 808507]","PRMT5|PK:EGFR","Clinical trial",2,"PF-6459988_cellminercdb.html","<a href='https://discovery.nci.nih.gov/drugs/cellminercdb/PF-6459988_cellminercdb.html' target='_blank'>details</a>"
"2940","RG-7741","[RG-7741, 808789]",NA,"Clinical trial",2,"RG-7741_cellminercdb.html","<a href='https://discovery.nci.nih.gov/drugs/cellminercdb/RG-7741_cellminercdb.html' target='_blank'>details</a>"
"2941","AZD-0364","[AZD-0364, 808790]","PK:ERK","Clinical trial",2,"AZD-0364_cellminercdb.html","<a href='https://discovery.nci.nih.gov/drugs/cellminercdb/AZD-0364_cellminercdb.html' target='_blank'>details</a>"
"2942","CC-90003","[CC-90003, 808792]","PK:ERK","Clinical trial",2,"CC-90003_cellminercdb.html","<a href='https://discovery.nci.nih.gov/drugs/cellminercdb/CC-90003_cellminercdb.html' target='_blank'>details</a>"
"2943","BOS-172722","[BOS-172722, 809694]",NA,"Clinical trial",2,"BOS-172722_cellminercdb.html","<a href='https://discovery.nci.nih.gov/drugs/cellminercdb/BOS-172722_cellminercdb.html' target='_blank'>details</a>"
"2944","LOXO-195","[LOXO-195, 809970]",NA,"Clinical trial",2,"LOXO-195_cellminercdb.html","<a href='https://discovery.nci.nih.gov/drugs/cellminercdb/LOXO-195_cellminercdb.html' target='_blank'>details</a>"
"2945","S-64315","[S-64315, 809971]",NA,"Clinical trial",2,"S-64315_cellminercdb.html","<a href='https://discovery.nci.nih.gov/drugs/cellminercdb/S-64315_cellminercdb.html' target='_blank'>details</a>"
"2946","IACS-10759","[IACS-10759, 809972]",NA,"Clinical trial",2,"IACS-10759_cellminercdb.html","<a href='https://discovery.nci.nih.gov/drugs/cellminercdb/IACS-10759_cellminercdb.html' target='_blank'>details</a>"
"2947","BAY-2402234","[BAY-2402234, 809973]","DHODH","Clinical trial",2,"BAY-2402234_cellminercdb.html","<a href='https://discovery.nci.nih.gov/drugs/cellminercdb/BAY-2402234_cellminercdb.html' target='_blank'>details</a>"
"2948","PF-6459988","[PF-6459988, 810341]","PRMT5|PK:EGFR","Clinical trial",2,"PF-6459988_cellminercdb.html","<a href='https://discovery.nci.nih.gov/drugs/cellminercdb/PF-6459988_cellminercdb.html' target='_blank'>details</a>"
"2949","CG-806","[CG-806, 810717]","PK:BTK","Clinical trial",2,"CG-806_cellminercdb.html","<a href='https://discovery.nci.nih.gov/drugs/cellminercdb/CG-806_cellminercdb.html' target='_blank'>details</a>"
"2950","BLU-667","[BLU-667, 811429]","PK:RET","FDA approved",2,"BLU-667_cellminercdb.html","<a href='https://discovery.nci.nih.gov/drugs/cellminercdb/BLU-667_cellminercdb.html' target='_blank'>details</a>"
"2951","IACS-8968","[IACS-8968, 811953]","IDO1","Clinical trial",2,"IACS-8968_cellminercdb.html","<a href='https://discovery.nci.nih.gov/drugs/cellminercdb/IACS-8968_cellminercdb.html' target='_blank'>details</a>"
"2952","CH-7057288","[CH-7057288, 812052]",NA,"Clinical trial",2,"CH-7057288_cellminercdb.html","<a href='https://discovery.nci.nih.gov/drugs/cellminercdb/CH-7057288_cellminercdb.html' target='_blank'>details</a>"
"2953","ARS-1620","[ARS-1620, 812172]","KRAS","Clinical trial",2,"ARS-1620_cellminercdb.html","<a href='https://discovery.nci.nih.gov/drugs/cellminercdb/ARS-1620_cellminercdb.html' target='_blank'>details</a>"
"2954","ABBV-744","[ABBV-744, 812415]",NA,"Clinical trial",2,"ABBV-744_cellminercdb.html","<a href='https://discovery.nci.nih.gov/drugs/cellminercdb/ABBV-744_cellminercdb.html' target='_blank'>details</a>"
"2955","relacorilant","[relacorilant, 812727]",NA,"Clinical trial",2,"relacorilant_cellminercdb.html","<a href='https://discovery.nci.nih.gov/drugs/cellminercdb/relacorilant_cellminercdb.html' target='_blank'>details</a>"
"2956","AZD-4320","[AZD-4320, 812728]",NA,"Clinical trial",2,"AZD-4320_cellminercdb.html","<a href='https://discovery.nci.nih.gov/drugs/cellminercdb/AZD-4320_cellminercdb.html' target='_blank'>details</a>"
"2957","TAS-6417","[TAS-6417, 812926]","PK:EGFR","Clinical trial",2,"TAS-6417_cellminercdb.html","<a href='https://discovery.nci.nih.gov/drugs/cellminercdb/TAS-6417_cellminercdb.html' target='_blank'>details</a>"
"2958","PF-06873600","[PF-06873600, 812927]","PK:CDK","Clinical trial",2,"PF-06873600_cellminercdb.html","<a href='https://discovery.nci.nih.gov/drugs/cellminercdb/PF-06873600_cellminercdb.html' target='_blank'>details</a>"
"2959","IDH-305","[IDH-305, 812928]","IDH1","Clinical trial",2,"IDH-305_cellminercdb.html","<a href='https://discovery.nci.nih.gov/drugs/cellminercdb/IDH-305_cellminercdb.html' target='_blank'>details</a>"
"2960","AZD-3229","[AZD-3229, 813380]",NA,"Clinical trial",2,"AZD-3229_cellminercdb.html","<a href='https://discovery.nci.nih.gov/drugs/cellminercdb/AZD-3229_cellminercdb.html' target='_blank'>details</a>"
"2961","futibutinib","[futibutinib, 813488]","PK:FGFR","Clinical trial",2,"futibutinib_cellminercdb.html","<a href='https://discovery.nci.nih.gov/drugs/cellminercdb/futibutinib_cellminercdb.html' target='_blank'>details</a>"
"2962","LSZ-102","[LSZ-102, 814025]","SERD","Clinical trial",2,"LSZ-102_cellminercdb.html","<a href='https://discovery.nci.nih.gov/drugs/cellminercdb/LSZ-102_cellminercdb.html' target='_blank'>details</a>"
